<?xml version="1.0" encoding="UTF-8"?>
<gpx xmlns="http://www.topografix.com/GPX/1/1" xmlns:gpxdata="http://www.cluetrust.com/XML/GPXDATA/1/0" xmlns:xsi="http://www.w3.org/2001/XMLSchema-instance" xsi:schemaLocation="http://www.topografix.com/GPX/1/1 https://www.topografix.com/GPX/1/1/gpx.xsd http://www.cluetrust.com/XML/GPXDATA/1/0 https://www.cluetrust.com/Schemas/gpxdata10.xsd" creator="COROS Wearables" version="1.1">
 <metadata>
  <link href="https://www.coros.com">
   <text>COROS</text>
  </link>
</metadata>
 <trk>
  <name>Andlau Trail</name>
  <type>running</type>
  <trkseg>
   <trkpt lat="48.3855003" lon="7.4173993">
    <ele>245</ele>
</trkpt>
   <trkpt lat="48.3855001" lon="7.4173851">
    <ele>245</ele>
</trkpt>
   <trkpt lat="48.3855000" lon="7.4173709">
    <ele>245</ele>
</trkpt>
   <trkpt lat="48.3854902" lon="7.4173549">
    <ele>245</ele>
</trkpt>
   <trkpt lat="48.3854804" lon="7.4173389">
    <ele>245</ele>
</trkpt>
   <trkpt lat="48.3854615" lon="7.4173230">
    <ele>245</ele>
</trkpt>
   <trkpt lat="48.3854427" lon="7.4173072">
    <ele>245</ele>
</trkpt>
   <trkpt lat="48.3854179" lon="7.4172952">
    <ele>245</ele>
</trkpt>
   <trkpt lat="48.3853931" lon="7.4172833">
    <ele>245</ele>
</trkpt>
   <trkpt lat="48.3853665" lon="7.4172733">
    <ele>245</ele>
</trkpt>
   <trkpt lat="48.3853400" lon="7.4172633">
    <ele>246</ele>
</trkpt>
   <trkpt lat="48.3853138" lon="7.4172560">
    <ele>246</ele>
</trkpt>
   <trkpt lat="48.3852876" lon="7.4172488">
    <ele>246</ele>
</trkpt>
   <trkpt lat="48.3852618" lon="7.4172418">
    <ele>246</ele>
</trkpt>
   <trkpt lat="48.3852361" lon="7.4172349">
    <ele>246</ele>
</trkpt>
   <trkpt lat="48.3852102" lon="7.4172264">
    <ele>246</ele>
</trkpt>
   <trkpt lat="48.3851843" lon="7.4172179">
    <ele>246</ele>
</trkpt>
   <trkpt lat="48.3851588" lon="7.4172055">
    <ele>246</ele>
</trkpt>
   <trkpt lat="48.3851333" lon="7.4171931">
    <ele>246</ele>
</trkpt>
   <trkpt lat="48.3851103" lon="7.4171753">
    <ele>246</ele>
</trkpt>
   <trkpt lat="48.3850873" lon="7.4171576">
    <ele>246</ele>
</trkpt>
   <trkpt lat="48.3850662" lon="7.4171357">
    <ele>246</ele>
</trkpt>
   <trkpt lat="48.3850452" lon="7.4171138">
    <ele>246</ele>
</trkpt>
   <trkpt lat="48.3850263" lon="7.4170905">
    <ele>246</ele>
</trkpt>
   <trkpt lat="48.3850074" lon="7.4170672">
    <ele>246</ele>
</trkpt>
   <trkpt lat="48.3849891" lon="7.4170440">
    <ele>246</ele>
</trkpt>
   <trkpt lat="48.3849709" lon="7.4170209">
    <ele>246</ele>
</trkpt>
   <trkpt lat="48.3849527" lon="7.4169981">
    <ele>246</ele>
</trkpt>
   <trkpt lat="48.3849346" lon="7.4169754">
    <ele>246</ele>
</trkpt>
   <trkpt lat="48.3849181" lon="7.4169528">
    <ele>246</ele>
</trkpt>
   <trkpt lat="48.3849016" lon="7.4169303">
    <ele>247</ele>
</trkpt>
   <trkpt lat="48.3848849" lon="7.4169103">
    <ele>247</ele>
</trkpt>
   <trkpt lat="48.3848682" lon="7.4168903">
    <ele>247</ele>
</trkpt>
   <trkpt lat="48.3848497" lon="7.4168727">
    <ele>247</ele>
</trkpt>
   <trkpt lat="48.3848313" lon="7.4168551">
    <ele>247</ele>
</trkpt>
   <trkpt lat="48.3848143" lon="7.4168354">
    <ele>248</ele>
</trkpt>
   <trkpt lat="48.3847974" lon="7.4168157">
    <ele>248</ele>
</trkpt>
   <trkpt lat="48.3847847" lon="7.4167934">
    <ele>248</ele>
</trkpt>
   <trkpt lat="48.3847720" lon="7.4167712">
    <ele>248</ele>
</trkpt>
   <trkpt lat="48.3847656" lon="7.4167484">
    <ele>248</ele>
</trkpt>
   <trkpt lat="48.3847592" lon="7.4167256">
    <ele>249</ele>
</trkpt>
   <trkpt lat="48.3847578" lon="7.4167061">
    <ele>249</ele>
</trkpt>
   <trkpt lat="48.3847565" lon="7.4166866">
    <ele>249</ele>
</trkpt>
   <trkpt lat="48.3847558" lon="7.4166700">
    <ele>249</ele>
</trkpt>
   <trkpt lat="48.3847551" lon="7.4166534">
    <ele>249</ele>
</trkpt>
   <trkpt lat="48.3847560" lon="7.4166360">
    <ele>250</ele>
</trkpt>
   <trkpt lat="48.3847570" lon="7.4166187">
    <ele>250</ele>
</trkpt>
   <trkpt lat="48.3847586" lon="7.4166005">
    <ele>250</ele>
</trkpt>
   <trkpt lat="48.3847602" lon="7.4165824">
    <ele>250</ele>
</trkpt>
   <trkpt lat="48.3847606" lon="7.4165623">
    <ele>250</ele>
</trkpt>
   <trkpt lat="48.3847611" lon="7.4165423">
    <ele>250</ele>
</trkpt>
   <trkpt lat="48.3847585" lon="7.4165204">
    <ele>250</ele>
</trkpt>
   <trkpt lat="48.3847559" lon="7.4164986">
    <ele>250</ele>
</trkpt>
   <trkpt lat="48.3847519" lon="7.4164787">
    <ele>250</ele>
</trkpt>
   <trkpt lat="48.3847480" lon="7.4164589">
    <ele>250</ele>
</trkpt>
   <trkpt lat="48.3847448" lon="7.4164417">
    <ele>251</ele>
</trkpt>
   <trkpt lat="48.3847416" lon="7.4164245">
    <ele>251</ele>
</trkpt>
   <trkpt lat="48.3847393" lon="7.4164082">
    <ele>251</ele>
</trkpt>
   <trkpt lat="48.3847371" lon="7.4163920">
    <ele>251</ele>
</trkpt>
   <trkpt lat="48.3847348" lon="7.4163760">
    <ele>251</ele>
</trkpt>
   <trkpt lat="48.3847326" lon="7.4163600">
    <ele>252</ele>
</trkpt>
   <trkpt lat="48.3847291" lon="7.4163428">
    <ele>252</ele>
</trkpt>
   <trkpt lat="48.3847256" lon="7.4163257">
    <ele>252</ele>
</trkpt>
   <trkpt lat="48.3847220" lon="7.4163074">
    <ele>252</ele>
</trkpt>
   <trkpt lat="48.3847185" lon="7.4162891">
    <ele>252</ele>
</trkpt>
   <trkpt lat="48.3847153" lon="7.4162696">
    <ele>252</ele>
</trkpt>
   <trkpt lat="48.3847121" lon="7.4162502">
    <ele>252</ele>
</trkpt>
   <trkpt lat="48.3847089" lon="7.4162315">
    <ele>252</ele>
</trkpt>
   <trkpt lat="48.3847057" lon="7.4162129">
    <ele>252</ele>
</trkpt>
   <trkpt lat="48.3847020" lon="7.4161921">
    <ele>252</ele>
</trkpt>
   <trkpt lat="48.3846983" lon="7.4161714">
    <ele>253</ele>
</trkpt>
   <trkpt lat="48.3846945" lon="7.4161512">
    <ele>253</ele>
</trkpt>
   <trkpt lat="48.3846908" lon="7.4161311">
    <ele>253</ele>
</trkpt>
   <trkpt lat="48.3846885" lon="7.4161144">
    <ele>253</ele>
</trkpt>
   <trkpt lat="48.3846862" lon="7.4160978">
    <ele>253</ele>
</trkpt>
   <trkpt lat="48.3846879" lon="7.4160890">
    <ele>253</ele>
</trkpt>
   <trkpt lat="48.3846896" lon="7.4160803">
    <ele>253</ele>
</trkpt>
   <trkpt lat="48.3846963" lon="7.4160766">
    <ele>253</ele>
</trkpt>
   <trkpt lat="48.3847031" lon="7.4160729">
    <ele>253</ele>
</trkpt>
   <trkpt lat="48.3847147" lon="7.4160665">
    <ele>253</ele>
</trkpt>
   <trkpt lat="48.3847264" lon="7.4160602">
    <ele>253</ele>
</trkpt>
   <trkpt lat="48.3847441" lon="7.4160539">
    <ele>252</ele>
</trkpt>
   <trkpt lat="48.3847619" lon="7.4160477">
    <ele>252</ele>
</trkpt>
   <trkpt lat="48.3847802" lon="7.4160502">
    <ele>252</ele>
</trkpt>
   <trkpt lat="48.3847986" lon="7.4160528">
    <ele>252</ele>
</trkpt>
   <trkpt lat="48.3848065" lon="7.4160567">
    <ele>252</ele>
</trkpt>
   <trkpt lat="48.3848144" lon="7.4160607">
    <ele>251</ele>
</trkpt>
   <trkpt lat="48.3848223" lon="7.4160647">
    <ele>251</ele>
</trkpt>
   <trkpt lat="48.3848303" lon="7.4160687">
    <ele>250</ele>
</trkpt>
   <trkpt lat="48.3848381" lon="7.4160696">
    <ele>250</ele>
</trkpt>
   <trkpt lat="48.3848460" lon="7.4160706">
    <ele>250</ele>
</trkpt>
   <trkpt lat="48.3848492" lon="7.4160630">
    <ele>249</ele>
</trkpt>
   <trkpt lat="48.3848525" lon="7.4160554">
    <ele>249</ele>
</trkpt>
   <trkpt lat="48.3848537" lon="7.4160400">
    <ele>249</ele>
</trkpt>
   <trkpt lat="48.3848550" lon="7.4160247">
    <ele>249</ele>
</trkpt>
   <trkpt lat="48.3848550" lon="7.4159966">
    <ele>249</ele>
</trkpt>
   <trkpt lat="48.3848551" lon="7.4159686">
    <ele>249</ele>
</trkpt>
   <trkpt lat="48.3848537" lon="7.4159323">
    <ele>249</ele>
</trkpt>
   <trkpt lat="48.3848524" lon="7.4158960">
    <ele>249</ele>
</trkpt>
   <trkpt lat="48.3848512" lon="7.4158581">
    <ele>249</ele>
</trkpt>
   <trkpt lat="48.3848500" lon="7.4158202">
    <ele>249</ele>
</trkpt>
   <trkpt lat="48.3848487" lon="7.4157823">
    <ele>249</ele>
</trkpt>
   <trkpt lat="48.3848475" lon="7.4157445">
    <ele>249</ele>
</trkpt>
   <trkpt lat="48.3848461" lon="7.4157075">
    <ele>249</ele>
</trkpt>
   <trkpt lat="48.3848447" lon="7.4156705">
    <ele>249</ele>
</trkpt>
   <trkpt lat="48.3848440" lon="7.4156368">
    <ele>250</ele>
</trkpt>
   <trkpt lat="48.3848433" lon="7.4156031">
    <ele>250</ele>
</trkpt>
   <trkpt lat="48.3848439" lon="7.4155756">
    <ele>250</ele>
</trkpt>
   <trkpt lat="48.3848446" lon="7.4155482">
    <ele>250</ele>
</trkpt>
   <trkpt lat="48.3848456" lon="7.4155294">
    <ele>250</ele>
</trkpt>
   <trkpt lat="48.3848467" lon="7.4155107">
    <ele>251</ele>
</trkpt>
   <trkpt lat="48.3848479" lon="7.4154946">
    <ele>251</ele>
</trkpt>
   <trkpt lat="48.3848491" lon="7.4154786">
    <ele>251</ele>
</trkpt>
   <trkpt lat="48.3848511" lon="7.4154624">
    <ele>251</ele>
</trkpt>
   <trkpt lat="48.3848531" lon="7.4154462">
    <ele>251</ele>
</trkpt>
   <trkpt lat="48.3848543" lon="7.4154304">
    <ele>251</ele>
</trkpt>
   <trkpt lat="48.3848556" lon="7.4154146">
    <ele>251</ele>
</trkpt>
   <trkpt lat="48.3848556" lon="7.4153985">
    <ele>251</ele>
</trkpt>
   <trkpt lat="48.3848556" lon="7.4153825">
    <ele>251</ele>
</trkpt>
   <trkpt lat="48.3848553" lon="7.4153680">
    <ele>251</ele>
</trkpt>
   <trkpt lat="48.3848551" lon="7.4153535">
    <ele>252</ele>
</trkpt>
   <trkpt lat="48.3848539" lon="7.4153386">
    <ele>252</ele>
</trkpt>
   <trkpt lat="48.3848528" lon="7.4153238">
    <ele>252</ele>
</trkpt>
   <trkpt lat="48.3848526" lon="7.4153052">
    <ele>252</ele>
</trkpt>
   <trkpt lat="48.3848525" lon="7.4152867">
    <ele>252</ele>
</trkpt>
   <trkpt lat="48.3848534" lon="7.4152672">
    <ele>253</ele>
</trkpt>
   <trkpt lat="48.3848543" lon="7.4152477">
    <ele>253</ele>
</trkpt>
   <trkpt lat="48.3848549" lon="7.4152291">
    <ele>253</ele>
</trkpt>
   <trkpt lat="48.3848556" lon="7.4152106">
    <ele>253</ele>
</trkpt>
   <trkpt lat="48.3848562" lon="7.4151930">
    <ele>253</ele>
</trkpt>
   <trkpt lat="48.3848568" lon="7.4151755">
    <ele>254</ele>
</trkpt>
   <trkpt lat="48.3848575" lon="7.4151577">
    <ele>254</ele>
</trkpt>
   <trkpt lat="48.3848582" lon="7.4151400">
    <ele>254</ele>
</trkpt>
   <trkpt lat="48.3848584" lon="7.4151222">
    <ele>254</ele>
</trkpt>
   <trkpt lat="48.3848587" lon="7.4151045">
    <ele>254</ele>
</trkpt>
   <trkpt lat="48.3848585" lon="7.4150882">
    <ele>255</ele>
</trkpt>
   <trkpt lat="48.3848584" lon="7.4150720">
    <ele>255</ele>
</trkpt>
   <trkpt lat="48.3848600" lon="7.4150552">
    <ele>255</ele>
</trkpt>
   <trkpt lat="48.3848617" lon="7.4150385">
    <ele>256</ele>
</trkpt>
   <trkpt lat="48.3848707" lon="7.4150225">
    <ele>256</ele>
</trkpt>
   <trkpt lat="48.3848798" lon="7.4150065">
    <ele>257</ele>
</trkpt>
   <trkpt lat="48.3848981" lon="7.4149945">
    <ele>257</ele>
</trkpt>
   <trkpt lat="48.3849165" lon="7.4149825">
    <ele>257</ele>
</trkpt>
   <trkpt lat="48.3849408" lon="7.4149734">
    <ele>257</ele>
</trkpt>
   <trkpt lat="48.3849652" lon="7.4149644">
    <ele>257</ele>
</trkpt>
   <trkpt lat="48.3849909" lon="7.4149561">
    <ele>258</ele>
</trkpt>
   <trkpt lat="48.3850167" lon="7.4149478">
    <ele>258</ele>
</trkpt>
   <trkpt lat="48.3850415" lon="7.4149387">
    <ele>258</ele>
</trkpt>
   <trkpt lat="48.3850663" lon="7.4149297">
    <ele>258</ele>
</trkpt>
   <trkpt lat="48.3850908" lon="7.4149221">
    <ele>258</ele>
</trkpt>
   <trkpt lat="48.3851154" lon="7.4149146">
    <ele>259</ele>
</trkpt>
   <trkpt lat="48.3851397" lon="7.4149094">
    <ele>259</ele>
</trkpt>
   <trkpt lat="48.3851640" lon="7.4149043">
    <ele>259</ele>
</trkpt>
   <trkpt lat="48.3851877" lon="7.4149005">
    <ele>259</ele>
</trkpt>
   <trkpt lat="48.3852114" lon="7.4148968">
    <ele>259</ele>
</trkpt>
   <trkpt lat="48.3852353" lon="7.4148927">
    <ele>259</ele>
</trkpt>
   <trkpt lat="48.3852593" lon="7.4148886">
    <ele>259</ele>
</trkpt>
   <trkpt lat="48.3852836" lon="7.4148835">
    <ele>259</ele>
</trkpt>
   <trkpt lat="48.3853079" lon="7.4148784">
    <ele>259</ele>
</trkpt>
   <trkpt lat="48.3853324" lon="7.4148722">
    <ele>259</ele>
</trkpt>
   <trkpt lat="48.3853569" lon="7.4148661">
    <ele>260</ele>
</trkpt>
   <trkpt lat="48.3853811" lon="7.4148585">
    <ele>260</ele>
</trkpt>
   <trkpt lat="48.3854054" lon="7.4148509">
    <ele>260</ele>
</trkpt>
   <trkpt lat="48.3854295" lon="7.4148408">
    <ele>260</ele>
</trkpt>
   <trkpt lat="48.3854536" lon="7.4148307">
    <ele>260</ele>
</trkpt>
   <trkpt lat="48.3854782" lon="7.4148206">
    <ele>261</ele>
</trkpt>
   <trkpt lat="48.3855028" lon="7.4148105">
    <ele>261</ele>
</trkpt>
   <trkpt lat="48.3855285" lon="7.4148011">
    <ele>261</ele>
</trkpt>
   <trkpt lat="48.3855543" lon="7.4147918">
    <ele>261</ele>
</trkpt>
   <trkpt lat="48.3855803" lon="7.4147822">
    <ele>261</ele>
</trkpt>
   <trkpt lat="48.3856063" lon="7.4147727">
    <ele>261</ele>
</trkpt>
   <trkpt lat="48.3856299" lon="7.4147615">
    <ele>261</ele>
</trkpt>
   <trkpt lat="48.3856535" lon="7.4147503">
    <ele>261</ele>
</trkpt>
   <trkpt lat="48.3856750" lon="7.4147366">
    <ele>261</ele>
</trkpt>
   <trkpt lat="48.3856965" lon="7.4147230">
    <ele>261</ele>
</trkpt>
   <trkpt lat="48.3857178" lon="7.4147061">
    <ele>262</ele>
</trkpt>
   <trkpt lat="48.3857392" lon="7.4146892">
    <ele>261</ele>
</trkpt>
   <trkpt lat="48.3857601" lon="7.4146665">
    <ele>261</ele>
</trkpt>
   <trkpt lat="48.3857810" lon="7.4146439">
    <ele>261</ele>
</trkpt>
   <trkpt lat="48.3857998" lon="7.4146148">
    <ele>261</ele>
</trkpt>
   <trkpt lat="48.3858187" lon="7.4145858">
    <ele>261</ele>
</trkpt>
   <trkpt lat="48.3858367" lon="7.4145519">
    <ele>260</ele>
</trkpt>
   <trkpt lat="48.3858548" lon="7.4145180">
    <ele>260</ele>
</trkpt>
   <trkpt lat="48.3858725" lon="7.4144831">
    <ele>259</ele>
</trkpt>
   <trkpt lat="48.3858903" lon="7.4144482">
    <ele>259</ele>
</trkpt>
   <trkpt lat="48.3859113" lon="7.4144192">
    <ele>259</ele>
</trkpt>
   <trkpt lat="48.3859324" lon="7.4143902">
    <ele>258</ele>
</trkpt>
   <trkpt lat="48.3859581" lon="7.4143697">
    <ele>258</ele>
</trkpt>
   <trkpt lat="48.3859839" lon="7.4143492">
    <ele>257</ele>
</trkpt>
   <trkpt lat="48.3860118" lon="7.4143330">
    <ele>257</ele>
</trkpt>
   <trkpt lat="48.3860397" lon="7.4143168">
    <ele>257</ele>
</trkpt>
   <trkpt lat="48.3860654" lon="7.4143025">
    <ele>256</ele>
</trkpt>
   <trkpt lat="48.3860912" lon="7.4142883">
    <ele>256</ele>
</trkpt>
   <trkpt lat="48.3861157" lon="7.4142846">
    <ele>256</ele>
</trkpt>
   <trkpt lat="48.3861403" lon="7.4142809">
    <ele>256</ele>
</trkpt>
   <trkpt lat="48.3861628" lon="7.4142946">
    <ele>256</ele>
</trkpt>
   <trkpt lat="48.3861854" lon="7.4143084">
    <ele>255</ele>
</trkpt>
   <trkpt lat="48.3862084" lon="7.4143293">
    <ele>255</ele>
</trkpt>
   <trkpt lat="48.3862314" lon="7.4143502">
    <ele>255</ele>
</trkpt>
   <trkpt lat="48.3862546" lon="7.4143726">
    <ele>255</ele>
</trkpt>
   <trkpt lat="48.3862778" lon="7.4143950">
    <ele>255</ele>
</trkpt>
   <trkpt lat="48.3863019" lon="7.4144166">
    <ele>255</ele>
</trkpt>
   <trkpt lat="48.3863260" lon="7.4144382">
    <ele>255</ele>
</trkpt>
   <trkpt lat="48.3863528" lon="7.4144595">
    <ele>255</ele>
</trkpt>
   <trkpt lat="48.3863796" lon="7.4144809">
    <ele>255</ele>
</trkpt>
   <trkpt lat="48.3864065" lon="7.4145017">
    <ele>255</ele>
</trkpt>
   <trkpt lat="48.3864334" lon="7.4145225">
    <ele>254</ele>
</trkpt>
   <trkpt lat="48.3864583" lon="7.4145387">
    <ele>254</ele>
</trkpt>
   <trkpt lat="48.3864832" lon="7.4145549">
    <ele>254</ele>
</trkpt>
   <trkpt lat="48.3865088" lon="7.4145630">
    <ele>254</ele>
</trkpt>
   <trkpt lat="48.3865344" lon="7.4145712">
    <ele>254</ele>
</trkpt>
   <trkpt lat="48.3865609" lon="7.4145687">
    <ele>253</ele>
</trkpt>
   <trkpt lat="48.3865874" lon="7.4145663">
    <ele>253</ele>
</trkpt>
   <trkpt lat="48.3866146" lon="7.4145536">
    <ele>253</ele>
</trkpt>
   <trkpt lat="48.3866418" lon="7.4145409">
    <ele>253</ele>
</trkpt>
   <trkpt lat="48.3866691" lon="7.4145210">
    <ele>253</ele>
</trkpt>
   <trkpt lat="48.3866964" lon="7.4145011">
    <ele>252</ele>
</trkpt>
   <trkpt lat="48.3867226" lon="7.4144793">
    <ele>252</ele>
</trkpt>
   <trkpt lat="48.3867488" lon="7.4144575">
    <ele>252</ele>
</trkpt>
   <trkpt lat="48.3867741" lon="7.4144340">
    <ele>252</ele>
</trkpt>
   <trkpt lat="48.3867994" lon="7.4144105">
    <ele>252</ele>
</trkpt>
   <trkpt lat="48.3868226" lon="7.4143848">
    <ele>252</ele>
</trkpt>
   <trkpt lat="48.3868458" lon="7.4143592">
    <ele>252</ele>
</trkpt>
   <trkpt lat="48.3868671" lon="7.4143317">
    <ele>252</ele>
</trkpt>
   <trkpt lat="48.3868884" lon="7.4143043">
    <ele>252</ele>
</trkpt>
   <trkpt lat="48.3869080" lon="7.4142753">
    <ele>252</ele>
</trkpt>
   <trkpt lat="48.3869277" lon="7.4142463">
    <ele>252</ele>
</trkpt>
   <trkpt lat="48.3869470" lon="7.4142169">
    <ele>252</ele>
</trkpt>
   <trkpt lat="48.3869664" lon="7.4141876">
    <ele>252</ele>
</trkpt>
   <trkpt lat="48.3869863" lon="7.4141598">
    <ele>252</ele>
</trkpt>
   <trkpt lat="48.3870063" lon="7.4141320">
    <ele>252</ele>
</trkpt>
   <trkpt lat="48.3870260" lon="7.4141044">
    <ele>252</ele>
</trkpt>
   <trkpt lat="48.3870458" lon="7.4140769">
    <ele>252</ele>
</trkpt>
   <trkpt lat="48.3870656" lon="7.4140483">
    <ele>252</ele>
</trkpt>
   <trkpt lat="48.3870855" lon="7.4140197">
    <ele>252</ele>
</trkpt>
   <trkpt lat="48.3871059" lon="7.4139916">
    <ele>252</ele>
</trkpt>
   <trkpt lat="48.3871264" lon="7.4139635">
    <ele>252</ele>
</trkpt>
   <trkpt lat="48.3871460" lon="7.4139364">
    <ele>252</ele>
</trkpt>
   <trkpt lat="48.3871657" lon="7.4139093">
    <ele>252</ele>
</trkpt>
   <trkpt lat="48.3871851" lon="7.4138832">
    <ele>252</ele>
</trkpt>
   <trkpt lat="48.3872046" lon="7.4138571">
    <ele>252</ele>
</trkpt>
   <trkpt lat="48.3872240" lon="7.4138316">
    <ele>252</ele>
</trkpt>
   <trkpt lat="48.3872434" lon="7.4138062">
    <ele>252</ele>
</trkpt>
   <trkpt lat="48.3872634" lon="7.4137783">
    <ele>252</ele>
</trkpt>
   <trkpt lat="48.3872834" lon="7.4137505">
    <ele>252</ele>
</trkpt>
   <trkpt lat="48.3873046" lon="7.4137228">
    <ele>252</ele>
</trkpt>
   <trkpt lat="48.3873258" lon="7.4136952">
    <ele>252</ele>
</trkpt>
   <trkpt lat="48.3873483" lon="7.4136686">
    <ele>252</ele>
</trkpt>
   <trkpt lat="48.3873708" lon="7.4136420">
    <ele>252</ele>
</trkpt>
   <trkpt lat="48.3873933" lon="7.4136169">
    <ele>252</ele>
</trkpt>
   <trkpt lat="48.3874158" lon="7.4135918">
    <ele>253</ele>
</trkpt>
   <trkpt lat="48.3874377" lon="7.4135682">
    <ele>253</ele>
</trkpt>
   <trkpt lat="48.3874596" lon="7.4135446">
    <ele>253</ele>
</trkpt>
   <trkpt lat="48.3874816" lon="7.4135233">
    <ele>253</ele>
</trkpt>
   <trkpt lat="48.3875037" lon="7.4135020">
    <ele>253</ele>
</trkpt>
   <trkpt lat="48.3875279" lon="7.4134841">
    <ele>253</ele>
</trkpt>
   <trkpt lat="48.3875521" lon="7.4134663">
    <ele>253</ele>
</trkpt>
   <trkpt lat="48.3875760" lon="7.4134495">
    <ele>253</ele>
</trkpt>
   <trkpt lat="48.3876000" lon="7.4134328">
    <ele>253</ele>
</trkpt>
   <trkpt lat="48.3876217" lon="7.4134147">
    <ele>253</ele>
</trkpt>
   <trkpt lat="48.3876435" lon="7.4133966">
    <ele>254</ele>
</trkpt>
   <trkpt lat="48.3876663" lon="7.4133785">
    <ele>254</ele>
</trkpt>
   <trkpt lat="48.3876892" lon="7.4133605">
    <ele>254</ele>
</trkpt>
   <trkpt lat="48.3877145" lon="7.4133453">
    <ele>254</ele>
</trkpt>
   <trkpt lat="48.3877398" lon="7.4133301">
    <ele>254</ele>
</trkpt>
   <trkpt lat="48.3877667" lon="7.4133208">
    <ele>254</ele>
</trkpt>
   <trkpt lat="48.3877937" lon="7.4133116">
    <ele>254</ele>
</trkpt>
   <trkpt lat="48.3878207" lon="7.4133078">
    <ele>254</ele>
</trkpt>
   <trkpt lat="48.3878478" lon="7.4133040">
    <ele>254</ele>
</trkpt>
   <trkpt lat="48.3878738" lon="7.4133005">
    <ele>254</ele>
</trkpt>
   <trkpt lat="48.3878998" lon="7.4132970">
    <ele>255</ele>
</trkpt>
   <trkpt lat="48.3879243" lon="7.4132935">
    <ele>255</ele>
</trkpt>
   <trkpt lat="48.3879489" lon="7.4132901">
    <ele>255</ele>
</trkpt>
   <trkpt lat="48.3879737" lon="7.4132858">
    <ele>255</ele>
</trkpt>
   <trkpt lat="48.3879986" lon="7.4132816">
    <ele>255</ele>
</trkpt>
   <trkpt lat="48.3880238" lon="7.4132791">
    <ele>256</ele>
</trkpt>
   <trkpt lat="48.3880491" lon="7.4132766">
    <ele>256</ele>
</trkpt>
   <trkpt lat="48.3880748" lon="7.4132794">
    <ele>256</ele>
</trkpt>
   <trkpt lat="48.3881005" lon="7.4132823">
    <ele>256</ele>
</trkpt>
   <trkpt lat="48.3881253" lon="7.4132979">
    <ele>256</ele>
</trkpt>
   <trkpt lat="48.3881502" lon="7.4133136">
    <ele>257</ele>
</trkpt>
   <trkpt lat="48.3881696" lon="7.4133453">
    <ele>256</ele>
</trkpt>
   <trkpt lat="48.3881891" lon="7.4133771">
    <ele>256</ele>
</trkpt>
   <trkpt lat="48.3881992" lon="7.4134211">
    <ele>256</ele>
</trkpt>
   <trkpt lat="48.3882094" lon="7.4134652">
    <ele>256</ele>
</trkpt>
   <trkpt lat="48.3882135" lon="7.4135139">
    <ele>256</ele>
</trkpt>
   <trkpt lat="48.3882177" lon="7.4135626">
    <ele>255</ele>
</trkpt>
   <trkpt lat="48.3882203" lon="7.4136110">
    <ele>255</ele>
</trkpt>
   <trkpt lat="48.3882230" lon="7.4136594">
    <ele>255</ele>
</trkpt>
   <trkpt lat="48.3882248" lon="7.4137061">
    <ele>255</ele>
</trkpt>
   <trkpt lat="48.3882266" lon="7.4137528">
    <ele>255</ele>
</trkpt>
   <trkpt lat="48.3882282" lon="7.4137977">
    <ele>254</ele>
</trkpt>
   <trkpt lat="48.3882299" lon="7.4138426">
    <ele>254</ele>
</trkpt>
   <trkpt lat="48.3882343" lon="7.4138835">
    <ele>253</ele>
</trkpt>
   <trkpt lat="48.3882387" lon="7.4139245">
    <ele>253</ele>
</trkpt>
   <trkpt lat="48.3882493" lon="7.4139637">
    <ele>253</ele>
</trkpt>
   <trkpt lat="48.3882599" lon="7.4140030">
    <ele>252</ele>
</trkpt>
   <trkpt lat="48.3882761" lon="7.4140403">
    <ele>252</ele>
</trkpt>
   <trkpt lat="48.3882923" lon="7.4140777">
    <ele>252</ele>
</trkpt>
   <trkpt lat="48.3883116" lon="7.4141119">
    <ele>252</ele>
</trkpt>
   <trkpt lat="48.3883309" lon="7.4141462">
    <ele>252</ele>
</trkpt>
   <trkpt lat="48.3883506" lon="7.4141796">
    <ele>251</ele>
</trkpt>
   <trkpt lat="48.3883703" lon="7.4142131">
    <ele>251</ele>
</trkpt>
   <trkpt lat="48.3883900" lon="7.4142459">
    <ele>251</ele>
</trkpt>
   <trkpt lat="48.3884097" lon="7.4142787">
    <ele>251</ele>
</trkpt>
   <trkpt lat="48.3884286" lon="7.4143103">
    <ele>251</ele>
</trkpt>
   <trkpt lat="48.3884476" lon="7.4143419">
    <ele>250</ele>
</trkpt>
   <trkpt lat="48.3884667" lon="7.4143720">
    <ele>250</ele>
</trkpt>
   <trkpt lat="48.3884858" lon="7.4144022">
    <ele>250</ele>
</trkpt>
   <trkpt lat="48.3885052" lon="7.4144265">
    <ele>250</ele>
</trkpt>
   <trkpt lat="48.3885246" lon="7.4144509">
    <ele>250</ele>
</trkpt>
   <trkpt lat="48.3885458" lon="7.4144613">
    <ele>249</ele>
</trkpt>
   <trkpt lat="48.3885671" lon="7.4144717">
    <ele>249</ele>
</trkpt>
   <trkpt lat="48.3885850" lon="7.4144606">
    <ele>248</ele>
</trkpt>
   <trkpt lat="48.3886030" lon="7.4144495">
    <ele>248</ele>
</trkpt>
   <trkpt lat="48.3886149" lon="7.4144185">
    <ele>248</ele>
</trkpt>
   <trkpt lat="48.3886269" lon="7.4143875">
    <ele>248</ele>
</trkpt>
   <trkpt lat="48.3886375" lon="7.4143477">
    <ele>248</ele>
</trkpt>
   <trkpt lat="48.3886481" lon="7.4143080">
    <ele>248</ele>
</trkpt>
   <trkpt lat="48.3886623" lon="7.4142701">
    <ele>248</ele>
</trkpt>
   <trkpt lat="48.3886765" lon="7.4142322">
    <ele>248</ele>
</trkpt>
   <trkpt lat="48.3886923" lon="7.4141991">
    <ele>248</ele>
</trkpt>
   <trkpt lat="48.3887081" lon="7.4141660">
    <ele>248</ele>
</trkpt>
   <trkpt lat="48.3887243" lon="7.4141365">
    <ele>248</ele>
</trkpt>
   <trkpt lat="48.3887406" lon="7.4141071">
    <ele>248</ele>
</trkpt>
   <trkpt lat="48.3887590" lon="7.4140801">
    <ele>248</ele>
</trkpt>
   <trkpt lat="48.3887775" lon="7.4140532">
    <ele>248</ele>
</trkpt>
   <trkpt lat="48.3887970" lon="7.4140251">
    <ele>248</ele>
</trkpt>
   <trkpt lat="48.3888165" lon="7.4139970">
    <ele>248</ele>
</trkpt>
   <trkpt lat="48.3888351" lon="7.4139666">
    <ele>248</ele>
</trkpt>
   <trkpt lat="48.3888538" lon="7.4139363">
    <ele>248</ele>
</trkpt>
   <trkpt lat="48.3888713" lon="7.4139040">
    <ele>248</ele>
</trkpt>
   <trkpt lat="48.3888889" lon="7.4138718">
    <ele>248</ele>
</trkpt>
   <trkpt lat="48.3889044" lon="7.4138374">
    <ele>248</ele>
</trkpt>
   <trkpt lat="48.3889199" lon="7.4138031">
    <ele>248</ele>
</trkpt>
   <trkpt lat="48.3889348" lon="7.4137697">
    <ele>249</ele>
</trkpt>
   <trkpt lat="48.3889498" lon="7.4137363">
    <ele>249</ele>
</trkpt>
   <trkpt lat="48.3889648" lon="7.4137028">
    <ele>249</ele>
</trkpt>
   <trkpt lat="48.3889799" lon="7.4136694">
    <ele>249</ele>
</trkpt>
   <trkpt lat="48.3889946" lon="7.4136347">
    <ele>249</ele>
</trkpt>
   <trkpt lat="48.3890094" lon="7.4136001">
    <ele>249</ele>
</trkpt>
   <trkpt lat="48.3890251" lon="7.4135665">
    <ele>249</ele>
</trkpt>
   <trkpt lat="48.3890409" lon="7.4135329">
    <ele>249</ele>
</trkpt>
   <trkpt lat="48.3890588" lon="7.4135021">
    <ele>249</ele>
</trkpt>
   <trkpt lat="48.3890768" lon="7.4134713">
    <ele>249</ele>
</trkpt>
   <trkpt lat="48.3890962" lon="7.4134415">
    <ele>249</ele>
</trkpt>
   <trkpt lat="48.3891156" lon="7.4134117">
    <ele>249</ele>
</trkpt>
   <trkpt lat="48.3891336" lon="7.4133800">
    <ele>249</ele>
</trkpt>
   <trkpt lat="48.3891516" lon="7.4133483">
    <ele>249</ele>
</trkpt>
   <trkpt lat="48.3891676" lon="7.4133144">
    <ele>249</ele>
</trkpt>
   <trkpt lat="48.3891836" lon="7.4132805">
    <ele>249</ele>
</trkpt>
   <trkpt lat="48.3891982" lon="7.4132464">
    <ele>249</ele>
</trkpt>
   <trkpt lat="48.3892129" lon="7.4132123">
    <ele>249</ele>
</trkpt>
   <trkpt lat="48.3892294" lon="7.4131793">
    <ele>249</ele>
</trkpt>
   <trkpt lat="48.3892460" lon="7.4131464">
    <ele>249</ele>
</trkpt>
   <trkpt lat="48.3892636" lon="7.4131146">
    <ele>250</ele>
</trkpt>
   <trkpt lat="48.3892812" lon="7.4130829">
    <ele>250</ele>
</trkpt>
   <trkpt lat="48.3892982" lon="7.4130515">
    <ele>250</ele>
</trkpt>
   <trkpt lat="48.3893152" lon="7.4130201">
    <ele>250</ele>
</trkpt>
   <trkpt lat="48.3893301" lon="7.4129869">
    <ele>250</ele>
</trkpt>
   <trkpt lat="48.3893451" lon="7.4129537">
    <ele>250</ele>
</trkpt>
   <trkpt lat="48.3893597" lon="7.4129209">
    <ele>250</ele>
</trkpt>
   <trkpt lat="48.3893743" lon="7.4128882">
    <ele>250</ele>
</trkpt>
   <trkpt lat="48.3893900" lon="7.4128594">
    <ele>250</ele>
</trkpt>
   <trkpt lat="48.3894058" lon="7.4128306">
    <ele>250</ele>
</trkpt>
   <trkpt lat="48.3894230" lon="7.4128029">
    <ele>250</ele>
</trkpt>
   <trkpt lat="48.3894403" lon="7.4127753">
    <ele>250</ele>
</trkpt>
   <trkpt lat="48.3894572" lon="7.4127456">
    <ele>250</ele>
</trkpt>
   <trkpt lat="48.3894742" lon="7.4127160">
    <ele>250</ele>
</trkpt>
   <trkpt lat="48.3894901" lon="7.4126839">
    <ele>250</ele>
</trkpt>
   <trkpt lat="48.3895061" lon="7.4126518">
    <ele>250</ele>
</trkpt>
   <trkpt lat="48.3895225" lon="7.4126168">
    <ele>250</ele>
</trkpt>
   <trkpt lat="48.3895389" lon="7.4125819">
    <ele>250</ele>
</trkpt>
   <trkpt lat="48.3895574" lon="7.4125483">
    <ele>250</ele>
</trkpt>
   <trkpt lat="48.3895760" lon="7.4125148">
    <ele>250</ele>
</trkpt>
   <trkpt lat="48.3895974" lon="7.4124840">
    <ele>250</ele>
</trkpt>
   <trkpt lat="48.3896188" lon="7.4124532">
    <ele>250</ele>
</trkpt>
   <trkpt lat="48.3896394" lon="7.4124241">
    <ele>250</ele>
</trkpt>
   <trkpt lat="48.3896600" lon="7.4123950">
    <ele>250</ele>
</trkpt>
   <trkpt lat="48.3896801" lon="7.4123664">
    <ele>250</ele>
</trkpt>
   <trkpt lat="48.3897002" lon="7.4123378">
    <ele>251</ele>
</trkpt>
   <trkpt lat="48.3897190" lon="7.4123079">
    <ele>251</ele>
</trkpt>
   <trkpt lat="48.3897379" lon="7.4122780">
    <ele>251</ele>
</trkpt>
   <trkpt lat="48.3897548" lon="7.4122470">
    <ele>251</ele>
</trkpt>
   <trkpt lat="48.3897717" lon="7.4122160">
    <ele>251</ele>
</trkpt>
   <trkpt lat="48.3897894" lon="7.4121836">
    <ele>251</ele>
</trkpt>
   <trkpt lat="48.3898072" lon="7.4121512">
    <ele>251</ele>
</trkpt>
   <trkpt lat="48.3898258" lon="7.4121185">
    <ele>251</ele>
</trkpt>
   <trkpt lat="48.3898445" lon="7.4120859">
    <ele>251</ele>
</trkpt>
   <trkpt lat="48.3898628" lon="7.4120541">
    <ele>251</ele>
</trkpt>
   <trkpt lat="48.3898811" lon="7.4120223">
    <ele>251</ele>
</trkpt>
   <trkpt lat="48.3898996" lon="7.4119930">
    <ele>251</ele>
</trkpt>
   <trkpt lat="48.3899181" lon="7.4119637">
    <ele>251</ele>
</trkpt>
   <trkpt lat="48.3899365" lon="7.4119382">
    <ele>251</ele>
</trkpt>
   <trkpt lat="48.3899549" lon="7.4119127">
    <ele>251</ele>
</trkpt>
   <trkpt lat="48.3899734" lon="7.4118825">
    <ele>251</ele>
</trkpt>
   <trkpt lat="48.3899919" lon="7.4118524">
    <ele>251</ele>
</trkpt>
   <trkpt lat="48.3900112" lon="7.4118215">
    <ele>251</ele>
</trkpt>
   <trkpt lat="48.3900305" lon="7.4117906">
    <ele>251</ele>
</trkpt>
   <trkpt lat="48.3900522" lon="7.4117637">
    <ele>251</ele>
</trkpt>
   <trkpt lat="48.3900740" lon="7.4117368">
    <ele>252</ele>
</trkpt>
   <trkpt lat="48.3900958" lon="7.4117114">
    <ele>252</ele>
</trkpt>
   <trkpt lat="48.3901177" lon="7.4116861">
    <ele>252</ele>
</trkpt>
   <trkpt lat="48.3901385" lon="7.4116602">
    <ele>252</ele>
</trkpt>
   <trkpt lat="48.3901593" lon="7.4116343">
    <ele>252</ele>
</trkpt>
   <trkpt lat="48.3901799" lon="7.4116085">
    <ele>252</ele>
</trkpt>
   <trkpt lat="48.3902005" lon="7.4115828">
    <ele>252</ele>
</trkpt>
   <trkpt lat="48.3902207" lon="7.4115555">
    <ele>252</ele>
</trkpt>
   <trkpt lat="48.3902410" lon="7.4115283">
    <ele>252</ele>
</trkpt>
   <trkpt lat="48.3902607" lon="7.4115011">
    <ele>252</ele>
</trkpt>
   <trkpt lat="48.3902805" lon="7.4114739">
    <ele>253</ele>
</trkpt>
   <trkpt lat="48.3903011" lon="7.4114482">
    <ele>253</ele>
</trkpt>
   <trkpt lat="48.3903217" lon="7.4114226">
    <ele>253</ele>
</trkpt>
   <trkpt lat="48.3903426" lon="7.4113981">
    <ele>253</ele>
</trkpt>
   <trkpt lat="48.3903636" lon="7.4113737">
    <ele>253</ele>
</trkpt>
   <trkpt lat="48.3903820" lon="7.4113480">
    <ele>253</ele>
</trkpt>
   <trkpt lat="48.3904005" lon="7.4113223">
    <ele>253</ele>
</trkpt>
   <trkpt lat="48.3904150" lon="7.4112969">
    <ele>253</ele>
</trkpt>
   <trkpt lat="48.3904296" lon="7.4112716">
    <ele>253</ele>
</trkpt>
   <trkpt lat="48.3904390" lon="7.4112502">
    <ele>253</ele>
</trkpt>
   <trkpt lat="48.3904485" lon="7.4112288">
    <ele>254</ele>
</trkpt>
   <trkpt lat="48.3904541" lon="7.4112106">
    <ele>254</ele>
</trkpt>
   <trkpt lat="48.3904597" lon="7.4111925">
    <ele>254</ele>
</trkpt>
   <trkpt lat="48.3904646" lon="7.4111747">
    <ele>254</ele>
</trkpt>
   <trkpt lat="48.3904695" lon="7.4111570">
    <ele>254</ele>
</trkpt>
   <trkpt lat="48.3904753" lon="7.4111390">
    <ele>255</ele>
</trkpt>
   <trkpt lat="48.3904811" lon="7.4111211">
    <ele>255</ele>
</trkpt>
   <trkpt lat="48.3904885" lon="7.4111040">
    <ele>255</ele>
</trkpt>
   <trkpt lat="48.3904959" lon="7.4110870">
    <ele>255</ele>
</trkpt>
   <trkpt lat="48.3905046" lon="7.4110709">
    <ele>255</ele>
</trkpt>
   <trkpt lat="48.3905134" lon="7.4110549">
    <ele>256</ele>
</trkpt>
   <trkpt lat="48.3905223" lon="7.4110398">
    <ele>256</ele>
</trkpt>
   <trkpt lat="48.3905313" lon="7.4110247">
    <ele>256</ele>
</trkpt>
   <trkpt lat="48.3905389" lon="7.4110102">
    <ele>256</ele>
</trkpt>
   <trkpt lat="48.3905466" lon="7.4109957">
    <ele>256</ele>
</trkpt>
   <trkpt lat="48.3905547" lon="7.4109821">
    <ele>256</ele>
</trkpt>
   <trkpt lat="48.3905629" lon="7.4109686">
    <ele>256</ele>
</trkpt>
   <trkpt lat="48.3905713" lon="7.4109538">
    <ele>256</ele>
</trkpt>
   <trkpt lat="48.3905798" lon="7.4109390">
    <ele>256</ele>
</trkpt>
   <trkpt lat="48.3905872" lon="7.4109235">
    <ele>256</ele>
</trkpt>
   <trkpt lat="48.3905946" lon="7.4109081">
    <ele>257</ele>
</trkpt>
   <trkpt lat="48.3906017" lon="7.4108923">
    <ele>257</ele>
</trkpt>
   <trkpt lat="48.3906088" lon="7.4108765">
    <ele>257</ele>
</trkpt>
   <trkpt lat="48.3906163" lon="7.4108624">
    <ele>258</ele>
</trkpt>
   <trkpt lat="48.3906238" lon="7.4108483">
    <ele>258</ele>
</trkpt>
   <trkpt lat="48.3906312" lon="7.4108359">
    <ele>259</ele>
</trkpt>
   <trkpt lat="48.3906387" lon="7.4108236">
    <ele>259</ele>
</trkpt>
   <trkpt lat="48.3906460" lon="7.4108104">
    <ele>259</ele>
</trkpt>
   <trkpt lat="48.3906534" lon="7.4107972">
    <ele>259</ele>
</trkpt>
   <trkpt lat="48.3906610" lon="7.4107820">
    <ele>259</ele>
</trkpt>
   <trkpt lat="48.3906686" lon="7.4107668">
    <ele>260</ele>
</trkpt>
   <trkpt lat="48.3906765" lon="7.4107496">
    <ele>260</ele>
</trkpt>
   <trkpt lat="48.3906844" lon="7.4107325">
    <ele>260</ele>
</trkpt>
   <trkpt lat="48.3906899" lon="7.4107152">
    <ele>260</ele>
</trkpt>
   <trkpt lat="48.3906955" lon="7.4106980">
    <ele>260</ele>
</trkpt>
   <trkpt lat="48.3906994" lon="7.4106792">
    <ele>261</ele>
</trkpt>
   <trkpt lat="48.3907034" lon="7.4106605">
    <ele>261</ele>
</trkpt>
   <trkpt lat="48.3907079" lon="7.4106404">
    <ele>261</ele>
</trkpt>
   <trkpt lat="48.3907125" lon="7.4106203">
    <ele>261</ele>
</trkpt>
   <trkpt lat="48.3907176" lon="7.4105992">
    <ele>261</ele>
</trkpt>
   <trkpt lat="48.3907227" lon="7.4105782">
    <ele>262</ele>
</trkpt>
   <trkpt lat="48.3907286" lon="7.4105559">
    <ele>262</ele>
</trkpt>
   <trkpt lat="48.3907346" lon="7.4105337">
    <ele>262</ele>
</trkpt>
   <trkpt lat="48.3907407" lon="7.4105108">
    <ele>262</ele>
</trkpt>
   <trkpt lat="48.3907468" lon="7.4104879">
    <ele>262</ele>
</trkpt>
   <trkpt lat="48.3907526" lon="7.4104655">
    <ele>263</ele>
</trkpt>
   <trkpt lat="48.3907584" lon="7.4104432">
    <ele>263</ele>
</trkpt>
   <trkpt lat="48.3907636" lon="7.4104229">
    <ele>263</ele>
</trkpt>
   <trkpt lat="48.3907689" lon="7.4104027">
    <ele>263</ele>
</trkpt>
   <trkpt lat="48.3907739" lon="7.4103852">
    <ele>263</ele>
</trkpt>
   <trkpt lat="48.3907789" lon="7.4103677">
    <ele>263</ele>
</trkpt>
   <trkpt lat="48.3907847" lon="7.4103482">
    <ele>263</ele>
</trkpt>
   <trkpt lat="48.3907906" lon="7.4103288">
    <ele>263</ele>
</trkpt>
   <trkpt lat="48.3907963" lon="7.4103073">
    <ele>263</ele>
</trkpt>
   <trkpt lat="48.3908021" lon="7.4102859">
    <ele>263</ele>
</trkpt>
   <trkpt lat="48.3908077" lon="7.4102644">
    <ele>263</ele>
</trkpt>
   <trkpt lat="48.3908133" lon="7.4102429">
    <ele>263</ele>
</trkpt>
   <trkpt lat="48.3908190" lon="7.4102219">
    <ele>263</ele>
</trkpt>
   <trkpt lat="48.3908247" lon="7.4102010">
    <ele>263</ele>
</trkpt>
   <trkpt lat="48.3908310" lon="7.4101805">
    <ele>263</ele>
</trkpt>
   <trkpt lat="48.3908374" lon="7.4101601">
    <ele>264</ele>
</trkpt>
   <trkpt lat="48.3908437" lon="7.4101398">
    <ele>264</ele>
</trkpt>
   <trkpt lat="48.3908501" lon="7.4101196">
    <ele>264</ele>
</trkpt>
   <trkpt lat="48.3908558" lon="7.4100995">
    <ele>264</ele>
</trkpt>
   <trkpt lat="48.3908616" lon="7.4100795">
    <ele>264</ele>
</trkpt>
   <trkpt lat="48.3908665" lon="7.4100583">
    <ele>264</ele>
</trkpt>
   <trkpt lat="48.3908714" lon="7.4100371">
    <ele>264</ele>
</trkpt>
   <trkpt lat="48.3908754" lon="7.4100154">
    <ele>264</ele>
</trkpt>
   <trkpt lat="48.3908795" lon="7.4099938">
    <ele>264</ele>
</trkpt>
   <trkpt lat="48.3908814" lon="7.4099731">
    <ele>264</ele>
</trkpt>
   <trkpt lat="48.3908834" lon="7.4099525">
    <ele>265</ele>
</trkpt>
   <trkpt lat="48.3908848" lon="7.4099337">
    <ele>265</ele>
</trkpt>
   <trkpt lat="48.3908862" lon="7.4099149">
    <ele>265</ele>
</trkpt>
   <trkpt lat="48.3908890" lon="7.4098947">
    <ele>265</ele>
</trkpt>
   <trkpt lat="48.3908918" lon="7.4098745">
    <ele>265</ele>
</trkpt>
   <trkpt lat="48.3908948" lon="7.4098530">
    <ele>265</ele>
</trkpt>
   <trkpt lat="48.3908978" lon="7.4098315">
    <ele>265</ele>
</trkpt>
   <trkpt lat="48.3909012" lon="7.4098097">
    <ele>265</ele>
</trkpt>
   <trkpt lat="48.3909047" lon="7.4097880">
    <ele>265</ele>
</trkpt>
   <trkpt lat="48.3909079" lon="7.4097653">
    <ele>265</ele>
</trkpt>
   <trkpt lat="48.3909112" lon="7.4097427">
    <ele>266</ele>
</trkpt>
   <trkpt lat="48.3909136" lon="7.4097190">
    <ele>266</ele>
</trkpt>
   <trkpt lat="48.3909161" lon="7.4096953">
    <ele>266</ele>
</trkpt>
   <trkpt lat="48.3909171" lon="7.4096709">
    <ele>266</ele>
</trkpt>
   <trkpt lat="48.3909182" lon="7.4096465">
    <ele>266</ele>
</trkpt>
   <trkpt lat="48.3909175" lon="7.4096237">
    <ele>266</ele>
</trkpt>
   <trkpt lat="48.3909168" lon="7.4096009">
    <ele>266</ele>
</trkpt>
   <trkpt lat="48.3909138" lon="7.4095803">
    <ele>266</ele>
</trkpt>
   <trkpt lat="48.3909108" lon="7.4095597">
    <ele>267</ele>
</trkpt>
   <trkpt lat="48.3909067" lon="7.4095400">
    <ele>267</ele>
</trkpt>
   <trkpt lat="48.3909027" lon="7.4095203">
    <ele>268</ele>
</trkpt>
   <trkpt lat="48.3908981" lon="7.4095010">
    <ele>268</ele>
</trkpt>
   <trkpt lat="48.3908936" lon="7.4094817">
    <ele>268</ele>
</trkpt>
   <trkpt lat="48.3908896" lon="7.4094631">
    <ele>268</ele>
</trkpt>
   <trkpt lat="48.3908857" lon="7.4094446">
    <ele>268</ele>
</trkpt>
   <trkpt lat="48.3908823" lon="7.4094247">
    <ele>269</ele>
</trkpt>
   <trkpt lat="48.3908789" lon="7.4094048">
    <ele>269</ele>
</trkpt>
   <trkpt lat="48.3908753" lon="7.4093840">
    <ele>269</ele>
</trkpt>
   <trkpt lat="48.3908717" lon="7.4093632">
    <ele>269</ele>
</trkpt>
   <trkpt lat="48.3908669" lon="7.4093422">
    <ele>269</ele>
</trkpt>
   <trkpt lat="48.3908622" lon="7.4093213">
    <ele>270</ele>
</trkpt>
   <trkpt lat="48.3908559" lon="7.4092991">
    <ele>270</ele>
</trkpt>
   <trkpt lat="48.3908497" lon="7.4092770">
    <ele>270</ele>
</trkpt>
   <trkpt lat="48.3908432" lon="7.4092557">
    <ele>270</ele>
</trkpt>
   <trkpt lat="48.3908367" lon="7.4092344">
    <ele>270</ele>
</trkpt>
   <trkpt lat="48.3908299" lon="7.4092140">
    <ele>271</ele>
</trkpt>
   <trkpt lat="48.3908231" lon="7.4091936">
    <ele>271</ele>
</trkpt>
   <trkpt lat="48.3908172" lon="7.4091755">
    <ele>271</ele>
</trkpt>
   <trkpt lat="48.3908114" lon="7.4091574">
    <ele>271</ele>
</trkpt>
   <trkpt lat="48.3908061" lon="7.4091384">
    <ele>271</ele>
</trkpt>
   <trkpt lat="48.3908009" lon="7.4091195">
    <ele>272</ele>
</trkpt>
   <trkpt lat="48.3907971" lon="7.4090983">
    <ele>272</ele>
</trkpt>
   <trkpt lat="48.3907933" lon="7.4090771">
    <ele>272</ele>
</trkpt>
   <trkpt lat="48.3907909" lon="7.4090528">
    <ele>272</ele>
</trkpt>
   <trkpt lat="48.3907885" lon="7.4090286">
    <ele>272</ele>
</trkpt>
   <trkpt lat="48.3907864" lon="7.4090054">
    <ele>272</ele>
</trkpt>
   <trkpt lat="48.3907843" lon="7.4089823">
    <ele>272</ele>
</trkpt>
   <trkpt lat="48.3907826" lon="7.4089607">
    <ele>272</ele>
</trkpt>
   <trkpt lat="48.3907810" lon="7.4089391">
    <ele>272</ele>
</trkpt>
   <trkpt lat="48.3907793" lon="7.4089151">
    <ele>272</ele>
</trkpt>
   <trkpt lat="48.3907777" lon="7.4088912">
    <ele>273</ele>
</trkpt>
   <trkpt lat="48.3907765" lon="7.4088672">
    <ele>273</ele>
</trkpt>
   <trkpt lat="48.3907754" lon="7.4088433">
    <ele>273</ele>
</trkpt>
   <trkpt lat="48.3907743" lon="7.4088205">
    <ele>273</ele>
</trkpt>
   <trkpt lat="48.3907733" lon="7.4087978">
    <ele>273</ele>
</trkpt>
   <trkpt lat="48.3907728" lon="7.4087764">
    <ele>273</ele>
</trkpt>
   <trkpt lat="48.3907724" lon="7.4087550">
    <ele>273</ele>
</trkpt>
   <trkpt lat="48.3907709" lon="7.4087323">
    <ele>273</ele>
</trkpt>
   <trkpt lat="48.3907694" lon="7.4087096">
    <ele>273</ele>
</trkpt>
   <trkpt lat="48.3907670" lon="7.4086856">
    <ele>273</ele>
</trkpt>
   <trkpt lat="48.3907647" lon="7.4086617">
    <ele>274</ele>
</trkpt>
   <trkpt lat="48.3907630" lon="7.4086391">
    <ele>274</ele>
</trkpt>
   <trkpt lat="48.3907614" lon="7.4086166">
    <ele>274</ele>
</trkpt>
   <trkpt lat="48.3907610" lon="7.4085927">
    <ele>274</ele>
</trkpt>
   <trkpt lat="48.3907607" lon="7.4085688">
    <ele>274</ele>
</trkpt>
   <trkpt lat="48.3907606" lon="7.4085446">
    <ele>274</ele>
</trkpt>
   <trkpt lat="48.3907605" lon="7.4085205">
    <ele>274</ele>
</trkpt>
   <trkpt lat="48.3907610" lon="7.4084971">
    <ele>274</ele>
</trkpt>
   <trkpt lat="48.3907616" lon="7.4084737">
    <ele>274</ele>
</trkpt>
   <trkpt lat="48.3907612" lon="7.4084499">
    <ele>274</ele>
</trkpt>
   <trkpt lat="48.3907608" lon="7.4084261">
    <ele>275</ele>
</trkpt>
   <trkpt lat="48.3907611" lon="7.4084029">
    <ele>275</ele>
</trkpt>
   <trkpt lat="48.3907614" lon="7.4083797">
    <ele>275</ele>
</trkpt>
   <trkpt lat="48.3907630" lon="7.4083574">
    <ele>275</ele>
</trkpt>
   <trkpt lat="48.3907647" lon="7.4083351">
    <ele>275</ele>
</trkpt>
   <trkpt lat="48.3907668" lon="7.4083138">
    <ele>276</ele>
</trkpt>
   <trkpt lat="48.3907690" lon="7.4082925">
    <ele>276</ele>
</trkpt>
   <trkpt lat="48.3907694" lon="7.4082707">
    <ele>276</ele>
</trkpt>
   <trkpt lat="48.3907698" lon="7.4082489">
    <ele>276</ele>
</trkpt>
   <trkpt lat="48.3907690" lon="7.4082262">
    <ele>276</ele>
</trkpt>
   <trkpt lat="48.3907683" lon="7.4082036">
    <ele>277</ele>
</trkpt>
   <trkpt lat="48.3907652" lon="7.4081816">
    <ele>277</ele>
</trkpt>
   <trkpt lat="48.3907622" lon="7.4081597">
    <ele>277</ele>
</trkpt>
   <trkpt lat="48.3907584" lon="7.4081390">
    <ele>277</ele>
</trkpt>
   <trkpt lat="48.3907547" lon="7.4081183">
    <ele>277</ele>
</trkpt>
   <trkpt lat="48.3907516" lon="7.4080982">
    <ele>278</ele>
</trkpt>
   <trkpt lat="48.3907485" lon="7.4080782">
    <ele>278</ele>
</trkpt>
   <trkpt lat="48.3907457" lon="7.4080583">
    <ele>278</ele>
</trkpt>
   <trkpt lat="48.3907430" lon="7.4080385">
    <ele>278</ele>
</trkpt>
   <trkpt lat="48.3907405" lon="7.4080184">
    <ele>278</ele>
</trkpt>
   <trkpt lat="48.3907381" lon="7.4079983">
    <ele>279</ele>
</trkpt>
   <trkpt lat="48.3907366" lon="7.4079782">
    <ele>279</ele>
</trkpt>
   <trkpt lat="48.3907351" lon="7.4079582">
    <ele>279</ele>
</trkpt>
   <trkpt lat="48.3907348" lon="7.4079358">
    <ele>279</ele>
</trkpt>
   <trkpt lat="48.3907346" lon="7.4079134">
    <ele>279</ele>
</trkpt>
   <trkpt lat="48.3907330" lon="7.4078901">
    <ele>280</ele>
</trkpt>
   <trkpt lat="48.3907315" lon="7.4078669">
    <ele>280</ele>
</trkpt>
   <trkpt lat="48.3907279" lon="7.4078448">
    <ele>280</ele>
</trkpt>
   <trkpt lat="48.3907243" lon="7.4078228">
    <ele>280</ele>
</trkpt>
   <trkpt lat="48.3907177" lon="7.4078029">
    <ele>280</ele>
</trkpt>
   <trkpt lat="48.3907111" lon="7.4077830">
    <ele>281</ele>
</trkpt>
   <trkpt lat="48.3907037" lon="7.4077641">
    <ele>281</ele>
</trkpt>
   <trkpt lat="48.3906964" lon="7.4077452">
    <ele>281</ele>
</trkpt>
   <trkpt lat="48.3906902" lon="7.4077248">
    <ele>281</ele>
</trkpt>
   <trkpt lat="48.3906840" lon="7.4077045">
    <ele>281</ele>
</trkpt>
   <trkpt lat="48.3906798" lon="7.4076824">
    <ele>281</ele>
</trkpt>
   <trkpt lat="48.3906757" lon="7.4076603">
    <ele>281</ele>
</trkpt>
   <trkpt lat="48.3906722" lon="7.4076383">
    <ele>281</ele>
</trkpt>
   <trkpt lat="48.3906688" lon="7.4076163">
    <ele>281</ele>
</trkpt>
   <trkpt lat="48.3906647" lon="7.4075956">
    <ele>281</ele>
</trkpt>
   <trkpt lat="48.3906607" lon="7.4075750">
    <ele>282</ele>
</trkpt>
   <trkpt lat="48.3906569" lon="7.4075571">
    <ele>282</ele>
</trkpt>
   <trkpt lat="48.3906532" lon="7.4075393">
    <ele>282</ele>
</trkpt>
   <trkpt lat="48.3906487" lon="7.4075230">
    <ele>282</ele>
</trkpt>
   <trkpt lat="48.3906442" lon="7.4075067">
    <ele>282</ele>
</trkpt>
   <trkpt lat="48.3906382" lon="7.4074897">
    <ele>282</ele>
</trkpt>
   <trkpt lat="48.3906322" lon="7.4074727">
    <ele>282</ele>
</trkpt>
   <trkpt lat="48.3906268" lon="7.4074517">
    <ele>282</ele>
</trkpt>
   <trkpt lat="48.3906215" lon="7.4074308">
    <ele>282</ele>
</trkpt>
   <trkpt lat="48.3906180" lon="7.4074092">
    <ele>282</ele>
</trkpt>
   <trkpt lat="48.3906145" lon="7.4073876">
    <ele>283</ele>
</trkpt>
   <trkpt lat="48.3906105" lon="7.4073661">
    <ele>283</ele>
</trkpt>
   <trkpt lat="48.3906065" lon="7.4073447">
    <ele>283</ele>
</trkpt>
   <trkpt lat="48.3906019" lon="7.4073228">
    <ele>283</ele>
</trkpt>
   <trkpt lat="48.3905974" lon="7.4073010">
    <ele>283</ele>
</trkpt>
   <trkpt lat="48.3905923" lon="7.4072770">
    <ele>283</ele>
</trkpt>
   <trkpt lat="48.3905873" lon="7.4072531">
    <ele>283</ele>
</trkpt>
   <trkpt lat="48.3905837" lon="7.4072305">
    <ele>283</ele>
</trkpt>
   <trkpt lat="48.3905801" lon="7.4072079">
    <ele>283</ele>
</trkpt>
   <trkpt lat="48.3905780" lon="7.4071854">
    <ele>283</ele>
</trkpt>
   <trkpt lat="48.3905759" lon="7.4071630">
    <ele>284</ele>
</trkpt>
   <trkpt lat="48.3905744" lon="7.4071398">
    <ele>284</ele>
</trkpt>
   <trkpt lat="48.3905729" lon="7.4071167">
    <ele>284</ele>
</trkpt>
   <trkpt lat="48.3905729" lon="7.4070953">
    <ele>284</ele>
</trkpt>
   <trkpt lat="48.3905729" lon="7.4070740">
    <ele>284</ele>
</trkpt>
   <trkpt lat="48.3905741" lon="7.4070523">
    <ele>284</ele>
</trkpt>
   <trkpt lat="48.3905754" lon="7.4070306">
    <ele>284</ele>
</trkpt>
   <trkpt lat="48.3905767" lon="7.4070085">
    <ele>284</ele>
</trkpt>
   <trkpt lat="48.3905781" lon="7.4069865">
    <ele>284</ele>
</trkpt>
   <trkpt lat="48.3905794" lon="7.4069643">
    <ele>284</ele>
</trkpt>
   <trkpt lat="48.3905807" lon="7.4069421">
    <ele>284</ele>
</trkpt>
   <trkpt lat="48.3905830" lon="7.4069192">
    <ele>284</ele>
</trkpt>
   <trkpt lat="48.3905854" lon="7.4068964">
    <ele>284</ele>
</trkpt>
   <trkpt lat="48.3905881" lon="7.4068745">
    <ele>284</ele>
</trkpt>
   <trkpt lat="48.3905909" lon="7.4068527">
    <ele>284</ele>
</trkpt>
   <trkpt lat="48.3905933" lon="7.4068309">
    <ele>285</ele>
</trkpt>
   <trkpt lat="48.3905958" lon="7.4068091">
    <ele>285</ele>
</trkpt>
   <trkpt lat="48.3905981" lon="7.4067864">
    <ele>285</ele>
</trkpt>
   <trkpt lat="48.3906004" lon="7.4067637">
    <ele>285</ele>
</trkpt>
   <trkpt lat="48.3906016" lon="7.4067393">
    <ele>285</ele>
</trkpt>
   <trkpt lat="48.3906029" lon="7.4067149">
    <ele>285</ele>
</trkpt>
   <trkpt lat="48.3906022" lon="7.4066909">
    <ele>285</ele>
</trkpt>
   <trkpt lat="48.3906015" lon="7.4066669">
    <ele>285</ele>
</trkpt>
   <trkpt lat="48.3905995" lon="7.4066426">
    <ele>285</ele>
</trkpt>
   <trkpt lat="48.3905976" lon="7.4066184">
    <ele>285</ele>
</trkpt>
   <trkpt lat="48.3905956" lon="7.4065961">
    <ele>286</ele>
</trkpt>
   <trkpt lat="48.3905936" lon="7.4065738">
    <ele>286</ele>
</trkpt>
   <trkpt lat="48.3905918" lon="7.4065549">
    <ele>286</ele>
</trkpt>
   <trkpt lat="48.3905901" lon="7.4065361">
    <ele>286</ele>
</trkpt>
   <trkpt lat="48.3905890" lon="7.4065196">
    <ele>286</ele>
</trkpt>
   <trkpt lat="48.3905879" lon="7.4065031">
    <ele>287</ele>
</trkpt>
   <trkpt lat="48.3905890" lon="7.4064832">
    <ele>287</ele>
</trkpt>
   <trkpt lat="48.3905902" lon="7.4064634">
    <ele>287</ele>
</trkpt>
   <trkpt lat="48.3905924" lon="7.4064430">
    <ele>287</ele>
</trkpt>
   <trkpt lat="48.3905946" lon="7.4064226">
    <ele>287</ele>
</trkpt>
   <trkpt lat="48.3905959" lon="7.4064022">
    <ele>288</ele>
</trkpt>
   <trkpt lat="48.3905973" lon="7.4063818">
    <ele>288</ele>
</trkpt>
   <trkpt lat="48.3905992" lon="7.4063579">
    <ele>288</ele>
</trkpt>
   <trkpt lat="48.3906011" lon="7.4063341">
    <ele>288</ele>
</trkpt>
   <trkpt lat="48.3906037" lon="7.4063086">
    <ele>288</ele>
</trkpt>
   <trkpt lat="48.3906063" lon="7.4062832">
    <ele>288</ele>
</trkpt>
   <trkpt lat="48.3906080" lon="7.4062584">
    <ele>288</ele>
</trkpt>
   <trkpt lat="48.3906098" lon="7.4062337">
    <ele>288</ele>
</trkpt>
   <trkpt lat="48.3906115" lon="7.4062104">
    <ele>288</ele>
</trkpt>
   <trkpt lat="48.3906132" lon="7.4061871">
    <ele>288</ele>
</trkpt>
   <trkpt lat="48.3906123" lon="7.4061686">
    <ele>289</ele>
</trkpt>
   <trkpt lat="48.3906114" lon="7.4061501">
    <ele>289</ele>
</trkpt>
   <trkpt lat="48.3906090" lon="7.4061322">
    <ele>289</ele>
</trkpt>
   <trkpt lat="48.3906067" lon="7.4061143">
    <ele>289</ele>
</trkpt>
   <trkpt lat="48.3906047" lon="7.4060965">
    <ele>289</ele>
</trkpt>
   <trkpt lat="48.3906028" lon="7.4060787">
    <ele>290</ele>
</trkpt>
   <trkpt lat="48.3906040" lon="7.4060615">
    <ele>290</ele>
</trkpt>
   <trkpt lat="48.3906053" lon="7.4060444">
    <ele>290</ele>
</trkpt>
   <trkpt lat="48.3906074" lon="7.4060300">
    <ele>290</ele>
</trkpt>
   <trkpt lat="48.3906095" lon="7.4060156">
    <ele>290</ele>
</trkpt>
   <trkpt lat="48.3906106" lon="7.4060004">
    <ele>291</ele>
</trkpt>
   <trkpt lat="48.3906118" lon="7.4059853">
    <ele>291</ele>
</trkpt>
   <trkpt lat="48.3906141" lon="7.4059685">
    <ele>291</ele>
</trkpt>
   <trkpt lat="48.3906164" lon="7.4059517">
    <ele>291</ele>
</trkpt>
   <trkpt lat="48.3906186" lon="7.4059315">
    <ele>291</ele>
</trkpt>
   <trkpt lat="48.3906208" lon="7.4059114">
    <ele>291</ele>
</trkpt>
   <trkpt lat="48.3906203" lon="7.4058878">
    <ele>291</ele>
</trkpt>
   <trkpt lat="48.3906198" lon="7.4058643">
    <ele>291</ele>
</trkpt>
   <trkpt lat="48.3906165" lon="7.4058404">
    <ele>291</ele>
</trkpt>
   <trkpt lat="48.3906133" lon="7.4058165">
    <ele>291</ele>
</trkpt>
   <trkpt lat="48.3906081" lon="7.4057960">
    <ele>292</ele>
</trkpt>
   <trkpt lat="48.3906029" lon="7.4057756">
    <ele>292</ele>
</trkpt>
   <trkpt lat="48.3905966" lon="7.4057552">
    <ele>292</ele>
</trkpt>
   <trkpt lat="48.3905903" lon="7.4057348">
    <ele>292</ele>
</trkpt>
   <trkpt lat="48.3905843" lon="7.4057137">
    <ele>292</ele>
</trkpt>
   <trkpt lat="48.3905784" lon="7.4056926">
    <ele>293</ele>
</trkpt>
   <trkpt lat="48.3905745" lon="7.4056717">
    <ele>293</ele>
</trkpt>
   <trkpt lat="48.3905707" lon="7.4056509">
    <ele>293</ele>
</trkpt>
   <trkpt lat="48.3905674" lon="7.4056300">
    <ele>293</ele>
</trkpt>
   <trkpt lat="48.3905641" lon="7.4056091">
    <ele>293</ele>
</trkpt>
   <trkpt lat="48.3905601" lon="7.4055884">
    <ele>293</ele>
</trkpt>
   <trkpt lat="48.3905562" lon="7.4055677">
    <ele>293</ele>
</trkpt>
   <trkpt lat="48.3905546" lon="7.4055459">
    <ele>293</ele>
</trkpt>
   <trkpt lat="48.3905530" lon="7.4055241">
    <ele>293</ele>
</trkpt>
   <trkpt lat="48.3905515" lon="7.4055008">
    <ele>293</ele>
</trkpt>
   <trkpt lat="48.3905501" lon="7.4054775">
    <ele>294</ele>
</trkpt>
   <trkpt lat="48.3905482" lon="7.4054547">
    <ele>294</ele>
</trkpt>
   <trkpt lat="48.3905464" lon="7.4054319">
    <ele>294</ele>
</trkpt>
   <trkpt lat="48.3905457" lon="7.4054110">
    <ele>294</ele>
</trkpt>
   <trkpt lat="48.3905451" lon="7.4053902">
    <ele>294</ele>
</trkpt>
   <trkpt lat="48.3905438" lon="7.4053698">
    <ele>295</ele>
</trkpt>
   <trkpt lat="48.3905426" lon="7.4053495">
    <ele>295</ele>
</trkpt>
   <trkpt lat="48.3905395" lon="7.4053291">
    <ele>295</ele>
</trkpt>
   <trkpt lat="48.3905365" lon="7.4053088">
    <ele>295</ele>
</trkpt>
   <trkpt lat="48.3905331" lon="7.4052892">
    <ele>295</ele>
</trkpt>
   <trkpt lat="48.3905298" lon="7.4052696">
    <ele>295</ele>
</trkpt>
   <trkpt lat="48.3905272" lon="7.4052503">
    <ele>295</ele>
</trkpt>
   <trkpt lat="48.3905247" lon="7.4052310">
    <ele>295</ele>
</trkpt>
   <trkpt lat="48.3905213" lon="7.4052104">
    <ele>295</ele>
</trkpt>
   <trkpt lat="48.3905180" lon="7.4051898">
    <ele>295</ele>
</trkpt>
   <trkpt lat="48.3905134" lon="7.4051706">
    <ele>296</ele>
</trkpt>
   <trkpt lat="48.3905089" lon="7.4051515">
    <ele>296</ele>
</trkpt>
   <trkpt lat="48.3905027" lon="7.4051346">
    <ele>296</ele>
</trkpt>
   <trkpt lat="48.3904965" lon="7.4051178">
    <ele>296</ele>
</trkpt>
   <trkpt lat="48.3904886" lon="7.4051044">
    <ele>296</ele>
</trkpt>
   <trkpt lat="48.3904808" lon="7.4050910">
    <ele>297</ele>
</trkpt>
   <trkpt lat="48.3904710" lon="7.4050827">
    <ele>297</ele>
</trkpt>
   <trkpt lat="48.3904612" lon="7.4050745">
    <ele>297</ele>
</trkpt>
   <trkpt lat="48.3904491" lon="7.4050688">
    <ele>297</ele>
</trkpt>
   <trkpt lat="48.3904370" lon="7.4050631">
    <ele>297</ele>
</trkpt>
   <trkpt lat="48.3904234" lon="7.4050575">
    <ele>298</ele>
</trkpt>
   <trkpt lat="48.3904098" lon="7.4050519">
    <ele>298</ele>
</trkpt>
   <trkpt lat="48.3903952" lon="7.4050476">
    <ele>298</ele>
</trkpt>
   <trkpt lat="48.3903806" lon="7.4050433">
    <ele>298</ele>
</trkpt>
   <trkpt lat="48.3903661" lon="7.4050430">
    <ele>298</ele>
</trkpt>
   <trkpt lat="48.3903516" lon="7.4050428">
    <ele>299</ele>
</trkpt>
   <trkpt lat="48.3903386" lon="7.4050478">
    <ele>299</ele>
</trkpt>
   <trkpt lat="48.3903256" lon="7.4050528">
    <ele>299</ele>
</trkpt>
   <trkpt lat="48.3903142" lon="7.4050613">
    <ele>299</ele>
</trkpt>
   <trkpt lat="48.3903028" lon="7.4050698">
    <ele>299</ele>
</trkpt>
   <trkpt lat="48.3902911" lon="7.4050793">
    <ele>300</ele>
</trkpt>
   <trkpt lat="48.3902795" lon="7.4050889">
    <ele>300</ele>
</trkpt>
   <trkpt lat="48.3902663" lon="7.4050978">
    <ele>300</ele>
</trkpt>
   <trkpt lat="48.3902532" lon="7.4051067">
    <ele>300</ele>
</trkpt>
   <trkpt lat="48.3902393" lon="7.4051150">
    <ele>300</ele>
</trkpt>
   <trkpt lat="48.3902255" lon="7.4051234">
    <ele>301</ele>
</trkpt>
   <trkpt lat="48.3902119" lon="7.4051320">
    <ele>301</ele>
</trkpt>
   <trkpt lat="48.3901983" lon="7.4051406">
    <ele>301</ele>
</trkpt>
   <trkpt lat="48.3901857" lon="7.4051489">
    <ele>301</ele>
</trkpt>
   <trkpt lat="48.3901731" lon="7.4051572">
    <ele>301</ele>
</trkpt>
   <trkpt lat="48.3901620" lon="7.4051655">
    <ele>301</ele>
</trkpt>
   <trkpt lat="48.3901509" lon="7.4051739">
    <ele>301</ele>
</trkpt>
   <trkpt lat="48.3901403" lon="7.4051832">
    <ele>301</ele>
</trkpt>
   <trkpt lat="48.3901297" lon="7.4051926">
    <ele>301</ele>
</trkpt>
   <trkpt lat="48.3901180" lon="7.4052013">
    <ele>301</ele>
</trkpt>
   <trkpt lat="48.3901064" lon="7.4052101">
    <ele>302</ele>
</trkpt>
   <trkpt lat="48.3900944" lon="7.4052154">
    <ele>302</ele>
</trkpt>
   <trkpt lat="48.3900825" lon="7.4052208">
    <ele>302</ele>
</trkpt>
   <trkpt lat="48.3900720" lon="7.4052256">
    <ele>302</ele>
</trkpt>
   <trkpt lat="48.3900616" lon="7.4052304">
    <ele>302</ele>
</trkpt>
   <trkpt lat="48.3900511" lon="7.4052358">
    <ele>303</ele>
</trkpt>
   <trkpt lat="48.3900406" lon="7.4052412">
    <ele>303</ele>
</trkpt>
   <trkpt lat="48.3900278" lon="7.4052466">
    <ele>303</ele>
</trkpt>
   <trkpt lat="48.3900151" lon="7.4052520">
    <ele>303</ele>
</trkpt>
   <trkpt lat="48.3900029" lon="7.4052582">
    <ele>303</ele>
</trkpt>
   <trkpt lat="48.3899908" lon="7.4052644">
    <ele>304</ele>
</trkpt>
   <trkpt lat="48.3899786" lon="7.4052713">
    <ele>304</ele>
</trkpt>
   <trkpt lat="48.3899664" lon="7.4052783">
    <ele>304</ele>
</trkpt>
   <trkpt lat="48.3899526" lon="7.4052851">
    <ele>304</ele>
</trkpt>
   <trkpt lat="48.3899388" lon="7.4052920">
    <ele>304</ele>
</trkpt>
   <trkpt lat="48.3899238" lon="7.4052970">
    <ele>305</ele>
</trkpt>
   <trkpt lat="48.3899089" lon="7.4053021">
    <ele>305</ele>
</trkpt>
   <trkpt lat="48.3898941" lon="7.4053049">
    <ele>305</ele>
</trkpt>
   <trkpt lat="48.3898793" lon="7.4053078">
    <ele>305</ele>
</trkpt>
   <trkpt lat="48.3898646" lon="7.4053074">
    <ele>305</ele>
</trkpt>
   <trkpt lat="48.3898499" lon="7.4053071">
    <ele>306</ele>
</trkpt>
   <trkpt lat="48.3898351" lon="7.4053027">
    <ele>306</ele>
</trkpt>
   <trkpt lat="48.3898203" lon="7.4052983">
    <ele>306</ele>
</trkpt>
   <trkpt lat="48.3898059" lon="7.4052916">
    <ele>306</ele>
</trkpt>
   <trkpt lat="48.3897915" lon="7.4052850">
    <ele>306</ele>
</trkpt>
   <trkpt lat="48.3897790" lon="7.4052763">
    <ele>307</ele>
</trkpt>
   <trkpt lat="48.3897666" lon="7.4052677">
    <ele>307</ele>
</trkpt>
   <trkpt lat="48.3897556" lon="7.4052555">
    <ele>307</ele>
</trkpt>
   <trkpt lat="48.3897447" lon="7.4052434">
    <ele>307</ele>
</trkpt>
   <trkpt lat="48.3897350" lon="7.4052272">
    <ele>307</ele>
</trkpt>
   <trkpt lat="48.3897254" lon="7.4052111">
    <ele>307</ele>
</trkpt>
   <trkpt lat="48.3897173" lon="7.4051939">
    <ele>307</ele>
</trkpt>
   <trkpt lat="48.3897093" lon="7.4051767">
    <ele>307</ele>
</trkpt>
   <trkpt lat="48.3897032" lon="7.4051622">
    <ele>307</ele>
</trkpt>
   <trkpt lat="48.3896971" lon="7.4051478">
    <ele>307</ele>
</trkpt>
   <trkpt lat="48.3896920" lon="7.4051356">
    <ele>308</ele>
</trkpt>
   <trkpt lat="48.3896870" lon="7.4051234">
    <ele>308</ele>
</trkpt>
   <trkpt lat="48.3896819" lon="7.4051140">
    <ele>308</ele>
</trkpt>
   <trkpt lat="48.3896768" lon="7.4051046">
    <ele>308</ele>
</trkpt>
   <trkpt lat="48.3896715" lon="7.4051007">
    <ele>308</ele>
</trkpt>
   <trkpt lat="48.3896660" lon="7.4050966">
    <ele>308</ele>
</trkpt>
   <trkpt lat="48.3896606" lon="7.4050926">
    <ele>308</ele>
</trkpt>
   <trkpt lat="48.3896526" lon="7.4050860">
    <ele>308</ele>
</trkpt>
   <trkpt lat="48.3896447" lon="7.4050795">
    <ele>308</ele>
</trkpt>
   <trkpt lat="48.3896348" lon="7.4050698">
    <ele>308</ele>
</trkpt>
   <trkpt lat="48.3896250" lon="7.4050601">
    <ele>308</ele>
</trkpt>
   <trkpt lat="48.3896157" lon="7.4050482">
    <ele>308</ele>
</trkpt>
   <trkpt lat="48.3896064" lon="7.4050364">
    <ele>308</ele>
</trkpt>
   <trkpt lat="48.3895966" lon="7.4050194">
    <ele>308</ele>
</trkpt>
   <trkpt lat="48.3895869" lon="7.4050025">
    <ele>308</ele>
</trkpt>
   <trkpt lat="48.3895767" lon="7.4049786">
    <ele>308</ele>
</trkpt>
   <trkpt lat="48.3895665" lon="7.4049547">
    <ele>308</ele>
</trkpt>
   <trkpt lat="48.3895544" lon="7.4049247">
    <ele>308</ele>
</trkpt>
   <trkpt lat="48.3895424" lon="7.4048947">
    <ele>308</ele>
</trkpt>
   <trkpt lat="48.3895311" lon="7.4048644">
    <ele>308</ele>
</trkpt>
   <trkpt lat="48.3895198" lon="7.4048342">
    <ele>308</ele>
</trkpt>
   <trkpt lat="48.3895101" lon="7.4048040">
    <ele>308</ele>
</trkpt>
   <trkpt lat="48.3895005" lon="7.4047738">
    <ele>308</ele>
</trkpt>
   <trkpt lat="48.3894908" lon="7.4047396">
    <ele>308</ele>
</trkpt>
   <trkpt lat="48.3894811" lon="7.4047054">
    <ele>308</ele>
</trkpt>
   <trkpt lat="48.3894722" lon="7.4046691">
    <ele>308</ele>
</trkpt>
   <trkpt lat="48.3894634" lon="7.4046329">
    <ele>308</ele>
</trkpt>
   <trkpt lat="48.3894547" lon="7.4045953">
    <ele>308</ele>
</trkpt>
   <trkpt lat="48.3894460" lon="7.4045578">
    <ele>308</ele>
</trkpt>
   <trkpt lat="48.3894377" lon="7.4045202">
    <ele>309</ele>
</trkpt>
   <trkpt lat="48.3894295" lon="7.4044827">
    <ele>309</ele>
</trkpt>
   <trkpt lat="48.3894209" lon="7.4044479">
    <ele>309</ele>
</trkpt>
   <trkpt lat="48.3894124" lon="7.4044132">
    <ele>309</ele>
</trkpt>
   <trkpt lat="48.3894036" lon="7.4043791">
    <ele>309</ele>
</trkpt>
   <trkpt lat="48.3893948" lon="7.4043450">
    <ele>310</ele>
</trkpt>
   <trkpt lat="48.3893862" lon="7.4043097">
    <ele>310</ele>
</trkpt>
   <trkpt lat="48.3893776" lon="7.4042745">
    <ele>310</ele>
</trkpt>
   <trkpt lat="48.3893691" lon="7.4042377">
    <ele>310</ele>
</trkpt>
   <trkpt lat="48.3893607" lon="7.4042009">
    <ele>310</ele>
</trkpt>
   <trkpt lat="48.3893523" lon="7.4041630">
    <ele>311</ele>
</trkpt>
   <trkpt lat="48.3893439" lon="7.4041252">
    <ele>311</ele>
</trkpt>
   <trkpt lat="48.3893356" lon="7.4040869">
    <ele>311</ele>
</trkpt>
   <trkpt lat="48.3893274" lon="7.4040486">
    <ele>311</ele>
</trkpt>
   <trkpt lat="48.3893203" lon="7.4040115">
    <ele>311</ele>
</trkpt>
   <trkpt lat="48.3893132" lon="7.4039745">
    <ele>311</ele>
</trkpt>
   <trkpt lat="48.3893064" lon="7.4039363">
    <ele>311</ele>
</trkpt>
   <trkpt lat="48.3892996" lon="7.4038982">
    <ele>311</ele>
</trkpt>
   <trkpt lat="48.3892909" lon="7.4038584">
    <ele>311</ele>
</trkpt>
   <trkpt lat="48.3892822" lon="7.4038186">
    <ele>311</ele>
</trkpt>
   <trkpt lat="48.3892731" lon="7.4037770">
    <ele>312</ele>
</trkpt>
   <trkpt lat="48.3892640" lon="7.4037355">
    <ele>312</ele>
</trkpt>
   <trkpt lat="48.3892557" lon="7.4036934">
    <ele>312</ele>
</trkpt>
   <trkpt lat="48.3892475" lon="7.4036513">
    <ele>312</ele>
</trkpt>
   <trkpt lat="48.3892421" lon="7.4036105">
    <ele>312</ele>
</trkpt>
   <trkpt lat="48.3892367" lon="7.4035698">
    <ele>312</ele>
</trkpt>
   <trkpt lat="48.3892321" lon="7.4035290">
    <ele>312</ele>
</trkpt>
   <trkpt lat="48.3892276" lon="7.4034882">
    <ele>312</ele>
</trkpt>
   <trkpt lat="48.3892219" lon="7.4034473">
    <ele>312</ele>
</trkpt>
   <trkpt lat="48.3892162" lon="7.4034065">
    <ele>312</ele>
</trkpt>
   <trkpt lat="48.3892098" lon="7.4033636">
    <ele>313</ele>
</trkpt>
   <trkpt lat="48.3892035" lon="7.4033208">
    <ele>313</ele>
</trkpt>
   <trkpt lat="48.3891975" lon="7.4032799">
    <ele>313</ele>
</trkpt>
   <trkpt lat="48.3891916" lon="7.4032390">
    <ele>313</ele>
</trkpt>
   <trkpt lat="48.3891858" lon="7.4032000">
    <ele>313</ele>
</trkpt>
   <trkpt lat="48.3891801" lon="7.4031611">
    <ele>313</ele>
</trkpt>
   <trkpt lat="48.3891740" lon="7.4031236">
    <ele>313</ele>
</trkpt>
   <trkpt lat="48.3891680" lon="7.4030861">
    <ele>313</ele>
</trkpt>
   <trkpt lat="48.3891612" lon="7.4030482">
    <ele>313</ele>
</trkpt>
   <trkpt lat="48.3891544" lon="7.4030103">
    <ele>313</ele>
</trkpt>
   <trkpt lat="48.3891477" lon="7.4029706">
    <ele>313</ele>
</trkpt>
   <trkpt lat="48.3891411" lon="7.4029310">
    <ele>313</ele>
</trkpt>
   <trkpt lat="48.3891350" lon="7.4028904">
    <ele>313</ele>
</trkpt>
   <trkpt lat="48.3891290" lon="7.4028499">
    <ele>313</ele>
</trkpt>
   <trkpt lat="48.3891232" lon="7.4028077">
    <ele>313</ele>
</trkpt>
   <trkpt lat="48.3891175" lon="7.4027655">
    <ele>314</ele>
</trkpt>
   <trkpt lat="48.3891118" lon="7.4027236">
    <ele>314</ele>
</trkpt>
   <trkpt lat="48.3891062" lon="7.4026818">
    <ele>314</ele>
</trkpt>
   <trkpt lat="48.3891024" lon="7.4026415">
    <ele>314</ele>
</trkpt>
   <trkpt lat="48.3890986" lon="7.4026013">
    <ele>314</ele>
</trkpt>
   <trkpt lat="48.3890961" lon="7.4025644">
    <ele>314</ele>
</trkpt>
   <trkpt lat="48.3890936" lon="7.4025276">
    <ele>314</ele>
</trkpt>
   <trkpt lat="48.3890913" lon="7.4024923">
    <ele>314</ele>
</trkpt>
   <trkpt lat="48.3890890" lon="7.4024570">
    <ele>314</ele>
</trkpt>
   <trkpt lat="48.3890861" lon="7.4024204">
    <ele>314</ele>
</trkpt>
   <trkpt lat="48.3890833" lon="7.4023838">
    <ele>314</ele>
</trkpt>
   <trkpt lat="48.3890797" lon="7.4023454">
    <ele>314</ele>
</trkpt>
   <trkpt lat="48.3890761" lon="7.4023071">
    <ele>314</ele>
</trkpt>
   <trkpt lat="48.3890717" lon="7.4022665">
    <ele>314</ele>
</trkpt>
   <trkpt lat="48.3890673" lon="7.4022259">
    <ele>314</ele>
</trkpt>
   <trkpt lat="48.3890620" lon="7.4021857">
    <ele>315</ele>
</trkpt>
   <trkpt lat="48.3890568" lon="7.4021455">
    <ele>315</ele>
</trkpt>
   <trkpt lat="48.3890510" lon="7.4021045">
    <ele>315</ele>
</trkpt>
   <trkpt lat="48.3890452" lon="7.4020636">
    <ele>315</ele>
</trkpt>
   <trkpt lat="48.3890390" lon="7.4020207">
    <ele>315</ele>
</trkpt>
   <trkpt lat="48.3890329" lon="7.4019778">
    <ele>315</ele>
</trkpt>
   <trkpt lat="48.3890271" lon="7.4019347">
    <ele>315</ele>
</trkpt>
   <trkpt lat="48.3890214" lon="7.4018917">
    <ele>315</ele>
</trkpt>
   <trkpt lat="48.3890164" lon="7.4018501">
    <ele>315</ele>
</trkpt>
   <trkpt lat="48.3890115" lon="7.4018085">
    <ele>315</ele>
</trkpt>
   <trkpt lat="48.3890072" lon="7.4017689">
    <ele>315</ele>
</trkpt>
   <trkpt lat="48.3890029" lon="7.4017293">
    <ele>315</ele>
</trkpt>
   <trkpt lat="48.3889978" lon="7.4016915">
    <ele>315</ele>
</trkpt>
   <trkpt lat="48.3889927" lon="7.4016537">
    <ele>315</ele>
</trkpt>
   <trkpt lat="48.3889858" lon="7.4016172">
    <ele>315</ele>
</trkpt>
   <trkpt lat="48.3889789" lon="7.4015807">
    <ele>315</ele>
</trkpt>
   <trkpt lat="48.3889701" lon="7.4015441">
    <ele>315</ele>
</trkpt>
   <trkpt lat="48.3889613" lon="7.4015076">
    <ele>315</ele>
</trkpt>
   <trkpt lat="48.3889510" lon="7.4014701">
    <ele>315</ele>
</trkpt>
   <trkpt lat="48.3889407" lon="7.4014326">
    <ele>315</ele>
</trkpt>
   <trkpt lat="48.3889317" lon="7.4013960">
    <ele>316</ele>
</trkpt>
   <trkpt lat="48.3889228" lon="7.4013595">
    <ele>316</ele>
</trkpt>
   <trkpt lat="48.3889169" lon="7.4013215">
    <ele>316</ele>
</trkpt>
   <trkpt lat="48.3889111" lon="7.4012836">
    <ele>316</ele>
</trkpt>
   <trkpt lat="48.3889072" lon="7.4012427">
    <ele>316</ele>
</trkpt>
   <trkpt lat="48.3889034" lon="7.4012019">
    <ele>316</ele>
</trkpt>
   <trkpt lat="48.3888993" lon="7.4011622">
    <ele>316</ele>
</trkpt>
   <trkpt lat="48.3888952" lon="7.4011226">
    <ele>316</ele>
</trkpt>
   <trkpt lat="48.3888884" lon="7.4010855">
    <ele>316</ele>
</trkpt>
   <trkpt lat="48.3888816" lon="7.4010484">
    <ele>316</ele>
</trkpt>
   <trkpt lat="48.3888736" lon="7.4010113">
    <ele>317</ele>
</trkpt>
   <trkpt lat="48.3888656" lon="7.4009742">
    <ele>317</ele>
</trkpt>
   <trkpt lat="48.3888578" lon="7.4009360">
    <ele>317</ele>
</trkpt>
   <trkpt lat="48.3888500" lon="7.4008979">
    <ele>317</ele>
</trkpt>
   <trkpt lat="48.3888427" lon="7.4008588">
    <ele>317</ele>
</trkpt>
   <trkpt lat="48.3888355" lon="7.4008198">
    <ele>317</ele>
</trkpt>
   <trkpt lat="48.3888299" lon="7.4007824">
    <ele>317</ele>
</trkpt>
   <trkpt lat="48.3888244" lon="7.4007451">
    <ele>317</ele>
</trkpt>
   <trkpt lat="48.3888193" lon="7.4007093">
    <ele>317</ele>
</trkpt>
   <trkpt lat="48.3888143" lon="7.4006735">
    <ele>317</ele>
</trkpt>
   <trkpt lat="48.3888081" lon="7.4006383">
    <ele>318</ele>
</trkpt>
   <trkpt lat="48.3888020" lon="7.4006032">
    <ele>318</ele>
</trkpt>
   <trkpt lat="48.3887953" lon="7.4005680">
    <ele>318</ele>
</trkpt>
   <trkpt lat="48.3887887" lon="7.4005329">
    <ele>318</ele>
</trkpt>
   <trkpt lat="48.3887809" lon="7.4004974">
    <ele>318</ele>
</trkpt>
   <trkpt lat="48.3887732" lon="7.4004620">
    <ele>319</ele>
</trkpt>
   <trkpt lat="48.3887638" lon="7.4004268">
    <ele>319</ele>
</trkpt>
   <trkpt lat="48.3887545" lon="7.4003916">
    <ele>319</ele>
</trkpt>
   <trkpt lat="48.3887445" lon="7.4003569">
    <ele>319</ele>
</trkpt>
   <trkpt lat="48.3887346" lon="7.4003222">
    <ele>319</ele>
</trkpt>
   <trkpt lat="48.3887249" lon="7.4002867">
    <ele>319</ele>
</trkpt>
   <trkpt lat="48.3887152" lon="7.4002513">
    <ele>319</ele>
</trkpt>
   <trkpt lat="48.3887073" lon="7.4002147">
    <ele>319</ele>
</trkpt>
   <trkpt lat="48.3886995" lon="7.4001781">
    <ele>319</ele>
</trkpt>
   <trkpt lat="48.3886927" lon="7.4001402">
    <ele>319</ele>
</trkpt>
   <trkpt lat="48.3886859" lon="7.4001024">
    <ele>320</ele>
</trkpt>
   <trkpt lat="48.3886788" lon="7.4000647">
    <ele>320</ele>
</trkpt>
   <trkpt lat="48.3886717" lon="7.4000270">
    <ele>320</ele>
</trkpt>
   <trkpt lat="48.3886641" lon="7.3999920">
    <ele>320</ele>
</trkpt>
   <trkpt lat="48.3886565" lon="7.3999570">
    <ele>320</ele>
</trkpt>
   <trkpt lat="48.3886487" lon="7.3999235">
    <ele>320</ele>
</trkpt>
   <trkpt lat="48.3886410" lon="7.3998901">
    <ele>320</ele>
</trkpt>
   <trkpt lat="48.3886327" lon="7.3998565">
    <ele>320</ele>
</trkpt>
   <trkpt lat="48.3886244" lon="7.3998230">
    <ele>320</ele>
</trkpt>
   <trkpt lat="48.3886145" lon="7.3997891">
    <ele>320</ele>
</trkpt>
   <trkpt lat="48.3886046" lon="7.3997553">
    <ele>321</ele>
</trkpt>
   <trkpt lat="48.3885943" lon="7.3997249">
    <ele>321</ele>
</trkpt>
   <trkpt lat="48.3885841" lon="7.3996946">
    <ele>321</ele>
</trkpt>
   <trkpt lat="48.3885737" lon="7.3996660">
    <ele>321</ele>
</trkpt>
   <trkpt lat="48.3885634" lon="7.3996375">
    <ele>321</ele>
</trkpt>
   <trkpt lat="48.3885523" lon="7.3996071">
    <ele>322</ele>
</trkpt>
   <trkpt lat="48.3885412" lon="7.3995768">
    <ele>322</ele>
</trkpt>
   <trkpt lat="48.3885300" lon="7.3995438">
    <ele>322</ele>
</trkpt>
   <trkpt lat="48.3885188" lon="7.3995109">
    <ele>322</ele>
</trkpt>
   <trkpt lat="48.3885089" lon="7.3994766">
    <ele>322</ele>
</trkpt>
   <trkpt lat="48.3884991" lon="7.3994424">
    <ele>322</ele>
</trkpt>
   <trkpt lat="48.3884901" lon="7.3994085">
    <ele>322</ele>
</trkpt>
   <trkpt lat="48.3884812" lon="7.3993746">
    <ele>322</ele>
</trkpt>
   <trkpt lat="48.3884719" lon="7.3993412">
    <ele>322</ele>
</trkpt>
   <trkpt lat="48.3884626" lon="7.3993079">
    <ele>322</ele>
</trkpt>
   <trkpt lat="48.3884518" lon="7.3992741">
    <ele>323</ele>
</trkpt>
   <trkpt lat="48.3884411" lon="7.3992404">
    <ele>323</ele>
</trkpt>
   <trkpt lat="48.3884310" lon="7.3992060">
    <ele>323</ele>
</trkpt>
   <trkpt lat="48.3884210" lon="7.3991716">
    <ele>323</ele>
</trkpt>
   <trkpt lat="48.3884120" lon="7.3991368">
    <ele>323</ele>
</trkpt>
   <trkpt lat="48.3884031" lon="7.3991020">
    <ele>323</ele>
</trkpt>
   <trkpt lat="48.3883953" lon="7.3990683">
    <ele>323</ele>
</trkpt>
   <trkpt lat="48.3883876" lon="7.3990347">
    <ele>323</ele>
</trkpt>
   <trkpt lat="48.3883805" lon="7.3990000">
    <ele>323</ele>
</trkpt>
   <trkpt lat="48.3883735" lon="7.3989654">
    <ele>323</ele>
</trkpt>
   <trkpt lat="48.3883664" lon="7.3989305">
    <ele>324</ele>
</trkpt>
   <trkpt lat="48.3883593" lon="7.3988956">
    <ele>324</ele>
</trkpt>
   <trkpt lat="48.3883518" lon="7.3988598">
    <ele>324</ele>
</trkpt>
   <trkpt lat="48.3883444" lon="7.3988240">
    <ele>324</ele>
</trkpt>
   <trkpt lat="48.3883359" lon="7.3987873">
    <ele>324</ele>
</trkpt>
   <trkpt lat="48.3883275" lon="7.3987506">
    <ele>325</ele>
</trkpt>
   <trkpt lat="48.3883171" lon="7.3987153">
    <ele>325</ele>
</trkpt>
   <trkpt lat="48.3883068" lon="7.3986801">
    <ele>325</ele>
</trkpt>
   <trkpt lat="48.3882961" lon="7.3986452">
    <ele>325</ele>
</trkpt>
   <trkpt lat="48.3882855" lon="7.3986104">
    <ele>325</ele>
</trkpt>
   <trkpt lat="48.3882746" lon="7.3985750">
    <ele>326</ele>
</trkpt>
   <trkpt lat="48.3882638" lon="7.3985396">
    <ele>326</ele>
</trkpt>
   <trkpt lat="48.3882534" lon="7.3985041">
    <ele>326</ele>
</trkpt>
   <trkpt lat="48.3882430" lon="7.3984687">
    <ele>326</ele>
</trkpt>
   <trkpt lat="48.3882322" lon="7.3984334">
    <ele>326</ele>
</trkpt>
   <trkpt lat="48.3882214" lon="7.3983981">
    <ele>327</ele>
</trkpt>
   <trkpt lat="48.3882110" lon="7.3983650">
    <ele>327</ele>
</trkpt>
   <trkpt lat="48.3882006" lon="7.3983320">
    <ele>327</ele>
</trkpt>
   <trkpt lat="48.3881908" lon="7.3983011">
    <ele>327</ele>
</trkpt>
   <trkpt lat="48.3881811" lon="7.3982703">
    <ele>327</ele>
</trkpt>
   <trkpt lat="48.3881717" lon="7.3982405">
    <ele>328</ele>
</trkpt>
   <trkpt lat="48.3881623" lon="7.3982108">
    <ele>328</ele>
</trkpt>
   <trkpt lat="48.3881523" lon="7.3981796">
    <ele>328</ele>
</trkpt>
   <trkpt lat="48.3881424" lon="7.3981484">
    <ele>328</ele>
</trkpt>
   <trkpt lat="48.3881319" lon="7.3981152">
    <ele>328</ele>
</trkpt>
   <trkpt lat="48.3881215" lon="7.3980820">
    <ele>329</ele>
</trkpt>
   <trkpt lat="48.3881100" lon="7.3980483">
    <ele>329</ele>
</trkpt>
   <trkpt lat="48.3880986" lon="7.3980146">
    <ele>329</ele>
</trkpt>
   <trkpt lat="48.3880865" lon="7.3979803">
    <ele>329</ele>
</trkpt>
   <trkpt lat="48.3880745" lon="7.3979461">
    <ele>329</ele>
</trkpt>
   <trkpt lat="48.3880617" lon="7.3979119">
    <ele>330</ele>
</trkpt>
   <trkpt lat="48.3880489" lon="7.3978778">
    <ele>330</ele>
</trkpt>
   <trkpt lat="48.3880351" lon="7.3978442">
    <ele>330</ele>
</trkpt>
   <trkpt lat="48.3880213" lon="7.3978107">
    <ele>330</ele>
</trkpt>
   <trkpt lat="48.3880068" lon="7.3977778">
    <ele>330</ele>
</trkpt>
   <trkpt lat="48.3879923" lon="7.3977450">
    <ele>330</ele>
</trkpt>
   <trkpt lat="48.3879788" lon="7.3977135">
    <ele>330</ele>
</trkpt>
   <trkpt lat="48.3879654" lon="7.3976820">
    <ele>330</ele>
</trkpt>
   <trkpt lat="48.3879530" lon="7.3976494">
    <ele>330</ele>
</trkpt>
   <trkpt lat="48.3879406" lon="7.3976168">
    <ele>330</ele>
</trkpt>
   <trkpt lat="48.3879289" lon="7.3975829">
    <ele>330</ele>
</trkpt>
   <trkpt lat="48.3879172" lon="7.3975490">
    <ele>330</ele>
</trkpt>
   <trkpt lat="48.3879063" lon="7.3975153">
    <ele>330</ele>
</trkpt>
   <trkpt lat="48.3878954" lon="7.3974817">
    <ele>330</ele>
</trkpt>
   <trkpt lat="48.3878847" lon="7.3974485">
    <ele>330</ele>
</trkpt>
   <trkpt lat="48.3878741" lon="7.3974153">
    <ele>330</ele>
</trkpt>
   <trkpt lat="48.3878636" lon="7.3973813">
    <ele>330</ele>
</trkpt>
   <trkpt lat="48.3878532" lon="7.3973473">
    <ele>330</ele>
</trkpt>
   <trkpt lat="48.3878423" lon="7.3973123">
    <ele>330</ele>
</trkpt>
   <trkpt lat="48.3878314" lon="7.3972773">
    <ele>330</ele>
</trkpt>
   <trkpt lat="48.3878198" lon="7.3972422">
    <ele>331</ele>
</trkpt>
   <trkpt lat="48.3878082" lon="7.3972072">
    <ele>331</ele>
</trkpt>
   <trkpt lat="48.3877967" lon="7.3971719">
    <ele>331</ele>
</trkpt>
   <trkpt lat="48.3877853" lon="7.3971367">
    <ele>331</ele>
</trkpt>
   <trkpt lat="48.3877760" lon="7.3971023">
    <ele>331</ele>
</trkpt>
   <trkpt lat="48.3877668" lon="7.3970680">
    <ele>332</ele>
</trkpt>
   <trkpt lat="48.3877598" lon="7.3970327">
    <ele>332</ele>
</trkpt>
   <trkpt lat="48.3877529" lon="7.3969974">
    <ele>332</ele>
</trkpt>
   <trkpt lat="48.3877468" lon="7.3969611">
    <ele>332</ele>
</trkpt>
   <trkpt lat="48.3877408" lon="7.3969248">
    <ele>332</ele>
</trkpt>
   <trkpt lat="48.3877347" lon="7.3968891">
    <ele>333</ele>
</trkpt>
   <trkpt lat="48.3877286" lon="7.3968534">
    <ele>333</ele>
</trkpt>
   <trkpt lat="48.3877225" lon="7.3968187">
    <ele>333</ele>
</trkpt>
   <trkpt lat="48.3877165" lon="7.3967841">
    <ele>333</ele>
</trkpt>
   <trkpt lat="48.3877098" lon="7.3967495">
    <ele>333</ele>
</trkpt>
   <trkpt lat="48.3877032" lon="7.3967150">
    <ele>333</ele>
</trkpt>
   <trkpt lat="48.3876968" lon="7.3966807">
    <ele>333</ele>
</trkpt>
   <trkpt lat="48.3876905" lon="7.3966464">
    <ele>333</ele>
</trkpt>
   <trkpt lat="48.3876848" lon="7.3966113">
    <ele>333</ele>
</trkpt>
   <trkpt lat="48.3876791" lon="7.3965763">
    <ele>333</ele>
</trkpt>
   <trkpt lat="48.3876740" lon="7.3965424">
    <ele>334</ele>
</trkpt>
   <trkpt lat="48.3876690" lon="7.3965086">
    <ele>334</ele>
</trkpt>
   <trkpt lat="48.3876641" lon="7.3964767">
    <ele>334</ele>
</trkpt>
   <trkpt lat="48.3876593" lon="7.3964449">
    <ele>334</ele>
</trkpt>
   <trkpt lat="48.3876539" lon="7.3964124">
    <ele>334</ele>
</trkpt>
   <trkpt lat="48.3876486" lon="7.3963800">
    <ele>335</ele>
</trkpt>
   <trkpt lat="48.3876429" lon="7.3963452">
    <ele>335</ele>
</trkpt>
   <trkpt lat="48.3876373" lon="7.3963105">
    <ele>335</ele>
</trkpt>
   <trkpt lat="48.3876307" lon="7.3962754">
    <ele>335</ele>
</trkpt>
   <trkpt lat="48.3876241" lon="7.3962403">
    <ele>335</ele>
</trkpt>
   <trkpt lat="48.3876172" lon="7.3962064">
    <ele>336</ele>
</trkpt>
   <trkpt lat="48.3876103" lon="7.3961725">
    <ele>336</ele>
</trkpt>
   <trkpt lat="48.3876044" lon="7.3961406">
    <ele>336</ele>
</trkpt>
   <trkpt lat="48.3875985" lon="7.3961088">
    <ele>336</ele>
</trkpt>
   <trkpt lat="48.3875927" lon="7.3960767">
    <ele>336</ele>
</trkpt>
   <trkpt lat="48.3875870" lon="7.3960447">
    <ele>337</ele>
</trkpt>
   <trkpt lat="48.3875799" lon="7.3960124">
    <ele>337</ele>
</trkpt>
   <trkpt lat="48.3875729" lon="7.3959801">
    <ele>337</ele>
</trkpt>
   <trkpt lat="48.3875654" lon="7.3959465">
    <ele>337</ele>
</trkpt>
   <trkpt lat="48.3875580" lon="7.3959130">
    <ele>337</ele>
</trkpt>
   <trkpt lat="48.3875508" lon="7.3958790">
    <ele>338</ele>
</trkpt>
   <trkpt lat="48.3875436" lon="7.3958450">
    <ele>338</ele>
</trkpt>
   <trkpt lat="48.3875366" lon="7.3958107">
    <ele>338</ele>
</trkpt>
   <trkpt lat="48.3875296" lon="7.3957764">
    <ele>338</ele>
</trkpt>
   <trkpt lat="48.3875235" lon="7.3957429">
    <ele>338</ele>
</trkpt>
   <trkpt lat="48.3875174" lon="7.3957094">
    <ele>339</ele>
</trkpt>
   <trkpt lat="48.3875130" lon="7.3956760">
    <ele>339</ele>
</trkpt>
   <trkpt lat="48.3875086" lon="7.3956427">
    <ele>339</ele>
</trkpt>
   <trkpt lat="48.3875050" lon="7.3956088">
    <ele>339</ele>
</trkpt>
   <trkpt lat="48.3875014" lon="7.3955750">
    <ele>339</ele>
</trkpt>
   <trkpt lat="48.3874976" lon="7.3955429">
    <ele>339</ele>
</trkpt>
   <trkpt lat="48.3874939" lon="7.3955109">
    <ele>339</ele>
</trkpt>
   <trkpt lat="48.3874908" lon="7.3954804">
    <ele>339</ele>
</trkpt>
   <trkpt lat="48.3874878" lon="7.3954500">
    <ele>339</ele>
</trkpt>
   <trkpt lat="48.3874850" lon="7.3954184">
    <ele>339</ele>
</trkpt>
   <trkpt lat="48.3874823" lon="7.3953868">
    <ele>340</ele>
</trkpt>
   <trkpt lat="48.3874796" lon="7.3953534">
    <ele>340</ele>
</trkpt>
   <trkpt lat="48.3874770" lon="7.3953201">
    <ele>340</ele>
</trkpt>
   <trkpt lat="48.3874737" lon="7.3952855">
    <ele>340</ele>
</trkpt>
   <trkpt lat="48.3874705" lon="7.3952510">
    <ele>340</ele>
</trkpt>
   <trkpt lat="48.3874655" lon="7.3952164">
    <ele>341</ele>
</trkpt>
   <trkpt lat="48.3874605" lon="7.3951818">
    <ele>341</ele>
</trkpt>
   <trkpt lat="48.3874547" lon="7.3951499">
    <ele>341</ele>
</trkpt>
   <trkpt lat="48.3874489" lon="7.3951181">
    <ele>342</ele>
</trkpt>
   <trkpt lat="48.3874440" lon="7.3950878">
    <ele>342</ele>
</trkpt>
   <trkpt lat="48.3874391" lon="7.3950575">
    <ele>343</ele>
</trkpt>
   <trkpt lat="48.3874350" lon="7.3950255">
    <ele>343</ele>
</trkpt>
   <trkpt lat="48.3874310" lon="7.3949935">
    <ele>343</ele>
</trkpt>
   <trkpt lat="48.3874293" lon="7.3949596">
    <ele>343</ele>
</trkpt>
   <trkpt lat="48.3874276" lon="7.3949257">
    <ele>343</ele>
</trkpt>
   <trkpt lat="48.3874275" lon="7.3948901">
    <ele>343</ele>
</trkpt>
   <trkpt lat="48.3874274" lon="7.3948545">
    <ele>343</ele>
</trkpt>
   <trkpt lat="48.3874282" lon="7.3948183">
    <ele>343</ele>
</trkpt>
   <trkpt lat="48.3874290" lon="7.3947821">
    <ele>343</ele>
</trkpt>
   <trkpt lat="48.3874281" lon="7.3947460">
    <ele>343</ele>
</trkpt>
   <trkpt lat="48.3874272" lon="7.3947099">
    <ele>344</ele>
</trkpt>
   <trkpt lat="48.3874259" lon="7.3946732">
    <ele>344</ele>
</trkpt>
   <trkpt lat="48.3874246" lon="7.3946366">
    <ele>344</ele>
</trkpt>
   <trkpt lat="48.3874228" lon="7.3946001">
    <ele>344</ele>
</trkpt>
   <trkpt lat="48.3874211" lon="7.3945637">
    <ele>344</ele>
</trkpt>
   <trkpt lat="48.3874194" lon="7.3945263">
    <ele>345</ele>
</trkpt>
   <trkpt lat="48.3874178" lon="7.3944889">
    <ele>345</ele>
</trkpt>
   <trkpt lat="48.3874167" lon="7.3944505">
    <ele>345</ele>
</trkpt>
   <trkpt lat="48.3874156" lon="7.3944121">
    <ele>345</ele>
</trkpt>
   <trkpt lat="48.3874128" lon="7.3943738">
    <ele>345</ele>
</trkpt>
   <trkpt lat="48.3874100" lon="7.3943355">
    <ele>345</ele>
</trkpt>
   <trkpt lat="48.3874048" lon="7.3942966">
    <ele>345</ele>
</trkpt>
   <trkpt lat="48.3873997" lon="7.3942578">
    <ele>345</ele>
</trkpt>
   <trkpt lat="48.3873934" lon="7.3942184">
    <ele>345</ele>
</trkpt>
   <trkpt lat="48.3873871" lon="7.3941791">
    <ele>345</ele>
</trkpt>
   <trkpt lat="48.3873807" lon="7.3941392">
    <ele>346</ele>
</trkpt>
   <trkpt lat="48.3873743" lon="7.3940993">
    <ele>346</ele>
</trkpt>
   <trkpt lat="48.3873676" lon="7.3940612">
    <ele>346</ele>
</trkpt>
   <trkpt lat="48.3873609" lon="7.3940231">
    <ele>346</ele>
</trkpt>
   <trkpt lat="48.3873549" lon="7.3939867">
    <ele>346</ele>
</trkpt>
   <trkpt lat="48.3873489" lon="7.3939504">
    <ele>346</ele>
</trkpt>
   <trkpt lat="48.3873432" lon="7.3939150">
    <ele>346</ele>
</trkpt>
   <trkpt lat="48.3873375" lon="7.3938796">
    <ele>346</ele>
</trkpt>
   <trkpt lat="48.3873318" lon="7.3938433">
    <ele>346</ele>
</trkpt>
   <trkpt lat="48.3873261" lon="7.3938071">
    <ele>346</ele>
</trkpt>
   <trkpt lat="48.3873205" lon="7.3937673">
    <ele>347</ele>
</trkpt>
   <trkpt lat="48.3873150" lon="7.3937276">
    <ele>347</ele>
</trkpt>
   <trkpt lat="48.3873109" lon="7.3936861">
    <ele>347</ele>
</trkpt>
   <trkpt lat="48.3873069" lon="7.3936446">
    <ele>347</ele>
</trkpt>
   <trkpt lat="48.3873018" lon="7.3936049">
    <ele>347</ele>
</trkpt>
   <trkpt lat="48.3872967" lon="7.3935652">
    <ele>347</ele>
</trkpt>
   <trkpt lat="48.3872874" lon="7.3935269">
    <ele>347</ele>
</trkpt>
   <trkpt lat="48.3872781" lon="7.3934887">
    <ele>347</ele>
</trkpt>
   <trkpt lat="48.3872630" lon="7.3934553">
    <ele>347</ele>
</trkpt>
   <trkpt lat="48.3872479" lon="7.3934220">
    <ele>347</ele>
</trkpt>
   <trkpt lat="48.3872289" lon="7.3933919">
    <ele>347</ele>
</trkpt>
   <trkpt lat="48.3872099" lon="7.3933618">
    <ele>347</ele>
</trkpt>
   <trkpt lat="48.3871906" lon="7.3933338">
    <ele>347</ele>
</trkpt>
   <trkpt lat="48.3871713" lon="7.3933058">
    <ele>347</ele>
</trkpt>
   <trkpt lat="48.3871518" lon="7.3932783">
    <ele>347</ele>
</trkpt>
   <trkpt lat="48.3871324" lon="7.3932508">
    <ele>347</ele>
</trkpt>
   <trkpt lat="48.3871134" lon="7.3932219">
    <ele>347</ele>
</trkpt>
   <trkpt lat="48.3870945" lon="7.3931930">
    <ele>347</ele>
</trkpt>
   <trkpt lat="48.3870766" lon="7.3931642">
    <ele>347</ele>
</trkpt>
   <trkpt lat="48.3870588" lon="7.3931355">
    <ele>347</ele>
</trkpt>
   <trkpt lat="48.3870414" lon="7.3931078">
    <ele>347</ele>
</trkpt>
   <trkpt lat="48.3870240" lon="7.3930801">
    <ele>347</ele>
</trkpt>
   <trkpt lat="48.3870072" lon="7.3930542">
    <ele>347</ele>
</trkpt>
   <trkpt lat="48.3869904" lon="7.3930283">
    <ele>347</ele>
</trkpt>
   <trkpt lat="48.3869729" lon="7.3930036">
    <ele>347</ele>
</trkpt>
   <trkpt lat="48.3869554" lon="7.3929790">
    <ele>348</ele>
</trkpt>
   <trkpt lat="48.3869383" lon="7.3929533">
    <ele>348</ele>
</trkpt>
   <trkpt lat="48.3869212" lon="7.3929277">
    <ele>348</ele>
</trkpt>
   <trkpt lat="48.3869042" lon="7.3929019">
    <ele>348</ele>
</trkpt>
   <trkpt lat="48.3868873" lon="7.3928762">
    <ele>348</ele>
</trkpt>
   <trkpt lat="48.3868705" lon="7.3928482">
    <ele>349</ele>
</trkpt>
   <trkpt lat="48.3868537" lon="7.3928203">
    <ele>349</ele>
</trkpt>
   <trkpt lat="48.3868356" lon="7.3927920">
    <ele>349</ele>
</trkpt>
   <trkpt lat="48.3868176" lon="7.3927637">
    <ele>349</ele>
</trkpt>
   <trkpt lat="48.3867992" lon="7.3927374">
    <ele>349</ele>
</trkpt>
   <trkpt lat="48.3867808" lon="7.3927111">
    <ele>349</ele>
</trkpt>
   <trkpt lat="48.3867618" lon="7.3926875">
    <ele>349</ele>
</trkpt>
   <trkpt lat="48.3867429" lon="7.3926639">
    <ele>349</ele>
</trkpt>
   <trkpt lat="48.3867236" lon="7.3926407">
    <ele>349</ele>
</trkpt>
   <trkpt lat="48.3867044" lon="7.3926175">
    <ele>349</ele>
</trkpt>
   <trkpt lat="48.3866846" lon="7.3925923">
    <ele>350</ele>
</trkpt>
   <trkpt lat="48.3866648" lon="7.3925672">
    <ele>350</ele>
</trkpt>
   <trkpt lat="48.3866442" lon="7.3925393">
    <ele>350</ele>
</trkpt>
   <trkpt lat="48.3866236" lon="7.3925115">
    <ele>350</ele>
</trkpt>
   <trkpt lat="48.3866045" lon="7.3924816">
    <ele>350</ele>
</trkpt>
   <trkpt lat="48.3865855" lon="7.3924517">
    <ele>351</ele>
</trkpt>
   <trkpt lat="48.3865672" lon="7.3924238">
    <ele>351</ele>
</trkpt>
   <trkpt lat="48.3865490" lon="7.3923959">
    <ele>351</ele>
</trkpt>
   <trkpt lat="48.3865302" lon="7.3923682">
    <ele>351</ele>
</trkpt>
   <trkpt lat="48.3865115" lon="7.3923406">
    <ele>351</ele>
</trkpt>
   <trkpt lat="48.3864927" lon="7.3923123">
    <ele>352</ele>
</trkpt>
   <trkpt lat="48.3864739" lon="7.3922841">
    <ele>352</ele>
</trkpt>
   <trkpt lat="48.3864552" lon="7.3922567">
    <ele>352</ele>
</trkpt>
   <trkpt lat="48.3864366" lon="7.3922294">
    <ele>352</ele>
</trkpt>
   <trkpt lat="48.3864175" lon="7.3922030">
    <ele>352</ele>
</trkpt>
   <trkpt lat="48.3863985" lon="7.3921767">
    <ele>352</ele>
</trkpt>
   <trkpt lat="48.3863783" lon="7.3921506">
    <ele>352</ele>
</trkpt>
   <trkpt lat="48.3863581" lon="7.3921245">
    <ele>352</ele>
</trkpt>
   <trkpt lat="48.3863371" lon="7.3920992">
    <ele>352</ele>
</trkpt>
   <trkpt lat="48.3863161" lon="7.3920740">
    <ele>352</ele>
</trkpt>
   <trkpt lat="48.3862961" lon="7.3920488">
    <ele>352</ele>
</trkpt>
   <trkpt lat="48.3862762" lon="7.3920237">
    <ele>352</ele>
</trkpt>
   <trkpt lat="48.3862569" lon="7.3919974">
    <ele>352</ele>
</trkpt>
   <trkpt lat="48.3862377" lon="7.3919711">
    <ele>352</ele>
</trkpt>
   <trkpt lat="48.3862190" lon="7.3919447">
    <ele>352</ele>
</trkpt>
   <trkpt lat="48.3862004" lon="7.3919184">
    <ele>352</ele>
</trkpt>
   <trkpt lat="48.3861807" lon="7.3918929">
    <ele>352</ele>
</trkpt>
   <trkpt lat="48.3861610" lon="7.3918675">
    <ele>352</ele>
</trkpt>
   <trkpt lat="48.3861400" lon="7.3918430">
    <ele>352</ele>
</trkpt>
   <trkpt lat="48.3861191" lon="7.3918185">
    <ele>352</ele>
</trkpt>
   <trkpt lat="48.3860971" lon="7.3917933">
    <ele>352</ele>
</trkpt>
   <trkpt lat="48.3860751" lon="7.3917681">
    <ele>352</ele>
</trkpt>
   <trkpt lat="48.3860543" lon="7.3917409">
    <ele>352</ele>
</trkpt>
   <trkpt lat="48.3860335" lon="7.3917137">
    <ele>352</ele>
</trkpt>
   <trkpt lat="48.3860132" lon="7.3916857">
    <ele>352</ele>
</trkpt>
   <trkpt lat="48.3859930" lon="7.3916578">
    <ele>352</ele>
</trkpt>
   <trkpt lat="48.3859723" lon="7.3916322">
    <ele>352</ele>
</trkpt>
   <trkpt lat="48.3859516" lon="7.3916066">
    <ele>352</ele>
</trkpt>
   <trkpt lat="48.3859320" lon="7.3915827">
    <ele>352</ele>
</trkpt>
   <trkpt lat="48.3859124" lon="7.3915589">
    <ele>352</ele>
</trkpt>
   <trkpt lat="48.3858932" lon="7.3915346">
    <ele>352</ele>
</trkpt>
   <trkpt lat="48.3858740" lon="7.3915103">
    <ele>352</ele>
</trkpt>
   <trkpt lat="48.3858545" lon="7.3914863">
    <ele>352</ele>
</trkpt>
   <trkpt lat="48.3858351" lon="7.3914623">
    <ele>352</ele>
</trkpt>
   <trkpt lat="48.3858154" lon="7.3914389">
    <ele>352</ele>
</trkpt>
   <trkpt lat="48.3857957" lon="7.3914156">
    <ele>352</ele>
</trkpt>
   <trkpt lat="48.3857774" lon="7.3913941">
    <ele>352</ele>
</trkpt>
   <trkpt lat="48.3857592" lon="7.3913726">
    <ele>352</ele>
</trkpt>
   <trkpt lat="48.3857417" lon="7.3913509">
    <ele>352</ele>
</trkpt>
   <trkpt lat="48.3857242" lon="7.3913293">
    <ele>352</ele>
</trkpt>
   <trkpt lat="48.3857060" lon="7.3913053">
    <ele>352</ele>
</trkpt>
   <trkpt lat="48.3856879" lon="7.3912814">
    <ele>352</ele>
</trkpt>
   <trkpt lat="48.3856689" lon="7.3912571">
    <ele>352</ele>
</trkpt>
   <trkpt lat="48.3856499" lon="7.3912329">
    <ele>352</ele>
</trkpt>
   <trkpt lat="48.3856301" lon="7.3912095">
    <ele>352</ele>
</trkpt>
   <trkpt lat="48.3856104" lon="7.3911862">
    <ele>353</ele>
</trkpt>
   <trkpt lat="48.3855927" lon="7.3911624">
    <ele>353</ele>
</trkpt>
   <trkpt lat="48.3855751" lon="7.3911387">
    <ele>353</ele>
</trkpt>
   <trkpt lat="48.3855580" lon="7.3911161">
    <ele>353</ele>
</trkpt>
   <trkpt lat="48.3855410" lon="7.3910936">
    <ele>353</ele>
</trkpt>
   <trkpt lat="48.3855238" lon="7.3910716">
    <ele>354</ele>
</trkpt>
   <trkpt lat="48.3855066" lon="7.3910497">
    <ele>354</ele>
</trkpt>
   <trkpt lat="48.3854882" lon="7.3910262">
    <ele>354</ele>
</trkpt>
   <trkpt lat="48.3854698" lon="7.3910028">
    <ele>354</ele>
</trkpt>
   <trkpt lat="48.3854506" lon="7.3909779">
    <ele>354</ele>
</trkpt>
   <trkpt lat="48.3854314" lon="7.3909531">
    <ele>355</ele>
</trkpt>
   <trkpt lat="48.3854129" lon="7.3909259">
    <ele>355</ele>
</trkpt>
   <trkpt lat="48.3853944" lon="7.3908987">
    <ele>355</ele>
</trkpt>
   <trkpt lat="48.3853761" lon="7.3908699">
    <ele>355</ele>
</trkpt>
   <trkpt lat="48.3853578" lon="7.3908412">
    <ele>355</ele>
</trkpt>
   <trkpt lat="48.3853414" lon="7.3908156">
    <ele>355</ele>
</trkpt>
   <trkpt lat="48.3853250" lon="7.3907901">
    <ele>355</ele>
</trkpt>
   <trkpt lat="48.3853105" lon="7.3907654">
    <ele>355</ele>
</trkpt>
   <trkpt lat="48.3852961" lon="7.3907407">
    <ele>355</ele>
</trkpt>
   <trkpt lat="48.3852834" lon="7.3907140">
    <ele>355</ele>
</trkpt>
   <trkpt lat="48.3852707" lon="7.3906873">
    <ele>356</ele>
</trkpt>
   <trkpt lat="48.3852578" lon="7.3906585">
    <ele>356</ele>
</trkpt>
   <trkpt lat="48.3852450" lon="7.3906297">
    <ele>356</ele>
</trkpt>
   <trkpt lat="48.3852326" lon="7.3905992">
    <ele>356</ele>
</trkpt>
   <trkpt lat="48.3852203" lon="7.3905688">
    <ele>356</ele>
</trkpt>
   <trkpt lat="48.3852093" lon="7.3905388">
    <ele>357</ele>
</trkpt>
   <trkpt lat="48.3851984" lon="7.3905089">
    <ele>357</ele>
</trkpt>
   <trkpt lat="48.3851876" lon="7.3904776">
    <ele>357</ele>
</trkpt>
   <trkpt lat="48.3851769" lon="7.3904464">
    <ele>357</ele>
</trkpt>
   <trkpt lat="48.3851657" lon="7.3904137">
    <ele>357</ele>
</trkpt>
   <trkpt lat="48.3851545" lon="7.3903811">
    <ele>357</ele>
</trkpt>
   <trkpt lat="48.3851426" lon="7.3903491">
    <ele>357</ele>
</trkpt>
   <trkpt lat="48.3851308" lon="7.3903172">
    <ele>357</ele>
</trkpt>
   <trkpt lat="48.3851197" lon="7.3902905">
    <ele>357</ele>
</trkpt>
   <trkpt lat="48.3851087" lon="7.3902638">
    <ele>357</ele>
</trkpt>
   <trkpt lat="48.3851050" lon="7.3902525">
    <ele>357</ele>
</trkpt>
   <trkpt lat="48.3851013" lon="7.3902413">
    <ele>357</ele>
</trkpt>
   <trkpt lat="48.3851027" lon="7.3902256">
    <ele>356</ele>
</trkpt>
   <trkpt lat="48.3851033" lon="7.3902233">
    <ele>356</ele>
</trkpt>
   <trkpt lat="48.3851040" lon="7.3902211">
    <ele>356</ele>
</trkpt>
   <trkpt lat="48.3851021" lon="7.3902134">
    <ele>355</ele>
</trkpt>
   <trkpt lat="48.3851003" lon="7.3902058">
    <ele>355</ele>
</trkpt>
   <trkpt lat="48.3850971" lon="7.3901926">
    <ele>355</ele>
</trkpt>
   <trkpt lat="48.3850940" lon="7.3901795">
    <ele>355</ele>
</trkpt>
   <trkpt lat="48.3850892" lon="7.3901620">
    <ele>355</ele>
</trkpt>
   <trkpt lat="48.3850845" lon="7.3901445">
    <ele>355</ele>
</trkpt>
   <trkpt lat="48.3850780" lon="7.3901250">
    <ele>355</ele>
</trkpt>
   <trkpt lat="48.3850716" lon="7.3901056">
    <ele>355</ele>
</trkpt>
   <trkpt lat="48.3850649" lon="7.3900862">
    <ele>355</ele>
</trkpt>
   <trkpt lat="48.3850582" lon="7.3900669">
    <ele>356</ele>
</trkpt>
   <trkpt lat="48.3850520" lon="7.3900486">
    <ele>356</ele>
</trkpt>
   <trkpt lat="48.3850459" lon="7.3900303">
    <ele>356</ele>
</trkpt>
   <trkpt lat="48.3850394" lon="7.3900116">
    <ele>356</ele>
</trkpt>
   <trkpt lat="48.3850329" lon="7.3899930">
    <ele>356</ele>
</trkpt>
   <trkpt lat="48.3850252" lon="7.3899731">
    <ele>356</ele>
</trkpt>
   <trkpt lat="48.3850176" lon="7.3899533">
    <ele>356</ele>
</trkpt>
   <trkpt lat="48.3850072" lon="7.3899274">
    <ele>356</ele>
</trkpt>
   <trkpt lat="48.3849968" lon="7.3899016">
    <ele>356</ele>
</trkpt>
   <trkpt lat="48.3849832" lon="7.3898704">
    <ele>356</ele>
</trkpt>
   <trkpt lat="48.3849696" lon="7.3898392">
    <ele>357</ele>
</trkpt>
   <trkpt lat="48.3849546" lon="7.3898061">
    <ele>357</ele>
</trkpt>
   <trkpt lat="48.3849397" lon="7.3897731">
    <ele>357</ele>
</trkpt>
   <trkpt lat="48.3849246" lon="7.3897398">
    <ele>357</ele>
</trkpt>
   <trkpt lat="48.3849096" lon="7.3897066">
    <ele>357</ele>
</trkpt>
   <trkpt lat="48.3848942" lon="7.3896736">
    <ele>357</ele>
</trkpt>
   <trkpt lat="48.3848788" lon="7.3896407">
    <ele>357</ele>
</trkpt>
   <trkpt lat="48.3848637" lon="7.3896081">
    <ele>357</ele>
</trkpt>
   <trkpt lat="48.3848486" lon="7.3895756">
    <ele>358</ele>
</trkpt>
   <trkpt lat="48.3848354" lon="7.3895418">
    <ele>358</ele>
</trkpt>
   <trkpt lat="48.3848223" lon="7.3895080">
    <ele>359</ele>
</trkpt>
   <trkpt lat="48.3848099" lon="7.3894756">
    <ele>359</ele>
</trkpt>
   <trkpt lat="48.3847975" lon="7.3894433">
    <ele>359</ele>
</trkpt>
   <trkpt lat="48.3847849" lon="7.3894141">
    <ele>360</ele>
</trkpt>
   <trkpt lat="48.3847723" lon="7.3893850">
    <ele>360</ele>
</trkpt>
   <trkpt lat="48.3847594" lon="7.3893573">
    <ele>361</ele>
</trkpt>
   <trkpt lat="48.3847465" lon="7.3893297">
    <ele>361</ele>
</trkpt>
   <trkpt lat="48.3847332" lon="7.3893036">
    <ele>361</ele>
</trkpt>
   <trkpt lat="48.3847199" lon="7.3892775">
    <ele>361</ele>
</trkpt>
   <trkpt lat="48.3847087" lon="7.3892530">
    <ele>361</ele>
</trkpt>
   <trkpt lat="48.3846975" lon="7.3892285">
    <ele>362</ele>
</trkpt>
   <trkpt lat="48.3846889" lon="7.3892092">
    <ele>362</ele>
</trkpt>
   <trkpt lat="48.3846803" lon="7.3891900">
    <ele>362</ele>
</trkpt>
   <trkpt lat="48.3846738" lon="7.3891761">
    <ele>362</ele>
</trkpt>
   <trkpt lat="48.3846674" lon="7.3891623">
    <ele>362</ele>
</trkpt>
   <trkpt lat="48.3846609" lon="7.3891493">
    <ele>362</ele>
</trkpt>
   <trkpt lat="48.3846544" lon="7.3891363">
    <ele>362</ele>
</trkpt>
   <trkpt lat="48.3846479" lon="7.3891217">
    <ele>362</ele>
</trkpt>
   <trkpt lat="48.3846414" lon="7.3891072">
    <ele>362</ele>
</trkpt>
   <trkpt lat="48.3846350" lon="7.3890894">
    <ele>362</ele>
</trkpt>
   <trkpt lat="48.3846287" lon="7.3890717">
    <ele>362</ele>
</trkpt>
   <trkpt lat="48.3846232" lon="7.3890522">
    <ele>362</ele>
</trkpt>
   <trkpt lat="48.3846178" lon="7.3890328">
    <ele>362</ele>
</trkpt>
   <trkpt lat="48.3846132" lon="7.3890155">
    <ele>362</ele>
</trkpt>
   <trkpt lat="48.3846086" lon="7.3889983">
    <ele>362</ele>
</trkpt>
   <trkpt lat="48.3846039" lon="7.3889820">
    <ele>363</ele>
</trkpt>
   <trkpt lat="48.3845992" lon="7.3889658">
    <ele>363</ele>
</trkpt>
   <trkpt lat="48.3845938" lon="7.3889495">
    <ele>363</ele>
</trkpt>
   <trkpt lat="48.3845884" lon="7.3889332">
    <ele>363</ele>
</trkpt>
   <trkpt lat="48.3845824" lon="7.3889160">
    <ele>363</ele>
</trkpt>
   <trkpt lat="48.3845765" lon="7.3888988">
    <ele>364</ele>
</trkpt>
   <trkpt lat="48.3845704" lon="7.3888789">
    <ele>364</ele>
</trkpt>
   <trkpt lat="48.3845644" lon="7.3888591">
    <ele>364</ele>
</trkpt>
   <trkpt lat="48.3845589" lon="7.3888397">
    <ele>364</ele>
</trkpt>
   <trkpt lat="48.3845534" lon="7.3888203">
    <ele>364</ele>
</trkpt>
   <trkpt lat="48.3845484" lon="7.3888032">
    <ele>365</ele>
</trkpt>
   <trkpt lat="48.3845434" lon="7.3887861">
    <ele>365</ele>
</trkpt>
   <trkpt lat="48.3845387" lon="7.3887693">
    <ele>365</ele>
</trkpt>
   <trkpt lat="48.3845341" lon="7.3887526">
    <ele>365</ele>
</trkpt>
   <trkpt lat="48.3845298" lon="7.3887370">
    <ele>365</ele>
</trkpt>
   <trkpt lat="48.3845255" lon="7.3887215">
    <ele>366</ele>
</trkpt>
   <trkpt lat="48.3845218" lon="7.3887027">
    <ele>365</ele>
</trkpt>
   <trkpt lat="48.3845181" lon="7.3886839">
    <ele>365</ele>
</trkpt>
   <trkpt lat="48.3845141" lon="7.3886633">
    <ele>365</ele>
</trkpt>
   <trkpt lat="48.3845102" lon="7.3886428">
    <ele>365</ele>
</trkpt>
   <trkpt lat="48.3845049" lon="7.3886222">
    <ele>365</ele>
</trkpt>
   <trkpt lat="48.3844996" lon="7.3886016">
    <ele>365</ele>
</trkpt>
   <trkpt lat="48.3844933" lon="7.3885827">
    <ele>365</ele>
</trkpt>
   <trkpt lat="48.3844871" lon="7.3885639">
    <ele>365</ele>
</trkpt>
   <trkpt lat="48.3844805" lon="7.3885465">
    <ele>365</ele>
</trkpt>
   <trkpt lat="48.3844740" lon="7.3885292">
    <ele>366</ele>
</trkpt>
   <trkpt lat="48.3844666" lon="7.3885102">
    <ele>366</ele>
</trkpt>
   <trkpt lat="48.3844592" lon="7.3884913">
    <ele>366</ele>
</trkpt>
   <trkpt lat="48.3844513" lon="7.3884717">
    <ele>366</ele>
</trkpt>
   <trkpt lat="48.3844435" lon="7.3884522">
    <ele>366</ele>
</trkpt>
   <trkpt lat="48.3844361" lon="7.3884335">
    <ele>367</ele>
</trkpt>
   <trkpt lat="48.3844287" lon="7.3884148">
    <ele>367</ele>
</trkpt>
   <trkpt lat="48.3844219" lon="7.3883963">
    <ele>367</ele>
</trkpt>
   <trkpt lat="48.3844151" lon="7.3883779">
    <ele>367</ele>
</trkpt>
   <trkpt lat="48.3844089" lon="7.3883592">
    <ele>367</ele>
</trkpt>
   <trkpt lat="48.3844028" lon="7.3883406">
    <ele>368</ele>
</trkpt>
   <trkpt lat="48.3843967" lon="7.3883221">
    <ele>368</ele>
</trkpt>
   <trkpt lat="48.3843907" lon="7.3883036">
    <ele>368</ele>
</trkpt>
   <trkpt lat="48.3843838" lon="7.3882849">
    <ele>368</ele>
</trkpt>
   <trkpt lat="48.3843770" lon="7.3882662">
    <ele>368</ele>
</trkpt>
   <trkpt lat="48.3843691" lon="7.3882453">
    <ele>369</ele>
</trkpt>
   <trkpt lat="48.3843612" lon="7.3882244">
    <ele>369</ele>
</trkpt>
   <trkpt lat="48.3843541" lon="7.3882032">
    <ele>369</ele>
</trkpt>
   <trkpt lat="48.3843471" lon="7.3881820">
    <ele>369</ele>
</trkpt>
   <trkpt lat="48.3843407" lon="7.3881614">
    <ele>369</ele>
</trkpt>
   <trkpt lat="48.3843343" lon="7.3881409">
    <ele>369</ele>
</trkpt>
   <trkpt lat="48.3843279" lon="7.3881199">
    <ele>369</ele>
</trkpt>
   <trkpt lat="48.3843215" lon="7.3880989">
    <ele>369</ele>
</trkpt>
   <trkpt lat="48.3843150" lon="7.3880779">
    <ele>369</ele>
</trkpt>
   <trkpt lat="48.3843085" lon="7.3880570">
    <ele>369</ele>
</trkpt>
   <trkpt lat="48.3843022" lon="7.3880365">
    <ele>369</ele>
</trkpt>
   <trkpt lat="48.3842960" lon="7.3880161">
    <ele>369</ele>
</trkpt>
   <trkpt lat="48.3842902" lon="7.3879956">
    <ele>369</ele>
</trkpt>
   <trkpt lat="48.3842844" lon="7.3879751">
    <ele>369</ele>
</trkpt>
   <trkpt lat="48.3842784" lon="7.3879542">
    <ele>369</ele>
</trkpt>
   <trkpt lat="48.3842725" lon="7.3879334">
    <ele>370</ele>
</trkpt>
   <trkpt lat="48.3842665" lon="7.3879140">
    <ele>370</ele>
</trkpt>
   <trkpt lat="48.3842605" lon="7.3878946">
    <ele>370</ele>
</trkpt>
   <trkpt lat="48.3842549" lon="7.3878763">
    <ele>370</ele>
</trkpt>
   <trkpt lat="48.3842493" lon="7.3878581">
    <ele>370</ele>
</trkpt>
   <trkpt lat="48.3842438" lon="7.3878417">
    <ele>371</ele>
</trkpt>
   <trkpt lat="48.3842383" lon="7.3878253">
    <ele>371</ele>
</trkpt>
   <trkpt lat="48.3842319" lon="7.3878109">
    <ele>371</ele>
</trkpt>
   <trkpt lat="48.3842255" lon="7.3877965">
    <ele>371</ele>
</trkpt>
   <trkpt lat="48.3842178" lon="7.3877807">
    <ele>371</ele>
</trkpt>
   <trkpt lat="48.3842102" lon="7.3877650">
    <ele>372</ele>
</trkpt>
   <trkpt lat="48.3842016" lon="7.3877467">
    <ele>372</ele>
</trkpt>
   <trkpt lat="48.3841931" lon="7.3877285">
    <ele>372</ele>
</trkpt>
   <trkpt lat="48.3841845" lon="7.3877100">
    <ele>372</ele>
</trkpt>
   <trkpt lat="48.3841759" lon="7.3876915">
    <ele>372</ele>
</trkpt>
   <trkpt lat="48.3841677" lon="7.3876732">
    <ele>372</ele>
</trkpt>
   <trkpt lat="48.3841596" lon="7.3876549">
    <ele>372</ele>
</trkpt>
   <trkpt lat="48.3841518" lon="7.3876370">
    <ele>372</ele>
</trkpt>
   <trkpt lat="48.3841441" lon="7.3876191">
    <ele>372</ele>
</trkpt>
   <trkpt lat="48.3841369" lon="7.3876030">
    <ele>372</ele>
</trkpt>
   <trkpt lat="48.3841297" lon="7.3875870">
    <ele>373</ele>
</trkpt>
   <trkpt lat="48.3841206" lon="7.3875705">
    <ele>373</ele>
</trkpt>
   <trkpt lat="48.3841116" lon="7.3875541">
    <ele>373</ele>
</trkpt>
   <trkpt lat="48.3841008" lon="7.3875361">
    <ele>373</ele>
</trkpt>
   <trkpt lat="48.3840901" lon="7.3875182">
    <ele>373</ele>
</trkpt>
   <trkpt lat="48.3840780" lon="7.3874980">
    <ele>374</ele>
</trkpt>
   <trkpt lat="48.3840659" lon="7.3874778">
    <ele>374</ele>
</trkpt>
   <trkpt lat="48.3840540" lon="7.3874590">
    <ele>374</ele>
</trkpt>
   <trkpt lat="48.3840421" lon="7.3874402">
    <ele>374</ele>
</trkpt>
   <trkpt lat="48.3840306" lon="7.3874243">
    <ele>374</ele>
</trkpt>
   <trkpt lat="48.3840191" lon="7.3874085">
    <ele>375</ele>
</trkpt>
   <trkpt lat="48.3840069" lon="7.3873943">
    <ele>375</ele>
</trkpt>
   <trkpt lat="48.3839947" lon="7.3873802">
    <ele>375</ele>
</trkpt>
   <trkpt lat="48.3839815" lon="7.3873661">
    <ele>375</ele>
</trkpt>
   <trkpt lat="48.3839683" lon="7.3873520">
    <ele>375</ele>
</trkpt>
   <trkpt lat="48.3839561" lon="7.3873392">
    <ele>375</ele>
</trkpt>
   <trkpt lat="48.3839439" lon="7.3873264">
    <ele>375</ele>
</trkpt>
   <trkpt lat="48.3839331" lon="7.3873148">
    <ele>375</ele>
</trkpt>
   <trkpt lat="48.3839223" lon="7.3873033">
    <ele>375</ele>
</trkpt>
   <trkpt lat="48.3839120" lon="7.3872920">
    <ele>375</ele>
</trkpt>
   <trkpt lat="48.3839018" lon="7.3872808">
    <ele>376</ele>
</trkpt>
   <trkpt lat="48.3838907" lon="7.3872693">
    <ele>376</ele>
</trkpt>
   <trkpt lat="48.3838797" lon="7.3872578">
    <ele>376</ele>
</trkpt>
   <trkpt lat="48.3838685" lon="7.3872475">
    <ele>376</ele>
</trkpt>
   <trkpt lat="48.3838573" lon="7.3872373">
    <ele>376</ele>
</trkpt>
   <trkpt lat="48.3838455" lon="7.3872282">
    <ele>377</ele>
</trkpt>
   <trkpt lat="48.3838338" lon="7.3872191">
    <ele>377</ele>
</trkpt>
   <trkpt lat="48.3838200" lon="7.3872079">
    <ele>377</ele>
</trkpt>
   <trkpt lat="48.3838063" lon="7.3871968">
    <ele>377</ele>
</trkpt>
   <trkpt lat="48.3837916" lon="7.3871834">
    <ele>377</ele>
</trkpt>
   <trkpt lat="48.3837769" lon="7.3871701">
    <ele>378</ele>
</trkpt>
   <trkpt lat="48.3837626" lon="7.3871571">
    <ele>378</ele>
</trkpt>
   <trkpt lat="48.3837483" lon="7.3871442">
    <ele>378</ele>
</trkpt>
   <trkpt lat="48.3837350" lon="7.3871326">
    <ele>378</ele>
</trkpt>
   <trkpt lat="48.3837218" lon="7.3871210">
    <ele>378</ele>
</trkpt>
   <trkpt lat="48.3837100" lon="7.3871093">
    <ele>378</ele>
</trkpt>
   <trkpt lat="48.3836982" lon="7.3870977">
    <ele>378</ele>
</trkpt>
   <trkpt lat="48.3836873" lon="7.3870862">
    <ele>378</ele>
</trkpt>
   <trkpt lat="48.3836765" lon="7.3870748">
    <ele>378</ele>
</trkpt>
   <trkpt lat="48.3836653" lon="7.3870640">
    <ele>378</ele>
</trkpt>
   <trkpt lat="48.3836541" lon="7.3870533">
    <ele>379</ele>
</trkpt>
   <trkpt lat="48.3836415" lon="7.3870435">
    <ele>379</ele>
</trkpt>
   <trkpt lat="48.3836289" lon="7.3870337">
    <ele>379</ele>
</trkpt>
   <trkpt lat="48.3836153" lon="7.3870235">
    <ele>380</ele>
</trkpt>
   <trkpt lat="48.3836018" lon="7.3870133">
    <ele>380</ele>
</trkpt>
   <trkpt lat="48.3835878" lon="7.3870026">
    <ele>381</ele>
</trkpt>
   <trkpt lat="48.3835738" lon="7.3869919">
    <ele>381</ele>
</trkpt>
   <trkpt lat="48.3835607" lon="7.3869811">
    <ele>381</ele>
</trkpt>
   <trkpt lat="48.3835476" lon="7.3869703">
    <ele>381</ele>
</trkpt>
   <trkpt lat="48.3835332" lon="7.3869579">
    <ele>381</ele>
</trkpt>
   <trkpt lat="48.3835188" lon="7.3869455">
    <ele>382</ele>
</trkpt>
   <trkpt lat="48.3835037" lon="7.3869318">
    <ele>382</ele>
</trkpt>
   <trkpt lat="48.3834886" lon="7.3869182">
    <ele>382</ele>
</trkpt>
   <trkpt lat="48.3834726" lon="7.3869029">
    <ele>382</ele>
</trkpt>
   <trkpt lat="48.3834566" lon="7.3868876">
    <ele>382</ele>
</trkpt>
   <trkpt lat="48.3834422" lon="7.3868742">
    <ele>383</ele>
</trkpt>
   <trkpt lat="48.3834279" lon="7.3868609">
    <ele>383</ele>
</trkpt>
   <trkpt lat="48.3834152" lon="7.3868495">
    <ele>383</ele>
</trkpt>
   <trkpt lat="48.3834025" lon="7.3868382">
    <ele>383</ele>
</trkpt>
   <trkpt lat="48.3833907" lon="7.3868287">
    <ele>383</ele>
</trkpt>
   <trkpt lat="48.3833790" lon="7.3868193">
    <ele>384</ele>
</trkpt>
   <trkpt lat="48.3833681" lon="7.3868104">
    <ele>384</ele>
</trkpt>
   <trkpt lat="48.3833572" lon="7.3868016">
    <ele>384</ele>
</trkpt>
   <trkpt lat="48.3833451" lon="7.3867925">
    <ele>384</ele>
</trkpt>
   <trkpt lat="48.3833331" lon="7.3867834">
    <ele>384</ele>
</trkpt>
   <trkpt lat="48.3833205" lon="7.3867735">
    <ele>384</ele>
</trkpt>
   <trkpt lat="48.3833079" lon="7.3867637">
    <ele>384</ele>
</trkpt>
   <trkpt lat="48.3832966" lon="7.3867544">
    <ele>384</ele>
</trkpt>
   <trkpt lat="48.3832853" lon="7.3867451">
    <ele>384</ele>
</trkpt>
   <trkpt lat="48.3832730" lon="7.3867357">
    <ele>384</ele>
</trkpt>
   <trkpt lat="48.3832608" lon="7.3867263">
    <ele>385</ele>
</trkpt>
   <trkpt lat="48.3832477" lon="7.3867162">
    <ele>385</ele>
</trkpt>
   <trkpt lat="48.3832347" lon="7.3867061">
    <ele>385</ele>
</trkpt>
   <trkpt lat="48.3832216" lon="7.3866953">
    <ele>385</ele>
</trkpt>
   <trkpt lat="48.3832085" lon="7.3866846">
    <ele>385</ele>
</trkpt>
   <trkpt lat="48.3831949" lon="7.3866734">
    <ele>385</ele>
</trkpt>
   <trkpt lat="48.3831813" lon="7.3866622">
    <ele>385</ele>
</trkpt>
   <trkpt lat="48.3831668" lon="7.3866499">
    <ele>385</ele>
</trkpt>
   <trkpt lat="48.3831523" lon="7.3866376">
    <ele>385</ele>
</trkpt>
   <trkpt lat="48.3831377" lon="7.3866256">
    <ele>385</ele>
</trkpt>
   <trkpt lat="48.3831232" lon="7.3866137">
    <ele>386</ele>
</trkpt>
   <trkpt lat="48.3831102" lon="7.3866039">
    <ele>386</ele>
</trkpt>
   <trkpt lat="48.3830972" lon="7.3865941">
    <ele>386</ele>
</trkpt>
   <trkpt lat="48.3830847" lon="7.3865846">
    <ele>386</ele>
</trkpt>
   <trkpt lat="48.3830723" lon="7.3865751">
    <ele>386</ele>
</trkpt>
   <trkpt lat="48.3830600" lon="7.3865651">
    <ele>387</ele>
</trkpt>
   <trkpt lat="48.3830477" lon="7.3865552">
    <ele>387</ele>
</trkpt>
   <trkpt lat="48.3830346" lon="7.3865426">
    <ele>387</ele>
</trkpt>
   <trkpt lat="48.3830216" lon="7.3865300">
    <ele>387</ele>
</trkpt>
   <trkpt lat="48.3830096" lon="7.3865177">
    <ele>387</ele>
</trkpt>
   <trkpt lat="48.3829977" lon="7.3865055">
    <ele>388</ele>
</trkpt>
   <trkpt lat="48.3829873" lon="7.3864946">
    <ele>388</ele>
</trkpt>
   <trkpt lat="48.3829769" lon="7.3864838">
    <ele>388</ele>
</trkpt>
   <trkpt lat="48.3829660" lon="7.3864755">
    <ele>388</ele>
</trkpt>
   <trkpt lat="48.3829552" lon="7.3864672">
    <ele>388</ele>
</trkpt>
   <trkpt lat="48.3829428" lon="7.3864582">
    <ele>389</ele>
</trkpt>
   <trkpt lat="48.3829305" lon="7.3864492">
    <ele>389</ele>
</trkpt>
   <trkpt lat="48.3829178" lon="7.3864398">
    <ele>389</ele>
</trkpt>
   <trkpt lat="48.3829051" lon="7.3864305">
    <ele>389</ele>
</trkpt>
   <trkpt lat="48.3828920" lon="7.3864215">
    <ele>389</ele>
</trkpt>
   <trkpt lat="48.3828789" lon="7.3864126">
    <ele>390</ele>
</trkpt>
   <trkpt lat="48.3828641" lon="7.3864024">
    <ele>390</ele>
</trkpt>
   <trkpt lat="48.3828494" lon="7.3863922">
    <ele>390</ele>
</trkpt>
   <trkpt lat="48.3828322" lon="7.3863818">
    <ele>390</ele>
</trkpt>
   <trkpt lat="48.3828151" lon="7.3863714">
    <ele>390</ele>
</trkpt>
   <trkpt lat="48.3827972" lon="7.3863619">
    <ele>390</ele>
</trkpt>
   <trkpt lat="48.3827794" lon="7.3863524">
    <ele>390</ele>
</trkpt>
   <trkpt lat="48.3827645" lon="7.3863453">
    <ele>390</ele>
</trkpt>
   <trkpt lat="48.3827497" lon="7.3863382">
    <ele>390</ele>
</trkpt>
   <trkpt lat="48.3827372" lon="7.3863340">
    <ele>390</ele>
</trkpt>
   <trkpt lat="48.3827248" lon="7.3863299">
    <ele>391</ele>
</trkpt>
   <trkpt lat="48.3827109" lon="7.3863258">
    <ele>391</ele>
</trkpt>
   <trkpt lat="48.3826970" lon="7.3863218">
    <ele>391</ele>
</trkpt>
   <trkpt lat="48.3826821" lon="7.3863177">
    <ele>391</ele>
</trkpt>
   <trkpt lat="48.3826672" lon="7.3863136">
    <ele>391</ele>
</trkpt>
   <trkpt lat="48.3826513" lon="7.3863098">
    <ele>391</ele>
</trkpt>
   <trkpt lat="48.3826355" lon="7.3863061">
    <ele>391</ele>
</trkpt>
   <trkpt lat="48.3826197" lon="7.3863018">
    <ele>391</ele>
</trkpt>
   <trkpt lat="48.3826040" lon="7.3862975">
    <ele>391</ele>
</trkpt>
   <trkpt lat="48.3825897" lon="7.3862923">
    <ele>391</ele>
</trkpt>
   <trkpt lat="48.3825754" lon="7.3862872">
    <ele>391</ele>
</trkpt>
   <trkpt lat="48.3825621" lon="7.3862831">
    <ele>391</ele>
</trkpt>
   <trkpt lat="48.3825488" lon="7.3862791">
    <ele>391</ele>
</trkpt>
   <trkpt lat="48.3825366" lon="7.3862756">
    <ele>391</ele>
</trkpt>
   <trkpt lat="48.3825245" lon="7.3862722">
    <ele>391</ele>
</trkpt>
   <trkpt lat="48.3825116" lon="7.3862688">
    <ele>392</ele>
</trkpt>
   <trkpt lat="48.3824988" lon="7.3862654">
    <ele>392</ele>
</trkpt>
   <trkpt lat="48.3824850" lon="7.3862635">
    <ele>392</ele>
</trkpt>
   <trkpt lat="48.3824712" lon="7.3862616">
    <ele>392</ele>
</trkpt>
   <trkpt lat="48.3824569" lon="7.3862607">
    <ele>392</ele>
</trkpt>
   <trkpt lat="48.3824427" lon="7.3862599">
    <ele>392</ele>
</trkpt>
   <trkpt lat="48.3824283" lon="7.3862585">
    <ele>392</ele>
</trkpt>
   <trkpt lat="48.3824140" lon="7.3862572">
    <ele>392</ele>
</trkpt>
   <trkpt lat="48.3823991" lon="7.3862545">
    <ele>392</ele>
</trkpt>
   <trkpt lat="48.3823842" lon="7.3862519">
    <ele>392</ele>
</trkpt>
   <trkpt lat="48.3823687" lon="7.3862452">
    <ele>393</ele>
</trkpt>
   <trkpt lat="48.3823533" lon="7.3862385">
    <ele>393</ele>
</trkpt>
   <trkpt lat="48.3823384" lon="7.3862278">
    <ele>393</ele>
</trkpt>
   <trkpt lat="48.3823235" lon="7.3862171">
    <ele>393</ele>
</trkpt>
   <trkpt lat="48.3823094" lon="7.3862048">
    <ele>393</ele>
</trkpt>
   <trkpt lat="48.3822953" lon="7.3861925">
    <ele>393</ele>
</trkpt>
   <trkpt lat="48.3822816" lon="7.3861791">
    <ele>393</ele>
</trkpt>
   <trkpt lat="48.3822679" lon="7.3861657">
    <ele>393</ele>
</trkpt>
   <trkpt lat="48.3822543" lon="7.3861540">
    <ele>393</ele>
</trkpt>
   <trkpt lat="48.3822407" lon="7.3861423">
    <ele>393</ele>
</trkpt>
   <trkpt lat="48.3822257" lon="7.3861311">
    <ele>393</ele>
</trkpt>
   <trkpt lat="48.3822107" lon="7.3861199">
    <ele>393</ele>
</trkpt>
   <trkpt lat="48.3821951" lon="7.3861081">
    <ele>393</ele>
</trkpt>
   <trkpt lat="48.3821796" lon="7.3860963">
    <ele>393</ele>
</trkpt>
   <trkpt lat="48.3821651" lon="7.3860841">
    <ele>393</ele>
</trkpt>
   <trkpt lat="48.3821506" lon="7.3860719">
    <ele>394</ele>
</trkpt>
   <trkpt lat="48.3821368" lon="7.3860626">
    <ele>394</ele>
</trkpt>
   <trkpt lat="48.3821231" lon="7.3860533">
    <ele>394</ele>
</trkpt>
   <trkpt lat="48.3821075" lon="7.3860459">
    <ele>394</ele>
</trkpt>
   <trkpt lat="48.3820920" lon="7.3860385">
    <ele>394</ele>
</trkpt>
   <trkpt lat="48.3820762" lon="7.3860319">
    <ele>395</ele>
</trkpt>
   <trkpt lat="48.3820604" lon="7.3860253">
    <ele>395</ele>
</trkpt>
   <trkpt lat="48.3820459" lon="7.3860170">
    <ele>395</ele>
</trkpt>
   <trkpt lat="48.3820315" lon="7.3860088">
    <ele>395</ele>
</trkpt>
   <trkpt lat="48.3820166" lon="7.3859975">
    <ele>395</ele>
</trkpt>
   <trkpt lat="48.3820017" lon="7.3859862">
    <ele>396</ele>
</trkpt>
   <trkpt lat="48.3819855" lon="7.3859740">
    <ele>396</ele>
</trkpt>
   <trkpt lat="48.3819693" lon="7.3859619">
    <ele>396</ele>
</trkpt>
   <trkpt lat="48.3819556" lon="7.3859507">
    <ele>396</ele>
</trkpt>
   <trkpt lat="48.3819419" lon="7.3859395">
    <ele>396</ele>
</trkpt>
   <trkpt lat="48.3819314" lon="7.3859289">
    <ele>396</ele>
</trkpt>
   <trkpt lat="48.3819210" lon="7.3859184">
    <ele>396</ele>
</trkpt>
   <trkpt lat="48.3819111" lon="7.3859062">
    <ele>396</ele>
</trkpt>
   <trkpt lat="48.3819012" lon="7.3858940">
    <ele>396</ele>
</trkpt>
   <trkpt lat="48.3818906" lon="7.3858794">
    <ele>396</ele>
</trkpt>
   <trkpt lat="48.3818801" lon="7.3858649">
    <ele>397</ele>
</trkpt>
   <trkpt lat="48.3818692" lon="7.3858494">
    <ele>397</ele>
</trkpt>
   <trkpt lat="48.3818583" lon="7.3858339">
    <ele>397</ele>
</trkpt>
   <trkpt lat="48.3818474" lon="7.3858197">
    <ele>397</ele>
</trkpt>
   <trkpt lat="48.3818366" lon="7.3858055">
    <ele>397</ele>
</trkpt>
   <trkpt lat="48.3818270" lon="7.3857943">
    <ele>397</ele>
</trkpt>
   <trkpt lat="48.3818174" lon="7.3857831">
    <ele>397</ele>
</trkpt>
   <trkpt lat="48.3818081" lon="7.3857708">
    <ele>397</ele>
</trkpt>
   <trkpt lat="48.3817988" lon="7.3857586">
    <ele>397</ele>
</trkpt>
   <trkpt lat="48.3817896" lon="7.3857439">
    <ele>397</ele>
</trkpt>
   <trkpt lat="48.3817804" lon="7.3857293">
    <ele>398</ele>
</trkpt>
   <trkpt lat="48.3817695" lon="7.3857116">
    <ele>398</ele>
</trkpt>
   <trkpt lat="48.3817587" lon="7.3856940">
    <ele>398</ele>
</trkpt>
   <trkpt lat="48.3817461" lon="7.3856752">
    <ele>398</ele>
</trkpt>
   <trkpt lat="48.3817336" lon="7.3856565">
    <ele>398</ele>
</trkpt>
   <trkpt lat="48.3817226" lon="7.3856392">
    <ele>399</ele>
</trkpt>
   <trkpt lat="48.3817116" lon="7.3856219">
    <ele>399</ele>
</trkpt>
   <trkpt lat="48.3817024" lon="7.3856067">
    <ele>399</ele>
</trkpt>
   <trkpt lat="48.3816933" lon="7.3855915">
    <ele>399</ele>
</trkpt>
   <trkpt lat="48.3816826" lon="7.3855772">
    <ele>399</ele>
</trkpt>
   <trkpt lat="48.3816719" lon="7.3855630">
    <ele>400</ele>
</trkpt>
   <trkpt lat="48.3816578" lon="7.3855470">
    <ele>400</ele>
</trkpt>
   <trkpt lat="48.3816438" lon="7.3855310">
    <ele>400</ele>
</trkpt>
   <trkpt lat="48.3816305" lon="7.3855159">
    <ele>400</ele>
</trkpt>
   <trkpt lat="48.3816172" lon="7.3855008">
    <ele>400</ele>
</trkpt>
   <trkpt lat="48.3816066" lon="7.3854858">
    <ele>401</ele>
</trkpt>
   <trkpt lat="48.3815961" lon="7.3854708">
    <ele>401</ele>
</trkpt>
   <trkpt lat="48.3815874" lon="7.3854572">
    <ele>401</ele>
</trkpt>
   <trkpt lat="48.3815788" lon="7.3854436">
    <ele>401</ele>
</trkpt>
   <trkpt lat="48.3815703" lon="7.3854322">
    <ele>401</ele>
</trkpt>
   <trkpt lat="48.3815618" lon="7.3854208">
    <ele>401</ele>
</trkpt>
   <trkpt lat="48.3815526" lon="7.3854085">
    <ele>401</ele>
</trkpt>
   <trkpt lat="48.3815435" lon="7.3853962">
    <ele>401</ele>
</trkpt>
   <trkpt lat="48.3815338" lon="7.3853819">
    <ele>401</ele>
</trkpt>
   <trkpt lat="48.3815242" lon="7.3853677">
    <ele>401</ele>
</trkpt>
   <trkpt lat="48.3815142" lon="7.3853521">
    <ele>401</ele>
</trkpt>
   <trkpt lat="48.3815042" lon="7.3853366">
    <ele>401</ele>
</trkpt>
   <trkpt lat="48.3814927" lon="7.3853195">
    <ele>401</ele>
</trkpt>
   <trkpt lat="48.3814812" lon="7.3853025">
    <ele>401</ele>
</trkpt>
   <trkpt lat="48.3814685" lon="7.3852867">
    <ele>401</ele>
</trkpt>
   <trkpt lat="48.3814559" lon="7.3852709">
    <ele>402</ele>
</trkpt>
   <trkpt lat="48.3814436" lon="7.3852572">
    <ele>402</ele>
</trkpt>
   <trkpt lat="48.3814314" lon="7.3852436">
    <ele>402</ele>
</trkpt>
   <trkpt lat="48.3814204" lon="7.3852304">
    <ele>402</ele>
</trkpt>
   <trkpt lat="48.3814095" lon="7.3852172">
    <ele>402</ele>
</trkpt>
   <trkpt lat="48.3813999" lon="7.3852030">
    <ele>403</ele>
</trkpt>
   <trkpt lat="48.3813903" lon="7.3851888">
    <ele>403</ele>
</trkpt>
   <trkpt lat="48.3813821" lon="7.3851732">
    <ele>403</ele>
</trkpt>
   <trkpt lat="48.3813740" lon="7.3851576">
    <ele>403</ele>
</trkpt>
   <trkpt lat="48.3813660" lon="7.3851396">
    <ele>403</ele>
</trkpt>
   <trkpt lat="48.3813581" lon="7.3851217">
    <ele>404</ele>
</trkpt>
   <trkpt lat="48.3813505" lon="7.3851028">
    <ele>404</ele>
</trkpt>
   <trkpt lat="48.3813430" lon="7.3850840">
    <ele>404</ele>
</trkpt>
   <trkpt lat="48.3813358" lon="7.3850662">
    <ele>404</ele>
</trkpt>
   <trkpt lat="48.3813287" lon="7.3850484">
    <ele>404</ele>
</trkpt>
   <trkpt lat="48.3813210" lon="7.3850322">
    <ele>405</ele>
</trkpt>
   <trkpt lat="48.3813134" lon="7.3850160">
    <ele>405</ele>
</trkpt>
   <trkpt lat="48.3813051" lon="7.3850006">
    <ele>405</ele>
</trkpt>
   <trkpt lat="48.3812968" lon="7.3849852">
    <ele>405</ele>
</trkpt>
   <trkpt lat="48.3812877" lon="7.3849691">
    <ele>405</ele>
</trkpt>
   <trkpt lat="48.3812787" lon="7.3849530">
    <ele>406</ele>
</trkpt>
   <trkpt lat="48.3812695" lon="7.3849373">
    <ele>406</ele>
</trkpt>
   <trkpt lat="48.3812604" lon="7.3849216">
    <ele>406</ele>
</trkpt>
   <trkpt lat="48.3812525" lon="7.3849062">
    <ele>406</ele>
</trkpt>
   <trkpt lat="48.3812447" lon="7.3848908">
    <ele>406</ele>
</trkpt>
   <trkpt lat="48.3812370" lon="7.3848737">
    <ele>406</ele>
</trkpt>
   <trkpt lat="48.3812293" lon="7.3848567">
    <ele>406</ele>
</trkpt>
   <trkpt lat="48.3812207" lon="7.3848382">
    <ele>406</ele>
</trkpt>
   <trkpt lat="48.3812121" lon="7.3848197">
    <ele>406</ele>
</trkpt>
   <trkpt lat="48.3812033" lon="7.3847984">
    <ele>406</ele>
</trkpt>
   <trkpt lat="48.3811945" lon="7.3847772">
    <ele>407</ele>
</trkpt>
   <trkpt lat="48.3811879" lon="7.3847547">
    <ele>407</ele>
</trkpt>
   <trkpt lat="48.3811813" lon="7.3847323">
    <ele>407</ele>
</trkpt>
   <trkpt lat="48.3811754" lon="7.3847095">
    <ele>407</ele>
</trkpt>
   <trkpt lat="48.3811695" lon="7.3846868">
    <ele>407</ele>
</trkpt>
   <trkpt lat="48.3811626" lon="7.3846660">
    <ele>408</ele>
</trkpt>
   <trkpt lat="48.3811557" lon="7.3846453">
    <ele>408</ele>
</trkpt>
   <trkpt lat="48.3811477" lon="7.3846273">
    <ele>408</ele>
</trkpt>
   <trkpt lat="48.3811397" lon="7.3846094">
    <ele>408</ele>
</trkpt>
   <trkpt lat="48.3811313" lon="7.3845911">
    <ele>408</ele>
</trkpt>
   <trkpt lat="48.3811230" lon="7.3845729">
    <ele>409</ele>
</trkpt>
   <trkpt lat="48.3811148" lon="7.3845564">
    <ele>409</ele>
</trkpt>
   <trkpt lat="48.3811066" lon="7.3845400">
    <ele>409</ele>
</trkpt>
   <trkpt lat="48.3810992" lon="7.3845257">
    <ele>409</ele>
</trkpt>
   <trkpt lat="48.3810918" lon="7.3845115">
    <ele>409</ele>
</trkpt>
   <trkpt lat="48.3810854" lon="7.3844969">
    <ele>409</ele>
</trkpt>
   <trkpt lat="48.3810790" lon="7.3844824">
    <ele>409</ele>
</trkpt>
   <trkpt lat="48.3810726" lon="7.3844667">
    <ele>409</ele>
</trkpt>
   <trkpt lat="48.3810663" lon="7.3844511">
    <ele>409</ele>
</trkpt>
   <trkpt lat="48.3810572" lon="7.3844328">
    <ele>409</ele>
</trkpt>
   <trkpt lat="48.3810482" lon="7.3844146">
    <ele>410</ele>
</trkpt>
   <trkpt lat="48.3810388" lon="7.3843948">
    <ele>410</ele>
</trkpt>
   <trkpt lat="48.3810295" lon="7.3843750">
    <ele>410</ele>
</trkpt>
   <trkpt lat="48.3810210" lon="7.3843547">
    <ele>410</ele>
</trkpt>
   <trkpt lat="48.3810126" lon="7.3843345">
    <ele>410</ele>
</trkpt>
   <trkpt lat="48.3810052" lon="7.3843144">
    <ele>411</ele>
</trkpt>
   <trkpt lat="48.3809979" lon="7.3842944">
    <ele>411</ele>
</trkpt>
   <trkpt lat="48.3809909" lon="7.3842727">
    <ele>411</ele>
</trkpt>
   <trkpt lat="48.3809839" lon="7.3842510">
    <ele>411</ele>
</trkpt>
   <trkpt lat="48.3809775" lon="7.3842290">
    <ele>411</ele>
</trkpt>
   <trkpt lat="48.3809711" lon="7.3842070">
    <ele>411</ele>
</trkpt>
   <trkpt lat="48.3809647" lon="7.3841872">
    <ele>411</ele>
</trkpt>
   <trkpt lat="48.3809584" lon="7.3841674">
    <ele>411</ele>
</trkpt>
   <trkpt lat="48.3809513" lon="7.3841498">
    <ele>411</ele>
</trkpt>
   <trkpt lat="48.3809443" lon="7.3841322">
    <ele>411</ele>
</trkpt>
   <trkpt lat="48.3809364" lon="7.3841136">
    <ele>412</ele>
</trkpt>
   <trkpt lat="48.3809286" lon="7.3840950">
    <ele>412</ele>
</trkpt>
   <trkpt lat="48.3809197" lon="7.3840763">
    <ele>412</ele>
</trkpt>
   <trkpt lat="48.3809109" lon="7.3840576">
    <ele>413</ele>
</trkpt>
   <trkpt lat="48.3809021" lon="7.3840415">
    <ele>413</ele>
</trkpt>
   <trkpt lat="48.3808934" lon="7.3840255">
    <ele>414</ele>
</trkpt>
   <trkpt lat="48.3808846" lon="7.3840096">
    <ele>414</ele>
</trkpt>
   <trkpt lat="48.3808759" lon="7.3839938">
    <ele>414</ele>
</trkpt>
   <trkpt lat="48.3808669" lon="7.3839763">
    <ele>414</ele>
</trkpt>
   <trkpt lat="48.3808580" lon="7.3839588">
    <ele>414</ele>
</trkpt>
   <trkpt lat="48.3808484" lon="7.3839411">
    <ele>415</ele>
</trkpt>
   <trkpt lat="48.3808388" lon="7.3839235">
    <ele>415</ele>
</trkpt>
   <trkpt lat="48.3808297" lon="7.3839043">
    <ele>415</ele>
</trkpt>
   <trkpt lat="48.3808207" lon="7.3838852">
    <ele>415</ele>
</trkpt>
   <trkpt lat="48.3808130" lon="7.3838660">
    <ele>415</ele>
</trkpt>
   <trkpt lat="48.3808054" lon="7.3838469">
    <ele>416</ele>
</trkpt>
   <trkpt lat="48.3807980" lon="7.3838291">
    <ele>416</ele>
</trkpt>
   <trkpt lat="48.3807906" lon="7.3838114">
    <ele>416</ele>
</trkpt>
   <trkpt lat="48.3807830" lon="7.3837938">
    <ele>416</ele>
</trkpt>
   <trkpt lat="48.3807754" lon="7.3837763">
    <ele>416</ele>
</trkpt>
   <trkpt lat="48.3807686" lon="7.3837582">
    <ele>417</ele>
</trkpt>
   <trkpt lat="48.3807618" lon="7.3837402">
    <ele>417</ele>
</trkpt>
   <trkpt lat="48.3807549" lon="7.3837225">
    <ele>417</ele>
</trkpt>
   <trkpt lat="48.3807481" lon="7.3837048">
    <ele>417</ele>
</trkpt>
   <trkpt lat="48.3807410" lon="7.3836873">
    <ele>417</ele>
</trkpt>
   <trkpt lat="48.3807339" lon="7.3836699">
    <ele>418</ele>
</trkpt>
   <trkpt lat="48.3807263" lon="7.3836541">
    <ele>418</ele>
</trkpt>
   <trkpt lat="48.3807188" lon="7.3836384">
    <ele>418</ele>
</trkpt>
   <trkpt lat="48.3807101" lon="7.3836245">
    <ele>418</ele>
</trkpt>
   <trkpt lat="48.3807015" lon="7.3836107">
    <ele>418</ele>
</trkpt>
   <trkpt lat="48.3806918" lon="7.3835958">
    <ele>419</ele>
</trkpt>
   <trkpt lat="48.3806821" lon="7.3835809">
    <ele>419</ele>
</trkpt>
   <trkpt lat="48.3806724" lon="7.3835629">
    <ele>419</ele>
</trkpt>
   <trkpt lat="48.3806628" lon="7.3835449">
    <ele>419</ele>
</trkpt>
   <trkpt lat="48.3806534" lon="7.3835248">
    <ele>419</ele>
</trkpt>
   <trkpt lat="48.3806440" lon="7.3835047">
    <ele>420</ele>
</trkpt>
   <trkpt lat="48.3806335" lon="7.3834850">
    <ele>420</ele>
</trkpt>
   <trkpt lat="48.3806231" lon="7.3834654">
    <ele>420</ele>
</trkpt>
   <trkpt lat="48.3806130" lon="7.3834483">
    <ele>420</ele>
</trkpt>
   <trkpt lat="48.3806030" lon="7.3834313">
    <ele>420</ele>
</trkpt>
   <trkpt lat="48.3805949" lon="7.3834176">
    <ele>421</ele>
</trkpt>
   <trkpt lat="48.3805869" lon="7.3834039">
    <ele>421</ele>
</trkpt>
   <trkpt lat="48.3805801" lon="7.3833912">
    <ele>421</ele>
</trkpt>
   <trkpt lat="48.3805733" lon="7.3833786">
    <ele>421</ele>
</trkpt>
   <trkpt lat="48.3805683" lon="7.3833651">
    <ele>421</ele>
</trkpt>
   <trkpt lat="48.3805633" lon="7.3833516">
    <ele>422</ele>
</trkpt>
   <trkpt lat="48.3805587" lon="7.3833359">
    <ele>422</ele>
</trkpt>
   <trkpt lat="48.3805541" lon="7.3833202">
    <ele>422</ele>
</trkpt>
   <trkpt lat="48.3805480" lon="7.3833020">
    <ele>422</ele>
</trkpt>
   <trkpt lat="48.3805420" lon="7.3832838">
    <ele>422</ele>
</trkpt>
   <trkpt lat="48.3805344" lon="7.3832650">
    <ele>423</ele>
</trkpt>
   <trkpt lat="48.3805268" lon="7.3832462">
    <ele>423</ele>
</trkpt>
   <trkpt lat="48.3805190" lon="7.3832286">
    <ele>423</ele>
</trkpt>
   <trkpt lat="48.3805112" lon="7.3832110">
    <ele>423</ele>
</trkpt>
   <trkpt lat="48.3805036" lon="7.3831938">
    <ele>423</ele>
</trkpt>
   <trkpt lat="48.3804961" lon="7.3831766">
    <ele>423</ele>
</trkpt>
   <trkpt lat="48.3804894" lon="7.3831570">
    <ele>423</ele>
</trkpt>
   <trkpt lat="48.3804828" lon="7.3831374">
    <ele>423</ele>
</trkpt>
   <trkpt lat="48.3804744" lon="7.3831187">
    <ele>424</ele>
</trkpt>
   <trkpt lat="48.3804660" lon="7.3831001">
    <ele>424</ele>
</trkpt>
   <trkpt lat="48.3804580" lon="7.3830832">
    <ele>425</ele>
</trkpt>
   <trkpt lat="48.3804500" lon="7.3830663">
    <ele>425</ele>
</trkpt>
   <trkpt lat="48.3804427" lon="7.3830496">
    <ele>425</ele>
</trkpt>
   <trkpt lat="48.3804355" lon="7.3830329">
    <ele>425</ele>
</trkpt>
   <trkpt lat="48.3804280" lon="7.3830172">
    <ele>425</ele>
</trkpt>
   <trkpt lat="48.3804205" lon="7.3830016">
    <ele>426</ele>
</trkpt>
   <trkpt lat="48.3804122" lon="7.3829870">
    <ele>426</ele>
</trkpt>
   <trkpt lat="48.3804040" lon="7.3829724">
    <ele>426</ele>
</trkpt>
   <trkpt lat="48.3803957" lon="7.3829584">
    <ele>426</ele>
</trkpt>
   <trkpt lat="48.3803875" lon="7.3829445">
    <ele>426</ele>
</trkpt>
   <trkpt lat="48.3803780" lon="7.3829283">
    <ele>427</ele>
</trkpt>
   <trkpt lat="48.3803686" lon="7.3829122">
    <ele>427</ele>
</trkpt>
   <trkpt lat="48.3803591" lon="7.3828965">
    <ele>427</ele>
</trkpt>
   <trkpt lat="48.3803496" lon="7.3828809">
    <ele>427</ele>
</trkpt>
   <trkpt lat="48.3803410" lon="7.3828642">
    <ele>427</ele>
</trkpt>
   <trkpt lat="48.3803325" lon="7.3828475">
    <ele>428</ele>
</trkpt>
   <trkpt lat="48.3803247" lon="7.3828319">
    <ele>428</ele>
</trkpt>
   <trkpt lat="48.3803170" lon="7.3828164">
    <ele>428</ele>
</trkpt>
   <trkpt lat="48.3803093" lon="7.3828032">
    <ele>428</ele>
</trkpt>
   <trkpt lat="48.3803017" lon="7.3827901">
    <ele>428</ele>
</trkpt>
   <trkpt lat="48.3802939" lon="7.3827764">
    <ele>429</ele>
</trkpt>
   <trkpt lat="48.3802861" lon="7.3827628">
    <ele>429</ele>
</trkpt>
   <trkpt lat="48.3802766" lon="7.3827459">
    <ele>429</ele>
</trkpt>
   <trkpt lat="48.3802672" lon="7.3827291">
    <ele>429</ele>
</trkpt>
   <trkpt lat="48.3802593" lon="7.3827117">
    <ele>429</ele>
</trkpt>
   <trkpt lat="48.3802515" lon="7.3826944">
    <ele>430</ele>
</trkpt>
   <trkpt lat="48.3802453" lon="7.3826783">
    <ele>430</ele>
</trkpt>
   <trkpt lat="48.3802391" lon="7.3826623">
    <ele>430</ele>
</trkpt>
   <trkpt lat="48.3802325" lon="7.3826498">
    <ele>430</ele>
</trkpt>
   <trkpt lat="48.3802259" lon="7.3826374">
    <ele>430</ele>
</trkpt>
   <trkpt lat="48.3802174" lon="7.3826246">
    <ele>431</ele>
</trkpt>
   <trkpt lat="48.3802090" lon="7.3826118">
    <ele>431</ele>
</trkpt>
   <trkpt lat="48.3802004" lon="7.3825975">
    <ele>431</ele>
</trkpt>
   <trkpt lat="48.3801918" lon="7.3825833">
    <ele>431</ele>
</trkpt>
   <trkpt lat="48.3801839" lon="7.3825681">
    <ele>431</ele>
</trkpt>
   <trkpt lat="48.3801761" lon="7.3825530">
    <ele>432</ele>
</trkpt>
   <trkpt lat="48.3801672" lon="7.3825378">
    <ele>432</ele>
</trkpt>
   <trkpt lat="48.3801583" lon="7.3825226">
    <ele>432</ele>
</trkpt>
   <trkpt lat="48.3801480" lon="7.3825070">
    <ele>432</ele>
</trkpt>
   <trkpt lat="48.3801378" lon="7.3824914">
    <ele>432</ele>
</trkpt>
   <trkpt lat="48.3801270" lon="7.3824775">
    <ele>433</ele>
</trkpt>
   <trkpt lat="48.3801162" lon="7.3824636">
    <ele>433</ele>
</trkpt>
   <trkpt lat="48.3801067" lon="7.3824498">
    <ele>433</ele>
</trkpt>
   <trkpt lat="48.3800973" lon="7.3824360">
    <ele>433</ele>
</trkpt>
   <trkpt lat="48.3800894" lon="7.3824196">
    <ele>433</ele>
</trkpt>
   <trkpt lat="48.3800816" lon="7.3824033">
    <ele>434</ele>
</trkpt>
   <trkpt lat="48.3800737" lon="7.3823859">
    <ele>434</ele>
</trkpt>
   <trkpt lat="48.3800659" lon="7.3823685">
    <ele>434</ele>
</trkpt>
   <trkpt lat="48.3800578" lon="7.3823513">
    <ele>434</ele>
</trkpt>
   <trkpt lat="48.3800497" lon="7.3823341">
    <ele>434</ele>
</trkpt>
   <trkpt lat="48.3800423" lon="7.3823186">
    <ele>435</ele>
</trkpt>
   <trkpt lat="48.3800349" lon="7.3823031">
    <ele>435</ele>
</trkpt>
   <trkpt lat="48.3800265" lon="7.3822868">
    <ele>435</ele>
</trkpt>
   <trkpt lat="48.3800181" lon="7.3822706">
    <ele>435</ele>
</trkpt>
   <trkpt lat="48.3800082" lon="7.3822529">
    <ele>435</ele>
</trkpt>
   <trkpt lat="48.3799983" lon="7.3822353">
    <ele>436</ele>
</trkpt>
   <trkpt lat="48.3799873" lon="7.3822178">
    <ele>436</ele>
</trkpt>
   <trkpt lat="48.3799763" lon="7.3822003">
    <ele>436</ele>
</trkpt>
   <trkpt lat="48.3799657" lon="7.3821860">
    <ele>436</ele>
</trkpt>
   <trkpt lat="48.3799551" lon="7.3821718">
    <ele>436</ele>
</trkpt>
   <trkpt lat="48.3799456" lon="7.3821596">
    <ele>437</ele>
</trkpt>
   <trkpt lat="48.3799362" lon="7.3821474">
    <ele>437</ele>
</trkpt>
   <trkpt lat="48.3799270" lon="7.3821340">
    <ele>437</ele>
</trkpt>
   <trkpt lat="48.3799178" lon="7.3821206">
    <ele>437</ele>
</trkpt>
   <trkpt lat="48.3799091" lon="7.3821067">
    <ele>437</ele>
</trkpt>
   <trkpt lat="48.3799005" lon="7.3820928">
    <ele>438</ele>
</trkpt>
   <trkpt lat="48.3798926" lon="7.3820817">
    <ele>438</ele>
</trkpt>
   <trkpt lat="48.3798848" lon="7.3820707">
    <ele>438</ele>
</trkpt>
   <trkpt lat="48.3798774" lon="7.3820616">
    <ele>438</ele>
</trkpt>
   <trkpt lat="48.3798701" lon="7.3820525">
    <ele>438</ele>
</trkpt>
   <trkpt lat="48.3798617" lon="7.3820431">
    <ele>439</ele>
</trkpt>
   <trkpt lat="48.3798534" lon="7.3820337">
    <ele>439</ele>
</trkpt>
   <trkpt lat="48.3798427" lon="7.3820256">
    <ele>439</ele>
</trkpt>
   <trkpt lat="48.3798320" lon="7.3820176">
    <ele>439</ele>
</trkpt>
   <trkpt lat="48.3798173" lon="7.3820095">
    <ele>439</ele>
</trkpt>
   <trkpt lat="48.3798026" lon="7.3820014">
    <ele>440</ele>
</trkpt>
   <trkpt lat="48.3797860" lon="7.3819898">
    <ele>440</ele>
</trkpt>
   <trkpt lat="48.3797695" lon="7.3819782">
    <ele>440</ele>
</trkpt>
   <trkpt lat="48.3797550" lon="7.3819659">
    <ele>440</ele>
</trkpt>
   <trkpt lat="48.3797405" lon="7.3819537">
    <ele>440</ele>
</trkpt>
   <trkpt lat="48.3797283" lon="7.3819408">
    <ele>441</ele>
</trkpt>
   <trkpt lat="48.3797162" lon="7.3819279">
    <ele>441</ele>
</trkpt>
   <trkpt lat="48.3797048" lon="7.3819157">
    <ele>441</ele>
</trkpt>
   <trkpt lat="48.3796934" lon="7.3819036">
    <ele>442</ele>
</trkpt>
   <trkpt lat="48.3796827" lon="7.3818918">
    <ele>442</ele>
</trkpt>
   <trkpt lat="48.3796721" lon="7.3818801">
    <ele>443</ele>
</trkpt>
   <trkpt lat="48.3796618" lon="7.3818670">
    <ele>443</ele>
</trkpt>
   <trkpt lat="48.3796515" lon="7.3818540">
    <ele>443</ele>
</trkpt>
   <trkpt lat="48.3796392" lon="7.3818405">
    <ele>443</ele>
</trkpt>
   <trkpt lat="48.3796269" lon="7.3818271">
    <ele>443</ele>
</trkpt>
   <trkpt lat="48.3796138" lon="7.3818138">
    <ele>443</ele>
</trkpt>
   <trkpt lat="48.3796008" lon="7.3818005">
    <ele>443</ele>
</trkpt>
   <trkpt lat="48.3795884" lon="7.3817856">
    <ele>443</ele>
</trkpt>
   <trkpt lat="48.3795760" lon="7.3817708">
    <ele>443</ele>
</trkpt>
   <trkpt lat="48.3795644" lon="7.3817564">
    <ele>443</ele>
</trkpt>
   <trkpt lat="48.3795528" lon="7.3817420">
    <ele>444</ele>
</trkpt>
   <trkpt lat="48.3795417" lon="7.3817295">
    <ele>444</ele>
</trkpt>
   <trkpt lat="48.3795306" lon="7.3817171">
    <ele>444</ele>
</trkpt>
   <trkpt lat="48.3795199" lon="7.3817057">
    <ele>444</ele>
</trkpt>
   <trkpt lat="48.3795092" lon="7.3816943">
    <ele>444</ele>
</trkpt>
   <trkpt lat="48.3794989" lon="7.3816842">
    <ele>445</ele>
</trkpt>
   <trkpt lat="48.3794887" lon="7.3816741">
    <ele>445</ele>
</trkpt>
   <trkpt lat="48.3794773" lon="7.3816626">
    <ele>445</ele>
</trkpt>
   <trkpt lat="48.3794660" lon="7.3816512">
    <ele>445</ele>
</trkpt>
   <trkpt lat="48.3794529" lon="7.3816395">
    <ele>445</ele>
</trkpt>
   <trkpt lat="48.3794399" lon="7.3816279">
    <ele>446</ele>
</trkpt>
   <trkpt lat="48.3794250" lon="7.3816148">
    <ele>446</ele>
</trkpt>
   <trkpt lat="48.3794102" lon="7.3816018">
    <ele>446</ele>
</trkpt>
   <trkpt lat="48.3793956" lon="7.3815876">
    <ele>446</ele>
</trkpt>
   <trkpt lat="48.3793811" lon="7.3815734">
    <ele>446</ele>
</trkpt>
   <trkpt lat="48.3793693" lon="7.3815600">
    <ele>447</ele>
</trkpt>
   <trkpt lat="48.3793575" lon="7.3815467">
    <ele>447</ele>
</trkpt>
   <trkpt lat="48.3793489" lon="7.3815356">
    <ele>447</ele>
</trkpt>
   <trkpt lat="48.3793404" lon="7.3815245">
    <ele>447</ele>
</trkpt>
   <trkpt lat="48.3793340" lon="7.3815160">
    <ele>447</ele>
</trkpt>
   <trkpt lat="48.3793276" lon="7.3815076">
    <ele>448</ele>
</trkpt>
   <trkpt lat="48.3793220" lon="7.3814962">
    <ele>448</ele>
</trkpt>
   <trkpt lat="48.3793164" lon="7.3814849">
    <ele>448</ele>
</trkpt>
   <trkpt lat="48.3793094" lon="7.3814704">
    <ele>448</ele>
</trkpt>
   <trkpt lat="48.3793025" lon="7.3814559">
    <ele>448</ele>
</trkpt>
   <trkpt lat="48.3792928" lon="7.3814397">
    <ele>449</ele>
</trkpt>
   <trkpt lat="48.3792832" lon="7.3814236">
    <ele>449</ele>
</trkpt>
   <trkpt lat="48.3792726" lon="7.3814053">
    <ele>449</ele>
</trkpt>
   <trkpt lat="48.3792620" lon="7.3813871">
    <ele>449</ele>
</trkpt>
   <trkpt lat="48.3792516" lon="7.3813687">
    <ele>449</ele>
</trkpt>
   <trkpt lat="48.3792412" lon="7.3813503">
    <ele>449</ele>
</trkpt>
   <trkpt lat="48.3792298" lon="7.3813334">
    <ele>449</ele>
</trkpt>
   <trkpt lat="48.3792184" lon="7.3813165">
    <ele>449</ele>
</trkpt>
   <trkpt lat="48.3792044" lon="7.3813023">
    <ele>449</ele>
</trkpt>
   <trkpt lat="48.3791904" lon="7.3812882">
    <ele>449</ele>
</trkpt>
   <trkpt lat="48.3791770" lon="7.3812765">
    <ele>449</ele>
</trkpt>
   <trkpt lat="48.3791636" lon="7.3812649">
    <ele>449</ele>
</trkpt>
   <trkpt lat="48.3791514" lon="7.3812543">
    <ele>449</ele>
</trkpt>
   <trkpt lat="48.3791393" lon="7.3812437">
    <ele>449</ele>
</trkpt>
   <trkpt lat="48.3791290" lon="7.3812330">
    <ele>449</ele>
</trkpt>
   <trkpt lat="48.3791187" lon="7.3812224">
    <ele>450</ele>
</trkpt>
   <trkpt lat="48.3791098" lon="7.3812086">
    <ele>450</ele>
</trkpt>
   <trkpt lat="48.3791009" lon="7.3811949">
    <ele>450</ele>
</trkpt>
   <trkpt lat="48.3790925" lon="7.3811800">
    <ele>451</ele>
</trkpt>
   <trkpt lat="48.3790841" lon="7.3811652">
    <ele>451</ele>
</trkpt>
   <trkpt lat="48.3790757" lon="7.3811515">
    <ele>452</ele>
</trkpt>
   <trkpt lat="48.3790673" lon="7.3811378">
    <ele>452</ele>
</trkpt>
   <trkpt lat="48.3790588" lon="7.3811235">
    <ele>452</ele>
</trkpt>
   <trkpt lat="48.3790504" lon="7.3811093">
    <ele>452</ele>
</trkpt>
   <trkpt lat="48.3790418" lon="7.3810938">
    <ele>452</ele>
</trkpt>
   <trkpt lat="48.3790333" lon="7.3810783">
    <ele>452</ele>
</trkpt>
   <trkpt lat="48.3790238" lon="7.3810602">
    <ele>452</ele>
</trkpt>
   <trkpt lat="48.3790143" lon="7.3810422">
    <ele>452</ele>
</trkpt>
   <trkpt lat="48.3790035" lon="7.3810233">
    <ele>452</ele>
</trkpt>
   <trkpt lat="48.3789927" lon="7.3810045">
    <ele>452</ele>
</trkpt>
   <trkpt lat="48.3789824" lon="7.3809870">
    <ele>453</ele>
</trkpt>
   <trkpt lat="48.3789721" lon="7.3809696">
    <ele>453</ele>
</trkpt>
   <trkpt lat="48.3789624" lon="7.3809552">
    <ele>453</ele>
</trkpt>
   <trkpt lat="48.3789528" lon="7.3809409">
    <ele>453</ele>
</trkpt>
   <trkpt lat="48.3789444" lon="7.3809282">
    <ele>453</ele>
</trkpt>
   <trkpt lat="48.3789360" lon="7.3809155">
    <ele>454</ele>
</trkpt>
   <trkpt lat="48.3789278" lon="7.3809029">
    <ele>454</ele>
</trkpt>
   <trkpt lat="48.3789197" lon="7.3808904">
    <ele>454</ele>
</trkpt>
   <trkpt lat="48.3789107" lon="7.3808769">
    <ele>454</ele>
</trkpt>
   <trkpt lat="48.3789017" lon="7.3808634">
    <ele>454</ele>
</trkpt>
   <trkpt lat="48.3788917" lon="7.3808464">
    <ele>455</ele>
</trkpt>
   <trkpt lat="48.3788817" lon="7.3808294">
    <ele>455</ele>
</trkpt>
   <trkpt lat="48.3788715" lon="7.3808117">
    <ele>455</ele>
</trkpt>
   <trkpt lat="48.3788614" lon="7.3807941">
    <ele>455</ele>
</trkpt>
   <trkpt lat="48.3788517" lon="7.3807795">
    <ele>455</ele>
</trkpt>
   <trkpt lat="48.3788421" lon="7.3807649">
    <ele>456</ele>
</trkpt>
   <trkpt lat="48.3788320" lon="7.3807522">
    <ele>456</ele>
</trkpt>
   <trkpt lat="48.3788219" lon="7.3807395">
    <ele>456</ele>
</trkpt>
   <trkpt lat="48.3788135" lon="7.3807274">
    <ele>456</ele>
</trkpt>
   <trkpt lat="48.3788052" lon="7.3807154">
    <ele>456</ele>
</trkpt>
   <trkpt lat="48.3787969" lon="7.3807013">
    <ele>457</ele>
</trkpt>
   <trkpt lat="48.3787886" lon="7.3806872">
    <ele>457</ele>
</trkpt>
   <trkpt lat="48.3787792" lon="7.3806708">
    <ele>457</ele>
</trkpt>
   <trkpt lat="48.3787699" lon="7.3806545">
    <ele>457</ele>
</trkpt>
   <trkpt lat="48.3787600" lon="7.3806376">
    <ele>457</ele>
</trkpt>
   <trkpt lat="48.3787501" lon="7.3806208">
    <ele>458</ele>
</trkpt>
   <trkpt lat="48.3787412" lon="7.3806064">
    <ele>458</ele>
</trkpt>
   <trkpt lat="48.3787324" lon="7.3805920">
    <ele>458</ele>
</trkpt>
   <trkpt lat="48.3787244" lon="7.3805779">
    <ele>458</ele>
</trkpt>
   <trkpt lat="48.3787164" lon="7.3805639">
    <ele>458</ele>
</trkpt>
   <trkpt lat="48.3787073" lon="7.3805485">
    <ele>459</ele>
</trkpt>
   <trkpt lat="48.3786983" lon="7.3805332">
    <ele>459</ele>
</trkpt>
   <trkpt lat="48.3786884" lon="7.3805130">
    <ele>459</ele>
</trkpt>
   <trkpt lat="48.3786785" lon="7.3804928">
    <ele>460</ele>
</trkpt>
   <trkpt lat="48.3786692" lon="7.3804722">
    <ele>460</ele>
</trkpt>
   <trkpt lat="48.3786599" lon="7.3804516">
    <ele>461</ele>
</trkpt>
   <trkpt lat="48.3786516" lon="7.3804350">
    <ele>461</ele>
</trkpt>
   <trkpt lat="48.3786434" lon="7.3804185">
    <ele>461</ele>
</trkpt>
   <trkpt lat="48.3786349" lon="7.3804042">
    <ele>461</ele>
</trkpt>
   <trkpt lat="48.3786265" lon="7.3803899">
    <ele>461</ele>
</trkpt>
   <trkpt lat="48.3786169" lon="7.3803777">
    <ele>462</ele>
</trkpt>
   <trkpt lat="48.3786074" lon="7.3803655">
    <ele>462</ele>
</trkpt>
   <trkpt lat="48.3785967" lon="7.3803522">
    <ele>462</ele>
</trkpt>
   <trkpt lat="48.3785860" lon="7.3803390">
    <ele>462</ele>
</trkpt>
   <trkpt lat="48.3785747" lon="7.3803246">
    <ele>462</ele>
</trkpt>
   <trkpt lat="48.3785634" lon="7.3803102">
    <ele>463</ele>
</trkpt>
   <trkpt lat="48.3785529" lon="7.3802952">
    <ele>463</ele>
</trkpt>
   <trkpt lat="48.3785425" lon="7.3802803">
    <ele>463</ele>
</trkpt>
   <trkpt lat="48.3785328" lon="7.3802649">
    <ele>463</ele>
</trkpt>
   <trkpt lat="48.3785231" lon="7.3802496">
    <ele>463</ele>
</trkpt>
   <trkpt lat="48.3785132" lon="7.3802349">
    <ele>464</ele>
</trkpt>
   <trkpt lat="48.3785033" lon="7.3802203">
    <ele>464</ele>
</trkpt>
   <trkpt lat="48.3784936" lon="7.3802075">
    <ele>464</ele>
</trkpt>
   <trkpt lat="48.3784840" lon="7.3801948">
    <ele>464</ele>
</trkpt>
   <trkpt lat="48.3784745" lon="7.3801846">
    <ele>464</ele>
</trkpt>
   <trkpt lat="48.3784651" lon="7.3801744">
    <ele>465</ele>
</trkpt>
   <trkpt lat="48.3784544" lon="7.3801651">
    <ele>465</ele>
</trkpt>
   <trkpt lat="48.3784438" lon="7.3801558">
    <ele>465</ele>
</trkpt>
   <trkpt lat="48.3784318" lon="7.3801488">
    <ele>465</ele>
</trkpt>
   <trkpt lat="48.3784199" lon="7.3801419">
    <ele>465</ele>
</trkpt>
   <trkpt lat="48.3784062" lon="7.3801369">
    <ele>466</ele>
</trkpt>
   <trkpt lat="48.3783925" lon="7.3801319">
    <ele>466</ele>
</trkpt>
   <trkpt lat="48.3783783" lon="7.3801265">
    <ele>466</ele>
</trkpt>
   <trkpt lat="48.3783642" lon="7.3801211">
    <ele>466</ele>
</trkpt>
   <trkpt lat="48.3783497" lon="7.3801144">
    <ele>466</ele>
</trkpt>
   <trkpt lat="48.3783353" lon="7.3801077">
    <ele>466</ele>
</trkpt>
   <trkpt lat="48.3783219" lon="7.3801004">
    <ele>466</ele>
</trkpt>
   <trkpt lat="48.3783085" lon="7.3800931">
    <ele>466</ele>
</trkpt>
   <trkpt lat="48.3782962" lon="7.3800853">
    <ele>466</ele>
</trkpt>
   <trkpt lat="48.3782840" lon="7.3800775">
    <ele>466</ele>
</trkpt>
   <trkpt lat="48.3782718" lon="7.3800680">
    <ele>467</ele>
</trkpt>
   <trkpt lat="48.3782597" lon="7.3800586">
    <ele>467</ele>
</trkpt>
   <trkpt lat="48.3782497" lon="7.3800491">
    <ele>467</ele>
</trkpt>
   <trkpt lat="48.3782397" lon="7.3800397">
    <ele>467</ele>
</trkpt>
   <trkpt lat="48.3782302" lon="7.3800303">
    <ele>467</ele>
</trkpt>
   <trkpt lat="48.3782207" lon="7.3800210">
    <ele>468</ele>
</trkpt>
   <trkpt lat="48.3782109" lon="7.3800135">
    <ele>468</ele>
</trkpt>
   <trkpt lat="48.3782011" lon="7.3800061">
    <ele>468</ele>
</trkpt>
   <trkpt lat="48.3781907" lon="7.3799998">
    <ele>468</ele>
</trkpt>
   <trkpt lat="48.3781803" lon="7.3799936">
    <ele>468</ele>
</trkpt>
   <trkpt lat="48.3781680" lon="7.3799893">
    <ele>469</ele>
</trkpt>
   <trkpt lat="48.3781557" lon="7.3799850">
    <ele>469</ele>
</trkpt>
   <trkpt lat="48.3781426" lon="7.3799807">
    <ele>469</ele>
</trkpt>
   <trkpt lat="48.3781295" lon="7.3799765">
    <ele>469</ele>
</trkpt>
   <trkpt lat="48.3781168" lon="7.3799704">
    <ele>469</ele>
</trkpt>
   <trkpt lat="48.3781042" lon="7.3799643">
    <ele>470</ele>
</trkpt>
   <trkpt lat="48.3780936" lon="7.3799558">
    <ele>470</ele>
</trkpt>
   <trkpt lat="48.3780831" lon="7.3799473">
    <ele>470</ele>
</trkpt>
   <trkpt lat="48.3780734" lon="7.3799395">
    <ele>470</ele>
</trkpt>
   <trkpt lat="48.3780637" lon="7.3799318">
    <ele>470</ele>
</trkpt>
   <trkpt lat="48.3780530" lon="7.3799270">
    <ele>471</ele>
</trkpt>
   <trkpt lat="48.3780424" lon="7.3799223">
    <ele>471</ele>
</trkpt>
   <trkpt lat="48.3780324" lon="7.3799180">
    <ele>471</ele>
</trkpt>
   <trkpt lat="48.3780225" lon="7.3799137">
    <ele>472</ele>
</trkpt>
   <trkpt lat="48.3780115" lon="7.3799074">
    <ele>472</ele>
</trkpt>
   <trkpt lat="48.3780006" lon="7.3799011">
    <ele>473</ele>
</trkpt>
   <trkpt lat="48.3779878" lon="7.3798935">
    <ele>473</ele>
</trkpt>
   <trkpt lat="48.3779750" lon="7.3798860">
    <ele>473</ele>
</trkpt>
   <trkpt lat="48.3779626" lon="7.3798773">
    <ele>473</ele>
</trkpt>
   <trkpt lat="48.3779502" lon="7.3798687">
    <ele>473</ele>
</trkpt>
   <trkpt lat="48.3779383" lon="7.3798579">
    <ele>473</ele>
</trkpt>
   <trkpt lat="48.3779264" lon="7.3798472">
    <ele>473</ele>
</trkpt>
   <trkpt lat="48.3779149" lon="7.3798342">
    <ele>473</ele>
</trkpt>
   <trkpt lat="48.3779034" lon="7.3798212">
    <ele>473</ele>
</trkpt>
   <trkpt lat="48.3778915" lon="7.3798085">
    <ele>473</ele>
</trkpt>
   <trkpt lat="48.3778796" lon="7.3797958">
    <ele>474</ele>
</trkpt>
   <trkpt lat="48.3778682" lon="7.3797838">
    <ele>474</ele>
</trkpt>
   <trkpt lat="48.3778568" lon="7.3797718">
    <ele>474</ele>
</trkpt>
   <trkpt lat="48.3778452" lon="7.3797599">
    <ele>474</ele>
</trkpt>
   <trkpt lat="48.3778336" lon="7.3797481">
    <ele>474</ele>
</trkpt>
   <trkpt lat="48.3778222" lon="7.3797382">
    <ele>475</ele>
</trkpt>
   <trkpt lat="48.3778109" lon="7.3797283">
    <ele>475</ele>
</trkpt>
   <trkpt lat="48.3777984" lon="7.3797203">
    <ele>475</ele>
</trkpt>
   <trkpt lat="48.3777860" lon="7.3797123">
    <ele>475</ele>
</trkpt>
   <trkpt lat="48.3777731" lon="7.3797051">
    <ele>475</ele>
</trkpt>
   <trkpt lat="48.3777603" lon="7.3796980">
    <ele>476</ele>
</trkpt>
   <trkpt lat="48.3777489" lon="7.3796915">
    <ele>476</ele>
</trkpt>
   <trkpt lat="48.3777375" lon="7.3796850">
    <ele>476</ele>
</trkpt>
   <trkpt lat="48.3777257" lon="7.3796776">
    <ele>476</ele>
</trkpt>
   <trkpt lat="48.3777140" lon="7.3796703">
    <ele>476</ele>
</trkpt>
   <trkpt lat="48.3777018" lon="7.3796605">
    <ele>477</ele>
</trkpt>
   <trkpt lat="48.3776896" lon="7.3796507">
    <ele>476</ele>
</trkpt>
   <trkpt lat="48.3776796" lon="7.3796404">
    <ele>476</ele>
</trkpt>
   <trkpt lat="48.3776697" lon="7.3796302">
    <ele>476</ele>
</trkpt>
   <trkpt lat="48.3776598" lon="7.3796188">
    <ele>476</ele>
</trkpt>
   <trkpt lat="48.3776500" lon="7.3796075">
    <ele>476</ele>
</trkpt>
   <trkpt lat="48.3776390" lon="7.3795953">
    <ele>476</ele>
</trkpt>
   <trkpt lat="48.3776280" lon="7.3795831">
    <ele>476</ele>
</trkpt>
   <trkpt lat="48.3776182" lon="7.3795716">
    <ele>476</ele>
</trkpt>
   <trkpt lat="48.3776085" lon="7.3795602">
    <ele>476</ele>
</trkpt>
   <trkpt lat="48.3775999" lon="7.3795493">
    <ele>477</ele>
</trkpt>
   <trkpt lat="48.3775914" lon="7.3795384">
    <ele>477</ele>
</trkpt>
   <trkpt lat="48.3775839" lon="7.3795277">
    <ele>477</ele>
</trkpt>
   <trkpt lat="48.3775765" lon="7.3795170">
    <ele>478</ele>
</trkpt>
   <trkpt lat="48.3775699" lon="7.3795045">
    <ele>478</ele>
</trkpt>
   <trkpt lat="48.3775633" lon="7.3794921">
    <ele>479</ele>
</trkpt>
   <trkpt lat="48.3775565" lon="7.3794765">
    <ele>479</ele>
</trkpt>
   <trkpt lat="48.3775498" lon="7.3794610">
    <ele>479</ele>
</trkpt>
   <trkpt lat="48.3775407" lon="7.3794459">
    <ele>480</ele>
</trkpt>
   <trkpt lat="48.3775316" lon="7.3794308">
    <ele>480</ele>
</trkpt>
   <trkpt lat="48.3775213" lon="7.3794179">
    <ele>481</ele>
</trkpt>
   <trkpt lat="48.3775111" lon="7.3794051">
    <ele>481</ele>
</trkpt>
   <trkpt lat="48.3775008" lon="7.3793926">
    <ele>481</ele>
</trkpt>
   <trkpt lat="48.3774906" lon="7.3793802">
    <ele>481</ele>
</trkpt>
   <trkpt lat="48.3774817" lon="7.3793671">
    <ele>481</ele>
</trkpt>
   <trkpt lat="48.3774728" lon="7.3793540">
    <ele>482</ele>
</trkpt>
   <trkpt lat="48.3774652" lon="7.3793417">
    <ele>482</ele>
</trkpt>
   <trkpt lat="48.3774577" lon="7.3793294">
    <ele>482</ele>
</trkpt>
   <trkpt lat="48.3774498" lon="7.3793191">
    <ele>482</ele>
</trkpt>
   <trkpt lat="48.3774420" lon="7.3793088">
    <ele>482</ele>
</trkpt>
   <trkpt lat="48.3774331" lon="7.3792999">
    <ele>483</ele>
</trkpt>
   <trkpt lat="48.3774243" lon="7.3792911">
    <ele>483</ele>
</trkpt>
   <trkpt lat="48.3774149" lon="7.3792820">
    <ele>483</ele>
</trkpt>
   <trkpt lat="48.3774055" lon="7.3792729">
    <ele>483</ele>
</trkpt>
   <trkpt lat="48.3773951" lon="7.3792631">
    <ele>483</ele>
</trkpt>
   <trkpt lat="48.3773848" lon="7.3792534">
    <ele>484</ele>
</trkpt>
   <trkpt lat="48.3773741" lon="7.3792441">
    <ele>484</ele>
</trkpt>
   <trkpt lat="48.3773635" lon="7.3792348">
    <ele>484</ele>
</trkpt>
   <trkpt lat="48.3773527" lon="7.3792251">
    <ele>484</ele>
</trkpt>
   <trkpt lat="48.3773419" lon="7.3792154">
    <ele>484</ele>
</trkpt>
   <trkpt lat="48.3773314" lon="7.3792055">
    <ele>485</ele>
</trkpt>
   <trkpt lat="48.3773210" lon="7.3791956">
    <ele>485</ele>
</trkpt>
   <trkpt lat="48.3773123" lon="7.3791854">
    <ele>485</ele>
</trkpt>
   <trkpt lat="48.3773037" lon="7.3791753">
    <ele>485</ele>
</trkpt>
   <trkpt lat="48.3772950" lon="7.3791650">
    <ele>485</ele>
</trkpt>
   <trkpt lat="48.3772863" lon="7.3791548">
    <ele>486</ele>
</trkpt>
   <trkpt lat="48.3772769" lon="7.3791449">
    <ele>486</ele>
</trkpt>
   <trkpt lat="48.3772675" lon="7.3791351">
    <ele>486</ele>
</trkpt>
   <trkpt lat="48.3772594" lon="7.3791261">
    <ele>486</ele>
</trkpt>
   <trkpt lat="48.3772514" lon="7.3791172">
    <ele>486</ele>
</trkpt>
   <trkpt lat="48.3772421" lon="7.3791061">
    <ele>486</ele>
</trkpt>
   <trkpt lat="48.3772329" lon="7.3790950">
    <ele>486</ele>
</trkpt>
   <trkpt lat="48.3772207" lon="7.3790834">
    <ele>486</ele>
</trkpt>
   <trkpt lat="48.3772086" lon="7.3790719">
    <ele>486</ele>
</trkpt>
   <trkpt lat="48.3771952" lon="7.3790634">
    <ele>486</ele>
</trkpt>
   <trkpt lat="48.3771818" lon="7.3790550">
    <ele>487</ele>
</trkpt>
   <trkpt lat="48.3771704" lon="7.3790500">
    <ele>487</ele>
</trkpt>
   <trkpt lat="48.3771590" lon="7.3790450">
    <ele>487</ele>
</trkpt>
   <trkpt lat="48.3771496" lon="7.3790415">
    <ele>487</ele>
</trkpt>
   <trkpt lat="48.3771403" lon="7.3790380">
    <ele>487</ele>
</trkpt>
   <trkpt lat="48.3771350" lon="7.3790360">
    <ele>488</ele>
</trkpt>
   <trkpt lat="48.3771298" lon="7.3790340">
    <ele>488</ele>
</trkpt>
   <trkpt lat="48.3771202" lon="7.3790312">
    <ele>488</ele>
</trkpt>
   <trkpt lat="48.3771106" lon="7.3790285">
    <ele>489</ele>
</trkpt>
   <trkpt lat="48.3771004" lon="7.3790275">
    <ele>489</ele>
</trkpt>
   <trkpt lat="48.3770902" lon="7.3790265">
    <ele>490</ele>
</trkpt>
   <trkpt lat="48.3770785" lon="7.3790238">
    <ele>490</ele>
</trkpt>
   <trkpt lat="48.3770668" lon="7.3790211">
    <ele>490</ele>
</trkpt>
   <trkpt lat="48.3770570" lon="7.3790164">
    <ele>490</ele>
</trkpt>
   <trkpt lat="48.3770472" lon="7.3790118">
    <ele>490</ele>
</trkpt>
   <trkpt lat="48.3770386" lon="7.3790058">
    <ele>491</ele>
</trkpt>
   <trkpt lat="48.3770301" lon="7.3789998">
    <ele>491</ele>
</trkpt>
   <trkpt lat="48.3770209" lon="7.3789937">
    <ele>491</ele>
</trkpt>
   <trkpt lat="48.3770118" lon="7.3789877">
    <ele>492</ele>
</trkpt>
   <trkpt lat="48.3770030" lon="7.3789826">
    <ele>492</ele>
</trkpt>
   <trkpt lat="48.3769942" lon="7.3789776">
    <ele>493</ele>
</trkpt>
   <trkpt lat="48.3769834" lon="7.3789734">
    <ele>493</ele>
</trkpt>
   <trkpt lat="48.3769726" lon="7.3789692">
    <ele>493</ele>
</trkpt>
   <trkpt lat="48.3769602" lon="7.3789660">
    <ele>493</ele>
</trkpt>
   <trkpt lat="48.3769478" lon="7.3789629">
    <ele>493</ele>
</trkpt>
   <trkpt lat="48.3769342" lon="7.3789612">
    <ele>494</ele>
</trkpt>
   <trkpt lat="48.3769207" lon="7.3789595">
    <ele>494</ele>
</trkpt>
   <trkpt lat="48.3769075" lon="7.3789574">
    <ele>494</ele>
</trkpt>
   <trkpt lat="48.3768944" lon="7.3789554">
    <ele>494</ele>
</trkpt>
   <trkpt lat="48.3768821" lon="7.3789519">
    <ele>494</ele>
</trkpt>
   <trkpt lat="48.3768698" lon="7.3789484">
    <ele>495</ele>
</trkpt>
   <trkpt lat="48.3768574" lon="7.3789427">
    <ele>495</ele>
</trkpt>
   <trkpt lat="48.3768450" lon="7.3789370">
    <ele>495</ele>
</trkpt>
   <trkpt lat="48.3768337" lon="7.3789314">
    <ele>495</ele>
</trkpt>
   <trkpt lat="48.3768224" lon="7.3789259">
    <ele>495</ele>
</trkpt>
   <trkpt lat="48.3768135" lon="7.3789206">
    <ele>496</ele>
</trkpt>
   <trkpt lat="48.3768046" lon="7.3789153">
    <ele>496</ele>
</trkpt>
   <trkpt lat="48.3767968" lon="7.3789100">
    <ele>496</ele>
</trkpt>
   <trkpt lat="48.3767890" lon="7.3789047">
    <ele>496</ele>
</trkpt>
   <trkpt lat="48.3767817" lon="7.3788989">
    <ele>496</ele>
</trkpt>
   <trkpt lat="48.3767745" lon="7.3788932">
    <ele>497</ele>
</trkpt>
   <trkpt lat="48.3767678" lon="7.3788877">
    <ele>497</ele>
</trkpt>
   <trkpt lat="48.3767611" lon="7.3788823">
    <ele>497</ele>
</trkpt>
   <trkpt lat="48.3767538" lon="7.3788776">
    <ele>497</ele>
</trkpt>
   <trkpt lat="48.3767465" lon="7.3788730">
    <ele>497</ele>
</trkpt>
   <trkpt lat="48.3767358" lon="7.3788672">
    <ele>498</ele>
</trkpt>
   <trkpt lat="48.3767251" lon="7.3788614">
    <ele>498</ele>
</trkpt>
   <trkpt lat="48.3767121" lon="7.3788540">
    <ele>498</ele>
</trkpt>
   <trkpt lat="48.3766992" lon="7.3788466">
    <ele>498</ele>
</trkpt>
   <trkpt lat="48.3766864" lon="7.3788386">
    <ele>498</ele>
</trkpt>
   <trkpt lat="48.3766737" lon="7.3788307">
    <ele>499</ele>
</trkpt>
   <trkpt lat="48.3766634" lon="7.3788240">
    <ele>499</ele>
</trkpt>
   <trkpt lat="48.3766532" lon="7.3788174">
    <ele>499</ele>
</trkpt>
   <trkpt lat="48.3766489" lon="7.3788144">
    <ele>499</ele>
</trkpt>
   <trkpt lat="48.3766447" lon="7.3788114">
    <ele>499</ele>
</trkpt>
   <trkpt lat="48.3766386" lon="7.3788070">
    <ele>500</ele>
</trkpt>
   <trkpt lat="48.3766326" lon="7.3788027">
    <ele>500</ele>
</trkpt>
   <trkpt lat="48.3766253" lon="7.3787971">
    <ele>500</ele>
</trkpt>
   <trkpt lat="48.3766180" lon="7.3787915">
    <ele>500</ele>
</trkpt>
   <trkpt lat="48.3766091" lon="7.3787850">
    <ele>500</ele>
</trkpt>
   <trkpt lat="48.3766002" lon="7.3787786">
    <ele>501</ele>
</trkpt>
   <trkpt lat="48.3765897" lon="7.3787717">
    <ele>501</ele>
</trkpt>
   <trkpt lat="48.3765792" lon="7.3787649">
    <ele>501</ele>
</trkpt>
   <trkpt lat="48.3765689" lon="7.3787594">
    <ele>502</ele>
</trkpt>
   <trkpt lat="48.3765587" lon="7.3787539">
    <ele>502</ele>
</trkpt>
   <trkpt lat="48.3765511" lon="7.3787493">
    <ele>503</ele>
</trkpt>
   <trkpt lat="48.3765435" lon="7.3787448">
    <ele>503</ele>
</trkpt>
   <trkpt lat="48.3765379" lon="7.3787407">
    <ele>503</ele>
</trkpt>
   <trkpt lat="48.3765323" lon="7.3787367">
    <ele>503</ele>
</trkpt>
   <trkpt lat="48.3765267" lon="7.3787338">
    <ele>503</ele>
</trkpt>
   <trkpt lat="48.3765211" lon="7.3787309">
    <ele>504</ele>
</trkpt>
   <trkpt lat="48.3765132" lon="7.3787264">
    <ele>504</ele>
</trkpt>
   <trkpt lat="48.3765053" lon="7.3787220">
    <ele>504</ele>
</trkpt>
   <trkpt lat="48.3764959" lon="7.3787165">
    <ele>505</ele>
</trkpt>
   <trkpt lat="48.3764866" lon="7.3787111">
    <ele>505</ele>
</trkpt>
   <trkpt lat="48.3764781" lon="7.3787057">
    <ele>506</ele>
</trkpt>
   <trkpt lat="48.3764697" lon="7.3787003">
    <ele>506</ele>
</trkpt>
   <trkpt lat="48.3764623" lon="7.3786945">
    <ele>506</ele>
</trkpt>
   <trkpt lat="48.3764550" lon="7.3786887">
    <ele>506</ele>
</trkpt>
   <trkpt lat="48.3764462" lon="7.3786844">
    <ele>506</ele>
</trkpt>
   <trkpt lat="48.3764374" lon="7.3786801">
    <ele>507</ele>
</trkpt>
   <trkpt lat="48.3764273" lon="7.3786772">
    <ele>507</ele>
</trkpt>
   <trkpt lat="48.3764173" lon="7.3786743">
    <ele>507</ele>
</trkpt>
   <trkpt lat="48.3764065" lon="7.3786719">
    <ele>507</ele>
</trkpt>
   <trkpt lat="48.3763958" lon="7.3786695">
    <ele>507</ele>
</trkpt>
   <trkpt lat="48.3763855" lon="7.3786663">
    <ele>508</ele>
</trkpt>
   <trkpt lat="48.3763753" lon="7.3786632">
    <ele>508</ele>
</trkpt>
   <trkpt lat="48.3763668" lon="7.3786578">
    <ele>508</ele>
</trkpt>
   <trkpt lat="48.3763584" lon="7.3786524">
    <ele>508</ele>
</trkpt>
   <trkpt lat="48.3763491" lon="7.3786443">
    <ele>508</ele>
</trkpt>
   <trkpt lat="48.3763398" lon="7.3786363">
    <ele>509</ele>
</trkpt>
   <trkpt lat="48.3763288" lon="7.3786256">
    <ele>509</ele>
</trkpt>
   <trkpt lat="48.3763179" lon="7.3786149">
    <ele>509</ele>
</trkpt>
   <trkpt lat="48.3763070" lon="7.3786052">
    <ele>510</ele>
</trkpt>
   <trkpt lat="48.3762962" lon="7.3785955">
    <ele>510</ele>
</trkpt>
   <trkpt lat="48.3762854" lon="7.3785869">
    <ele>511</ele>
</trkpt>
   <trkpt lat="48.3762746" lon="7.3785784">
    <ele>511</ele>
</trkpt>
   <trkpt lat="48.3762644" lon="7.3785694">
    <ele>511</ele>
</trkpt>
   <trkpt lat="48.3762543" lon="7.3785604">
    <ele>512</ele>
</trkpt>
   <trkpt lat="48.3762426" lon="7.3785501">
    <ele>512</ele>
</trkpt>
   <trkpt lat="48.3762309" lon="7.3785399">
    <ele>513</ele>
</trkpt>
   <trkpt lat="48.3762178" lon="7.3785292">
    <ele>513</ele>
</trkpt>
   <trkpt lat="48.3762047" lon="7.3785185">
    <ele>513</ele>
</trkpt>
   <trkpt lat="48.3761920" lon="7.3785083">
    <ele>513</ele>
</trkpt>
   <trkpt lat="48.3761793" lon="7.3784982">
    <ele>513</ele>
</trkpt>
   <trkpt lat="48.3761688" lon="7.3784884">
    <ele>513</ele>
</trkpt>
   <trkpt lat="48.3761584" lon="7.3784787">
    <ele>513</ele>
</trkpt>
   <trkpt lat="48.3761501" lon="7.3784695">
    <ele>513</ele>
</trkpt>
   <trkpt lat="48.3761419" lon="7.3784603">
    <ele>513</ele>
</trkpt>
   <trkpt lat="48.3761343" lon="7.3784523">
    <ele>513</ele>
</trkpt>
   <trkpt lat="48.3761267" lon="7.3784443">
    <ele>514</ele>
</trkpt>
   <trkpt lat="48.3761192" lon="7.3784360">
    <ele>514</ele>
</trkpt>
   <trkpt lat="48.3761118" lon="7.3784278">
    <ele>514</ele>
</trkpt>
   <trkpt lat="48.3761022" lon="7.3784192">
    <ele>514</ele>
</trkpt>
   <trkpt lat="48.3760926" lon="7.3784107">
    <ele>514</ele>
</trkpt>
   <trkpt lat="48.3760816" lon="7.3784005">
    <ele>515</ele>
</trkpt>
   <trkpt lat="48.3760706" lon="7.3783903">
    <ele>515</ele>
</trkpt>
   <trkpt lat="48.3760606" lon="7.3783786">
    <ele>515</ele>
</trkpt>
   <trkpt lat="48.3760506" lon="7.3783670">
    <ele>515</ele>
</trkpt>
   <trkpt lat="48.3760406" lon="7.3783565">
    <ele>515</ele>
</trkpt>
   <trkpt lat="48.3760307" lon="7.3783461">
    <ele>516</ele>
</trkpt>
   <trkpt lat="48.3760218" lon="7.3783374">
    <ele>516</ele>
</trkpt>
   <trkpt lat="48.3760130" lon="7.3783287">
    <ele>516</ele>
</trkpt>
   <trkpt lat="48.3760045" lon="7.3783168">
    <ele>516</ele>
</trkpt>
   <trkpt lat="48.3759960" lon="7.3783050">
    <ele>516</ele>
</trkpt>
   <trkpt lat="48.3759871" lon="7.3782909">
    <ele>516</ele>
</trkpt>
   <trkpt lat="48.3759782" lon="7.3782769">
    <ele>516</ele>
</trkpt>
   <trkpt lat="48.3759723" lon="7.3782691">
    <ele>516</ele>
</trkpt>
   <trkpt lat="48.3759664" lon="7.3782613">
    <ele>516</ele>
</trkpt>
   <trkpt lat="48.3759605" lon="7.3782536">
    <ele>516</ele>
</trkpt>
   <trkpt lat="48.3759516" lon="7.3782436">
    <ele>517</ele>
</trkpt>
   <trkpt lat="48.3759428" lon="7.3782337">
    <ele>517</ele>
</trkpt>
   <trkpt lat="48.3759350" lon="7.3782239">
    <ele>517</ele>
</trkpt>
   <trkpt lat="48.3759272" lon="7.3782142">
    <ele>518</ele>
</trkpt>
   <trkpt lat="48.3759184" lon="7.3782055">
    <ele>518</ele>
</trkpt>
   <trkpt lat="48.3759097" lon="7.3781969">
    <ele>519</ele>
</trkpt>
   <trkpt lat="48.3758989" lon="7.3781870">
    <ele>519</ele>
</trkpt>
   <trkpt lat="48.3758882" lon="7.3781771">
    <ele>519</ele>
</trkpt>
   <trkpt lat="48.3758779" lon="7.3781660">
    <ele>519</ele>
</trkpt>
   <trkpt lat="48.3758676" lon="7.3781549">
    <ele>519</ele>
</trkpt>
   <trkpt lat="48.3758585" lon="7.3781435">
    <ele>520</ele>
</trkpt>
   <trkpt lat="48.3758494" lon="7.3781322">
    <ele>520</ele>
</trkpt>
   <trkpt lat="48.3758415" lon="7.3781219">
    <ele>520</ele>
</trkpt>
   <trkpt lat="48.3758337" lon="7.3781117">
    <ele>520</ele>
</trkpt>
   <trkpt lat="48.3758257" lon="7.3781018">
    <ele>520</ele>
</trkpt>
   <trkpt lat="48.3758177" lon="7.3780920">
    <ele>521</ele>
</trkpt>
   <trkpt lat="48.3758085" lon="7.3780822">
    <ele>521</ele>
</trkpt>
   <trkpt lat="48.3757993" lon="7.3780724">
    <ele>521</ele>
</trkpt>
   <trkpt lat="48.3757899" lon="7.3780621">
    <ele>522</ele>
</trkpt>
   <trkpt lat="48.3757805" lon="7.3780519">
    <ele>522</ele>
</trkpt>
   <trkpt lat="48.3757713" lon="7.3780413">
    <ele>523</ele>
</trkpt>
   <trkpt lat="48.3757621" lon="7.3780307">
    <ele>523</ele>
</trkpt>
   <trkpt lat="48.3757542" lon="7.3780217">
    <ele>523</ele>
</trkpt>
   <trkpt lat="48.3757463" lon="7.3780127">
    <ele>523</ele>
</trkpt>
   <trkpt lat="48.3757402" lon="7.3780027">
    <ele>523</ele>
</trkpt>
   <trkpt lat="48.3757341" lon="7.3779927">
    <ele>524</ele>
</trkpt>
   <trkpt lat="48.3757275" lon="7.3779780">
    <ele>524</ele>
</trkpt>
   <trkpt lat="48.3757209" lon="7.3779633">
    <ele>524</ele>
</trkpt>
   <trkpt lat="48.3757122" lon="7.3779461">
    <ele>525</ele>
</trkpt>
   <trkpt lat="48.3757036" lon="7.3779289">
    <ele>525</ele>
</trkpt>
   <trkpt lat="48.3756954" lon="7.3779132">
    <ele>526</ele>
</trkpt>
   <trkpt lat="48.3756872" lon="7.3778975">
    <ele>526</ele>
</trkpt>
   <trkpt lat="48.3756802" lon="7.3778841">
    <ele>526</ele>
</trkpt>
   <trkpt lat="48.3756733" lon="7.3778708">
    <ele>526</ele>
</trkpt>
   <trkpt lat="48.3756683" lon="7.3778594">
    <ele>526</ele>
</trkpt>
   <trkpt lat="48.3756633" lon="7.3778481">
    <ele>527</ele>
</trkpt>
   <trkpt lat="48.3756585" lon="7.3778360">
    <ele>527</ele>
</trkpt>
   <trkpt lat="48.3756537" lon="7.3778239">
    <ele>527</ele>
</trkpt>
   <trkpt lat="48.3756466" lon="7.3778109">
    <ele>527</ele>
</trkpt>
   <trkpt lat="48.3756396" lon="7.3777979">
    <ele>527</ele>
</trkpt>
   <trkpt lat="48.3756311" lon="7.3777837">
    <ele>528</ele>
</trkpt>
   <trkpt lat="48.3756226" lon="7.3777696">
    <ele>528</ele>
</trkpt>
   <trkpt lat="48.3756132" lon="7.3777544">
    <ele>528</ele>
</trkpt>
   <trkpt lat="48.3756039" lon="7.3777393">
    <ele>528</ele>
</trkpt>
   <trkpt lat="48.3755946" lon="7.3777247">
    <ele>528</ele>
</trkpt>
   <trkpt lat="48.3755854" lon="7.3777102">
    <ele>529</ele>
</trkpt>
   <trkpt lat="48.3755759" lon="7.3776976">
    <ele>529</ele>
</trkpt>
   <trkpt lat="48.3755665" lon="7.3776850">
    <ele>529</ele>
</trkpt>
   <trkpt lat="48.3755582" lon="7.3776749">
    <ele>529</ele>
</trkpt>
   <trkpt lat="48.3755499" lon="7.3776648">
    <ele>529</ele>
</trkpt>
   <trkpt lat="48.3755443" lon="7.3776561">
    <ele>530</ele>
</trkpt>
   <trkpt lat="48.3755387" lon="7.3776475">
    <ele>530</ele>
</trkpt>
   <trkpt lat="48.3755332" lon="7.3776371">
    <ele>530</ele>
</trkpt>
   <trkpt lat="48.3755277" lon="7.3776267">
    <ele>530</ele>
</trkpt>
   <trkpt lat="48.3755206" lon="7.3776129">
    <ele>530</ele>
</trkpt>
   <trkpt lat="48.3755135" lon="7.3775991">
    <ele>531</ele>
</trkpt>
   <trkpt lat="48.3755055" lon="7.3775849">
    <ele>531</ele>
</trkpt>
   <trkpt lat="48.3754975" lon="7.3775708">
    <ele>531</ele>
</trkpt>
   <trkpt lat="48.3754893" lon="7.3775584">
    <ele>531</ele>
</trkpt>
   <trkpt lat="48.3754812" lon="7.3775460">
    <ele>531</ele>
</trkpt>
   <trkpt lat="48.3754722" lon="7.3775339">
    <ele>532</ele>
</trkpt>
   <trkpt lat="48.3754633" lon="7.3775218">
    <ele>532</ele>
</trkpt>
   <trkpt lat="48.3754545" lon="7.3775064">
    <ele>532</ele>
</trkpt>
   <trkpt lat="48.3754458" lon="7.3774910">
    <ele>532</ele>
</trkpt>
   <trkpt lat="48.3754375" lon="7.3774750">
    <ele>532</ele>
</trkpt>
   <trkpt lat="48.3754292" lon="7.3774591">
    <ele>533</ele>
</trkpt>
   <trkpt lat="48.3754223" lon="7.3774451">
    <ele>533</ele>
</trkpt>
   <trkpt lat="48.3754155" lon="7.3774312">
    <ele>533</ele>
</trkpt>
   <trkpt lat="48.3754096" lon="7.3774167">
    <ele>534</ele>
</trkpt>
   <trkpt lat="48.3754038" lon="7.3774023">
    <ele>534</ele>
</trkpt>
   <trkpt lat="48.3753975" lon="7.3773883">
    <ele>535</ele>
</trkpt>
   <trkpt lat="48.3753913" lon="7.3773743">
    <ele>535</ele>
</trkpt>
   <trkpt lat="48.3753853" lon="7.3773617">
    <ele>535</ele>
</trkpt>
   <trkpt lat="48.3753793" lon="7.3773491">
    <ele>535</ele>
</trkpt>
   <trkpt lat="48.3753737" lon="7.3773372">
    <ele>535</ele>
</trkpt>
   <trkpt lat="48.3753682" lon="7.3773254">
    <ele>536</ele>
</trkpt>
   <trkpt lat="48.3753621" lon="7.3773137">
    <ele>536</ele>
</trkpt>
   <trkpt lat="48.3753561" lon="7.3773020">
    <ele>536</ele>
</trkpt>
   <trkpt lat="48.3753498" lon="7.3772893">
    <ele>536</ele>
</trkpt>
   <trkpt lat="48.3753436" lon="7.3772766">
    <ele>536</ele>
</trkpt>
   <trkpt lat="48.3753368" lon="7.3772612">
    <ele>537</ele>
</trkpt>
   <trkpt lat="48.3753301" lon="7.3772458">
    <ele>537</ele>
</trkpt>
   <trkpt lat="48.3753243" lon="7.3772277">
    <ele>537</ele>
</trkpt>
   <trkpt lat="48.3753186" lon="7.3772096">
    <ele>537</ele>
</trkpt>
   <trkpt lat="48.3753137" lon="7.3771919">
    <ele>537</ele>
</trkpt>
   <trkpt lat="48.3753089" lon="7.3771743">
    <ele>537</ele>
</trkpt>
   <trkpt lat="48.3753052" lon="7.3771582">
    <ele>537</ele>
</trkpt>
   <trkpt lat="48.3753015" lon="7.3771421">
    <ele>537</ele>
</trkpt>
   <trkpt lat="48.3752982" lon="7.3771228">
    <ele>537</ele>
</trkpt>
   <trkpt lat="48.3752949" lon="7.3771036">
    <ele>537</ele>
</trkpt>
   <trkpt lat="48.3752924" lon="7.3770832">
    <ele>538</ele>
</trkpt>
   <trkpt lat="48.3752900" lon="7.3770628">
    <ele>538</ele>
</trkpt>
   <trkpt lat="48.3752887" lon="7.3770442">
    <ele>538</ele>
</trkpt>
   <trkpt lat="48.3752875" lon="7.3770256">
    <ele>538</ele>
</trkpt>
   <trkpt lat="48.3752877" lon="7.3770070">
    <ele>538</ele>
</trkpt>
   <trkpt lat="48.3752880" lon="7.3769884">
    <ele>538</ele>
</trkpt>
   <trkpt lat="48.3752883" lon="7.3769698">
    <ele>538</ele>
</trkpt>
   <trkpt lat="48.3752887" lon="7.3769512">
    <ele>538</ele>
</trkpt>
   <trkpt lat="48.3752875" lon="7.3769334">
    <ele>538</ele>
</trkpt>
   <trkpt lat="48.3752864" lon="7.3769156">
    <ele>538</ele>
</trkpt>
   <trkpt lat="48.3752835" lon="7.3768970">
    <ele>538</ele>
</trkpt>
   <trkpt lat="48.3752807" lon="7.3768784">
    <ele>538</ele>
</trkpt>
   <trkpt lat="48.3752762" lon="7.3768595">
    <ele>538</ele>
</trkpt>
   <trkpt lat="48.3752718" lon="7.3768406">
    <ele>538</ele>
</trkpt>
   <trkpt lat="48.3752669" lon="7.3768224">
    <ele>538</ele>
</trkpt>
   <trkpt lat="48.3752620" lon="7.3768042">
    <ele>539</ele>
</trkpt>
   <trkpt lat="48.3752598" lon="7.3767854">
    <ele>539</ele>
</trkpt>
   <trkpt lat="48.3752577" lon="7.3767667">
    <ele>539</ele>
</trkpt>
   <trkpt lat="48.3752577" lon="7.3767490">
    <ele>539</ele>
</trkpt>
   <trkpt lat="48.3752578" lon="7.3767314">
    <ele>539</ele>
</trkpt>
   <trkpt lat="48.3752579" lon="7.3767142">
    <ele>540</ele>
</trkpt>
   <trkpt lat="48.3752580" lon="7.3766971">
    <ele>540</ele>
</trkpt>
   <trkpt lat="48.3752565" lon="7.3766793">
    <ele>540</ele>
</trkpt>
   <trkpt lat="48.3752551" lon="7.3766616">
    <ele>541</ele>
</trkpt>
   <trkpt lat="48.3752518" lon="7.3766464">
    <ele>541</ele>
</trkpt>
   <trkpt lat="48.3752486" lon="7.3766313">
    <ele>542</ele>
</trkpt>
   <trkpt lat="48.3752450" lon="7.3766172">
    <ele>542</ele>
</trkpt>
   <trkpt lat="48.3752414" lon="7.3766032">
    <ele>542</ele>
</trkpt>
   <trkpt lat="48.3752389" lon="7.3765870">
    <ele>543</ele>
</trkpt>
   <trkpt lat="48.3752364" lon="7.3765709">
    <ele>543</ele>
</trkpt>
   <trkpt lat="48.3752355" lon="7.3765525">
    <ele>544</ele>
</trkpt>
   <trkpt lat="48.3752346" lon="7.3765342">
    <ele>544</ele>
</trkpt>
   <trkpt lat="48.3752345" lon="7.3765144">
    <ele>544</ele>
</trkpt>
   <trkpt lat="48.3752344" lon="7.3764946">
    <ele>544</ele>
</trkpt>
   <trkpt lat="48.3752345" lon="7.3764764">
    <ele>544</ele>
</trkpt>
   <trkpt lat="48.3752347" lon="7.3764582">
    <ele>545</ele>
</trkpt>
   <trkpt lat="48.3752354" lon="7.3764398">
    <ele>545</ele>
</trkpt>
   <trkpt lat="48.3752361" lon="7.3764215">
    <ele>545</ele>
</trkpt>
   <trkpt lat="48.3752374" lon="7.3764025">
    <ele>546</ele>
</trkpt>
   <trkpt lat="48.3752387" lon="7.3763836">
    <ele>546</ele>
</trkpt>
   <trkpt lat="48.3752393" lon="7.3763650">
    <ele>547</ele>
</trkpt>
   <trkpt lat="48.3752400" lon="7.3763464">
    <ele>547</ele>
</trkpt>
   <trkpt lat="48.3752397" lon="7.3763286">
    <ele>547</ele>
</trkpt>
   <trkpt lat="48.3752394" lon="7.3763108">
    <ele>547</ele>
</trkpt>
   <trkpt lat="48.3752379" lon="7.3762943">
    <ele>547</ele>
</trkpt>
   <trkpt lat="48.3752365" lon="7.3762779">
    <ele>547</ele>
</trkpt>
   <trkpt lat="48.3752347" lon="7.3762627">
    <ele>547</ele>
</trkpt>
   <trkpt lat="48.3752329" lon="7.3762476">
    <ele>547</ele>
</trkpt>
   <trkpt lat="48.3752317" lon="7.3762313">
    <ele>547</ele>
</trkpt>
   <trkpt lat="48.3752305" lon="7.3762151">
    <ele>547</ele>
</trkpt>
   <trkpt lat="48.3752292" lon="7.3762000">
    <ele>548</ele>
</trkpt>
   <trkpt lat="48.3752280" lon="7.3761849">
    <ele>548</ele>
</trkpt>
   <trkpt lat="48.3752256" lon="7.3761706">
    <ele>548</ele>
</trkpt>
   <trkpt lat="48.3752233" lon="7.3761563">
    <ele>548</ele>
</trkpt>
   <trkpt lat="48.3752206" lon="7.3761393">
    <ele>548</ele>
</trkpt>
   <trkpt lat="48.3752179" lon="7.3761224">
    <ele>549</ele>
</trkpt>
   <trkpt lat="48.3752155" lon="7.3761049">
    <ele>549</ele>
</trkpt>
   <trkpt lat="48.3752131" lon="7.3760874">
    <ele>549</ele>
</trkpt>
   <trkpt lat="48.3752119" lon="7.3760677">
    <ele>549</ele>
</trkpt>
   <trkpt lat="48.3752108" lon="7.3760481">
    <ele>549</ele>
</trkpt>
   <trkpt lat="48.3752119" lon="7.3760291">
    <ele>550</ele>
</trkpt>
   <trkpt lat="48.3752131" lon="7.3760102">
    <ele>550</ele>
</trkpt>
   <trkpt lat="48.3752139" lon="7.3759915">
    <ele>550</ele>
</trkpt>
   <trkpt lat="48.3752147" lon="7.3759729">
    <ele>550</ele>
</trkpt>
   <trkpt lat="48.3752143" lon="7.3759578">
    <ele>550</ele>
</trkpt>
   <trkpt lat="48.3752140" lon="7.3759427">
    <ele>551</ele>
</trkpt>
   <trkpt lat="48.3752120" lon="7.3759283">
    <ele>551</ele>
</trkpt>
   <trkpt lat="48.3752101" lon="7.3759140">
    <ele>551</ele>
</trkpt>
   <trkpt lat="48.3752070" lon="7.3758972">
    <ele>552</ele>
</trkpt>
   <trkpt lat="48.3752039" lon="7.3758805">
    <ele>552</ele>
</trkpt>
   <trkpt lat="48.3752008" lon="7.3758620">
    <ele>553</ele>
</trkpt>
   <trkpt lat="48.3751978" lon="7.3758436">
    <ele>553</ele>
</trkpt>
   <trkpt lat="48.3751952" lon="7.3758272">
    <ele>553</ele>
</trkpt>
   <trkpt lat="48.3751927" lon="7.3758108">
    <ele>553</ele>
</trkpt>
   <trkpt lat="48.3751904" lon="7.3757969">
    <ele>553</ele>
</trkpt>
   <trkpt lat="48.3751881" lon="7.3757831">
    <ele>553</ele>
</trkpt>
   <trkpt lat="48.3751847" lon="7.3757707">
    <ele>553</ele>
</trkpt>
   <trkpt lat="48.3751814" lon="7.3757583">
    <ele>553</ele>
</trkpt>
   <trkpt lat="48.3751778" lon="7.3757442">
    <ele>554</ele>
</trkpt>
   <trkpt lat="48.3751743" lon="7.3757301">
    <ele>554</ele>
</trkpt>
   <trkpt lat="48.3751713" lon="7.3757150">
    <ele>555</ele>
</trkpt>
   <trkpt lat="48.3751684" lon="7.3756999">
    <ele>555</ele>
</trkpt>
   <trkpt lat="48.3751655" lon="7.3756851">
    <ele>555</ele>
</trkpt>
   <trkpt lat="48.3751627" lon="7.3756703">
    <ele>555</ele>
</trkpt>
   <trkpt lat="48.3751590" lon="7.3756585">
    <ele>555</ele>
</trkpt>
   <trkpt lat="48.3751553" lon="7.3756468">
    <ele>556</ele>
</trkpt>
   <trkpt lat="48.3751502" lon="7.3756345">
    <ele>556</ele>
</trkpt>
   <trkpt lat="48.3751451" lon="7.3756222">
    <ele>556</ele>
</trkpt>
   <trkpt lat="48.3751387" lon="7.3756066">
    <ele>557</ele>
</trkpt>
   <trkpt lat="48.3751323" lon="7.3755911">
    <ele>557</ele>
</trkpt>
   <trkpt lat="48.3751254" lon="7.3755753">
    <ele>558</ele>
</trkpt>
   <trkpt lat="48.3751186" lon="7.3755595">
    <ele>558</ele>
</trkpt>
   <trkpt lat="48.3751116" lon="7.3755448">
    <ele>558</ele>
</trkpt>
   <trkpt lat="48.3751047" lon="7.3755301">
    <ele>558</ele>
</trkpt>
   <trkpt lat="48.3751003" lon="7.3755157">
    <ele>558</ele>
</trkpt>
   <trkpt lat="48.3750960" lon="7.3755013">
    <ele>559</ele>
</trkpt>
   <trkpt lat="48.3750912" lon="7.3754868">
    <ele>559</ele>
</trkpt>
   <trkpt lat="48.3750865" lon="7.3754724">
    <ele>559</ele>
</trkpt>
   <trkpt lat="48.3750813" lon="7.3754584">
    <ele>559</ele>
</trkpt>
   <trkpt lat="48.3750762" lon="7.3754444">
    <ele>559</ele>
</trkpt>
   <trkpt lat="48.3750693" lon="7.3754284">
    <ele>560</ele>
</trkpt>
   <trkpt lat="48.3750624" lon="7.3754124">
    <ele>560</ele>
</trkpt>
   <trkpt lat="48.3750542" lon="7.3753957">
    <ele>560</ele>
</trkpt>
   <trkpt lat="48.3750461" lon="7.3753790">
    <ele>560</ele>
</trkpt>
   <trkpt lat="48.3750392" lon="7.3753626">
    <ele>560</ele>
</trkpt>
   <trkpt lat="48.3750324" lon="7.3753462">
    <ele>561</ele>
</trkpt>
   <trkpt lat="48.3750271" lon="7.3753294">
    <ele>561</ele>
</trkpt>
   <trkpt lat="48.3750218" lon="7.3753126">
    <ele>561</ele>
</trkpt>
   <trkpt lat="48.3750176" lon="7.3752975">
    <ele>561</ele>
</trkpt>
   <trkpt lat="48.3750134" lon="7.3752825">
    <ele>561</ele>
</trkpt>
   <trkpt lat="48.3750074" lon="7.3752686">
    <ele>562</ele>
</trkpt>
   <trkpt lat="48.3750014" lon="7.3752548">
    <ele>562</ele>
</trkpt>
   <trkpt lat="48.3749951" lon="7.3752410">
    <ele>562</ele>
</trkpt>
   <trkpt lat="48.3749888" lon="7.3752272">
    <ele>562</ele>
</trkpt>
   <trkpt lat="48.3749829" lon="7.3752146">
    <ele>562</ele>
</trkpt>
   <trkpt lat="48.3749771" lon="7.3752020">
    <ele>563</ele>
</trkpt>
   <trkpt lat="48.3749711" lon="7.3751891">
    <ele>563</ele>
</trkpt>
   <trkpt lat="48.3749651" lon="7.3751762">
    <ele>563</ele>
</trkpt>
   <trkpt lat="48.3749595" lon="7.3751609">
    <ele>564</ele>
</trkpt>
   <trkpt lat="48.3749540" lon="7.3751457">
    <ele>564</ele>
</trkpt>
   <trkpt lat="48.3749482" lon="7.3751308">
    <ele>565</ele>
</trkpt>
   <trkpt lat="48.3749425" lon="7.3751159">
    <ele>565</ele>
</trkpt>
   <trkpt lat="48.3749378" lon="7.3751013">
    <ele>565</ele>
</trkpt>
   <trkpt lat="48.3749332" lon="7.3750868">
    <ele>565</ele>
</trkpt>
   <trkpt lat="48.3749294" lon="7.3750715">
    <ele>565</ele>
</trkpt>
   <trkpt lat="48.3749256" lon="7.3750563">
    <ele>566</ele>
</trkpt>
   <trkpt lat="48.3749222" lon="7.3750397">
    <ele>566</ele>
</trkpt>
   <trkpt lat="48.3749189" lon="7.3750231">
    <ele>566</ele>
</trkpt>
   <trkpt lat="48.3749153" lon="7.3750080">
    <ele>566</ele>
</trkpt>
   <trkpt lat="48.3749117" lon="7.3749930">
    <ele>566</ele>
</trkpt>
   <trkpt lat="48.3749088" lon="7.3749817">
    <ele>567</ele>
</trkpt>
   <trkpt lat="48.3749059" lon="7.3749704">
    <ele>567</ele>
</trkpt>
   <trkpt lat="48.3749011" lon="7.3749602">
    <ele>567</ele>
</trkpt>
   <trkpt lat="48.3748963" lon="7.3749500">
    <ele>567</ele>
</trkpt>
   <trkpt lat="48.3748900" lon="7.3749356">
    <ele>567</ele>
</trkpt>
   <trkpt lat="48.3748838" lon="7.3749212">
    <ele>568</ele>
</trkpt>
   <trkpt lat="48.3748778" lon="7.3749050">
    <ele>568</ele>
</trkpt>
   <trkpt lat="48.3748719" lon="7.3748889">
    <ele>568</ele>
</trkpt>
   <trkpt lat="48.3748664" lon="7.3748758">
    <ele>568</ele>
</trkpt>
   <trkpt lat="48.3748609" lon="7.3748628">
    <ele>568</ele>
</trkpt>
   <trkpt lat="48.3748568" lon="7.3748558">
    <ele>569</ele>
</trkpt>
   <trkpt lat="48.3748527" lon="7.3748489">
    <ele>569</ele>
</trkpt>
   <trkpt lat="48.3748449" lon="7.3748379">
    <ele>569</ele>
</trkpt>
   <trkpt lat="48.3748371" lon="7.3748269">
    <ele>569</ele>
</trkpt>
   <trkpt lat="48.3748333" lon="7.3748137">
    <ele>569</ele>
</trkpt>
   <trkpt lat="48.3748296" lon="7.3748006">
    <ele>570</ele>
</trkpt>
   <trkpt lat="48.3748322" lon="7.3747824">
    <ele>570</ele>
</trkpt>
   <trkpt lat="48.3748348" lon="7.3747643">
    <ele>570</ele>
</trkpt>
   <trkpt lat="48.3748410" lon="7.3747425">
    <ele>570</ele>
</trkpt>
   <trkpt lat="48.3748473" lon="7.3747208">
    <ele>570</ele>
</trkpt>
   <trkpt lat="48.3748532" lon="7.3747018">
    <ele>571</ele>
</trkpt>
   <trkpt lat="48.3748592" lon="7.3746828">
    <ele>571</ele>
</trkpt>
   <trkpt lat="48.3748657" lon="7.3746667">
    <ele>571</ele>
</trkpt>
   <trkpt lat="48.3748722" lon="7.3746506">
    <ele>571</ele>
</trkpt>
   <trkpt lat="48.3748810" lon="7.3746392">
    <ele>571</ele>
</trkpt>
   <trkpt lat="48.3748899" lon="7.3746278">
    <ele>572</ele>
</trkpt>
   <trkpt lat="48.3749018" lon="7.3746180">
    <ele>572</ele>
</trkpt>
   <trkpt lat="48.3749137" lon="7.3746082">
    <ele>572</ele>
</trkpt>
   <trkpt lat="48.3749253" lon="7.3745988">
    <ele>572</ele>
</trkpt>
   <trkpt lat="48.3749369" lon="7.3745895">
    <ele>572</ele>
</trkpt>
   <trkpt lat="48.3749471" lon="7.3745795">
    <ele>573</ele>
</trkpt>
   <trkpt lat="48.3749574" lon="7.3745696">
    <ele>573</ele>
</trkpt>
   <trkpt lat="48.3749674" lon="7.3745576">
    <ele>573</ele>
</trkpt>
   <trkpt lat="48.3749774" lon="7.3745457">
    <ele>573</ele>
</trkpt>
   <trkpt lat="48.3749879" lon="7.3745331">
    <ele>573</ele>
</trkpt>
   <trkpt lat="48.3749985" lon="7.3745205">
    <ele>574</ele>
</trkpt>
   <trkpt lat="48.3750098" lon="7.3745076">
    <ele>574</ele>
</trkpt>
   <trkpt lat="48.3750211" lon="7.3744948">
    <ele>574</ele>
</trkpt>
   <trkpt lat="48.3750333" lon="7.3744823">
    <ele>574</ele>
</trkpt>
   <trkpt lat="48.3750455" lon="7.3744698">
    <ele>574</ele>
</trkpt>
   <trkpt lat="48.3750578" lon="7.3744577">
    <ele>575</ele>
</trkpt>
   <trkpt lat="48.3750701" lon="7.3744457">
    <ele>575</ele>
</trkpt>
   <trkpt lat="48.3750816" lon="7.3744344">
    <ele>575</ele>
</trkpt>
   <trkpt lat="48.3750932" lon="7.3744231">
    <ele>575</ele>
</trkpt>
   <trkpt lat="48.3751045" lon="7.3744110">
    <ele>575</ele>
</trkpt>
   <trkpt lat="48.3751159" lon="7.3743990">
    <ele>575</ele>
</trkpt>
   <trkpt lat="48.3751276" lon="7.3743875">
    <ele>575</ele>
</trkpt>
   <trkpt lat="48.3751393" lon="7.3743760">
    <ele>575</ele>
</trkpt>
   <trkpt lat="48.3751513" lon="7.3743663">
    <ele>575</ele>
</trkpt>
   <trkpt lat="48.3751634" lon="7.3743567">
    <ele>575</ele>
</trkpt>
   <trkpt lat="48.3751741" lon="7.3743481">
    <ele>576</ele>
</trkpt>
   <trkpt lat="48.3751849" lon="7.3743396">
    <ele>576</ele>
</trkpt>
   <trkpt lat="48.3751942" lon="7.3743292">
    <ele>576</ele>
</trkpt>
   <trkpt lat="48.3752035" lon="7.3743188">
    <ele>576</ele>
</trkpt>
   <trkpt lat="48.3752132" lon="7.3743070">
    <ele>576</ele>
</trkpt>
   <trkpt lat="48.3752229" lon="7.3742952">
    <ele>577</ele>
</trkpt>
   <trkpt lat="48.3752351" lon="7.3742849">
    <ele>577</ele>
</trkpt>
   <trkpt lat="48.3752473" lon="7.3742746">
    <ele>577</ele>
</trkpt>
   <trkpt lat="48.3752620" lon="7.3742674">
    <ele>577</ele>
</trkpt>
   <trkpt lat="48.3752767" lon="7.3742603">
    <ele>577</ele>
</trkpt>
   <trkpt lat="48.3752910" lon="7.3742548">
    <ele>578</ele>
</trkpt>
   <trkpt lat="48.3753054" lon="7.3742493">
    <ele>578</ele>
</trkpt>
   <trkpt lat="48.3753174" lon="7.3742449">
    <ele>578</ele>
</trkpt>
   <trkpt lat="48.3753295" lon="7.3742405">
    <ele>578</ele>
</trkpt>
   <trkpt lat="48.3753399" lon="7.3742332">
    <ele>578</ele>
</trkpt>
   <trkpt lat="48.3753503" lon="7.3742259">
    <ele>579</ele>
</trkpt>
   <trkpt lat="48.3753595" lon="7.3742127">
    <ele>579</ele>
</trkpt>
   <trkpt lat="48.3753687" lon="7.3741996">
    <ele>579</ele>
</trkpt>
   <trkpt lat="48.3753761" lon="7.3741830">
    <ele>579</ele>
</trkpt>
   <trkpt lat="48.3753835" lon="7.3741665">
    <ele>579</ele>
</trkpt>
   <trkpt lat="48.3753868" lon="7.3741518">
    <ele>579</ele>
</trkpt>
   <trkpt lat="48.3753901" lon="7.3741371">
    <ele>579</ele>
</trkpt>
   <trkpt lat="48.3753894" lon="7.3741228">
    <ele>579</ele>
</trkpt>
   <trkpt lat="48.3753887" lon="7.3741086">
    <ele>579</ele>
</trkpt>
   <trkpt lat="48.3753862" lon="7.3740919">
    <ele>579</ele>
</trkpt>
   <trkpt lat="48.3753837" lon="7.3740752">
    <ele>580</ele>
</trkpt>
   <trkpt lat="48.3753810" lon="7.3740565">
    <ele>580</ele>
</trkpt>
   <trkpt lat="48.3753783" lon="7.3740379">
    <ele>580</ele>
</trkpt>
   <trkpt lat="48.3753748" lon="7.3740186">
    <ele>580</ele>
</trkpt>
   <trkpt lat="48.3753713" lon="7.3739993">
    <ele>580</ele>
</trkpt>
   <trkpt lat="48.3753682" lon="7.3739816">
    <ele>581</ele>
</trkpt>
   <trkpt lat="48.3753651" lon="7.3739640">
    <ele>581</ele>
</trkpt>
   <trkpt lat="48.3753624" lon="7.3739494">
    <ele>581</ele>
</trkpt>
   <trkpt lat="48.3753598" lon="7.3739348">
    <ele>581</ele>
</trkpt>
   <trkpt lat="48.3753566" lon="7.3739222">
    <ele>581</ele>
</trkpt>
   <trkpt lat="48.3753535" lon="7.3739097">
    <ele>582</ele>
</trkpt>
   <trkpt lat="48.3753492" lon="7.3738943">
    <ele>582</ele>
</trkpt>
   <trkpt lat="48.3753450" lon="7.3738789">
    <ele>582</ele>
</trkpt>
   <trkpt lat="48.3753400" lon="7.3738619">
    <ele>582</ele>
</trkpt>
   <trkpt lat="48.3753350" lon="7.3738449">
    <ele>582</ele>
</trkpt>
   <trkpt lat="48.3753292" lon="7.3738268">
    <ele>583</ele>
</trkpt>
   <trkpt lat="48.3753235" lon="7.3738087">
    <ele>583</ele>
</trkpt>
   <trkpt lat="48.3753177" lon="7.3737918">
    <ele>583</ele>
</trkpt>
   <trkpt lat="48.3753120" lon="7.3737750">
    <ele>583</ele>
</trkpt>
   <trkpt lat="48.3753066" lon="7.3737589">
    <ele>583</ele>
</trkpt>
   <trkpt lat="48.3753012" lon="7.3737429">
    <ele>584</ele>
</trkpt>
   <trkpt lat="48.3752962" lon="7.3737270">
    <ele>584</ele>
</trkpt>
   <trkpt lat="48.3752912" lon="7.3737111">
    <ele>584</ele>
</trkpt>
   <trkpt lat="48.3752867" lon="7.3736958">
    <ele>584</ele>
</trkpt>
   <trkpt lat="48.3752822" lon="7.3736806">
    <ele>584</ele>
</trkpt>
   <trkpt lat="48.3752785" lon="7.3736651">
    <ele>584</ele>
</trkpt>
   <trkpt lat="48.3752748" lon="7.3736497">
    <ele>584</ele>
</trkpt>
   <trkpt lat="48.3752706" lon="7.3736338">
    <ele>584</ele>
</trkpt>
   <trkpt lat="48.3752664" lon="7.3736180">
    <ele>584</ele>
</trkpt>
   <trkpt lat="48.3752618" lon="7.3736017">
    <ele>584</ele>
</trkpt>
   <trkpt lat="48.3752573" lon="7.3735854">
    <ele>585</ele>
</trkpt>
   <trkpt lat="48.3752550" lon="7.3735690">
    <ele>585</ele>
</trkpt>
   <trkpt lat="48.3752527" lon="7.3735526">
    <ele>585</ele>
</trkpt>
   <trkpt lat="48.3752501" lon="7.3735335">
    <ele>586</ele>
</trkpt>
   <trkpt lat="48.3752476" lon="7.3735145">
    <ele>586</ele>
</trkpt>
   <trkpt lat="48.3752426" lon="7.3734951">
    <ele>587</ele>
</trkpt>
   <trkpt lat="48.3752376" lon="7.3734758">
    <ele>587</ele>
</trkpt>
   <trkpt lat="48.3752319" lon="7.3734591">
    <ele>587</ele>
</trkpt>
   <trkpt lat="48.3752262" lon="7.3734425">
    <ele>587</ele>
</trkpt>
   <trkpt lat="48.3752203" lon="7.3734272">
    <ele>587</ele>
</trkpt>
   <trkpt lat="48.3752144" lon="7.3734120">
    <ele>588</ele>
</trkpt>
   <trkpt lat="48.3752102" lon="7.3733949">
    <ele>588</ele>
</trkpt>
   <trkpt lat="48.3752061" lon="7.3733779">
    <ele>588</ele>
</trkpt>
   <trkpt lat="48.3752024" lon="7.3733604">
    <ele>588</ele>
</trkpt>
   <trkpt lat="48.3751987" lon="7.3733429">
    <ele>588</ele>
</trkpt>
   <trkpt lat="48.3751944" lon="7.3733271">
    <ele>589</ele>
</trkpt>
   <trkpt lat="48.3751901" lon="7.3733113">
    <ele>589</ele>
</trkpt>
   <trkpt lat="48.3751870" lon="7.3732950">
    <ele>589</ele>
</trkpt>
   <trkpt lat="48.3751840" lon="7.3732787">
    <ele>589</ele>
</trkpt>
   <trkpt lat="48.3751815" lon="7.3732596">
    <ele>589</ele>
</trkpt>
   <trkpt lat="48.3751791" lon="7.3732405">
    <ele>590</ele>
</trkpt>
   <trkpt lat="48.3751758" lon="7.3732195">
    <ele>590</ele>
</trkpt>
   <trkpt lat="48.3751726" lon="7.3731986">
    <ele>590</ele>
</trkpt>
   <trkpt lat="48.3751701" lon="7.3731778">
    <ele>590</ele>
</trkpt>
   <trkpt lat="48.3751677" lon="7.3731570">
    <ele>590</ele>
</trkpt>
   <trkpt lat="48.3751649" lon="7.3731366">
    <ele>591</ele>
</trkpt>
   <trkpt lat="48.3751622" lon="7.3731163">
    <ele>591</ele>
</trkpt>
   <trkpt lat="48.3751588" lon="7.3730967">
    <ele>591</ele>
</trkpt>
   <trkpt lat="48.3751555" lon="7.3730771">
    <ele>592</ele>
</trkpt>
   <trkpt lat="48.3751514" lon="7.3730575">
    <ele>592</ele>
</trkpt>
   <trkpt lat="48.3751474" lon="7.3730379">
    <ele>593</ele>
</trkpt>
   <trkpt lat="48.3751418" lon="7.3730178">
    <ele>593</ele>
</trkpt>
   <trkpt lat="48.3751363" lon="7.3729977">
    <ele>593</ele>
</trkpt>
   <trkpt lat="48.3751303" lon="7.3729815">
    <ele>593</ele>
</trkpt>
   <trkpt lat="48.3751243" lon="7.3729654">
    <ele>593</ele>
</trkpt>
   <trkpt lat="48.3751207" lon="7.3729464">
    <ele>593</ele>
</trkpt>
   <trkpt lat="48.3751172" lon="7.3729275">
    <ele>593</ele>
</trkpt>
   <trkpt lat="48.3751153" lon="7.3729091">
    <ele>593</ele>
</trkpt>
   <trkpt lat="48.3751134" lon="7.3728907">
    <ele>593</ele>
</trkpt>
   <trkpt lat="48.3751124" lon="7.3728701">
    <ele>593</ele>
</trkpt>
   <trkpt lat="48.3751114" lon="7.3728496">
    <ele>593</ele>
</trkpt>
   <trkpt lat="48.3751115" lon="7.3728286">
    <ele>593</ele>
</trkpt>
   <trkpt lat="48.3751117" lon="7.3728076">
    <ele>593</ele>
</trkpt>
   <trkpt lat="48.3751109" lon="7.3727880">
    <ele>593</ele>
</trkpt>
   <trkpt lat="48.3751101" lon="7.3727685">
    <ele>593</ele>
</trkpt>
   <trkpt lat="48.3751075" lon="7.3727520">
    <ele>594</ele>
</trkpt>
   <trkpt lat="48.3751049" lon="7.3727355">
    <ele>594</ele>
</trkpt>
   <trkpt lat="48.3751010" lon="7.3727195">
    <ele>594</ele>
</trkpt>
   <trkpt lat="48.3750972" lon="7.3727036">
    <ele>594</ele>
</trkpt>
   <trkpt lat="48.3750931" lon="7.3726865">
    <ele>594</ele>
</trkpt>
   <trkpt lat="48.3750891" lon="7.3726695">
    <ele>595</ele>
</trkpt>
   <trkpt lat="48.3750845" lon="7.3726512">
    <ele>595</ele>
</trkpt>
   <trkpt lat="48.3750800" lon="7.3726329">
    <ele>595</ele>
</trkpt>
   <trkpt lat="48.3750762" lon="7.3726117">
    <ele>595</ele>
</trkpt>
   <trkpt lat="48.3750724" lon="7.3725905">
    <ele>595</ele>
</trkpt>
   <trkpt lat="48.3750681" lon="7.3725679">
    <ele>596</ele>
</trkpt>
   <trkpt lat="48.3750639" lon="7.3725454">
    <ele>596</ele>
</trkpt>
   <trkpt lat="48.3750588" lon="7.3725246">
    <ele>596</ele>
</trkpt>
   <trkpt lat="48.3750538" lon="7.3725038">
    <ele>596</ele>
</trkpt>
   <trkpt lat="48.3750483" lon="7.3724830">
    <ele>596</ele>
</trkpt>
   <trkpt lat="48.3750429" lon="7.3724622">
    <ele>597</ele>
</trkpt>
   <trkpt lat="48.3750394" lon="7.3724422">
    <ele>597</ele>
</trkpt>
   <trkpt lat="48.3750359" lon="7.3724222">
    <ele>597</ele>
</trkpt>
   <trkpt lat="48.3750333" lon="7.3724031">
    <ele>597</ele>
</trkpt>
   <trkpt lat="48.3750307" lon="7.3723840">
    <ele>597</ele>
</trkpt>
   <trkpt lat="48.3750288" lon="7.3723620">
    <ele>597</ele>
</trkpt>
   <trkpt lat="48.3750270" lon="7.3723401">
    <ele>597</ele>
</trkpt>
   <trkpt lat="48.3750231" lon="7.3723150">
    <ele>597</ele>
</trkpt>
   <trkpt lat="48.3750193" lon="7.3722900">
    <ele>597</ele>
</trkpt>
   <trkpt lat="48.3750142" lon="7.3722613">
    <ele>597</ele>
</trkpt>
   <trkpt lat="48.3750092" lon="7.3722326">
    <ele>597</ele>
</trkpt>
   <trkpt lat="48.3750041" lon="7.3722028">
    <ele>597</ele>
</trkpt>
   <trkpt lat="48.3749990" lon="7.3721731">
    <ele>597</ele>
</trkpt>
   <trkpt lat="48.3749917" lon="7.3721395">
    <ele>597</ele>
</trkpt>
   <trkpt lat="48.3749844" lon="7.3721060">
    <ele>597</ele>
</trkpt>
   <trkpt lat="48.3749750" lon="7.3720698">
    <ele>598</ele>
</trkpt>
   <trkpt lat="48.3749656" lon="7.3720337">
    <ele>598</ele>
</trkpt>
   <trkpt lat="48.3749564" lon="7.3719972">
    <ele>598</ele>
</trkpt>
   <trkpt lat="48.3749472" lon="7.3719607">
    <ele>598</ele>
</trkpt>
   <trkpt lat="48.3749400" lon="7.3719245">
    <ele>598</ele>
</trkpt>
   <trkpt lat="48.3749328" lon="7.3718883">
    <ele>599</ele>
</trkpt>
   <trkpt lat="48.3749252" lon="7.3718517">
    <ele>599</ele>
</trkpt>
   <trkpt lat="48.3749176" lon="7.3718151">
    <ele>599</ele>
</trkpt>
   <trkpt lat="48.3749077" lon="7.3717776">
    <ele>599</ele>
</trkpt>
   <trkpt lat="48.3748979" lon="7.3717401">
    <ele>599</ele>
</trkpt>
   <trkpt lat="48.3748893" lon="7.3717006">
    <ele>600</ele>
</trkpt>
   <trkpt lat="48.3748808" lon="7.3716611">
    <ele>600</ele>
</trkpt>
   <trkpt lat="48.3748747" lon="7.3716223">
    <ele>600</ele>
</trkpt>
   <trkpt lat="48.3748686" lon="7.3715836">
    <ele>600</ele>
</trkpt>
   <trkpt lat="48.3748647" lon="7.3715474">
    <ele>600</ele>
</trkpt>
   <trkpt lat="48.3748608" lon="7.3715112">
    <ele>601</ele>
</trkpt>
   <trkpt lat="48.3748553" lon="7.3714772">
    <ele>601</ele>
</trkpt>
   <trkpt lat="48.3748498" lon="7.3714432">
    <ele>601</ele>
</trkpt>
   <trkpt lat="48.3748436" lon="7.3714079">
    <ele>601</ele>
</trkpt>
   <trkpt lat="48.3748375" lon="7.3713726">
    <ele>601</ele>
</trkpt>
   <trkpt lat="48.3748294" lon="7.3713354">
    <ele>601</ele>
</trkpt>
   <trkpt lat="48.3748214" lon="7.3712983">
    <ele>601</ele>
</trkpt>
   <trkpt lat="48.3748117" lon="7.3712614">
    <ele>601</ele>
</trkpt>
   <trkpt lat="48.3748020" lon="7.3712246">
    <ele>601</ele>
</trkpt>
   <trkpt lat="48.3747932" lon="7.3711876">
    <ele>601</ele>
</trkpt>
   <trkpt lat="48.3747845" lon="7.3711507">
    <ele>601</ele>
</trkpt>
   <trkpt lat="48.3747762" lon="7.3711140">
    <ele>601</ele>
</trkpt>
   <trkpt lat="48.3747680" lon="7.3710774">
    <ele>601</ele>
</trkpt>
   <trkpt lat="48.3747585" lon="7.3710423">
    <ele>601</ele>
</trkpt>
   <trkpt lat="48.3747490" lon="7.3710073">
    <ele>601</ele>
</trkpt>
   <trkpt lat="48.3747386" lon="7.3709714">
    <ele>602</ele>
</trkpt>
   <trkpt lat="48.3747283" lon="7.3709356">
    <ele>602</ele>
</trkpt>
   <trkpt lat="48.3747181" lon="7.3708986">
    <ele>602</ele>
</trkpt>
   <trkpt lat="48.3747080" lon="7.3708617">
    <ele>602</ele>
</trkpt>
   <trkpt lat="48.3746977" lon="7.3708228">
    <ele>602</ele>
</trkpt>
   <trkpt lat="48.3746875" lon="7.3707840">
    <ele>602</ele>
</trkpt>
   <trkpt lat="48.3746788" lon="7.3707458">
    <ele>602</ele>
</trkpt>
   <trkpt lat="48.3746702" lon="7.3707076">
    <ele>602</ele>
</trkpt>
   <trkpt lat="48.3746626" lon="7.3706694">
    <ele>602</ele>
</trkpt>
   <trkpt lat="48.3746551" lon="7.3706312">
    <ele>602</ele>
</trkpt>
   <trkpt lat="48.3746475" lon="7.3705930">
    <ele>603</ele>
</trkpt>
   <trkpt lat="48.3746400" lon="7.3705549">
    <ele>603</ele>
</trkpt>
   <trkpt lat="48.3746311" lon="7.3705189">
    <ele>603</ele>
</trkpt>
   <trkpt lat="48.3746222" lon="7.3704830">
    <ele>603</ele>
</trkpt>
   <trkpt lat="48.3746156" lon="7.3704479">
    <ele>603</ele>
</trkpt>
   <trkpt lat="48.3746090" lon="7.3704128">
    <ele>603</ele>
</trkpt>
   <trkpt lat="48.3746051" lon="7.3703770">
    <ele>603</ele>
</trkpt>
   <trkpt lat="48.3746013" lon="7.3703412">
    <ele>603</ele>
</trkpt>
   <trkpt lat="48.3745989" lon="7.3703057">
    <ele>603</ele>
</trkpt>
   <trkpt lat="48.3745966" lon="7.3702702">
    <ele>603</ele>
</trkpt>
   <trkpt lat="48.3745950" lon="7.3702355">
    <ele>603</ele>
</trkpt>
   <trkpt lat="48.3745934" lon="7.3702008">
    <ele>602</ele>
</trkpt>
   <trkpt lat="48.3745905" lon="7.3701657">
    <ele>602</ele>
</trkpt>
   <trkpt lat="48.3745877" lon="7.3701307">
    <ele>602</ele>
</trkpt>
   <trkpt lat="48.3745827" lon="7.3700948">
    <ele>602</ele>
</trkpt>
   <trkpt lat="48.3745778" lon="7.3700589">
    <ele>602</ele>
</trkpt>
   <trkpt lat="48.3745730" lon="7.3700199">
    <ele>602</ele>
</trkpt>
   <trkpt lat="48.3745683" lon="7.3699810">
    <ele>602</ele>
</trkpt>
   <trkpt lat="48.3745648" lon="7.3699410">
    <ele>602</ele>
</trkpt>
   <trkpt lat="48.3745614" lon="7.3699010">
    <ele>602</ele>
</trkpt>
   <trkpt lat="48.3745563" lon="7.3698621">
    <ele>603</ele>
</trkpt>
   <trkpt lat="48.3745513" lon="7.3698233">
    <ele>603</ele>
</trkpt>
   <trkpt lat="48.3745447" lon="7.3697870">
    <ele>603</ele>
</trkpt>
   <trkpt lat="48.3745382" lon="7.3697507">
    <ele>603</ele>
</trkpt>
   <trkpt lat="48.3745326" lon="7.3697148">
    <ele>603</ele>
</trkpt>
   <trkpt lat="48.3745270" lon="7.3696790">
    <ele>603</ele>
</trkpt>
   <trkpt lat="48.3745199" lon="7.3696441">
    <ele>603</ele>
</trkpt>
   <trkpt lat="48.3745129" lon="7.3696092">
    <ele>603</ele>
</trkpt>
   <trkpt lat="48.3745046" lon="7.3695739">
    <ele>603</ele>
</trkpt>
   <trkpt lat="48.3744963" lon="7.3695386">
    <ele>603</ele>
</trkpt>
   <trkpt lat="48.3744876" lon="7.3695048">
    <ele>603</ele>
</trkpt>
   <trkpt lat="48.3744790" lon="7.3694710">
    <ele>603</ele>
</trkpt>
   <trkpt lat="48.3744698" lon="7.3694390">
    <ele>603</ele>
</trkpt>
   <trkpt lat="48.3744607" lon="7.3694070">
    <ele>603</ele>
</trkpt>
   <trkpt lat="48.3744507" lon="7.3693739">
    <ele>603</ele>
</trkpt>
   <trkpt lat="48.3744408" lon="7.3693409">
    <ele>603</ele>
</trkpt>
   <trkpt lat="48.3744333" lon="7.3693058">
    <ele>602</ele>
</trkpt>
   <trkpt lat="48.3744258" lon="7.3692707">
    <ele>602</ele>
</trkpt>
   <trkpt lat="48.3744191" lon="7.3692349">
    <ele>602</ele>
</trkpt>
   <trkpt lat="48.3744125" lon="7.3691992">
    <ele>602</ele>
</trkpt>
   <trkpt lat="48.3744077" lon="7.3691625">
    <ele>602</ele>
</trkpt>
   <trkpt lat="48.3744029" lon="7.3691258">
    <ele>602</ele>
</trkpt>
   <trkpt lat="48.3743981" lon="7.3690914">
    <ele>602</ele>
</trkpt>
   <trkpt lat="48.3743934" lon="7.3690570">
    <ele>602</ele>
</trkpt>
   <trkpt lat="48.3743884" lon="7.3690225">
    <ele>602</ele>
</trkpt>
   <trkpt lat="48.3743834" lon="7.3689880">
    <ele>602</ele>
</trkpt>
   <trkpt lat="48.3743779" lon="7.3689504">
    <ele>602</ele>
</trkpt>
   <trkpt lat="48.3743725" lon="7.3689129">
    <ele>602</ele>
</trkpt>
   <trkpt lat="48.3743664" lon="7.3688764">
    <ele>602</ele>
</trkpt>
   <trkpt lat="48.3743603" lon="7.3688399">
    <ele>602</ele>
</trkpt>
   <trkpt lat="48.3743540" lon="7.3688030">
    <ele>602</ele>
</trkpt>
   <trkpt lat="48.3743478" lon="7.3687662">
    <ele>602</ele>
</trkpt>
   <trkpt lat="48.3743427" lon="7.3687287">
    <ele>602</ele>
</trkpt>
   <trkpt lat="48.3743376" lon="7.3686913">
    <ele>602</ele>
</trkpt>
   <trkpt lat="48.3743321" lon="7.3686543">
    <ele>602</ele>
</trkpt>
   <trkpt lat="48.3743266" lon="7.3686174">
    <ele>602</ele>
</trkpt>
   <trkpt lat="48.3743207" lon="7.3685782">
    <ele>602</ele>
</trkpt>
   <trkpt lat="48.3743149" lon="7.3685390">
    <ele>602</ele>
</trkpt>
   <trkpt lat="48.3743087" lon="7.3684994">
    <ele>602</ele>
</trkpt>
   <trkpt lat="48.3743025" lon="7.3684599">
    <ele>602</ele>
</trkpt>
   <trkpt lat="48.3742976" lon="7.3684223">
    <ele>603</ele>
</trkpt>
   <trkpt lat="48.3742928" lon="7.3683847">
    <ele>603</ele>
</trkpt>
   <trkpt lat="48.3742894" lon="7.3683464">
    <ele>603</ele>
</trkpt>
   <trkpt lat="48.3742860" lon="7.3683081">
    <ele>603</ele>
</trkpt>
   <trkpt lat="48.3742817" lon="7.3682703">
    <ele>603</ele>
</trkpt>
   <trkpt lat="48.3742775" lon="7.3682325">
    <ele>603</ele>
</trkpt>
   <trkpt lat="48.3742723" lon="7.3681958">
    <ele>603</ele>
</trkpt>
   <trkpt lat="48.3742671" lon="7.3681591">
    <ele>603</ele>
</trkpt>
   <trkpt lat="48.3742601" lon="7.3681233">
    <ele>603</ele>
</trkpt>
   <trkpt lat="48.3742532" lon="7.3680875">
    <ele>603</ele>
</trkpt>
   <trkpt lat="48.3742464" lon="7.3680552">
    <ele>603</ele>
</trkpt>
   <trkpt lat="48.3742396" lon="7.3680229">
    <ele>603</ele>
</trkpt>
   <trkpt lat="48.3742344" lon="7.3679918">
    <ele>603</ele>
</trkpt>
   <trkpt lat="48.3742292" lon="7.3679608">
    <ele>603</ele>
</trkpt>
   <trkpt lat="48.3742264" lon="7.3679295">
    <ele>603</ele>
</trkpt>
   <trkpt lat="48.3742237" lon="7.3678982">
    <ele>603</ele>
</trkpt>
   <trkpt lat="48.3742210" lon="7.3678679">
    <ele>603</ele>
</trkpt>
   <trkpt lat="48.3742184" lon="7.3678376">
    <ele>603</ele>
</trkpt>
   <trkpt lat="48.3742160" lon="7.3678061">
    <ele>603</ele>
</trkpt>
   <trkpt lat="48.3742136" lon="7.3677747">
    <ele>603</ele>
</trkpt>
   <trkpt lat="48.3742122" lon="7.3677396">
    <ele>603</ele>
</trkpt>
   <trkpt lat="48.3742108" lon="7.3677045">
    <ele>603</ele>
</trkpt>
   <trkpt lat="48.3742094" lon="7.3676654">
    <ele>603</ele>
</trkpt>
   <trkpt lat="48.3742081" lon="7.3676263">
    <ele>603</ele>
</trkpt>
   <trkpt lat="48.3742058" lon="7.3675855">
    <ele>603</ele>
</trkpt>
   <trkpt lat="48.3742036" lon="7.3675448">
    <ele>604</ele>
</trkpt>
   <trkpt lat="48.3742013" lon="7.3675037">
    <ele>604</ele>
</trkpt>
   <trkpt lat="48.3741990" lon="7.3674626">
    <ele>604</ele>
</trkpt>
   <trkpt lat="48.3741965" lon="7.3674192">
    <ele>604</ele>
</trkpt>
   <trkpt lat="48.3741940" lon="7.3673759">
    <ele>604</ele>
</trkpt>
   <trkpt lat="48.3741925" lon="7.3673350">
    <ele>604</ele>
</trkpt>
   <trkpt lat="48.3741910" lon="7.3672942">
    <ele>604</ele>
</trkpt>
   <trkpt lat="48.3741902" lon="7.3672558">
    <ele>604</ele>
</trkpt>
   <trkpt lat="48.3741895" lon="7.3672174">
    <ele>604</ele>
</trkpt>
   <trkpt lat="48.3741897" lon="7.3671800">
    <ele>604</ele>
</trkpt>
   <trkpt lat="48.3741900" lon="7.3671427">
    <ele>604</ele>
</trkpt>
   <trkpt lat="48.3741902" lon="7.3671056">
    <ele>604</ele>
</trkpt>
   <trkpt lat="48.3741904" lon="7.3670685">
    <ele>604</ele>
</trkpt>
   <trkpt lat="48.3741883" lon="7.3670299">
    <ele>604</ele>
</trkpt>
   <trkpt lat="48.3741862" lon="7.3669914">
    <ele>604</ele>
</trkpt>
   <trkpt lat="48.3741824" lon="7.3669509">
    <ele>604</ele>
</trkpt>
   <trkpt lat="48.3741787" lon="7.3669104">
    <ele>604</ele>
</trkpt>
   <trkpt lat="48.3741749" lon="7.3668666">
    <ele>604</ele>
</trkpt>
   <trkpt lat="48.3741711" lon="7.3668229">
    <ele>604</ele>
</trkpt>
   <trkpt lat="48.3741653" lon="7.3667803">
    <ele>604</ele>
</trkpt>
   <trkpt lat="48.3741595" lon="7.3667378">
    <ele>604</ele>
</trkpt>
   <trkpt lat="48.3741511" lon="7.3667017">
    <ele>603</ele>
</trkpt>
   <trkpt lat="48.3741428" lon="7.3666657">
    <ele>603</ele>
</trkpt>
   <trkpt lat="48.3741367" lon="7.3666325">
    <ele>603</ele>
</trkpt>
   <trkpt lat="48.3741306" lon="7.3665993">
    <ele>603</ele>
</trkpt>
   <trkpt lat="48.3741265" lon="7.3665659">
    <ele>603</ele>
</trkpt>
   <trkpt lat="48.3741225" lon="7.3665325">
    <ele>603</ele>
</trkpt>
   <trkpt lat="48.3741189" lon="7.3664956">
    <ele>603</ele>
</trkpt>
   <trkpt lat="48.3741153" lon="7.3664587">
    <ele>603</ele>
</trkpt>
   <trkpt lat="48.3741119" lon="7.3664194">
    <ele>603</ele>
</trkpt>
   <trkpt lat="48.3741085" lon="7.3663801">
    <ele>603</ele>
</trkpt>
   <trkpt lat="48.3741026" lon="7.3663404">
    <ele>603</ele>
</trkpt>
   <trkpt lat="48.3740967" lon="7.3663008">
    <ele>603</ele>
</trkpt>
   <trkpt lat="48.3740877" lon="7.3662642">
    <ele>603</ele>
</trkpt>
   <trkpt lat="48.3740788" lon="7.3662276">
    <ele>603</ele>
</trkpt>
   <trkpt lat="48.3740704" lon="7.3661926">
    <ele>603</ele>
</trkpt>
   <trkpt lat="48.3740620" lon="7.3661576">
    <ele>602</ele>
</trkpt>
   <trkpt lat="48.3740581" lon="7.3661236">
    <ele>602</ele>
</trkpt>
   <trkpt lat="48.3740543" lon="7.3660896">
    <ele>602</ele>
</trkpt>
   <trkpt lat="48.3740533" lon="7.3660549">
    <ele>602</ele>
</trkpt>
   <trkpt lat="48.3740523" lon="7.3660202">
    <ele>602</ele>
</trkpt>
   <trkpt lat="48.3740512" lon="7.3659842">
    <ele>602</ele>
</trkpt>
   <trkpt lat="48.3740502" lon="7.3659482">
    <ele>602</ele>
</trkpt>
   <trkpt lat="48.3740446" lon="7.3659142">
    <ele>602</ele>
</trkpt>
   <trkpt lat="48.3740390" lon="7.3658802">
    <ele>602</ele>
</trkpt>
   <trkpt lat="48.3740333" lon="7.3658486">
    <ele>603</ele>
</trkpt>
   <trkpt lat="48.3740277" lon="7.3658170">
    <ele>603</ele>
</trkpt>
   <trkpt lat="48.3740242" lon="7.3657845">
    <ele>603</ele>
</trkpt>
   <trkpt lat="48.3740208" lon="7.3657520">
    <ele>603</ele>
</trkpt>
   <trkpt lat="48.3740178" lon="7.3657190">
    <ele>603</ele>
</trkpt>
   <trkpt lat="48.3740148" lon="7.3656860">
    <ele>603</ele>
</trkpt>
   <trkpt lat="48.3740123" lon="7.3656534">
    <ele>603</ele>
</trkpt>
   <trkpt lat="48.3740098" lon="7.3656209">
    <ele>603</ele>
</trkpt>
   <trkpt lat="48.3740086" lon="7.3655887">
    <ele>603</ele>
</trkpt>
   <trkpt lat="48.3740074" lon="7.3655566">
    <ele>603</ele>
</trkpt>
   <trkpt lat="48.3740058" lon="7.3655260">
    <ele>604</ele>
</trkpt>
   <trkpt lat="48.3740042" lon="7.3654955">
    <ele>604</ele>
</trkpt>
   <trkpt lat="48.3740013" lon="7.3654645">
    <ele>604</ele>
</trkpt>
   <trkpt lat="48.3739985" lon="7.3654336">
    <ele>604</ele>
</trkpt>
   <trkpt lat="48.3739946" lon="7.3654067">
    <ele>604</ele>
</trkpt>
   <trkpt lat="48.3739907" lon="7.3653799">
    <ele>605</ele>
</trkpt>
   <trkpt lat="48.3739878" lon="7.3653581">
    <ele>605</ele>
</trkpt>
   <trkpt lat="48.3739850" lon="7.3653363">
    <ele>605</ele>
</trkpt>
   <trkpt lat="48.3739830" lon="7.3653152">
    <ele>605</ele>
</trkpt>
   <trkpt lat="48.3739810" lon="7.3652942">
    <ele>605</ele>
</trkpt>
   <trkpt lat="48.3739793" lon="7.3652733">
    <ele>606</ele>
</trkpt>
   <trkpt lat="48.3739776" lon="7.3652525">
    <ele>606</ele>
</trkpt>
   <trkpt lat="48.3739768" lon="7.3652338">
    <ele>606</ele>
</trkpt>
   <trkpt lat="48.3739761" lon="7.3652151">
    <ele>606</ele>
</trkpt>
   <trkpt lat="48.3739748" lon="7.3651983">
    <ele>606</ele>
</trkpt>
   <trkpt lat="48.3739736" lon="7.3651816">
    <ele>607</ele>
</trkpt>
   <trkpt lat="48.3739715" lon="7.3651659">
    <ele>607</ele>
</trkpt>
   <trkpt lat="48.3739694" lon="7.3651503">
    <ele>607</ele>
</trkpt>
   <trkpt lat="48.3739670" lon="7.3651336">
    <ele>607</ele>
</trkpt>
   <trkpt lat="48.3739647" lon="7.3651170">
    <ele>607</ele>
</trkpt>
   <trkpt lat="48.3739618" lon="7.3650978">
    <ele>608</ele>
</trkpt>
   <trkpt lat="48.3739590" lon="7.3650787">
    <ele>608</ele>
</trkpt>
   <trkpt lat="48.3739554" lon="7.3650606">
    <ele>608</ele>
</trkpt>
   <trkpt lat="48.3739519" lon="7.3650425">
    <ele>608</ele>
</trkpt>
   <trkpt lat="48.3739483" lon="7.3650247">
    <ele>608</ele>
</trkpt>
   <trkpt lat="48.3739447" lon="7.3650070">
    <ele>608</ele>
</trkpt>
   <trkpt lat="48.3739415" lon="7.3649909">
    <ele>608</ele>
</trkpt>
   <trkpt lat="48.3739383" lon="7.3649748">
    <ele>608</ele>
</trkpt>
   <trkpt lat="48.3739353" lon="7.3649593">
    <ele>608</ele>
</trkpt>
   <trkpt lat="48.3739324" lon="7.3649438">
    <ele>608</ele>
</trkpt>
   <trkpt lat="48.3739277" lon="7.3649266">
    <ele>609</ele>
</trkpt>
   <trkpt lat="48.3739231" lon="7.3649094">
    <ele>609</ele>
</trkpt>
   <trkpt lat="48.3739163" lon="7.3648914">
    <ele>609</ele>
</trkpt>
   <trkpt lat="48.3739096" lon="7.3648735">
    <ele>609</ele>
</trkpt>
   <trkpt lat="48.3739034" lon="7.3648530">
    <ele>609</ele>
</trkpt>
   <trkpt lat="48.3738973" lon="7.3648326">
    <ele>610</ele>
</trkpt>
   <trkpt lat="48.3738929" lon="7.3648106">
    <ele>610</ele>
</trkpt>
   <trkpt lat="48.3738885" lon="7.3647887">
    <ele>610</ele>
</trkpt>
   <trkpt lat="48.3738852" lon="7.3647660">
    <ele>610</ele>
</trkpt>
   <trkpt lat="48.3738820" lon="7.3647434">
    <ele>610</ele>
</trkpt>
   <trkpt lat="48.3738788" lon="7.3647215">
    <ele>610</ele>
</trkpt>
   <trkpt lat="48.3738757" lon="7.3646997">
    <ele>610</ele>
</trkpt>
   <trkpt lat="48.3738740" lon="7.3646805">
    <ele>610</ele>
</trkpt>
   <trkpt lat="48.3738724" lon="7.3646614">
    <ele>611</ele>
</trkpt>
   <trkpt lat="48.3738708" lon="7.3646453">
    <ele>611</ele>
</trkpt>
   <trkpt lat="48.3738692" lon="7.3646292">
    <ele>612</ele>
</trkpt>
   <trkpt lat="48.3738678" lon="7.3646139">
    <ele>612</ele>
</trkpt>
   <trkpt lat="48.3738664" lon="7.3645986">
    <ele>612</ele>
</trkpt>
   <trkpt lat="48.3738630" lon="7.3645813">
    <ele>612</ele>
</trkpt>
   <trkpt lat="48.3738597" lon="7.3645641">
    <ele>612</ele>
</trkpt>
   <trkpt lat="48.3738566" lon="7.3645462">
    <ele>613</ele>
</trkpt>
   <trkpt lat="48.3738535" lon="7.3645284">
    <ele>613</ele>
</trkpt>
   <trkpt lat="48.3738522" lon="7.3645114">
    <ele>613</ele>
</trkpt>
   <trkpt lat="48.3738510" lon="7.3644944">
    <ele>613</ele>
</trkpt>
   <trkpt lat="48.3738496" lon="7.3644796">
    <ele>613</ele>
</trkpt>
   <trkpt lat="48.3738482" lon="7.3644649">
    <ele>614</ele>
</trkpt>
   <trkpt lat="48.3738436" lon="7.3644501">
    <ele>614</ele>
</trkpt>
   <trkpt lat="48.3738390" lon="7.3644354">
    <ele>614</ele>
</trkpt>
   <trkpt lat="48.3738325" lon="7.3644190">
    <ele>614</ele>
</trkpt>
   <trkpt lat="48.3738261" lon="7.3644027">
    <ele>614</ele>
</trkpt>
   <trkpt lat="48.3738199" lon="7.3643850">
    <ele>615</ele>
</trkpt>
   <trkpt lat="48.3738138" lon="7.3643674">
    <ele>614</ele>
</trkpt>
   <trkpt lat="48.3738076" lon="7.3643487">
    <ele>614</ele>
</trkpt>
   <trkpt lat="48.3738015" lon="7.3643300">
    <ele>614</ele>
</trkpt>
   <trkpt lat="48.3737955" lon="7.3643115">
    <ele>614</ele>
</trkpt>
   <trkpt lat="48.3737896" lon="7.3642930">
    <ele>614</ele>
</trkpt>
   <trkpt lat="48.3737844" lon="7.3642761">
    <ele>614</ele>
</trkpt>
   <trkpt lat="48.3737793" lon="7.3642593">
    <ele>614</ele>
</trkpt>
   <trkpt lat="48.3737732" lon="7.3642437">
    <ele>614</ele>
</trkpt>
   <trkpt lat="48.3737672" lon="7.3642281">
    <ele>614</ele>
</trkpt>
   <trkpt lat="48.3737599" lon="7.3642120">
    <ele>614</ele>
</trkpt>
   <trkpt lat="48.3737526" lon="7.3641960">
    <ele>614</ele>
</trkpt>
   <trkpt lat="48.3737450" lon="7.3641786">
    <ele>614</ele>
</trkpt>
   <trkpt lat="48.3737375" lon="7.3641613">
    <ele>614</ele>
</trkpt>
   <trkpt lat="48.3737302" lon="7.3641412">
    <ele>614</ele>
</trkpt>
   <trkpt lat="48.3737229" lon="7.3641212">
    <ele>614</ele>
</trkpt>
   <trkpt lat="48.3737163" lon="7.3640982">
    <ele>614</ele>
</trkpt>
   <trkpt lat="48.3737098" lon="7.3640753">
    <ele>614</ele>
</trkpt>
   <trkpt lat="48.3737033" lon="7.3640514">
    <ele>614</ele>
</trkpt>
   <trkpt lat="48.3736969" lon="7.3640276">
    <ele>614</ele>
</trkpt>
   <trkpt lat="48.3736900" lon="7.3640050">
    <ele>615</ele>
</trkpt>
   <trkpt lat="48.3736831" lon="7.3639825">
    <ele>615</ele>
</trkpt>
   <trkpt lat="48.3736773" lon="7.3639609">
    <ele>615</ele>
</trkpt>
   <trkpt lat="48.3736715" lon="7.3639393">
    <ele>615</ele>
</trkpt>
   <trkpt lat="48.3736665" lon="7.3639171">
    <ele>615</ele>
</trkpt>
   <trkpt lat="48.3736616" lon="7.3638950">
    <ele>616</ele>
</trkpt>
   <trkpt lat="48.3736575" lon="7.3638741">
    <ele>616</ele>
</trkpt>
   <trkpt lat="48.3736534" lon="7.3638532">
    <ele>616</ele>
</trkpt>
   <trkpt lat="48.3736504" lon="7.3638322">
    <ele>616</ele>
</trkpt>
   <trkpt lat="48.3736475" lon="7.3638113">
    <ele>616</ele>
</trkpt>
   <trkpt lat="48.3736452" lon="7.3637884">
    <ele>617</ele>
</trkpt>
   <trkpt lat="48.3736429" lon="7.3637656">
    <ele>617</ele>
</trkpt>
   <trkpt lat="48.3736410" lon="7.3637399">
    <ele>617</ele>
</trkpt>
   <trkpt lat="48.3736392" lon="7.3637142">
    <ele>617</ele>
</trkpt>
   <trkpt lat="48.3736354" lon="7.3636904">
    <ele>617</ele>
</trkpt>
   <trkpt lat="48.3736317" lon="7.3636666">
    <ele>617</ele>
</trkpt>
   <trkpt lat="48.3736277" lon="7.3636468">
    <ele>617</ele>
</trkpt>
   <trkpt lat="48.3736237" lon="7.3636271">
    <ele>617</ele>
</trkpt>
   <trkpt lat="48.3736194" lon="7.3636081">
    <ele>617</ele>
</trkpt>
   <trkpt lat="48.3736151" lon="7.3635891">
    <ele>617</ele>
</trkpt>
   <trkpt lat="48.3736099" lon="7.3635694">
    <ele>617</ele>
</trkpt>
   <trkpt lat="48.3736047" lon="7.3635498">
    <ele>617</ele>
</trkpt>
   <trkpt lat="48.3735993" lon="7.3635294">
    <ele>617</ele>
</trkpt>
   <trkpt lat="48.3735939" lon="7.3635090">
    <ele>617</ele>
</trkpt>
   <trkpt lat="48.3735887" lon="7.3634871">
    <ele>617</ele>
</trkpt>
   <trkpt lat="48.3735835" lon="7.3634652">
    <ele>618</ele>
</trkpt>
   <trkpt lat="48.3735790" lon="7.3634410">
    <ele>618</ele>
</trkpt>
   <trkpt lat="48.3735746" lon="7.3634169">
    <ele>618</ele>
</trkpt>
   <trkpt lat="48.3735715" lon="7.3633930">
    <ele>618</ele>
</trkpt>
   <trkpt lat="48.3735685" lon="7.3633692">
    <ele>618</ele>
</trkpt>
   <trkpt lat="48.3735652" lon="7.3633472">
    <ele>618</ele>
</trkpt>
   <trkpt lat="48.3735619" lon="7.3633253">
    <ele>618</ele>
</trkpt>
   <trkpt lat="48.3735576" lon="7.3633043">
    <ele>618</ele>
</trkpt>
   <trkpt lat="48.3735533" lon="7.3632833">
    <ele>618</ele>
</trkpt>
   <trkpt lat="48.3735485" lon="7.3632630">
    <ele>618</ele>
</trkpt>
   <trkpt lat="48.3735438" lon="7.3632428">
    <ele>618</ele>
</trkpt>
   <trkpt lat="48.3735407" lon="7.3632233">
    <ele>618</ele>
</trkpt>
   <trkpt lat="48.3735377" lon="7.3632038">
    <ele>618</ele>
</trkpt>
   <trkpt lat="48.3735345" lon="7.3631847">
    <ele>618</ele>
</trkpt>
   <trkpt lat="48.3735314" lon="7.3631657">
    <ele>618</ele>
</trkpt>
   <trkpt lat="48.3735285" lon="7.3631471">
    <ele>619</ele>
</trkpt>
   <trkpt lat="48.3735256" lon="7.3631285">
    <ele>619</ele>
</trkpt>
   <trkpt lat="48.3735218" lon="7.3631089">
    <ele>619</ele>
</trkpt>
   <trkpt lat="48.3735180" lon="7.3630893">
    <ele>619</ele>
</trkpt>
   <trkpt lat="48.3735141" lon="7.3630694">
    <ele>619</ele>
</trkpt>
   <trkpt lat="48.3735103" lon="7.3630495">
    <ele>620</ele>
</trkpt>
   <trkpt lat="48.3735057" lon="7.3630292">
    <ele>620</ele>
</trkpt>
   <trkpt lat="48.3735012" lon="7.3630089">
    <ele>620</ele>
</trkpt>
   <trkpt lat="48.3734957" lon="7.3629884">
    <ele>620</ele>
</trkpt>
   <trkpt lat="48.3734903" lon="7.3629680">
    <ele>620</ele>
</trkpt>
   <trkpt lat="48.3734864" lon="7.3629484">
    <ele>621</ele>
</trkpt>
   <trkpt lat="48.3734826" lon="7.3629289">
    <ele>621</ele>
</trkpt>
   <trkpt lat="48.3734798" lon="7.3629096">
    <ele>621</ele>
</trkpt>
   <trkpt lat="48.3734771" lon="7.3628903">
    <ele>621</ele>
</trkpt>
   <trkpt lat="48.3734747" lon="7.3628703">
    <ele>621</ele>
</trkpt>
   <trkpt lat="48.3734724" lon="7.3628504">
    <ele>621</ele>
</trkpt>
   <trkpt lat="48.3734695" lon="7.3628289">
    <ele>621</ele>
</trkpt>
   <trkpt lat="48.3734667" lon="7.3628074">
    <ele>621</ele>
</trkpt>
   <trkpt lat="48.3734637" lon="7.3627850">
    <ele>621</ele>
</trkpt>
   <trkpt lat="48.3734608" lon="7.3627627">
    <ele>621</ele>
</trkpt>
   <trkpt lat="48.3734581" lon="7.3627422">
    <ele>622</ele>
</trkpt>
   <trkpt lat="48.3734554" lon="7.3627217">
    <ele>622</ele>
</trkpt>
   <trkpt lat="48.3734517" lon="7.3627019">
    <ele>622</ele>
</trkpt>
   <trkpt lat="48.3734481" lon="7.3626822">
    <ele>622</ele>
</trkpt>
   <trkpt lat="48.3734428" lon="7.3626603">
    <ele>622</ele>
</trkpt>
   <trkpt lat="48.3734376" lon="7.3626384">
    <ele>622</ele>
</trkpt>
   <trkpt lat="48.3734331" lon="7.3626162">
    <ele>622</ele>
</trkpt>
   <trkpt lat="48.3734286" lon="7.3625940">
    <ele>622</ele>
</trkpt>
   <trkpt lat="48.3734287" lon="7.3625767">
    <ele>622</ele>
</trkpt>
   <trkpt lat="48.3734289" lon="7.3625594">
    <ele>622</ele>
</trkpt>
   <trkpt lat="48.3734298" lon="7.3625429">
    <ele>623</ele>
</trkpt>
   <trkpt lat="48.3734308" lon="7.3625265">
    <ele>623</ele>
</trkpt>
   <trkpt lat="48.3734296" lon="7.3625090">
    <ele>623</ele>
</trkpt>
   <trkpt lat="48.3734285" lon="7.3624915">
    <ele>623</ele>
</trkpt>
   <trkpt lat="48.3734252" lon="7.3624747">
    <ele>623</ele>
</trkpt>
   <trkpt lat="48.3734220" lon="7.3624580">
    <ele>624</ele>
</trkpt>
   <trkpt lat="48.3734175" lon="7.3624422">
    <ele>624</ele>
</trkpt>
   <trkpt lat="48.3734131" lon="7.3624264">
    <ele>624</ele>
</trkpt>
   <trkpt lat="48.3734066" lon="7.3624126">
    <ele>625</ele>
</trkpt>
   <trkpt lat="48.3734002" lon="7.3623988">
    <ele>625</ele>
</trkpt>
   <trkpt lat="48.3733949" lon="7.3623846">
    <ele>626</ele>
</trkpt>
   <trkpt lat="48.3733897" lon="7.3623705">
    <ele>626</ele>
</trkpt>
   <trkpt lat="48.3733869" lon="7.3623534">
    <ele>626</ele>
</trkpt>
   <trkpt lat="48.3733841" lon="7.3623364">
    <ele>626</ele>
</trkpt>
   <trkpt lat="48.3733835" lon="7.3623177">
    <ele>626</ele>
</trkpt>
   <trkpt lat="48.3733829" lon="7.3622991">
    <ele>627</ele>
</trkpt>
   <trkpt lat="48.3733846" lon="7.3622800">
    <ele>627</ele>
</trkpt>
   <trkpt lat="48.3733864" lon="7.3622609">
    <ele>627</ele>
</trkpt>
   <trkpt lat="48.3733872" lon="7.3622397">
    <ele>627</ele>
</trkpt>
   <trkpt lat="48.3733881" lon="7.3622185">
    <ele>627</ele>
</trkpt>
   <trkpt lat="48.3733862" lon="7.3621962">
    <ele>628</ele>
</trkpt>
   <trkpt lat="48.3733844" lon="7.3621739">
    <ele>628</ele>
</trkpt>
   <trkpt lat="48.3733792" lon="7.3621516">
    <ele>628</ele>
</trkpt>
   <trkpt lat="48.3733740" lon="7.3621294">
    <ele>628</ele>
</trkpt>
   <trkpt lat="48.3733671" lon="7.3621065">
    <ele>628</ele>
</trkpt>
   <trkpt lat="48.3733603" lon="7.3620836">
    <ele>629</ele>
</trkpt>
   <trkpt lat="48.3733540" lon="7.3620618">
    <ele>629</ele>
</trkpt>
   <trkpt lat="48.3733477" lon="7.3620401">
    <ele>629</ele>
</trkpt>
   <trkpt lat="48.3733427" lon="7.3620207">
    <ele>629</ele>
</trkpt>
   <trkpt lat="48.3733377" lon="7.3620014">
    <ele>629</ele>
</trkpt>
   <trkpt lat="48.3733344" lon="7.3619853">
    <ele>629</ele>
</trkpt>
   <trkpt lat="48.3733312" lon="7.3619693">
    <ele>629</ele>
</trkpt>
   <trkpt lat="48.3733279" lon="7.3619523">
    <ele>629</ele>
</trkpt>
   <trkpt lat="48.3733247" lon="7.3619354">
    <ele>629</ele>
</trkpt>
   <trkpt lat="48.3733201" lon="7.3619134">
    <ele>629</ele>
</trkpt>
   <trkpt lat="48.3733155" lon="7.3618915">
    <ele>630</ele>
</trkpt>
   <trkpt lat="48.3733085" lon="7.3618635">
    <ele>630</ele>
</trkpt>
   <trkpt lat="48.3733016" lon="7.3618355">
    <ele>630</ele>
</trkpt>
   <trkpt lat="48.3732929" lon="7.3618015">
    <ele>630</ele>
</trkpt>
   <trkpt lat="48.3732842" lon="7.3617675">
    <ele>630</ele>
</trkpt>
   <trkpt lat="48.3732754" lon="7.3617303">
    <ele>630</ele>
</trkpt>
   <trkpt lat="48.3732666" lon="7.3616932">
    <ele>630</ele>
</trkpt>
   <trkpt lat="48.3732571" lon="7.3616549">
    <ele>630</ele>
</trkpt>
   <trkpt lat="48.3732476" lon="7.3616166">
    <ele>630</ele>
</trkpt>
   <trkpt lat="48.3732385" lon="7.3615797">
    <ele>630</ele>
</trkpt>
   <trkpt lat="48.3732295" lon="7.3615428">
    <ele>631</ele>
</trkpt>
   <trkpt lat="48.3732184" lon="7.3615083">
    <ele>631</ele>
</trkpt>
   <trkpt lat="48.3732074" lon="7.3614739">
    <ele>631</ele>
</trkpt>
   <trkpt lat="48.3731923" lon="7.3614400">
    <ele>631</ele>
</trkpt>
   <trkpt lat="48.3731772" lon="7.3614061">
    <ele>631</ele>
</trkpt>
   <trkpt lat="48.3731590" lon="7.3613713">
    <ele>631</ele>
</trkpt>
   <trkpt lat="48.3731408" lon="7.3613365">
    <ele>630</ele>
</trkpt>
   <trkpt lat="48.3731230" lon="7.3613010">
    <ele>630</ele>
</trkpt>
   <trkpt lat="48.3731053" lon="7.3612656">
    <ele>630</ele>
</trkpt>
   <trkpt lat="48.3730899" lon="7.3612304">
    <ele>630</ele>
</trkpt>
   <trkpt lat="48.3730745" lon="7.3611952">
    <ele>630</ele>
</trkpt>
   <trkpt lat="48.3730627" lon="7.3611592">
    <ele>630</ele>
</trkpt>
   <trkpt lat="48.3730509" lon="7.3611233">
    <ele>630</ele>
</trkpt>
   <trkpt lat="48.3730399" lon="7.3610877">
    <ele>630</ele>
</trkpt>
   <trkpt lat="48.3730289" lon="7.3610522">
    <ele>630</ele>
</trkpt>
   <trkpt lat="48.3730196" lon="7.3610171">
    <ele>631</ele>
</trkpt>
   <trkpt lat="48.3730103" lon="7.3609821">
    <ele>631</ele>
</trkpt>
   <trkpt lat="48.3730034" lon="7.3609479">
    <ele>631</ele>
</trkpt>
   <trkpt lat="48.3729965" lon="7.3609137">
    <ele>631</ele>
</trkpt>
   <trkpt lat="48.3729904" lon="7.3608788">
    <ele>631</ele>
</trkpt>
   <trkpt lat="48.3729844" lon="7.3608439">
    <ele>632</ele>
</trkpt>
   <trkpt lat="48.3729777" lon="7.3608083">
    <ele>632</ele>
</trkpt>
   <trkpt lat="48.3729710" lon="7.3607727">
    <ele>632</ele>
</trkpt>
   <trkpt lat="48.3729637" lon="7.3607376">
    <ele>632</ele>
</trkpt>
   <trkpt lat="48.3729565" lon="7.3607026">
    <ele>632</ele>
</trkpt>
   <trkpt lat="48.3729499" lon="7.3606680">
    <ele>632</ele>
</trkpt>
   <trkpt lat="48.3729434" lon="7.3606335">
    <ele>632</ele>
</trkpt>
   <trkpt lat="48.3729371" lon="7.3606003">
    <ele>632</ele>
</trkpt>
   <trkpt lat="48.3729309" lon="7.3605671">
    <ele>632</ele>
</trkpt>
   <trkpt lat="48.3729208" lon="7.3605333">
    <ele>632</ele>
</trkpt>
   <trkpt lat="48.3729108" lon="7.3604995">
    <ele>632</ele>
</trkpt>
   <trkpt lat="48.3728974" lon="7.3604669">
    <ele>632</ele>
</trkpt>
   <trkpt lat="48.3728840" lon="7.3604343">
    <ele>632</ele>
</trkpt>
   <trkpt lat="48.3728691" lon="7.3604063">
    <ele>632</ele>
</trkpt>
   <trkpt lat="48.3728542" lon="7.3603784">
    <ele>632</ele>
</trkpt>
   <trkpt lat="48.3728409" lon="7.3603484">
    <ele>633</ele>
</trkpt>
   <trkpt lat="48.3728276" lon="7.3603184">
    <ele>633</ele>
</trkpt>
   <trkpt lat="48.3728179" lon="7.3602862">
    <ele>633</ele>
</trkpt>
   <trkpt lat="48.3728082" lon="7.3602540">
    <ele>633</ele>
</trkpt>
   <trkpt lat="48.3727999" lon="7.3602216">
    <ele>633</ele>
</trkpt>
   <trkpt lat="48.3727917" lon="7.3601893">
    <ele>634</ele>
</trkpt>
   <trkpt lat="48.3727828" lon="7.3601539">
    <ele>634</ele>
</trkpt>
   <trkpt lat="48.3727740" lon="7.3601186">
    <ele>634</ele>
</trkpt>
   <trkpt lat="48.3727646" lon="7.3600851">
    <ele>634</ele>
</trkpt>
   <trkpt lat="48.3727553" lon="7.3600516">
    <ele>634</ele>
</trkpt>
   <trkpt lat="48.3727438" lon="7.3600194">
    <ele>634</ele>
</trkpt>
   <trkpt lat="48.3727324" lon="7.3599873">
    <ele>634</ele>
</trkpt>
   <trkpt lat="48.3727191" lon="7.3599539">
    <ele>634</ele>
</trkpt>
   <trkpt lat="48.3727058" lon="7.3599205">
    <ele>634</ele>
</trkpt>
   <trkpt lat="48.3726908" lon="7.3598881">
    <ele>634</ele>
</trkpt>
   <trkpt lat="48.3726759" lon="7.3598558">
    <ele>634</ele>
</trkpt>
   <trkpt lat="48.3726591" lon="7.3598276">
    <ele>634</ele>
</trkpt>
   <trkpt lat="48.3726423" lon="7.3597995">
    <ele>634</ele>
</trkpt>
   <trkpt lat="48.3726246" lon="7.3597730">
    <ele>634</ele>
</trkpt>
   <trkpt lat="48.3726070" lon="7.3597465">
    <ele>634</ele>
</trkpt>
   <trkpt lat="48.3725910" lon="7.3597206">
    <ele>635</ele>
</trkpt>
   <trkpt lat="48.3725750" lon="7.3596947">
    <ele>635</ele>
</trkpt>
   <trkpt lat="48.3725585" lon="7.3596697">
    <ele>635</ele>
</trkpt>
   <trkpt lat="48.3725420" lon="7.3596447">
    <ele>635</ele>
</trkpt>
   <trkpt lat="48.3725232" lon="7.3596206">
    <ele>635</ele>
</trkpt>
   <trkpt lat="48.3725045" lon="7.3595966">
    <ele>636</ele>
</trkpt>
   <trkpt lat="48.3724833" lon="7.3595721">
    <ele>636</ele>
</trkpt>
   <trkpt lat="48.3724622" lon="7.3595476">
    <ele>636</ele>
</trkpt>
   <trkpt lat="48.3724415" lon="7.3595225">
    <ele>636</ele>
</trkpt>
   <trkpt lat="48.3724209" lon="7.3594975">
    <ele>636</ele>
</trkpt>
   <trkpt lat="48.3724029" lon="7.3594736">
    <ele>637</ele>
</trkpt>
   <trkpt lat="48.3723850" lon="7.3594497">
    <ele>637</ele>
</trkpt>
   <trkpt lat="48.3723697" lon="7.3594250">
    <ele>637</ele>
</trkpt>
   <trkpt lat="48.3723544" lon="7.3594004">
    <ele>637</ele>
</trkpt>
   <trkpt lat="48.3723377" lon="7.3593728">
    <ele>637</ele>
</trkpt>
   <trkpt lat="48.3723211" lon="7.3593452">
    <ele>638</ele>
</trkpt>
   <trkpt lat="48.3723044" lon="7.3593154">
    <ele>638</ele>
</trkpt>
   <trkpt lat="48.3722878" lon="7.3592857">
    <ele>638</ele>
</trkpt>
   <trkpt lat="48.3722732" lon="7.3592557">
    <ele>638</ele>
</trkpt>
   <trkpt lat="48.3722587" lon="7.3592258">
    <ele>638</ele>
</trkpt>
   <trkpt lat="48.3722457" lon="7.3591970">
    <ele>639</ele>
</trkpt>
   <trkpt lat="48.3722327" lon="7.3591682">
    <ele>639</ele>
</trkpt>
   <trkpt lat="48.3722195" lon="7.3591410">
    <ele>639</ele>
</trkpt>
   <trkpt lat="48.3722063" lon="7.3591139">
    <ele>639</ele>
</trkpt>
   <trkpt lat="48.3721936" lon="7.3590877">
    <ele>639</ele>
</trkpt>
   <trkpt lat="48.3721810" lon="7.3590616">
    <ele>640</ele>
</trkpt>
   <trkpt lat="48.3721690" lon="7.3590332">
    <ele>640</ele>
</trkpt>
   <trkpt lat="48.3721570" lon="7.3590048">
    <ele>640</ele>
</trkpt>
   <trkpt lat="48.3721448" lon="7.3589740">
    <ele>640</ele>
</trkpt>
   <trkpt lat="48.3721327" lon="7.3589432">
    <ele>640</ele>
</trkpt>
   <trkpt lat="48.3721196" lon="7.3589092">
    <ele>640</ele>
</trkpt>
   <trkpt lat="48.3721065" lon="7.3588753">
    <ele>640</ele>
</trkpt>
   <trkpt lat="48.3720945" lon="7.3588411">
    <ele>640</ele>
</trkpt>
   <trkpt lat="48.3720825" lon="7.3588069">
    <ele>640</ele>
</trkpt>
   <trkpt lat="48.3720719" lon="7.3587748">
    <ele>640</ele>
</trkpt>
   <trkpt lat="48.3720614" lon="7.3587427">
    <ele>641</ele>
</trkpt>
   <trkpt lat="48.3720520" lon="7.3587129">
    <ele>641</ele>
</trkpt>
   <trkpt lat="48.3720427" lon="7.3586831">
    <ele>641</ele>
</trkpt>
   <trkpt lat="48.3720313" lon="7.3586553">
    <ele>641</ele>
</trkpt>
   <trkpt lat="48.3720200" lon="7.3586275">
    <ele>641</ele>
</trkpt>
   <trkpt lat="48.3720048" lon="7.3586004">
    <ele>642</ele>
</trkpt>
   <trkpt lat="48.3719896" lon="7.3585733">
    <ele>642</ele>
</trkpt>
   <trkpt lat="48.3719739" lon="7.3585467">
    <ele>642</ele>
</trkpt>
   <trkpt lat="48.3719583" lon="7.3585202">
    <ele>642</ele>
</trkpt>
   <trkpt lat="48.3719429" lon="7.3584933">
    <ele>642</ele>
</trkpt>
   <trkpt lat="48.3719275" lon="7.3584665">
    <ele>642</ele>
</trkpt>
   <trkpt lat="48.3719113" lon="7.3584426">
    <ele>642</ele>
</trkpt>
   <trkpt lat="48.3718951" lon="7.3584188">
    <ele>642</ele>
</trkpt>
   <trkpt lat="48.3718775" lon="7.3583949">
    <ele>642</ele>
</trkpt>
   <trkpt lat="48.3718599" lon="7.3583711">
    <ele>642</ele>
</trkpt>
   <trkpt lat="48.3718422" lon="7.3583447">
    <ele>643</ele>
</trkpt>
   <trkpt lat="48.3718245" lon="7.3583184">
    <ele>643</ele>
</trkpt>
   <trkpt lat="48.3718068" lon="7.3582923">
    <ele>643</ele>
</trkpt>
   <trkpt lat="48.3717891" lon="7.3582663">
    <ele>643</ele>
</trkpt>
   <trkpt lat="48.3717717" lon="7.3582427">
    <ele>643</ele>
</trkpt>
   <trkpt lat="48.3717543" lon="7.3582192">
    <ele>643</ele>
</trkpt>
   <trkpt lat="48.3717361" lon="7.3581951">
    <ele>643</ele>
</trkpt>
   <trkpt lat="48.3717180" lon="7.3581711">
    <ele>643</ele>
</trkpt>
   <trkpt lat="48.3716994" lon="7.3581460">
    <ele>643</ele>
</trkpt>
   <trkpt lat="48.3716808" lon="7.3581209">
    <ele>643</ele>
</trkpt>
   <trkpt lat="48.3716629" lon="7.3580951">
    <ele>644</ele>
</trkpt>
   <trkpt lat="48.3716451" lon="7.3580693">
    <ele>644</ele>
</trkpt>
   <trkpt lat="48.3716279" lon="7.3580438">
    <ele>644</ele>
</trkpt>
   <trkpt lat="48.3716108" lon="7.3580183">
    <ele>644</ele>
</trkpt>
   <trkpt lat="48.3715938" lon="7.3579938">
    <ele>644</ele>
</trkpt>
   <trkpt lat="48.3715769" lon="7.3579694">
    <ele>645</ele>
</trkpt>
   <trkpt lat="48.3715612" lon="7.3579471">
    <ele>645</ele>
</trkpt>
   <trkpt lat="48.3715456" lon="7.3579248">
    <ele>645</ele>
</trkpt>
   <trkpt lat="48.3715303" lon="7.3579029">
    <ele>645</ele>
</trkpt>
   <trkpt lat="48.3715151" lon="7.3578811">
    <ele>645</ele>
</trkpt>
   <trkpt lat="48.3714984" lon="7.3578605">
    <ele>645</ele>
</trkpt>
   <trkpt lat="48.3714817" lon="7.3578399">
    <ele>645</ele>
</trkpt>
   <trkpt lat="48.3714651" lon="7.3578191">
    <ele>645</ele>
</trkpt>
   <trkpt lat="48.3714485" lon="7.3577984">
    <ele>645</ele>
</trkpt>
   <trkpt lat="48.3714344" lon="7.3577733">
    <ele>645</ele>
</trkpt>
   <trkpt lat="48.3714204" lon="7.3577482">
    <ele>646</ele>
</trkpt>
   <trkpt lat="48.3714065" lon="7.3577204">
    <ele>646</ele>
</trkpt>
   <trkpt lat="48.3713927" lon="7.3576926">
    <ele>646</ele>
</trkpt>
   <trkpt lat="48.3713766" lon="7.3576650">
    <ele>646</ele>
</trkpt>
   <trkpt lat="48.3713606" lon="7.3576374">
    <ele>646</ele>
</trkpt>
   <trkpt lat="48.3713448" lon="7.3576077">
    <ele>646</ele>
</trkpt>
   <trkpt lat="48.3713291" lon="7.3575780">
    <ele>646</ele>
</trkpt>
   <trkpt lat="48.3713151" lon="7.3575464">
    <ele>646</ele>
</trkpt>
   <trkpt lat="48.3713011" lon="7.3575149">
    <ele>646</ele>
</trkpt>
   <trkpt lat="48.3712866" lon="7.3574816">
    <ele>646</ele>
</trkpt>
   <trkpt lat="48.3712722" lon="7.3574483">
    <ele>647</ele>
</trkpt>
   <trkpt lat="48.3712590" lon="7.3574134">
    <ele>647</ele>
</trkpt>
   <trkpt lat="48.3712459" lon="7.3573785">
    <ele>647</ele>
</trkpt>
   <trkpt lat="48.3712378" lon="7.3573431">
    <ele>647</ele>
</trkpt>
   <trkpt lat="48.3712298" lon="7.3573077">
    <ele>647</ele>
</trkpt>
   <trkpt lat="48.3712268" lon="7.3572722">
    <ele>647</ele>
</trkpt>
   <trkpt lat="48.3712238" lon="7.3572368">
    <ele>647</ele>
</trkpt>
   <trkpt lat="48.3712232" lon="7.3572019">
    <ele>647</ele>
</trkpt>
   <trkpt lat="48.3712227" lon="7.3571671">
    <ele>647</ele>
</trkpt>
   <trkpt lat="48.3712231" lon="7.3571314">
    <ele>647</ele>
</trkpt>
   <trkpt lat="48.3712235" lon="7.3570958">
    <ele>648</ele>
</trkpt>
   <trkpt lat="48.3712242" lon="7.3570601">
    <ele>648</ele>
</trkpt>
   <trkpt lat="48.3712249" lon="7.3570245">
    <ele>648</ele>
</trkpt>
   <trkpt lat="48.3712263" lon="7.3569877">
    <ele>649</ele>
</trkpt>
   <trkpt lat="48.3712277" lon="7.3569509">
    <ele>649</ele>
</trkpt>
   <trkpt lat="48.3712292" lon="7.3569150">
    <ele>650</ele>
</trkpt>
   <trkpt lat="48.3712307" lon="7.3568792">
    <ele>650</ele>
</trkpt>
   <trkpt lat="48.3712315" lon="7.3568467">
    <ele>650</ele>
</trkpt>
   <trkpt lat="48.3712323" lon="7.3568142">
    <ele>650</ele>
</trkpt>
   <trkpt lat="48.3712285" lon="7.3567819">
    <ele>650</ele>
</trkpt>
   <trkpt lat="48.3712247" lon="7.3567496">
    <ele>651</ele>
</trkpt>
   <trkpt lat="48.3712166" lon="7.3567181">
    <ele>651</ele>
</trkpt>
   <trkpt lat="48.3712085" lon="7.3566866">
    <ele>651</ele>
</trkpt>
   <trkpt lat="48.3711975" lon="7.3566567">
    <ele>651</ele>
</trkpt>
   <trkpt lat="48.3711866" lon="7.3566269">
    <ele>651</ele>
</trkpt>
   <trkpt lat="48.3711758" lon="7.3565967">
    <ele>651</ele>
</trkpt>
   <trkpt lat="48.3711651" lon="7.3565665">
    <ele>651</ele>
</trkpt>
   <trkpt lat="48.3711539" lon="7.3565362">
    <ele>651</ele>
</trkpt>
   <trkpt lat="48.3711427" lon="7.3565059">
    <ele>651</ele>
</trkpt>
   <trkpt lat="48.3711318" lon="7.3564779">
    <ele>651</ele>
</trkpt>
   <trkpt lat="48.3711210" lon="7.3564500">
    <ele>652</ele>
</trkpt>
   <trkpt lat="48.3711095" lon="7.3564217">
    <ele>652</ele>
</trkpt>
   <trkpt lat="48.3710980" lon="7.3563934">
    <ele>652</ele>
</trkpt>
   <trkpt lat="48.3710874" lon="7.3563651">
    <ele>652</ele>
</trkpt>
   <trkpt lat="48.3710768" lon="7.3563369">
    <ele>652</ele>
</trkpt>
   <trkpt lat="48.3710663" lon="7.3563070">
    <ele>653</ele>
</trkpt>
   <trkpt lat="48.3710558" lon="7.3562772">
    <ele>653</ele>
</trkpt>
   <trkpt lat="48.3710423" lon="7.3562464">
    <ele>653</ele>
</trkpt>
   <trkpt lat="48.3710289" lon="7.3562156">
    <ele>653</ele>
</trkpt>
   <trkpt lat="48.3710144" lon="7.3561866">
    <ele>653</ele>
</trkpt>
   <trkpt lat="48.3710000" lon="7.3561577">
    <ele>654</ele>
</trkpt>
   <trkpt lat="48.3709883" lon="7.3561319">
    <ele>654</ele>
</trkpt>
   <trkpt lat="48.3709766" lon="7.3561062">
    <ele>654</ele>
</trkpt>
   <trkpt lat="48.3709705" lon="7.3560835">
    <ele>654</ele>
</trkpt>
   <trkpt lat="48.3709645" lon="7.3560608">
    <ele>654</ele>
</trkpt>
   <trkpt lat="48.3709607" lon="7.3560384">
    <ele>655</ele>
</trkpt>
   <trkpt lat="48.3709569" lon="7.3560161">
    <ele>655</ele>
</trkpt>
   <trkpt lat="48.3709526" lon="7.3559955">
    <ele>655</ele>
</trkpt>
   <trkpt lat="48.3709484" lon="7.3559750">
    <ele>655</ele>
</trkpt>
   <trkpt lat="48.3709438" lon="7.3559560">
    <ele>655</ele>
</trkpt>
   <trkpt lat="48.3709393" lon="7.3559370">
    <ele>656</ele>
</trkpt>
   <trkpt lat="48.3709351" lon="7.3559210">
    <ele>656</ele>
</trkpt>
   <trkpt lat="48.3709310" lon="7.3559050">
    <ele>656</ele>
</trkpt>
   <trkpt lat="48.3709270" lon="7.3558872">
    <ele>656</ele>
</trkpt>
   <trkpt lat="48.3709231" lon="7.3558695">
    <ele>656</ele>
</trkpt>
   <trkpt lat="48.3709185" lon="7.3558495">
    <ele>656</ele>
</trkpt>
   <trkpt lat="48.3709140" lon="7.3558295">
    <ele>656</ele>
</trkpt>
   <trkpt lat="48.3709090" lon="7.3558084">
    <ele>656</ele>
</trkpt>
   <trkpt lat="48.3709041" lon="7.3557873">
    <ele>656</ele>
</trkpt>
   <trkpt lat="48.3708988" lon="7.3557688">
    <ele>656</ele>
</trkpt>
   <trkpt lat="48.3708935" lon="7.3557504">
    <ele>657</ele>
</trkpt>
   <trkpt lat="48.3708882" lon="7.3557345">
    <ele>657</ele>
</trkpt>
   <trkpt lat="48.3708830" lon="7.3557186">
    <ele>657</ele>
</trkpt>
   <trkpt lat="48.3708785" lon="7.3557038">
    <ele>657</ele>
</trkpt>
   <trkpt lat="48.3708741" lon="7.3556890">
    <ele>657</ele>
</trkpt>
   <trkpt lat="48.3708704" lon="7.3556723">
    <ele>658</ele>
</trkpt>
   <trkpt lat="48.3708668" lon="7.3556557">
    <ele>658</ele>
</trkpt>
   <trkpt lat="48.3708645" lon="7.3556373">
    <ele>658</ele>
</trkpt>
   <trkpt lat="48.3708623" lon="7.3556189">
    <ele>658</ele>
</trkpt>
   <trkpt lat="48.3708615" lon="7.3555992">
    <ele>658</ele>
</trkpt>
   <trkpt lat="48.3708607" lon="7.3555796">
    <ele>659</ele>
</trkpt>
   <trkpt lat="48.3708611" lon="7.3555590">
    <ele>659</ele>
</trkpt>
   <trkpt lat="48.3708615" lon="7.3555384">
    <ele>659</ele>
</trkpt>
   <trkpt lat="48.3708618" lon="7.3555147">
    <ele>659</ele>
</trkpt>
   <trkpt lat="48.3708621" lon="7.3554910">
    <ele>659</ele>
</trkpt>
   <trkpt lat="48.3708599" lon="7.3554656">
    <ele>660</ele>
</trkpt>
   <trkpt lat="48.3708577" lon="7.3554403">
    <ele>660</ele>
</trkpt>
   <trkpt lat="48.3708532" lon="7.3554167">
    <ele>660</ele>
</trkpt>
   <trkpt lat="48.3708488" lon="7.3553932">
    <ele>660</ele>
</trkpt>
   <trkpt lat="48.3708433" lon="7.3553731">
    <ele>660</ele>
</trkpt>
   <trkpt lat="48.3708379" lon="7.3553530">
    <ele>661</ele>
</trkpt>
   <trkpt lat="48.3708333" lon="7.3553362">
    <ele>661</ele>
</trkpt>
   <trkpt lat="48.3708288" lon="7.3553194">
    <ele>661</ele>
</trkpt>
   <trkpt lat="48.3708255" lon="7.3553023">
    <ele>661</ele>
</trkpt>
   <trkpt lat="48.3708222" lon="7.3552853">
    <ele>661</ele>
</trkpt>
   <trkpt lat="48.3708188" lon="7.3552685">
    <ele>661</ele>
</trkpt>
   <trkpt lat="48.3708155" lon="7.3552517">
    <ele>660</ele>
</trkpt>
   <trkpt lat="48.3708107" lon="7.3552348">
    <ele>660</ele>
</trkpt>
   <trkpt lat="48.3708059" lon="7.3552179">
    <ele>659</ele>
</trkpt>
   <trkpt lat="48.3707980" lon="7.3551990">
    <ele>659</ele>
</trkpt>
   <trkpt lat="48.3707902" lon="7.3551801">
    <ele>659</ele>
</trkpt>
   <trkpt lat="48.3707827" lon="7.3551607">
    <ele>659</ele>
</trkpt>
   <trkpt lat="48.3707752" lon="7.3551414">
    <ele>659</ele>
</trkpt>
   <trkpt lat="48.3707698" lon="7.3551207">
    <ele>659</ele>
</trkpt>
   <trkpt lat="48.3707645" lon="7.3551001">
    <ele>659</ele>
</trkpt>
   <trkpt lat="48.3707609" lon="7.3550775">
    <ele>659</ele>
</trkpt>
   <trkpt lat="48.3707573" lon="7.3550550">
    <ele>659</ele>
</trkpt>
   <trkpt lat="48.3707535" lon="7.3550327">
    <ele>659</ele>
</trkpt>
   <trkpt lat="48.3707497" lon="7.3550105">
    <ele>660</ele>
</trkpt>
   <trkpt lat="48.3707462" lon="7.3549869">
    <ele>660</ele>
</trkpt>
   <trkpt lat="48.3707428" lon="7.3549633">
    <ele>661</ele>
</trkpt>
   <trkpt lat="48.3707405" lon="7.3549404">
    <ele>661</ele>
</trkpt>
   <trkpt lat="48.3707383" lon="7.3549175">
    <ele>661</ele>
</trkpt>
   <trkpt lat="48.3707368" lon="7.3548950">
    <ele>662</ele>
</trkpt>
   <trkpt lat="48.3707354" lon="7.3548726">
    <ele>662</ele>
</trkpt>
   <trkpt lat="48.3707336" lon="7.3548519">
    <ele>663</ele>
</trkpt>
   <trkpt lat="48.3707319" lon="7.3548313">
    <ele>663</ele>
</trkpt>
   <trkpt lat="48.3707295" lon="7.3548116">
    <ele>663</ele>
</trkpt>
   <trkpt lat="48.3707272" lon="7.3547920">
    <ele>663</ele>
</trkpt>
   <trkpt lat="48.3707239" lon="7.3547716">
    <ele>663</ele>
</trkpt>
   <trkpt lat="48.3707206" lon="7.3547512">
    <ele>663</ele>
</trkpt>
   <trkpt lat="48.3707176" lon="7.3547301">
    <ele>663</ele>
</trkpt>
   <trkpt lat="48.3707146" lon="7.3547091">
    <ele>663</ele>
</trkpt>
   <trkpt lat="48.3707118" lon="7.3546879">
    <ele>663</ele>
</trkpt>
   <trkpt lat="48.3707090" lon="7.3546667">
    <ele>663</ele>
</trkpt>
   <trkpt lat="48.3707069" lon="7.3546448">
    <ele>663</ele>
</trkpt>
   <trkpt lat="48.3707049" lon="7.3546230">
    <ele>663</ele>
</trkpt>
   <trkpt lat="48.3707035" lon="7.3546022">
    <ele>663</ele>
</trkpt>
   <trkpt lat="48.3707022" lon="7.3545814">
    <ele>663</ele>
</trkpt>
   <trkpt lat="48.3706999" lon="7.3545621">
    <ele>663</ele>
</trkpt>
   <trkpt lat="48.3706977" lon="7.3545429">
    <ele>663</ele>
</trkpt>
   <trkpt lat="48.3706948" lon="7.3545263">
    <ele>663</ele>
</trkpt>
   <trkpt lat="48.3706919" lon="7.3545097">
    <ele>663</ele>
</trkpt>
   <trkpt lat="48.3706878" lon="7.3544932">
    <ele>663</ele>
</trkpt>
   <trkpt lat="48.3706837" lon="7.3544767">
    <ele>663</ele>
</trkpt>
   <trkpt lat="48.3706787" lon="7.3544599">
    <ele>663</ele>
</trkpt>
   <trkpt lat="48.3706738" lon="7.3544432">
    <ele>663</ele>
</trkpt>
   <trkpt lat="48.3706697" lon="7.3544248">
    <ele>663</ele>
</trkpt>
   <trkpt lat="48.3706656" lon="7.3544065">
    <ele>663</ele>
</trkpt>
   <trkpt lat="48.3706595" lon="7.3543885">
    <ele>663</ele>
</trkpt>
   <trkpt lat="48.3706534" lon="7.3543705">
    <ele>663</ele>
</trkpt>
   <trkpt lat="48.3706453" lon="7.3543538">
    <ele>663</ele>
</trkpt>
   <trkpt lat="48.3706372" lon="7.3543372">
    <ele>663</ele>
</trkpt>
   <trkpt lat="48.3706289" lon="7.3543218">
    <ele>663</ele>
</trkpt>
   <trkpt lat="48.3706206" lon="7.3543064">
    <ele>663</ele>
</trkpt>
   <trkpt lat="48.3706124" lon="7.3542918">
    <ele>664</ele>
</trkpt>
   <trkpt lat="48.3706043" lon="7.3542772">
    <ele>664</ele>
</trkpt>
   <trkpt lat="48.3705955" lon="7.3542623">
    <ele>664</ele>
</trkpt>
   <trkpt lat="48.3705867" lon="7.3542475">
    <ele>664</ele>
</trkpt>
   <trkpt lat="48.3705780" lon="7.3542311">
    <ele>664</ele>
</trkpt>
   <trkpt lat="48.3705694" lon="7.3542147">
    <ele>665</ele>
</trkpt>
   <trkpt lat="48.3705621" lon="7.3541965">
    <ele>665</ele>
</trkpt>
   <trkpt lat="48.3705548" lon="7.3541784">
    <ele>665</ele>
</trkpt>
   <trkpt lat="48.3705491" lon="7.3541597">
    <ele>666</ele>
</trkpt>
   <trkpt lat="48.3705435" lon="7.3541410">
    <ele>666</ele>
</trkpt>
   <trkpt lat="48.3705383" lon="7.3541244">
    <ele>667</ele>
</trkpt>
   <trkpt lat="48.3705332" lon="7.3541079">
    <ele>667</ele>
</trkpt>
   <trkpt lat="48.3705275" lon="7.3540931">
    <ele>667</ele>
</trkpt>
   <trkpt lat="48.3705218" lon="7.3540783">
    <ele>667</ele>
</trkpt>
   <trkpt lat="48.3705160" lon="7.3540626">
    <ele>667</ele>
</trkpt>
   <trkpt lat="48.3705102" lon="7.3540470">
    <ele>668</ele>
</trkpt>
   <trkpt lat="48.3705049" lon="7.3540268">
    <ele>668</ele>
</trkpt>
   <trkpt lat="48.3704996" lon="7.3540067">
    <ele>668</ele>
</trkpt>
   <trkpt lat="48.3704936" lon="7.3539834">
    <ele>668</ele>
</trkpt>
   <trkpt lat="48.3704876" lon="7.3539601">
    <ele>668</ele>
</trkpt>
   <trkpt lat="48.3704814" lon="7.3539409">
    <ele>668</ele>
</trkpt>
   <trkpt lat="48.3704753" lon="7.3539217">
    <ele>668</ele>
</trkpt>
   <trkpt lat="48.3704690" lon="7.3539066">
    <ele>668</ele>
</trkpt>
   <trkpt lat="48.3704628" lon="7.3538915">
    <ele>668</ele>
</trkpt>
   <trkpt lat="48.3704568" lon="7.3538764">
    <ele>668</ele>
</trkpt>
   <trkpt lat="48.3704508" lon="7.3538614">
    <ele>669</ele>
</trkpt>
   <trkpt lat="48.3704453" lon="7.3538445">
    <ele>669</ele>
</trkpt>
   <trkpt lat="48.3704398" lon="7.3538277">
    <ele>669</ele>
</trkpt>
   <trkpt lat="48.3704328" lon="7.3538080">
    <ele>669</ele>
</trkpt>
   <trkpt lat="48.3704259" lon="7.3537884">
    <ele>669</ele>
</trkpt>
   <trkpt lat="48.3704179" lon="7.3537673">
    <ele>670</ele>
</trkpt>
   <trkpt lat="48.3704100" lon="7.3537463">
    <ele>670</ele>
</trkpt>
   <trkpt lat="48.3704032" lon="7.3537280">
    <ele>670</ele>
</trkpt>
   <trkpt lat="48.3703964" lon="7.3537098">
    <ele>670</ele>
</trkpt>
   <trkpt lat="48.3703891" lon="7.3536939">
    <ele>670</ele>
</trkpt>
   <trkpt lat="48.3703819" lon="7.3536780">
    <ele>671</ele>
</trkpt>
   <trkpt lat="48.3703726" lon="7.3536609">
    <ele>671</ele>
</trkpt>
   <trkpt lat="48.3703634" lon="7.3536439">
    <ele>671</ele>
</trkpt>
   <trkpt lat="48.3703548" lon="7.3536223">
    <ele>671</ele>
</trkpt>
   <trkpt lat="48.3703462" lon="7.3536008">
    <ele>671</ele>
</trkpt>
   <trkpt lat="48.3703406" lon="7.3535775">
    <ele>672</ele>
</trkpt>
   <trkpt lat="48.3703350" lon="7.3535542">
    <ele>672</ele>
</trkpt>
   <trkpt lat="48.3703320" lon="7.3535304">
    <ele>672</ele>
</trkpt>
   <trkpt lat="48.3703290" lon="7.3535066">
    <ele>672</ele>
</trkpt>
   <trkpt lat="48.3703268" lon="7.3534826">
    <ele>672</ele>
</trkpt>
   <trkpt lat="48.3703247" lon="7.3534586">
    <ele>673</ele>
</trkpt>
   <trkpt lat="48.3703251" lon="7.3534363">
    <ele>673</ele>
</trkpt>
   <trkpt lat="48.3703256" lon="7.3534141">
    <ele>673</ele>
</trkpt>
   <trkpt lat="48.3703298" lon="7.3533958">
    <ele>673</ele>
</trkpt>
   <trkpt lat="48.3703340" lon="7.3533775">
    <ele>673</ele>
</trkpt>
   <trkpt lat="48.3703399" lon="7.3533549">
    <ele>673</ele>
</trkpt>
   <trkpt lat="48.3703458" lon="7.3533324">
    <ele>673</ele>
</trkpt>
   <trkpt lat="48.3703493" lon="7.3533027">
    <ele>673</ele>
</trkpt>
   <trkpt lat="48.3703528" lon="7.3532730">
    <ele>673</ele>
</trkpt>
   <trkpt lat="48.3703516" lon="7.3532388">
    <ele>673</ele>
</trkpt>
   <trkpt lat="48.3703505" lon="7.3532046">
    <ele>673</ele>
</trkpt>
   <trkpt lat="48.3703465" lon="7.3531694">
    <ele>673</ele>
</trkpt>
   <trkpt lat="48.3703426" lon="7.3531343">
    <ele>673</ele>
</trkpt>
   <trkpt lat="48.3703377" lon="7.3531010">
    <ele>673</ele>
</trkpt>
   <trkpt lat="48.3703328" lon="7.3530678">
    <ele>673</ele>
</trkpt>
   <trkpt lat="48.3703267" lon="7.3530374">
    <ele>674</ele>
</trkpt>
   <trkpt lat="48.3703207" lon="7.3530071">
    <ele>674</ele>
</trkpt>
   <trkpt lat="48.3703105" lon="7.3529769">
    <ele>674</ele>
</trkpt>
   <trkpt lat="48.3703003" lon="7.3529468">
    <ele>674</ele>
</trkpt>
   <trkpt lat="48.3702889" lon="7.3529166">
    <ele>674</ele>
</trkpt>
   <trkpt lat="48.3702776" lon="7.3528865">
    <ele>675</ele>
</trkpt>
   <trkpt lat="48.3702661" lon="7.3528562">
    <ele>675</ele>
</trkpt>
   <trkpt lat="48.3702547" lon="7.3528259">
    <ele>675</ele>
</trkpt>
   <trkpt lat="48.3702433" lon="7.3527936">
    <ele>676</ele>
</trkpt>
   <trkpt lat="48.3702319" lon="7.3527613">
    <ele>676</ele>
</trkpt>
   <trkpt lat="48.3702213" lon="7.3527279">
    <ele>677</ele>
</trkpt>
   <trkpt lat="48.3702108" lon="7.3526946">
    <ele>677</ele>
</trkpt>
   <trkpt lat="48.3702005" lon="7.3526623">
    <ele>677</ele>
</trkpt>
   <trkpt lat="48.3701903" lon="7.3526301">
    <ele>677</ele>
</trkpt>
   <trkpt lat="48.3701816" lon="7.3525986">
    <ele>677</ele>
</trkpt>
   <trkpt lat="48.3701729" lon="7.3525672">
    <ele>678</ele>
</trkpt>
   <trkpt lat="48.3701644" lon="7.3525347">
    <ele>678</ele>
</trkpt>
   <trkpt lat="48.3701559" lon="7.3525023">
    <ele>678</ele>
</trkpt>
   <trkpt lat="48.3701470" lon="7.3524685">
    <ele>679</ele>
</trkpt>
   <trkpt lat="48.3701381" lon="7.3524347">
    <ele>679</ele>
</trkpt>
   <trkpt lat="48.3701310" lon="7.3524003">
    <ele>680</ele>
</trkpt>
   <trkpt lat="48.3701240" lon="7.3523659">
    <ele>680</ele>
</trkpt>
   <trkpt lat="48.3701171" lon="7.3523314">
    <ele>680</ele>
</trkpt>
   <trkpt lat="48.3701102" lon="7.3522970">
    <ele>680</ele>
</trkpt>
   <trkpt lat="48.3701014" lon="7.3522612">
    <ele>680</ele>
</trkpt>
   <trkpt lat="48.3700927" lon="7.3522254">
    <ele>681</ele>
</trkpt>
   <trkpt lat="48.3700837" lon="7.3521888">
    <ele>681</ele>
</trkpt>
   <trkpt lat="48.3700747" lon="7.3521522">
    <ele>681</ele>
</trkpt>
   <trkpt lat="48.3700669" lon="7.3521173">
    <ele>681</ele>
</trkpt>
   <trkpt lat="48.3700591" lon="7.3520824">
    <ele>681</ele>
</trkpt>
   <trkpt lat="48.3700517" lon="7.3520494">
    <ele>681</ele>
</trkpt>
   <trkpt lat="48.3700444" lon="7.3520164">
    <ele>681</ele>
</trkpt>
   <trkpt lat="48.3700368" lon="7.3519834">
    <ele>681</ele>
</trkpt>
   <trkpt lat="48.3700293" lon="7.3519505">
    <ele>681</ele>
</trkpt>
   <trkpt lat="48.3700214" lon="7.3519182">
    <ele>681</ele>
</trkpt>
   <trkpt lat="48.3700136" lon="7.3518859">
    <ele>682</ele>
</trkpt>
   <trkpt lat="48.3700068" lon="7.3518521">
    <ele>682</ele>
</trkpt>
   <trkpt lat="48.3700001" lon="7.3518184">
    <ele>682</ele>
</trkpt>
   <trkpt lat="48.3699946" lon="7.3517845">
    <ele>682</ele>
</trkpt>
   <trkpt lat="48.3699892" lon="7.3517506">
    <ele>682</ele>
</trkpt>
   <trkpt lat="48.3699838" lon="7.3517155">
    <ele>683</ele>
</trkpt>
   <trkpt lat="48.3699785" lon="7.3516804">
    <ele>683</ele>
</trkpt>
   <trkpt lat="48.3699719" lon="7.3516433">
    <ele>683</ele>
</trkpt>
   <trkpt lat="48.3699654" lon="7.3516063">
    <ele>683</ele>
</trkpt>
   <trkpt lat="48.3699579" lon="7.3515669">
    <ele>683</ele>
</trkpt>
   <trkpt lat="48.3699505" lon="7.3515276">
    <ele>683</ele>
</trkpt>
   <trkpt lat="48.3699425" lon="7.3514869">
    <ele>683</ele>
</trkpt>
   <trkpt lat="48.3699345" lon="7.3514463">
    <ele>683</ele>
</trkpt>
   <trkpt lat="48.3699257" lon="7.3514071">
    <ele>683</ele>
</trkpt>
   <trkpt lat="48.3699170" lon="7.3513680">
    <ele>683</ele>
</trkpt>
   <trkpt lat="48.3699093" lon="7.3513303">
    <ele>683</ele>
</trkpt>
   <trkpt lat="48.3699016" lon="7.3512926">
    <ele>683</ele>
</trkpt>
   <trkpt lat="48.3698960" lon="7.3512554">
    <ele>683</ele>
</trkpt>
   <trkpt lat="48.3698904" lon="7.3512182">
    <ele>683</ele>
</trkpt>
   <trkpt lat="48.3698860" lon="7.3511809">
    <ele>683</ele>
</trkpt>
   <trkpt lat="48.3698816" lon="7.3511437">
    <ele>683</ele>
</trkpt>
   <trkpt lat="48.3698787" lon="7.3511051">
    <ele>683</ele>
</trkpt>
   <trkpt lat="48.3698758" lon="7.3510665">
    <ele>683</ele>
</trkpt>
   <trkpt lat="48.3698795" lon="7.3510268">
    <ele>683</ele>
</trkpt>
   <trkpt lat="48.3698833" lon="7.3509871">
    <ele>683</ele>
</trkpt>
   <trkpt lat="48.3698956" lon="7.3509483">
    <ele>683</ele>
</trkpt>
   <trkpt lat="48.3699080" lon="7.3509095">
    <ele>682</ele>
</trkpt>
   <trkpt lat="48.3699264" lon="7.3508775">
    <ele>682</ele>
</trkpt>
   <trkpt lat="48.3699448" lon="7.3508456">
    <ele>682</ele>
</trkpt>
   <trkpt lat="48.3699666" lon="7.3508248">
    <ele>682</ele>
</trkpt>
   <trkpt lat="48.3699884" lon="7.3508041">
    <ele>682</ele>
</trkpt>
   <trkpt lat="48.3700111" lon="7.3507924">
    <ele>682</ele>
</trkpt>
   <trkpt lat="48.3700338" lon="7.3507807">
    <ele>682</ele>
</trkpt>
   <trkpt lat="48.3700564" lon="7.3507746">
    <ele>682</ele>
</trkpt>
   <trkpt lat="48.3700791" lon="7.3507686">
    <ele>682</ele>
</trkpt>
   <trkpt lat="48.3701014" lon="7.3507691">
    <ele>683</ele>
</trkpt>
   <trkpt lat="48.3701238" lon="7.3507696">
    <ele>683</ele>
</trkpt>
   <trkpt lat="48.3701470" lon="7.3507726">
    <ele>683</ele>
</trkpt>
   <trkpt lat="48.3701702" lon="7.3507756">
    <ele>683</ele>
</trkpt>
   <trkpt lat="48.3701939" lon="7.3507779">
    <ele>683</ele>
</trkpt>
   <trkpt lat="48.3702176" lon="7.3507803">
    <ele>683</ele>
</trkpt>
   <trkpt lat="48.3702416" lon="7.3507813">
    <ele>683</ele>
</trkpt>
   <trkpt lat="48.3702657" lon="7.3507823">
    <ele>683</ele>
</trkpt>
   <trkpt lat="48.3702900" lon="7.3507809">
    <ele>683</ele>
</trkpt>
   <trkpt lat="48.3703143" lon="7.3507796">
    <ele>683</ele>
</trkpt>
   <trkpt lat="48.3703380" lon="7.3507776">
    <ele>684</ele>
</trkpt>
   <trkpt lat="48.3703617" lon="7.3507757">
    <ele>684</ele>
</trkpt>
   <trkpt lat="48.3703852" lon="7.3507707">
    <ele>684</ele>
</trkpt>
   <trkpt lat="48.3704087" lon="7.3507658">
    <ele>684</ele>
</trkpt>
   <trkpt lat="48.3704328" lon="7.3507589">
    <ele>684</ele>
</trkpt>
   <trkpt lat="48.3704570" lon="7.3507521">
    <ele>685</ele>
</trkpt>
   <trkpt lat="48.3704822" lon="7.3507436">
    <ele>685</ele>
</trkpt>
   <trkpt lat="48.3705075" lon="7.3507351">
    <ele>685</ele>
</trkpt>
   <trkpt lat="48.3705326" lon="7.3507243">
    <ele>685</ele>
</trkpt>
   <trkpt lat="48.3705577" lon="7.3507135">
    <ele>685</ele>
</trkpt>
   <trkpt lat="48.3705821" lon="7.3507018">
    <ele>685</ele>
</trkpt>
   <trkpt lat="48.3706066" lon="7.3506901">
    <ele>685</ele>
</trkpt>
   <trkpt lat="48.3706306" lon="7.3506773">
    <ele>685</ele>
</trkpt>
   <trkpt lat="48.3706546" lon="7.3506646">
    <ele>685</ele>
</trkpt>
   <trkpt lat="48.3706779" lon="7.3506502">
    <ele>685</ele>
</trkpt>
   <trkpt lat="48.3707012" lon="7.3506359">
    <ele>686</ele>
</trkpt>
   <trkpt lat="48.3707234" lon="7.3506166">
    <ele>686</ele>
</trkpt>
   <trkpt lat="48.3707456" lon="7.3505974">
    <ele>686</ele>
</trkpt>
   <trkpt lat="48.3707654" lon="7.3505745">
    <ele>686</ele>
</trkpt>
   <trkpt lat="48.3707853" lon="7.3505516">
    <ele>686</ele>
</trkpt>
   <trkpt lat="48.3708045" lon="7.3505274">
    <ele>686</ele>
</trkpt>
   <trkpt lat="48.3708238" lon="7.3505033">
    <ele>686</ele>
</trkpt>
   <trkpt lat="48.3708447" lon="7.3504775">
    <ele>686</ele>
</trkpt>
   <trkpt lat="48.3708656" lon="7.3504517">
    <ele>686</ele>
</trkpt>
   <trkpt lat="48.3708856" lon="7.3504264">
    <ele>686</ele>
</trkpt>
   <trkpt lat="48.3709056" lon="7.3504011">
    <ele>686</ele>
</trkpt>
   <trkpt lat="48.3709240" lon="7.3503809">
    <ele>686</ele>
</trkpt>
   <trkpt lat="48.3709425" lon="7.3503608">
    <ele>686</ele>
</trkpt>
   <trkpt lat="48.3709614" lon="7.3503437">
    <ele>686</ele>
</trkpt>
   <trkpt lat="48.3709803" lon="7.3503267">
    <ele>686</ele>
</trkpt>
   <trkpt lat="48.3710020" lon="7.3503114">
    <ele>686</ele>
</trkpt>
   <trkpt lat="48.3710237" lon="7.3502961">
    <ele>686</ele>
</trkpt>
   <trkpt lat="48.3710443" lon="7.3502818">
    <ele>686</ele>
</trkpt>
   <trkpt lat="48.3710650" lon="7.3502675">
    <ele>687</ele>
</trkpt>
   <trkpt lat="48.3710813" lon="7.3502520">
    <ele>687</ele>
</trkpt>
   <trkpt lat="48.3710977" lon="7.3502366">
    <ele>688</ele>
</trkpt>
   <trkpt lat="48.3711122" lon="7.3502218">
    <ele>688</ele>
</trkpt>
   <trkpt lat="48.3711267" lon="7.3502070">
    <ele>688</ele>
</trkpt>
   <trkpt lat="48.3711384" lon="7.3501937">
    <ele>688</ele>
</trkpt>
   <trkpt lat="48.3711501" lon="7.3501804">
    <ele>688</ele>
</trkpt>
   <trkpt lat="48.3711602" lon="7.3501667">
    <ele>688</ele>
</trkpt>
   <trkpt lat="48.3711704" lon="7.3501531">
    <ele>688</ele>
</trkpt>
   <trkpt lat="48.3711805" lon="7.3501404">
    <ele>688</ele>
</trkpt>
   <trkpt lat="48.3711907" lon="7.3501277">
    <ele>688</ele>
</trkpt>
   <trkpt lat="48.3712013" lon="7.3501170">
    <ele>688</ele>
</trkpt>
   <trkpt lat="48.3712119" lon="7.3501064">
    <ele>689</ele>
</trkpt>
   <trkpt lat="48.3712237" lon="7.3500978">
    <ele>689</ele>
</trkpt>
   <trkpt lat="48.3712356" lon="7.3500892">
    <ele>689</ele>
</trkpt>
   <trkpt lat="48.3712476" lon="7.3500825">
    <ele>689</ele>
</trkpt>
   <trkpt lat="48.3712597" lon="7.3500758">
    <ele>689</ele>
</trkpt>
   <trkpt lat="48.3712719" lon="7.3500681">
    <ele>690</ele>
</trkpt>
   <trkpt lat="48.3712841" lon="7.3500605">
    <ele>690</ele>
</trkpt>
   <trkpt lat="48.3712967" lon="7.3500522">
    <ele>690</ele>
</trkpt>
   <trkpt lat="48.3713094" lon="7.3500439">
    <ele>690</ele>
</trkpt>
   <trkpt lat="48.3713223" lon="7.3500353">
    <ele>690</ele>
</trkpt>
   <trkpt lat="48.3713353" lon="7.3500268">
    <ele>691</ele>
</trkpt>
   <trkpt lat="48.3713468" lon="7.3500197">
    <ele>691</ele>
</trkpt>
   <trkpt lat="48.3713584" lon="7.3500126">
    <ele>691</ele>
</trkpt>
   <trkpt lat="48.3713710" lon="7.3500087">
    <ele>691</ele>
</trkpt>
   <trkpt lat="48.3713837" lon="7.3500048">
    <ele>691</ele>
</trkpt>
   <trkpt lat="48.3713987" lon="7.3500005">
    <ele>692</ele>
</trkpt>
   <trkpt lat="48.3714137" lon="7.3499962">
    <ele>692</ele>
</trkpt>
   <trkpt lat="48.3714284" lon="7.3499900">
    <ele>692</ele>
</trkpt>
   <trkpt lat="48.3714431" lon="7.3499838">
    <ele>692</ele>
</trkpt>
   <trkpt lat="48.3714556" lon="7.3499776">
    <ele>692</ele>
</trkpt>
   <trkpt lat="48.3714682" lon="7.3499715">
    <ele>693</ele>
</trkpt>
   <trkpt lat="48.3714791" lon="7.3499672">
    <ele>693</ele>
</trkpt>
   <trkpt lat="48.3714900" lon="7.3499629">
    <ele>693</ele>
</trkpt>
   <trkpt lat="48.3715003" lon="7.3499581">
    <ele>693</ele>
</trkpt>
   <trkpt lat="48.3715107" lon="7.3499533">
    <ele>693</ele>
</trkpt>
   <trkpt lat="48.3715230" lon="7.3499460">
    <ele>694</ele>
</trkpt>
   <trkpt lat="48.3715353" lon="7.3499387">
    <ele>694</ele>
</trkpt>
   <trkpt lat="48.3715473" lon="7.3499295">
    <ele>694</ele>
</trkpt>
   <trkpt lat="48.3715593" lon="7.3499204">
    <ele>694</ele>
</trkpt>
   <trkpt lat="48.3715704" lon="7.3499112">
    <ele>694</ele>
</trkpt>
   <trkpt lat="48.3715816" lon="7.3499020">
    <ele>695</ele>
</trkpt>
   <trkpt lat="48.3715927" lon="7.3498922">
    <ele>695</ele>
</trkpt>
   <trkpt lat="48.3716039" lon="7.3498824">
    <ele>695</ele>
</trkpt>
   <trkpt lat="48.3716150" lon="7.3498745">
    <ele>695</ele>
</trkpt>
   <trkpt lat="48.3716262" lon="7.3498667">
    <ele>695</ele>
</trkpt>
   <trkpt lat="48.3716373" lon="7.3498610">
    <ele>696</ele>
</trkpt>
   <trkpt lat="48.3716484" lon="7.3498553">
    <ele>696</ele>
</trkpt>
   <trkpt lat="48.3716588" lon="7.3498503">
    <ele>696</ele>
</trkpt>
   <trkpt lat="48.3716693" lon="7.3498453">
    <ele>696</ele>
</trkpt>
   <trkpt lat="48.3716822" lon="7.3498388">
    <ele>696</ele>
</trkpt>
   <trkpt lat="48.3716951" lon="7.3498324">
    <ele>697</ele>
</trkpt>
   <trkpt lat="48.3717091" lon="7.3498251">
    <ele>697</ele>
</trkpt>
   <trkpt lat="48.3717232" lon="7.3498179">
    <ele>697</ele>
</trkpt>
   <trkpt lat="48.3717362" lon="7.3498109">
    <ele>697</ele>
</trkpt>
   <trkpt lat="48.3717493" lon="7.3498040">
    <ele>697</ele>
</trkpt>
   <trkpt lat="48.3717608" lon="7.3497955">
    <ele>698</ele>
</trkpt>
   <trkpt lat="48.3717724" lon="7.3497870">
    <ele>698</ele>
</trkpt>
   <trkpt lat="48.3717838" lon="7.3497781">
    <ele>698</ele>
</trkpt>
   <trkpt lat="48.3717952" lon="7.3497692">
    <ele>698</ele>
</trkpt>
   <trkpt lat="48.3718075" lon="7.3497597">
    <ele>698</ele>
</trkpt>
   <trkpt lat="48.3718199" lon="7.3497502">
    <ele>699</ele>
</trkpt>
   <trkpt lat="48.3718332" lon="7.3497408">
    <ele>699</ele>
</trkpt>
   <trkpt lat="48.3718466" lon="7.3497315">
    <ele>699</ele>
</trkpt>
   <trkpt lat="48.3718591" lon="7.3497234">
    <ele>699</ele>
</trkpt>
   <trkpt lat="48.3718716" lon="7.3497153">
    <ele>699</ele>
</trkpt>
   <trkpt lat="48.3718831" lon="7.3497078">
    <ele>699</ele>
</trkpt>
   <trkpt lat="48.3718946" lon="7.3497004">
    <ele>699</ele>
</trkpt>
   <trkpt lat="48.3719063" lon="7.3496942">
    <ele>699</ele>
</trkpt>
   <trkpt lat="48.3719180" lon="7.3496880">
    <ele>699</ele>
</trkpt>
   <trkpt lat="48.3719301" lon="7.3496818">
    <ele>699</ele>
</trkpt>
   <trkpt lat="48.3719423" lon="7.3496757">
    <ele>700</ele>
</trkpt>
   <trkpt lat="48.3719549" lon="7.3496681">
    <ele>700</ele>
</trkpt>
   <trkpt lat="48.3719675" lon="7.3496605">
    <ele>700</ele>
</trkpt>
   <trkpt lat="48.3719811" lon="7.3496533">
    <ele>700</ele>
</trkpt>
   <trkpt lat="48.3719948" lon="7.3496461">
    <ele>700</ele>
</trkpt>
   <trkpt lat="48.3720103" lon="7.3496393">
    <ele>701</ele>
</trkpt>
   <trkpt lat="48.3720258" lon="7.3496325">
    <ele>701</ele>
</trkpt>
   <trkpt lat="48.3720415" lon="7.3496235">
    <ele>701</ele>
</trkpt>
   <trkpt lat="48.3720573" lon="7.3496146">
    <ele>701</ele>
</trkpt>
   <trkpt lat="48.3720702" lon="7.3496067">
    <ele>701</ele>
</trkpt>
   <trkpt lat="48.3720832" lon="7.3495989">
    <ele>702</ele>
</trkpt>
   <trkpt lat="48.3720946" lon="7.3495930">
    <ele>702</ele>
</trkpt>
   <trkpt lat="48.3721061" lon="7.3495872">
    <ele>702</ele>
</trkpt>
   <trkpt lat="48.3721170" lon="7.3495799">
    <ele>702</ele>
</trkpt>
   <trkpt lat="48.3721280" lon="7.3495727">
    <ele>702</ele>
</trkpt>
   <trkpt lat="48.3721405" lon="7.3495595">
    <ele>702</ele>
</trkpt>
   <trkpt lat="48.3721530" lon="7.3495463">
    <ele>702</ele>
</trkpt>
   <trkpt lat="48.3721700" lon="7.3495297">
    <ele>702</ele>
</trkpt>
   <trkpt lat="48.3721871" lon="7.3495131">
    <ele>702</ele>
</trkpt>
   <trkpt lat="48.3722079" lon="7.3494926">
    <ele>702</ele>
</trkpt>
   <trkpt lat="48.3722288" lon="7.3494721">
    <ele>703</ele>
</trkpt>
   <trkpt lat="48.3722505" lon="7.3494461">
    <ele>703</ele>
</trkpt>
   <trkpt lat="48.3722722" lon="7.3494202">
    <ele>703</ele>
</trkpt>
   <trkpt lat="48.3722937" lon="7.3493917">
    <ele>703</ele>
</trkpt>
   <trkpt lat="48.3723152" lon="7.3493632">
    <ele>703</ele>
</trkpt>
   <trkpt lat="48.3723358" lon="7.3493336">
    <ele>703</ele>
</trkpt>
   <trkpt lat="48.3723565" lon="7.3493040">
    <ele>703</ele>
</trkpt>
   <trkpt lat="48.3723770" lon="7.3492744">
    <ele>703</ele>
</trkpt>
   <trkpt lat="48.3723976" lon="7.3492448">
    <ele>703</ele>
</trkpt>
   <trkpt lat="48.3724177" lon="7.3492145">
    <ele>703</ele>
</trkpt>
   <trkpt lat="48.3724378" lon="7.3491843">
    <ele>703</ele>
</trkpt>
   <trkpt lat="48.3724569" lon="7.3491551">
    <ele>703</ele>
</trkpt>
   <trkpt lat="48.3724761" lon="7.3491259">
    <ele>703</ele>
</trkpt>
   <trkpt lat="48.3724950" lon="7.3490982">
    <ele>703</ele>
</trkpt>
   <trkpt lat="48.3725140" lon="7.3490706">
    <ele>703</ele>
</trkpt>
   <trkpt lat="48.3725340" lon="7.3490426">
    <ele>704</ele>
</trkpt>
   <trkpt lat="48.3725540" lon="7.3490147">
    <ele>704</ele>
</trkpt>
   <trkpt lat="48.3725760" lon="7.3489858">
    <ele>704</ele>
</trkpt>
   <trkpt lat="48.3725981" lon="7.3489570">
    <ele>704</ele>
</trkpt>
   <trkpt lat="48.3726200" lon="7.3489289">
    <ele>704</ele>
</trkpt>
   <trkpt lat="48.3726420" lon="7.3489009">
    <ele>704</ele>
</trkpt>
   <trkpt lat="48.3726634" lon="7.3488743">
    <ele>704</ele>
</trkpt>
   <trkpt lat="48.3726849" lon="7.3488478">
    <ele>704</ele>
</trkpt>
   <trkpt lat="48.3727060" lon="7.3488220">
    <ele>704</ele>
</trkpt>
   <trkpt lat="48.3727272" lon="7.3487962">
    <ele>704</ele>
</trkpt>
   <trkpt lat="48.3727485" lon="7.3487729">
    <ele>704</ele>
</trkpt>
   <trkpt lat="48.3727699" lon="7.3487497">
    <ele>704</ele>
</trkpt>
   <trkpt lat="48.3727915" lon="7.3487302">
    <ele>704</ele>
</trkpt>
   <trkpt lat="48.3728131" lon="7.3487107">
    <ele>704</ele>
</trkpt>
   <trkpt lat="48.3728346" lon="7.3486933">
    <ele>704</ele>
</trkpt>
   <trkpt lat="48.3728561" lon="7.3486759">
    <ele>705</ele>
</trkpt>
   <trkpt lat="48.3728789" lon="7.3486578">
    <ele>705</ele>
</trkpt>
   <trkpt lat="48.3729017" lon="7.3486398">
    <ele>705</ele>
</trkpt>
   <trkpt lat="48.3729267" lon="7.3486228">
    <ele>705</ele>
</trkpt>
   <trkpt lat="48.3729518" lon="7.3486059">
    <ele>705</ele>
</trkpt>
   <trkpt lat="48.3729770" lon="7.3485893">
    <ele>705</ele>
</trkpt>
   <trkpt lat="48.3730022" lon="7.3485727">
    <ele>704</ele>
</trkpt>
   <trkpt lat="48.3730267" lon="7.3485576">
    <ele>704</ele>
</trkpt>
   <trkpt lat="48.3730512" lon="7.3485426">
    <ele>704</ele>
</trkpt>
   <trkpt lat="48.3730796" lon="7.3485324">
    <ele>704</ele>
</trkpt>
   <trkpt lat="48.3731081" lon="7.3485222">
    <ele>704</ele>
</trkpt>
   <trkpt lat="48.3731383" lon="7.3485166">
    <ele>704</ele>
</trkpt>
   <trkpt lat="48.3731685" lon="7.3485111">
    <ele>704</ele>
</trkpt>
   <trkpt lat="48.3731946" lon="7.3485113">
    <ele>704</ele>
</trkpt>
   <trkpt lat="48.3732207" lon="7.3485116">
    <ele>704</ele>
</trkpt>
   <trkpt lat="48.3732448" lon="7.3485104">
    <ele>704</ele>
</trkpt>
   <trkpt lat="48.3732690" lon="7.3485092">
    <ele>704</ele>
</trkpt>
   <trkpt lat="48.3732932" lon="7.3485052">
    <ele>704</ele>
</trkpt>
   <trkpt lat="48.3733175" lon="7.3485013">
    <ele>704</ele>
</trkpt>
   <trkpt lat="48.3733440" lon="7.3484935">
    <ele>704</ele>
</trkpt>
   <trkpt lat="48.3733706" lon="7.3484858">
    <ele>704</ele>
</trkpt>
   <trkpt lat="48.3733983" lon="7.3484760">
    <ele>704</ele>
</trkpt>
   <trkpt lat="48.3734260" lon="7.3484662">
    <ele>704</ele>
</trkpt>
   <trkpt lat="48.3734537" lon="7.3484562">
    <ele>704</ele>
</trkpt>
   <trkpt lat="48.3734815" lon="7.3484462">
    <ele>704</ele>
</trkpt>
   <trkpt lat="48.3735097" lon="7.3484351">
    <ele>704</ele>
</trkpt>
   <trkpt lat="48.3735379" lon="7.3484240">
    <ele>703</ele>
</trkpt>
   <trkpt lat="48.3735660" lon="7.3484130">
    <ele>703</ele>
</trkpt>
   <trkpt lat="48.3735942" lon="7.3484020">
    <ele>703</ele>
</trkpt>
   <trkpt lat="48.3736211" lon="7.3483902">
    <ele>703</ele>
</trkpt>
   <trkpt lat="48.3736481" lon="7.3483785">
    <ele>703</ele>
</trkpt>
   <trkpt lat="48.3736732" lon="7.3483661">
    <ele>703</ele>
</trkpt>
   <trkpt lat="48.3736984" lon="7.3483538">
    <ele>703</ele>
</trkpt>
   <trkpt lat="48.3737220" lon="7.3483392">
    <ele>703</ele>
</trkpt>
   <trkpt lat="48.3737457" lon="7.3483247">
    <ele>703</ele>
</trkpt>
   <trkpt lat="48.3737676" lon="7.3483051">
    <ele>703</ele>
</trkpt>
   <trkpt lat="48.3737895" lon="7.3482855">
    <ele>703</ele>
</trkpt>
   <trkpt lat="48.3738085" lon="7.3482604">
    <ele>703</ele>
</trkpt>
   <trkpt lat="48.3738276" lon="7.3482353">
    <ele>703</ele>
</trkpt>
   <trkpt lat="48.3738438" lon="7.3482077">
    <ele>703</ele>
</trkpt>
   <trkpt lat="48.3738600" lon="7.3481801">
    <ele>703</ele>
</trkpt>
   <trkpt lat="48.3738726" lon="7.3481492">
    <ele>703</ele>
</trkpt>
   <trkpt lat="48.3738853" lon="7.3481184">
    <ele>703</ele>
</trkpt>
   <trkpt lat="48.3738945" lon="7.3480853">
    <ele>703</ele>
</trkpt>
   <trkpt lat="48.3739038" lon="7.3480523">
    <ele>703</ele>
</trkpt>
   <trkpt lat="48.3739099" lon="7.3480151">
    <ele>703</ele>
</trkpt>
   <trkpt lat="48.3739160" lon="7.3479779">
    <ele>703</ele>
</trkpt>
   <trkpt lat="48.3739214" lon="7.3479354">
    <ele>703</ele>
</trkpt>
   <trkpt lat="48.3739269" lon="7.3478929">
    <ele>703</ele>
</trkpt>
   <trkpt lat="48.3739326" lon="7.3478507">
    <ele>703</ele>
</trkpt>
   <trkpt lat="48.3739383" lon="7.3478085">
    <ele>704</ele>
</trkpt>
   <trkpt lat="48.3739435" lon="7.3477688">
    <ele>704</ele>
</trkpt>
   <trkpt lat="48.3739487" lon="7.3477292">
    <ele>704</ele>
</trkpt>
   <trkpt lat="48.3739527" lon="7.3476900">
    <ele>704</ele>
</trkpt>
   <trkpt lat="48.3739568" lon="7.3476508">
    <ele>704</ele>
</trkpt>
   <trkpt lat="48.3739605" lon="7.3476110">
    <ele>704</ele>
</trkpt>
   <trkpt lat="48.3739643" lon="7.3475713">
    <ele>704</ele>
</trkpt>
   <trkpt lat="48.3739668" lon="7.3475332">
    <ele>704</ele>
</trkpt>
   <trkpt lat="48.3739694" lon="7.3474952">
    <ele>704</ele>
</trkpt>
   <trkpt lat="48.3739700" lon="7.3474578">
    <ele>704</ele>
</trkpt>
   <trkpt lat="48.3739706" lon="7.3474205">
    <ele>704</ele>
</trkpt>
   <trkpt lat="48.3739677" lon="7.3473824">
    <ele>704</ele>
</trkpt>
   <trkpt lat="48.3739648" lon="7.3473444">
    <ele>704</ele>
</trkpt>
   <trkpt lat="48.3739607" lon="7.3473046">
    <ele>704</ele>
</trkpt>
   <trkpt lat="48.3739566" lon="7.3472648">
    <ele>704</ele>
</trkpt>
   <trkpt lat="48.3739547" lon="7.3472255">
    <ele>704</ele>
</trkpt>
   <trkpt lat="48.3739528" lon="7.3471862">
    <ele>704</ele>
</trkpt>
   <trkpt lat="48.3739517" lon="7.3471467">
    <ele>704</ele>
</trkpt>
   <trkpt lat="48.3739507" lon="7.3471073">
    <ele>704</ele>
</trkpt>
   <trkpt lat="48.3739493" lon="7.3470668">
    <ele>704</ele>
</trkpt>
   <trkpt lat="48.3739480" lon="7.3470263">
    <ele>704</ele>
</trkpt>
   <trkpt lat="48.3739451" lon="7.3469861">
    <ele>704</ele>
</trkpt>
   <trkpt lat="48.3739423" lon="7.3469459">
    <ele>704</ele>
</trkpt>
   <trkpt lat="48.3739391" lon="7.3469072">
    <ele>704</ele>
</trkpt>
   <trkpt lat="48.3739360" lon="7.3468685">
    <ele>704</ele>
</trkpt>
   <trkpt lat="48.3739350" lon="7.3468303">
    <ele>704</ele>
</trkpt>
   <trkpt lat="48.3739340" lon="7.3467922">
    <ele>704</ele>
</trkpt>
   <trkpt lat="48.3739338" lon="7.3467530">
    <ele>704</ele>
</trkpt>
   <trkpt lat="48.3739336" lon="7.3467138">
    <ele>704</ele>
</trkpt>
   <trkpt lat="48.3739319" lon="7.3466746">
    <ele>704</ele>
</trkpt>
   <trkpt lat="48.3739302" lon="7.3466355">
    <ele>704</ele>
</trkpt>
   <trkpt lat="48.3739257" lon="7.3465973">
    <ele>704</ele>
</trkpt>
   <trkpt lat="48.3739212" lon="7.3465591">
    <ele>704</ele>
</trkpt>
   <trkpt lat="48.3739157" lon="7.3465199">
    <ele>704</ele>
</trkpt>
   <trkpt lat="48.3739102" lon="7.3464808">
    <ele>704</ele>
</trkpt>
   <trkpt lat="48.3739050" lon="7.3464426">
    <ele>704</ele>
</trkpt>
   <trkpt lat="48.3738998" lon="7.3464045">
    <ele>704</ele>
</trkpt>
   <trkpt lat="48.3738955" lon="7.3463663">
    <ele>704</ele>
</trkpt>
   <trkpt lat="48.3738912" lon="7.3463281">
    <ele>704</ele>
</trkpt>
   <trkpt lat="48.3738872" lon="7.3462886">
    <ele>704</ele>
</trkpt>
   <trkpt lat="48.3738832" lon="7.3462491">
    <ele>704</ele>
</trkpt>
   <trkpt lat="48.3738819" lon="7.3462100">
    <ele>704</ele>
</trkpt>
   <trkpt lat="48.3738806" lon="7.3461709">
    <ele>704</ele>
</trkpt>
   <trkpt lat="48.3738839" lon="7.3461320">
    <ele>704</ele>
</trkpt>
   <trkpt lat="48.3738873" lon="7.3460931">
    <ele>704</ele>
</trkpt>
   <trkpt lat="48.3738947" lon="7.3460545">
    <ele>705</ele>
</trkpt>
   <trkpt lat="48.3739022" lon="7.3460159">
    <ele>705</ele>
</trkpt>
   <trkpt lat="48.3739118" lon="7.3459767">
    <ele>705</ele>
</trkpt>
   <trkpt lat="48.3739215" lon="7.3459376">
    <ele>706</ele>
</trkpt>
   <trkpt lat="48.3739310" lon="7.3458982">
    <ele>706</ele>
</trkpt>
   <trkpt lat="48.3739405" lon="7.3458589">
    <ele>707</ele>
</trkpt>
   <trkpt lat="48.3739514" lon="7.3458235">
    <ele>707</ele>
</trkpt>
   <trkpt lat="48.3739624" lon="7.3457881">
    <ele>707</ele>
</trkpt>
   <trkpt lat="48.3739762" lon="7.3457549">
    <ele>707</ele>
</trkpt>
   <trkpt lat="48.3739900" lon="7.3457218">
    <ele>707</ele>
</trkpt>
   <trkpt lat="48.3740049" lon="7.3456884">
    <ele>707</ele>
</trkpt>
   <trkpt lat="48.3740199" lon="7.3456551">
    <ele>707</ele>
</trkpt>
   <trkpt lat="48.3740341" lon="7.3456202">
    <ele>707</ele>
</trkpt>
   <trkpt lat="48.3740483" lon="7.3455854">
    <ele>707</ele>
</trkpt>
   <trkpt lat="48.3740633" lon="7.3455522">
    <ele>707</ele>
</trkpt>
   <trkpt lat="48.3740784" lon="7.3455190">
    <ele>707</ele>
</trkpt>
   <trkpt lat="48.3740946" lon="7.3454880">
    <ele>707</ele>
</trkpt>
   <trkpt lat="48.3741108" lon="7.3454570">
    <ele>707</ele>
</trkpt>
   <trkpt lat="48.3741274" lon="7.3454273">
    <ele>707</ele>
</trkpt>
   <trkpt lat="48.3741441" lon="7.3453976">
    <ele>707</ele>
</trkpt>
   <trkpt lat="48.3741622" lon="7.3453664">
    <ele>707</ele>
</trkpt>
   <trkpt lat="48.3741803" lon="7.3453353">
    <ele>707</ele>
</trkpt>
   <trkpt lat="48.3742000" lon="7.3453041">
    <ele>707</ele>
</trkpt>
   <trkpt lat="48.3742197" lon="7.3452729">
    <ele>707</ele>
</trkpt>
   <trkpt lat="48.3742396" lon="7.3452435">
    <ele>707</ele>
</trkpt>
   <trkpt lat="48.3742596" lon="7.3452142">
    <ele>707</ele>
</trkpt>
   <trkpt lat="48.3742779" lon="7.3451841">
    <ele>707</ele>
</trkpt>
   <trkpt lat="48.3742963" lon="7.3451540">
    <ele>707</ele>
</trkpt>
   <trkpt lat="48.3743127" lon="7.3451230">
    <ele>707</ele>
</trkpt>
   <trkpt lat="48.3743292" lon="7.3450920">
    <ele>707</ele>
</trkpt>
   <trkpt lat="48.3743451" lon="7.3450611">
    <ele>707</ele>
</trkpt>
   <trkpt lat="48.3743611" lon="7.3450302">
    <ele>707</ele>
</trkpt>
   <trkpt lat="48.3743785" lon="7.3450031">
    <ele>707</ele>
</trkpt>
   <trkpt lat="48.3743960" lon="7.3449760">
    <ele>707</ele>
</trkpt>
   <trkpt lat="48.3744155" lon="7.3449501">
    <ele>707</ele>
</trkpt>
   <trkpt lat="48.3744351" lon="7.3449242">
    <ele>708</ele>
</trkpt>
   <trkpt lat="48.3744557" lon="7.3448979">
    <ele>708</ele>
</trkpt>
   <trkpt lat="48.3744764" lon="7.3448716">
    <ele>708</ele>
</trkpt>
   <trkpt lat="48.3744974" lon="7.3448447">
    <ele>708</ele>
</trkpt>
   <trkpt lat="48.3745185" lon="7.3448179">
    <ele>708</ele>
</trkpt>
   <trkpt lat="48.3745397" lon="7.3447906">
    <ele>708</ele>
</trkpt>
   <trkpt lat="48.3745609" lon="7.3447633">
    <ele>708</ele>
</trkpt>
   <trkpt lat="48.3745827" lon="7.3447367">
    <ele>708</ele>
</trkpt>
   <trkpt lat="48.3746046" lon="7.3447101">
    <ele>708</ele>
</trkpt>
   <trkpt lat="48.3746266" lon="7.3446841">
    <ele>708</ele>
</trkpt>
   <trkpt lat="48.3746486" lon="7.3446581">
    <ele>708</ele>
</trkpt>
   <trkpt lat="48.3746699" lon="7.3446332">
    <ele>707</ele>
</trkpt>
   <trkpt lat="48.3746913" lon="7.3446084">
    <ele>707</ele>
</trkpt>
   <trkpt lat="48.3747111" lon="7.3445823">
    <ele>707</ele>
</trkpt>
   <trkpt lat="48.3747310" lon="7.3445562">
    <ele>707</ele>
</trkpt>
   <trkpt lat="48.3747500" lon="7.3445289">
    <ele>707</ele>
</trkpt>
   <trkpt lat="48.3747691" lon="7.3445016">
    <ele>707</ele>
</trkpt>
   <trkpt lat="48.3747878" lon="7.3444729">
    <ele>707</ele>
</trkpt>
   <trkpt lat="48.3748066" lon="7.3444443">
    <ele>707</ele>
</trkpt>
   <trkpt lat="48.3748254" lon="7.3444126">
    <ele>707</ele>
</trkpt>
   <trkpt lat="48.3748442" lon="7.3443810">
    <ele>707</ele>
</trkpt>
   <trkpt lat="48.3748619" lon="7.3443466">
    <ele>707</ele>
</trkpt>
   <trkpt lat="48.3748796" lon="7.3443123">
    <ele>707</ele>
</trkpt>
   <trkpt lat="48.3748955" lon="7.3442769">
    <ele>707</ele>
</trkpt>
   <trkpt lat="48.3749114" lon="7.3442416">
    <ele>707</ele>
</trkpt>
   <trkpt lat="48.3749256" lon="7.3442026">
    <ele>707</ele>
</trkpt>
   <trkpt lat="48.3749399" lon="7.3441637">
    <ele>706</ele>
</trkpt>
   <trkpt lat="48.3749531" lon="7.3441223">
    <ele>706</ele>
</trkpt>
   <trkpt lat="48.3749664" lon="7.3440810">
    <ele>706</ele>
</trkpt>
   <trkpt lat="48.3749782" lon="7.3440401">
    <ele>706</ele>
</trkpt>
   <trkpt lat="48.3749900" lon="7.3439992">
    <ele>706</ele>
</trkpt>
   <trkpt lat="48.3750000" lon="7.3439587">
    <ele>706</ele>
</trkpt>
   <trkpt lat="48.3750100" lon="7.3439182">
    <ele>706</ele>
</trkpt>
   <trkpt lat="48.3750182" lon="7.3438786">
    <ele>706</ele>
</trkpt>
   <trkpt lat="48.3750265" lon="7.3438390">
    <ele>706</ele>
</trkpt>
   <trkpt lat="48.3750329" lon="7.3438016">
    <ele>706</ele>
</trkpt>
   <trkpt lat="48.3750393" lon="7.3437642">
    <ele>706</ele>
</trkpt>
   <trkpt lat="48.3750427" lon="7.3437276">
    <ele>706</ele>
</trkpt>
   <trkpt lat="48.3750462" lon="7.3436911">
    <ele>706</ele>
</trkpt>
   <trkpt lat="48.3750470" lon="7.3436537">
    <ele>706</ele>
</trkpt>
   <trkpt lat="48.3750478" lon="7.3436164">
    <ele>706</ele>
</trkpt>
   <trkpt lat="48.3750457" lon="7.3435774">
    <ele>706</ele>
</trkpt>
   <trkpt lat="48.3750436" lon="7.3435384">
    <ele>706</ele>
</trkpt>
   <trkpt lat="48.3750392" lon="7.3434993">
    <ele>706</ele>
</trkpt>
   <trkpt lat="48.3750349" lon="7.3434603">
    <ele>706</ele>
</trkpt>
   <trkpt lat="48.3750311" lon="7.3434214">
    <ele>706</ele>
</trkpt>
   <trkpt lat="48.3750273" lon="7.3433825">
    <ele>706</ele>
</trkpt>
   <trkpt lat="48.3750238" lon="7.3433434">
    <ele>706</ele>
</trkpt>
   <trkpt lat="48.3750204" lon="7.3433043">
    <ele>706</ele>
</trkpt>
   <trkpt lat="48.3750165" lon="7.3432660">
    <ele>706</ele>
</trkpt>
   <trkpt lat="48.3750127" lon="7.3432277">
    <ele>706</ele>
</trkpt>
   <trkpt lat="48.3750071" lon="7.3431912">
    <ele>706</ele>
</trkpt>
   <trkpt lat="48.3750015" lon="7.3431547">
    <ele>706</ele>
</trkpt>
   <trkpt lat="48.3749954" lon="7.3431196">
    <ele>706</ele>
</trkpt>
   <trkpt lat="48.3749893" lon="7.3430845">
    <ele>706</ele>
</trkpt>
   <trkpt lat="48.3749826" lon="7.3430481">
    <ele>706</ele>
</trkpt>
   <trkpt lat="48.3749760" lon="7.3430118">
    <ele>706</ele>
</trkpt>
   <trkpt lat="48.3749689" lon="7.3429744">
    <ele>706</ele>
</trkpt>
   <trkpt lat="48.3749618" lon="7.3429371">
    <ele>706</ele>
</trkpt>
   <trkpt lat="48.3749551" lon="7.3428974">
    <ele>706</ele>
</trkpt>
   <trkpt lat="48.3749485" lon="7.3428577">
    <ele>706</ele>
</trkpt>
   <trkpt lat="48.3749421" lon="7.3428166">
    <ele>706</ele>
</trkpt>
   <trkpt lat="48.3749357" lon="7.3427756">
    <ele>706</ele>
</trkpt>
   <trkpt lat="48.3749293" lon="7.3427341">
    <ele>706</ele>
</trkpt>
   <trkpt lat="48.3749230" lon="7.3426927">
    <ele>706</ele>
</trkpt>
   <trkpt lat="48.3749164" lon="7.3426521">
    <ele>707</ele>
</trkpt>
   <trkpt lat="48.3749099" lon="7.3426116">
    <ele>707</ele>
</trkpt>
   <trkpt lat="48.3749049" lon="7.3425716">
    <ele>707</ele>
</trkpt>
   <trkpt lat="48.3748999" lon="7.3425317">
    <ele>707</ele>
</trkpt>
   <trkpt lat="48.3748987" lon="7.3424913">
    <ele>707</ele>
</trkpt>
   <trkpt lat="48.3748976" lon="7.3424510">
    <ele>707</ele>
</trkpt>
   <trkpt lat="48.3749007" lon="7.3424091">
    <ele>707</ele>
</trkpt>
   <trkpt lat="48.3749039" lon="7.3423672">
    <ele>707</ele>
</trkpt>
   <trkpt lat="48.3749091" lon="7.3423250">
    <ele>707</ele>
</trkpt>
   <trkpt lat="48.3749144" lon="7.3422829">
    <ele>707</ele>
</trkpt>
   <trkpt lat="48.3749194" lon="7.3422419">
    <ele>708</ele>
</trkpt>
   <trkpt lat="48.3749244" lon="7.3422009">
    <ele>708</ele>
</trkpt>
   <trkpt lat="48.3749284" lon="7.3421603">
    <ele>708</ele>
</trkpt>
   <trkpt lat="48.3749324" lon="7.3421198">
    <ele>708</ele>
</trkpt>
   <trkpt lat="48.3749347" lon="7.3420789">
    <ele>708</ele>
</trkpt>
   <trkpt lat="48.3749370" lon="7.3420380">
    <ele>708</ele>
</trkpt>
   <trkpt lat="48.3749381" lon="7.3419966">
    <ele>708</ele>
</trkpt>
   <trkpt lat="48.3749393" lon="7.3419553">
    <ele>708</ele>
</trkpt>
   <trkpt lat="48.3749384" lon="7.3419135">
    <ele>708</ele>
</trkpt>
   <trkpt lat="48.3749376" lon="7.3418718">
    <ele>708</ele>
</trkpt>
   <trkpt lat="48.3749349" lon="7.3418296">
    <ele>708</ele>
</trkpt>
   <trkpt lat="48.3749323" lon="7.3417875">
    <ele>707</ele>
</trkpt>
   <trkpt lat="48.3749287" lon="7.3417461">
    <ele>707</ele>
</trkpt>
   <trkpt lat="48.3749252" lon="7.3417048">
    <ele>707</ele>
</trkpt>
   <trkpt lat="48.3749204" lon="7.3416646">
    <ele>707</ele>
</trkpt>
   <trkpt lat="48.3749156" lon="7.3416245">
    <ele>707</ele>
</trkpt>
   <trkpt lat="48.3749097" lon="7.3415840">
    <ele>707</ele>
</trkpt>
   <trkpt lat="48.3749039" lon="7.3415436">
    <ele>707</ele>
</trkpt>
   <trkpt lat="48.3748984" lon="7.3415017">
    <ele>707</ele>
</trkpt>
   <trkpt lat="48.3748929" lon="7.3414598">
    <ele>707</ele>
</trkpt>
   <trkpt lat="48.3748887" lon="7.3414170">
    <ele>707</ele>
</trkpt>
   <trkpt lat="48.3748845" lon="7.3413743">
    <ele>707</ele>
</trkpt>
   <trkpt lat="48.3748806" lon="7.3413343">
    <ele>707</ele>
</trkpt>
   <trkpt lat="48.3748768" lon="7.3412943">
    <ele>707</ele>
</trkpt>
   <trkpt lat="48.3748740" lon="7.3412570">
    <ele>707</ele>
</trkpt>
   <trkpt lat="48.3748713" lon="7.3412197">
    <ele>707</ele>
</trkpt>
   <trkpt lat="48.3748686" lon="7.3411819">
    <ele>707</ele>
</trkpt>
   <trkpt lat="48.3748660" lon="7.3411441">
    <ele>707</ele>
</trkpt>
   <trkpt lat="48.3748619" lon="7.3411052">
    <ele>707</ele>
</trkpt>
   <trkpt lat="48.3748578" lon="7.3410664">
    <ele>707</ele>
</trkpt>
   <trkpt lat="48.3748541" lon="7.3410255">
    <ele>707</ele>
</trkpt>
   <trkpt lat="48.3748505" lon="7.3409847">
    <ele>707</ele>
</trkpt>
   <trkpt lat="48.3748497" lon="7.3409430">
    <ele>707</ele>
</trkpt>
   <trkpt lat="48.3748490" lon="7.3409013">
    <ele>707</ele>
</trkpt>
   <trkpt lat="48.3748501" lon="7.3408609">
    <ele>707</ele>
</trkpt>
   <trkpt lat="48.3748513" lon="7.3408206">
    <ele>708</ele>
</trkpt>
   <trkpt lat="48.3748544" lon="7.3407813">
    <ele>708</ele>
</trkpt>
   <trkpt lat="48.3748576" lon="7.3407421">
    <ele>708</ele>
</trkpt>
   <trkpt lat="48.3748613" lon="7.3407031">
    <ele>708</ele>
</trkpt>
   <trkpt lat="48.3748650" lon="7.3406642">
    <ele>708</ele>
</trkpt>
   <trkpt lat="48.3748685" lon="7.3406241">
    <ele>708</ele>
</trkpt>
   <trkpt lat="48.3748721" lon="7.3405841">
    <ele>708</ele>
</trkpt>
   <trkpt lat="48.3748767" lon="7.3405435">
    <ele>708</ele>
</trkpt>
   <trkpt lat="48.3748813" lon="7.3405029">
    <ele>708</ele>
</trkpt>
   <trkpt lat="48.3748855" lon="7.3404635">
    <ele>708</ele>
</trkpt>
   <trkpt lat="48.3748897" lon="7.3404242">
    <ele>708</ele>
</trkpt>
   <trkpt lat="48.3748922" lon="7.3403862">
    <ele>708</ele>
</trkpt>
   <trkpt lat="48.3748947" lon="7.3403482">
    <ele>708</ele>
</trkpt>
   <trkpt lat="48.3748968" lon="7.3403107">
    <ele>708</ele>
</trkpt>
   <trkpt lat="48.3748989" lon="7.3402733">
    <ele>708</ele>
</trkpt>
   <trkpt lat="48.3749018" lon="7.3402363">
    <ele>708</ele>
</trkpt>
   <trkpt lat="48.3749047" lon="7.3401994">
    <ele>708</ele>
</trkpt>
   <trkpt lat="48.3749087" lon="7.3401627">
    <ele>708</ele>
</trkpt>
   <trkpt lat="48.3749127" lon="7.3401261">
    <ele>708</ele>
</trkpt>
   <trkpt lat="48.3749172" lon="7.3400892">
    <ele>708</ele>
</trkpt>
   <trkpt lat="48.3749218" lon="7.3400524">
    <ele>708</ele>
</trkpt>
   <trkpt lat="48.3749259" lon="7.3400138">
    <ele>708</ele>
</trkpt>
   <trkpt lat="48.3749300" lon="7.3399752">
    <ele>708</ele>
</trkpt>
   <trkpt lat="48.3749322" lon="7.3399361">
    <ele>708</ele>
</trkpt>
   <trkpt lat="48.3749345" lon="7.3398971">
    <ele>708</ele>
</trkpt>
   <trkpt lat="48.3749366" lon="7.3398578">
    <ele>708</ele>
</trkpt>
   <trkpt lat="48.3749387" lon="7.3398185">
    <ele>708</ele>
</trkpt>
   <trkpt lat="48.3749418" lon="7.3397782">
    <ele>708</ele>
</trkpt>
   <trkpt lat="48.3749449" lon="7.3397380">
    <ele>708</ele>
</trkpt>
   <trkpt lat="48.3749490" lon="7.3396983">
    <ele>708</ele>
</trkpt>
   <trkpt lat="48.3749531" lon="7.3396586">
    <ele>708</ele>
</trkpt>
   <trkpt lat="48.3749565" lon="7.3396193">
    <ele>708</ele>
</trkpt>
   <trkpt lat="48.3749600" lon="7.3395800">
    <ele>708</ele>
</trkpt>
   <trkpt lat="48.3749639" lon="7.3395397">
    <ele>708</ele>
</trkpt>
   <trkpt lat="48.3749678" lon="7.3394994">
    <ele>708</ele>
</trkpt>
   <trkpt lat="48.3749734" lon="7.3394605">
    <ele>709</ele>
</trkpt>
   <trkpt lat="48.3749791" lon="7.3394216">
    <ele>709</ele>
</trkpt>
   <trkpt lat="48.3749856" lon="7.3393840">
    <ele>709</ele>
</trkpt>
   <trkpt lat="48.3749921" lon="7.3393464">
    <ele>709</ele>
</trkpt>
   <trkpt lat="48.3749983" lon="7.3393097">
    <ele>709</ele>
</trkpt>
   <trkpt lat="48.3750046" lon="7.3392730">
    <ele>709</ele>
</trkpt>
   <trkpt lat="48.3750106" lon="7.3392349">
    <ele>709</ele>
</trkpt>
   <trkpt lat="48.3750166" lon="7.3391969">
    <ele>709</ele>
</trkpt>
   <trkpt lat="48.3750218" lon="7.3391594">
    <ele>709</ele>
</trkpt>
   <trkpt lat="48.3750270" lon="7.3391219">
    <ele>709</ele>
</trkpt>
   <trkpt lat="48.3750335" lon="7.3390855">
    <ele>710</ele>
</trkpt>
   <trkpt lat="48.3750401" lon="7.3390492">
    <ele>710</ele>
</trkpt>
   <trkpt lat="48.3750474" lon="7.3390121">
    <ele>710</ele>
</trkpt>
   <trkpt lat="48.3750547" lon="7.3389750">
    <ele>710</ele>
</trkpt>
   <trkpt lat="48.3750629" lon="7.3389379">
    <ele>710</ele>
</trkpt>
   <trkpt lat="48.3750711" lon="7.3389009">
    <ele>711</ele>
</trkpt>
   <trkpt lat="48.3750792" lon="7.3388641">
    <ele>711</ele>
</trkpt>
   <trkpt lat="48.3750874" lon="7.3388273">
    <ele>711</ele>
</trkpt>
   <trkpt lat="48.3750950" lon="7.3387909">
    <ele>711</ele>
</trkpt>
   <trkpt lat="48.3751027" lon="7.3387545">
    <ele>711</ele>
</trkpt>
   <trkpt lat="48.3751099" lon="7.3387180">
    <ele>711</ele>
</trkpt>
   <trkpt lat="48.3751172" lon="7.3386815">
    <ele>711</ele>
</trkpt>
   <trkpt lat="48.3751258" lon="7.3386463">
    <ele>711</ele>
</trkpt>
   <trkpt lat="48.3751345" lon="7.3386111">
    <ele>711</ele>
</trkpt>
   <trkpt lat="48.3751447" lon="7.3385774">
    <ele>711</ele>
</trkpt>
   <trkpt lat="48.3751549" lon="7.3385438">
    <ele>711</ele>
</trkpt>
   <trkpt lat="48.3751647" lon="7.3385088">
    <ele>711</ele>
</trkpt>
   <trkpt lat="48.3751746" lon="7.3384739">
    <ele>711</ele>
</trkpt>
   <trkpt lat="48.3751823" lon="7.3384357">
    <ele>711</ele>
</trkpt>
   <trkpt lat="48.3751901" lon="7.3383976">
    <ele>711</ele>
</trkpt>
   <trkpt lat="48.3751961" lon="7.3383577">
    <ele>711</ele>
</trkpt>
   <trkpt lat="48.3752022" lon="7.3383178">
    <ele>711</ele>
</trkpt>
   <trkpt lat="48.3752076" lon="7.3382784">
    <ele>711</ele>
</trkpt>
   <trkpt lat="48.3752130" lon="7.3382391">
    <ele>711</ele>
</trkpt>
   <trkpt lat="48.3752188" lon="7.3382000">
    <ele>711</ele>
</trkpt>
   <trkpt lat="48.3752246" lon="7.3381609">
    <ele>711</ele>
</trkpt>
   <trkpt lat="48.3752298" lon="7.3381227">
    <ele>711</ele>
</trkpt>
   <trkpt lat="48.3752351" lon="7.3380846">
    <ele>711</ele>
</trkpt>
   <trkpt lat="48.3752390" lon="7.3380482">
    <ele>711</ele>
</trkpt>
   <trkpt lat="48.3752429" lon="7.3380118">
    <ele>711</ele>
</trkpt>
   <trkpt lat="48.3752475" lon="7.3379747">
    <ele>712</ele>
</trkpt>
   <trkpt lat="48.3752521" lon="7.3379376">
    <ele>712</ele>
</trkpt>
   <trkpt lat="48.3752579" lon="7.3379000">
    <ele>712</ele>
</trkpt>
   <trkpt lat="48.3752637" lon="7.3378625">
    <ele>712</ele>
</trkpt>
   <trkpt lat="48.3752716" lon="7.3378245">
    <ele>712</ele>
</trkpt>
   <trkpt lat="48.3752796" lon="7.3377866">
    <ele>712</ele>
</trkpt>
   <trkpt lat="48.3752879" lon="7.3377492">
    <ele>712</ele>
</trkpt>
   <trkpt lat="48.3752963" lon="7.3377119">
    <ele>712</ele>
</trkpt>
   <trkpt lat="48.3753041" lon="7.3376742">
    <ele>712</ele>
</trkpt>
   <trkpt lat="48.3753120" lon="7.3376365">
    <ele>712</ele>
</trkpt>
   <trkpt lat="48.3753195" lon="7.3375984">
    <ele>713</ele>
</trkpt>
   <trkpt lat="48.3753271" lon="7.3375604">
    <ele>713</ele>
</trkpt>
   <trkpt lat="48.3753354" lon="7.3375221">
    <ele>713</ele>
</trkpt>
   <trkpt lat="48.3753437" lon="7.3374839">
    <ele>713</ele>
</trkpt>
   <trkpt lat="48.3753537" lon="7.3374469">
    <ele>713</ele>
</trkpt>
   <trkpt lat="48.3753638" lon="7.3374100">
    <ele>713</ele>
</trkpt>
   <trkpt lat="48.3753741" lon="7.3373761">
    <ele>713</ele>
</trkpt>
   <trkpt lat="48.3753844" lon="7.3373422">
    <ele>713</ele>
</trkpt>
   <trkpt lat="48.3753942" lon="7.3373091">
    <ele>713</ele>
</trkpt>
   <trkpt lat="48.3754040" lon="7.3372760">
    <ele>713</ele>
</trkpt>
   <trkpt lat="48.3754128" lon="7.3372415">
    <ele>714</ele>
</trkpt>
   <trkpt lat="48.3754217" lon="7.3372070">
    <ele>714</ele>
</trkpt>
   <trkpt lat="48.3754311" lon="7.3371710">
    <ele>714</ele>
</trkpt>
   <trkpt lat="48.3754405" lon="7.3371351">
    <ele>714</ele>
</trkpt>
   <trkpt lat="48.3754494" lon="7.3370973">
    <ele>714</ele>
</trkpt>
   <trkpt lat="48.3754584" lon="7.3370596">
    <ele>714</ele>
</trkpt>
   <trkpt lat="48.3754651" lon="7.3370209">
    <ele>714</ele>
</trkpt>
   <trkpt lat="48.3754718" lon="7.3369822">
    <ele>714</ele>
</trkpt>
   <trkpt lat="48.3754769" lon="7.3369422">
    <ele>714</ele>
</trkpt>
   <trkpt lat="48.3754820" lon="7.3369022">
    <ele>714</ele>
</trkpt>
   <trkpt lat="48.3754875" lon="7.3368623">
    <ele>714</ele>
</trkpt>
   <trkpt lat="48.3754931" lon="7.3368224">
    <ele>714</ele>
</trkpt>
   <trkpt lat="48.3754996" lon="7.3367841">
    <ele>714</ele>
</trkpt>
   <trkpt lat="48.3755062" lon="7.3367458">
    <ele>714</ele>
</trkpt>
   <trkpt lat="48.3755142" lon="7.3367066">
    <ele>714</ele>
</trkpt>
   <trkpt lat="48.3755222" lon="7.3366675">
    <ele>715</ele>
</trkpt>
   <trkpt lat="48.3755311" lon="7.3366289">
    <ele>715</ele>
</trkpt>
   <trkpt lat="48.3755400" lon="7.3365903">
    <ele>715</ele>
</trkpt>
   <trkpt lat="48.3755489" lon="7.3365536">
    <ele>715</ele>
</trkpt>
   <trkpt lat="48.3755578" lon="7.3365169">
    <ele>715</ele>
</trkpt>
   <trkpt lat="48.3755677" lon="7.3364818">
    <ele>715</ele>
</trkpt>
   <trkpt lat="48.3755776" lon="7.3364467">
    <ele>715</ele>
</trkpt>
   <trkpt lat="48.3755888" lon="7.3364132">
    <ele>715</ele>
</trkpt>
   <trkpt lat="48.3756000" lon="7.3363798">
    <ele>715</ele>
</trkpt>
   <trkpt lat="48.3756127" lon="7.3363466">
    <ele>715</ele>
</trkpt>
   <trkpt lat="48.3756255" lon="7.3363134">
    <ele>716</ele>
</trkpt>
   <trkpt lat="48.3756395" lon="7.3362803">
    <ele>716</ele>
</trkpt>
   <trkpt lat="48.3756536" lon="7.3362472">
    <ele>716</ele>
</trkpt>
   <trkpt lat="48.3756680" lon="7.3362150">
    <ele>716</ele>
</trkpt>
   <trkpt lat="48.3756824" lon="7.3361829">
    <ele>716</ele>
</trkpt>
   <trkpt lat="48.3756977" lon="7.3361528">
    <ele>716</ele>
</trkpt>
   <trkpt lat="48.3757130" lon="7.3361227">
    <ele>716</ele>
</trkpt>
   <trkpt lat="48.3757277" lon="7.3360930">
    <ele>716</ele>
</trkpt>
   <trkpt lat="48.3757424" lon="7.3360634">
    <ele>716</ele>
</trkpt>
   <trkpt lat="48.3757561" lon="7.3360333">
    <ele>716</ele>
</trkpt>
   <trkpt lat="48.3757698" lon="7.3360033">
    <ele>716</ele>
</trkpt>
   <trkpt lat="48.3757838" lon="7.3359763">
    <ele>716</ele>
</trkpt>
   <trkpt lat="48.3757978" lon="7.3359494">
    <ele>716</ele>
</trkpt>
   <trkpt lat="48.3758147" lon="7.3359293">
    <ele>716</ele>
</trkpt>
   <trkpt lat="48.3758317" lon="7.3359093">
    <ele>716</ele>
</trkpt>
   <trkpt lat="48.3758508" lon="7.3358976">
    <ele>717</ele>
</trkpt>
   <trkpt lat="48.3758700" lon="7.3358860">
    <ele>717</ele>
</trkpt>
   <trkpt lat="48.3758860" lon="7.3358781">
    <ele>717</ele>
</trkpt>
   <trkpt lat="48.3759020" lon="7.3358703">
    <ele>717</ele>
</trkpt>
   <trkpt lat="48.3759148" lon="7.3358634">
    <ele>717</ele>
</trkpt>
   <trkpt lat="48.3759276" lon="7.3358566">
    <ele>717</ele>
</trkpt>
   <trkpt lat="48.3759386" lon="7.3358502">
    <ele>717</ele>
</trkpt>
   <trkpt lat="48.3759497" lon="7.3358439">
    <ele>717</ele>
</trkpt>
   <trkpt lat="48.3759616" lon="7.3358404">
    <ele>717</ele>
</trkpt>
   <trkpt lat="48.3759736" lon="7.3358369">
    <ele>717</ele>
</trkpt>
   <trkpt lat="48.3759877" lon="7.3358355">
    <ele>718</ele>
</trkpt>
   <trkpt lat="48.3760018" lon="7.3358342">
    <ele>718</ele>
</trkpt>
   <trkpt lat="48.3760169" lon="7.3358348">
    <ele>718</ele>
</trkpt>
   <trkpt lat="48.3760321" lon="7.3358354">
    <ele>718</ele>
</trkpt>
   <trkpt lat="48.3760464" lon="7.3358349">
    <ele>718</ele>
</trkpt>
   <trkpt lat="48.3760607" lon="7.3358345">
    <ele>718</ele>
</trkpt>
   <trkpt lat="48.3760745" lon="7.3358315">
    <ele>718</ele>
</trkpt>
   <trkpt lat="48.3760883" lon="7.3358285">
    <ele>718</ele>
</trkpt>
   <trkpt lat="48.3761009" lon="7.3358259">
    <ele>718</ele>
</trkpt>
   <trkpt lat="48.3761135" lon="7.3358233">
    <ele>718</ele>
</trkpt>
   <trkpt lat="48.3761261" lon="7.3358227">
    <ele>719</ele>
</trkpt>
   <trkpt lat="48.3761388" lon="7.3358221">
    <ele>719</ele>
</trkpt>
   <trkpt lat="48.3761530" lon="7.3358225">
    <ele>719</ele>
</trkpt>
   <trkpt lat="48.3761673" lon="7.3358229">
    <ele>719</ele>
</trkpt>
   <trkpt lat="48.3761830" lon="7.3358251">
    <ele>719</ele>
</trkpt>
   <trkpt lat="48.3761988" lon="7.3358274">
    <ele>720</ele>
</trkpt>
   <trkpt lat="48.3762149" lon="7.3358289">
    <ele>720</ele>
</trkpt>
   <trkpt lat="48.3762310" lon="7.3358305">
    <ele>720</ele>
</trkpt>
   <trkpt lat="48.3762436" lon="7.3358279">
    <ele>720</ele>
</trkpt>
   <trkpt lat="48.3762562" lon="7.3358254">
    <ele>720</ele>
</trkpt>
   <trkpt lat="48.3762643" lon="7.3358155">
    <ele>721</ele>
</trkpt>
   <trkpt lat="48.3762724" lon="7.3358056">
    <ele>720</ele>
</trkpt>
   <trkpt lat="48.3762773" lon="7.3357898">
    <ele>720</ele>
</trkpt>
   <trkpt lat="48.3762823" lon="7.3357741">
    <ele>720</ele>
</trkpt>
   <trkpt lat="48.3762831" lon="7.3357547">
    <ele>720</ele>
</trkpt>
   <trkpt lat="48.3762839" lon="7.3357353">
    <ele>720</ele>
</trkpt>
   <trkpt lat="48.3762840" lon="7.3357136">
    <ele>720</ele>
</trkpt>
   <trkpt lat="48.3762841" lon="7.3356919">
    <ele>720</ele>
</trkpt>
   <trkpt lat="48.3762851" lon="7.3356648">
    <ele>720</ele>
</trkpt>
   <trkpt lat="48.3762861" lon="7.3356377">
    <ele>720</ele>
</trkpt>
   <trkpt lat="48.3762884" lon="7.3356016">
    <ele>720</ele>
</trkpt>
   <trkpt lat="48.3762907" lon="7.3355656">
    <ele>719</ele>
</trkpt>
   <trkpt lat="48.3762940" lon="7.3355255">
    <ele>719</ele>
</trkpt>
   <trkpt lat="48.3762973" lon="7.3354854">
    <ele>719</ele>
</trkpt>
   <trkpt lat="48.3763001" lon="7.3354433">
    <ele>719</ele>
</trkpt>
   <trkpt lat="48.3763029" lon="7.3354013">
    <ele>719</ele>
</trkpt>
   <trkpt lat="48.3763066" lon="7.3353587">
    <ele>719</ele>
</trkpt>
   <trkpt lat="48.3763104" lon="7.3353162">
    <ele>719</ele>
</trkpt>
   <trkpt lat="48.3763175" lon="7.3352743">
    <ele>719</ele>
</trkpt>
   <trkpt lat="48.3763247" lon="7.3352325">
    <ele>719</ele>
</trkpt>
   <trkpt lat="48.3763337" lon="7.3351929">
    <ele>719</ele>
</trkpt>
   <trkpt lat="48.3763427" lon="7.3351533">
    <ele>719</ele>
</trkpt>
   <trkpt lat="48.3763534" lon="7.3351182">
    <ele>719</ele>
</trkpt>
   <trkpt lat="48.3763642" lon="7.3350832">
    <ele>719</ele>
</trkpt>
   <trkpt lat="48.3763780" lon="7.3350510">
    <ele>719</ele>
</trkpt>
   <trkpt lat="48.3763919" lon="7.3350188">
    <ele>719</ele>
</trkpt>
   <trkpt lat="48.3764088" lon="7.3349880">
    <ele>719</ele>
</trkpt>
   <trkpt lat="48.3764258" lon="7.3349573">
    <ele>719</ele>
</trkpt>
   <trkpt lat="48.3764446" lon="7.3349255">
    <ele>719</ele>
</trkpt>
   <trkpt lat="48.3764635" lon="7.3348937">
    <ele>719</ele>
</trkpt>
   <trkpt lat="48.3764816" lon="7.3348655">
    <ele>719</ele>
</trkpt>
   <trkpt lat="48.3764998" lon="7.3348374">
    <ele>719</ele>
</trkpt>
   <trkpt lat="48.3765180" lon="7.3348118">
    <ele>719</ele>
</trkpt>
   <trkpt lat="48.3765362" lon="7.3347863">
    <ele>719</ele>
</trkpt>
   <trkpt lat="48.3765542" lon="7.3347584">
    <ele>719</ele>
</trkpt>
   <trkpt lat="48.3765722" lon="7.3347305">
    <ele>720</ele>
</trkpt>
   <trkpt lat="48.3765880" lon="7.3347010">
    <ele>720</ele>
</trkpt>
   <trkpt lat="48.3766039" lon="7.3346715">
    <ele>720</ele>
</trkpt>
   <trkpt lat="48.3766160" lon="7.3346409">
    <ele>720</ele>
</trkpt>
   <trkpt lat="48.3766281" lon="7.3346104">
    <ele>720</ele>
</trkpt>
   <trkpt lat="48.3766391" lon="7.3345802">
    <ele>720</ele>
</trkpt>
   <trkpt lat="48.3766502" lon="7.3345501">
    <ele>720</ele>
</trkpt>
   <trkpt lat="48.3766606" lon="7.3345186">
    <ele>720</ele>
</trkpt>
   <trkpt lat="48.3766710" lon="7.3344871">
    <ele>720</ele>
</trkpt>
   <trkpt lat="48.3766812" lon="7.3344553">
    <ele>720</ele>
</trkpt>
   <trkpt lat="48.3766915" lon="7.3344235">
    <ele>720</ele>
</trkpt>
   <trkpt lat="48.3767032" lon="7.3343935">
    <ele>720</ele>
</trkpt>
   <trkpt lat="48.3767150" lon="7.3343635">
    <ele>720</ele>
</trkpt>
   <trkpt lat="48.3767260" lon="7.3343341">
    <ele>720</ele>
</trkpt>
   <trkpt lat="48.3767371" lon="7.3343047">
    <ele>720</ele>
</trkpt>
   <trkpt lat="48.3767456" lon="7.3342743">
    <ele>721</ele>
</trkpt>
   <trkpt lat="48.3767541" lon="7.3342440">
    <ele>721</ele>
</trkpt>
   <trkpt lat="48.3767626" lon="7.3342138">
    <ele>721</ele>
</trkpt>
   <trkpt lat="48.3767711" lon="7.3341837">
    <ele>721</ele>
</trkpt>
   <trkpt lat="48.3767802" lon="7.3341528">
    <ele>721</ele>
</trkpt>
   <trkpt lat="48.3767894" lon="7.3341219">
    <ele>722</ele>
</trkpt>
   <trkpt lat="48.3767993" lon="7.3340915">
    <ele>722</ele>
</trkpt>
   <trkpt lat="48.3768092" lon="7.3340612">
    <ele>722</ele>
</trkpt>
   <trkpt lat="48.3768181" lon="7.3340314">
    <ele>723</ele>
</trkpt>
   <trkpt lat="48.3768270" lon="7.3340017">
    <ele>723</ele>
</trkpt>
   <trkpt lat="48.3768347" lon="7.3339778">
    <ele>724</ele>
</trkpt>
   <trkpt lat="48.3768424" lon="7.3339540">
    <ele>724</ele>
</trkpt>
   <trkpt lat="48.3768492" lon="7.3339349">
    <ele>724</ele>
</trkpt>
   <trkpt lat="48.3768560" lon="7.3339158">
    <ele>724</ele>
</trkpt>
   <trkpt lat="48.3768608" lon="7.3338981">
    <ele>724</ele>
</trkpt>
   <trkpt lat="48.3768657" lon="7.3338805">
    <ele>724</ele>
</trkpt>
   <trkpt lat="48.3768686" lon="7.3338640">
    <ele>724</ele>
</trkpt>
   <trkpt lat="48.3768715" lon="7.3338475">
    <ele>724</ele>
</trkpt>
   <trkpt lat="48.3768718" lon="7.3338294">
    <ele>724</ele>
</trkpt>
   <trkpt lat="48.3768721" lon="7.3338114">
    <ele>724</ele>
</trkpt>
   <trkpt lat="48.3768721" lon="7.3337924">
    <ele>725</ele>
</trkpt>
   <trkpt lat="48.3768722" lon="7.3337735">
    <ele>725</ele>
</trkpt>
   <trkpt lat="48.3768735" lon="7.3337563">
    <ele>725</ele>
</trkpt>
   <trkpt lat="48.3768749" lon="7.3337391">
    <ele>725</ele>
</trkpt>
   <trkpt lat="48.3768784" lon="7.3337214">
    <ele>725</ele>
</trkpt>
   <trkpt lat="48.3768820" lon="7.3337038">
    <ele>726</ele>
</trkpt>
   <trkpt lat="48.3768863" lon="7.3336853">
    <ele>726</ele>
</trkpt>
   <trkpt lat="48.3768907" lon="7.3336668">
    <ele>726</ele>
</trkpt>
   <trkpt lat="48.3768932" lon="7.3336482">
    <ele>726</ele>
</trkpt>
   <trkpt lat="48.3768958" lon="7.3336297">
    <ele>726</ele>
</trkpt>
   <trkpt lat="48.3768974" lon="7.3336103">
    <ele>726</ele>
</trkpt>
   <trkpt lat="48.3768990" lon="7.3335910">
    <ele>726</ele>
</trkpt>
   <trkpt lat="48.3768999" lon="7.3335728">
    <ele>726</ele>
</trkpt>
   <trkpt lat="48.3769009" lon="7.3335546">
    <ele>726</ele>
</trkpt>
   <trkpt lat="48.3769023" lon="7.3335374">
    <ele>726</ele>
</trkpt>
   <trkpt lat="48.3769037" lon="7.3335203">
    <ele>726</ele>
</trkpt>
   <trkpt lat="48.3769051" lon="7.3335041">
    <ele>726</ele>
</trkpt>
   <trkpt lat="48.3769065" lon="7.3334880">
    <ele>726</ele>
</trkpt>
   <trkpt lat="48.3769068" lon="7.3334711">
    <ele>726</ele>
</trkpt>
   <trkpt lat="48.3769072" lon="7.3334543">
    <ele>726</ele>
</trkpt>
   <trkpt lat="48.3769063" lon="7.3334366">
    <ele>727</ele>
</trkpt>
   <trkpt lat="48.3769055" lon="7.3334190">
    <ele>727</ele>
</trkpt>
   <trkpt lat="48.3769053" lon="7.3334009">
    <ele>727</ele>
</trkpt>
   <trkpt lat="48.3769052" lon="7.3333829">
    <ele>727</ele>
</trkpt>
   <trkpt lat="48.3769062" lon="7.3333626">
    <ele>727</ele>
</trkpt>
   <trkpt lat="48.3769072" lon="7.3333424">
    <ele>728</ele>
</trkpt>
   <trkpt lat="48.3769088" lon="7.3333211">
    <ele>728</ele>
</trkpt>
   <trkpt lat="48.3769104" lon="7.3332998">
    <ele>728</ele>
</trkpt>
   <trkpt lat="48.3769118" lon="7.3332811">
    <ele>728</ele>
</trkpt>
   <trkpt lat="48.3769132" lon="7.3332624">
    <ele>728</ele>
</trkpt>
   <trkpt lat="48.3769170" lon="7.3332449">
    <ele>729</ele>
</trkpt>
   <trkpt lat="48.3769209" lon="7.3332274">
    <ele>729</ele>
</trkpt>
   <trkpt lat="48.3769288" lon="7.3332115">
    <ele>729</ele>
</trkpt>
   <trkpt lat="48.3769367" lon="7.3331956">
    <ele>729</ele>
</trkpt>
   <trkpt lat="48.3769412" lon="7.3331875">
    <ele>729</ele>
</trkpt>
   <trkpt lat="48.3769458" lon="7.3331794">
    <ele>730</ele>
</trkpt>
   <trkpt lat="48.3769532" lon="7.3331652">
    <ele>730</ele>
</trkpt>
   <trkpt lat="48.3769606" lon="7.3331511">
    <ele>730</ele>
</trkpt>
   <trkpt lat="48.3769673" lon="7.3331356">
    <ele>730</ele>
</trkpt>
   <trkpt lat="48.3769740" lon="7.3331202">
    <ele>730</ele>
</trkpt>
   <trkpt lat="48.3769810" lon="7.3331021">
    <ele>731</ele>
</trkpt>
   <trkpt lat="48.3769881" lon="7.3330841">
    <ele>731</ele>
</trkpt>
   <trkpt lat="48.3769953" lon="7.3330659">
    <ele>731</ele>
</trkpt>
   <trkpt lat="48.3770026" lon="7.3330478">
    <ele>731</ele>
</trkpt>
   <trkpt lat="48.3770091" lon="7.3330315">
    <ele>731</ele>
</trkpt>
   <trkpt lat="48.3770156" lon="7.3330152">
    <ele>732</ele>
</trkpt>
   <trkpt lat="48.3770202" lon="7.3330007">
    <ele>732</ele>
</trkpt>
   <trkpt lat="48.3770248" lon="7.3329862">
    <ele>732</ele>
</trkpt>
   <trkpt lat="48.3770277" lon="7.3329715">
    <ele>732</ele>
</trkpt>
   <trkpt lat="48.3770306" lon="7.3329569">
    <ele>732</ele>
</trkpt>
   <trkpt lat="48.3770331" lon="7.3329438">
    <ele>733</ele>
</trkpt>
   <trkpt lat="48.3770356" lon="7.3329307">
    <ele>733</ele>
</trkpt>
   <trkpt lat="48.3770398" lon="7.3329194">
    <ele>733</ele>
</trkpt>
   <trkpt lat="48.3770441" lon="7.3329082">
    <ele>733</ele>
</trkpt>
   <trkpt lat="48.3770508" lon="7.3328977">
    <ele>733</ele>
</trkpt>
   <trkpt lat="48.3770575" lon="7.3328873">
    <ele>734</ele>
</trkpt>
   <trkpt lat="48.3770654" lon="7.3328756">
    <ele>734</ele>
</trkpt>
   <trkpt lat="48.3770733" lon="7.3328639">
    <ele>734</ele>
</trkpt>
   <trkpt lat="48.3770802" lon="7.3328508">
    <ele>734</ele>
</trkpt>
   <trkpt lat="48.3770872" lon="7.3328377">
    <ele>734</ele>
</trkpt>
   <trkpt lat="48.3770923" lon="7.3328236">
    <ele>734</ele>
</trkpt>
   <trkpt lat="48.3770974" lon="7.3328095">
    <ele>734</ele>
</trkpt>
   <trkpt lat="48.3771019" lon="7.3327941">
    <ele>734</ele>
</trkpt>
   <trkpt lat="48.3771065" lon="7.3327788">
    <ele>734</ele>
</trkpt>
   <trkpt lat="48.3771116" lon="7.3327647">
    <ele>734</ele>
</trkpt>
   <trkpt lat="48.3771168" lon="7.3327507">
    <ele>735</ele>
</trkpt>
   <trkpt lat="48.3771208" lon="7.3327376">
    <ele>735</ele>
</trkpt>
   <trkpt lat="48.3771248" lon="7.3327245">
    <ele>735</ele>
</trkpt>
   <trkpt lat="48.3771275" lon="7.3327115">
    <ele>735</ele>
</trkpt>
   <trkpt lat="48.3771303" lon="7.3326985">
    <ele>735</ele>
</trkpt>
   <trkpt lat="48.3771316" lon="7.3326836">
    <ele>736</ele>
</trkpt>
   <trkpt lat="48.3771330" lon="7.3326687">
    <ele>736</ele>
</trkpt>
   <trkpt lat="48.3771330" lon="7.3326512">
    <ele>736</ele>
</trkpt>
   <trkpt lat="48.3771331" lon="7.3326338">
    <ele>736</ele>
</trkpt>
   <trkpt lat="48.3771348" lon="7.3326134">
    <ele>736</ele>
</trkpt>
   <trkpt lat="48.3771365" lon="7.3325930">
    <ele>737</ele>
</trkpt>
   <trkpt lat="48.3771404" lon="7.3325722">
    <ele>737</ele>
</trkpt>
   <trkpt lat="48.3771443" lon="7.3325514">
    <ele>737</ele>
</trkpt>
   <trkpt lat="48.3771490" lon="7.3325320">
    <ele>737</ele>
</trkpt>
   <trkpt lat="48.3771538" lon="7.3325126">
    <ele>737</ele>
</trkpt>
   <trkpt lat="48.3771577" lon="7.3324933">
    <ele>737</ele>
</trkpt>
   <trkpt lat="48.3771617" lon="7.3324741">
    <ele>737</ele>
</trkpt>
   <trkpt lat="48.3771650" lon="7.3324525">
    <ele>737</ele>
</trkpt>
   <trkpt lat="48.3771683" lon="7.3324309">
    <ele>738</ele>
</trkpt>
   <trkpt lat="48.3771719" lon="7.3324085">
    <ele>738</ele>
</trkpt>
   <trkpt lat="48.3771755" lon="7.3323862">
    <ele>739</ele>
</trkpt>
   <trkpt lat="48.3771793" lon="7.3323644">
    <ele>739</ele>
</trkpt>
   <trkpt lat="48.3771832" lon="7.3323426">
    <ele>739</ele>
</trkpt>
   <trkpt lat="48.3771856" lon="7.3323240">
    <ele>739</ele>
</trkpt>
   <trkpt lat="48.3771881" lon="7.3323054">
    <ele>739</ele>
</trkpt>
   <trkpt lat="48.3771901" lon="7.3322888">
    <ele>740</ele>
</trkpt>
   <trkpt lat="48.3771922" lon="7.3322722">
    <ele>740</ele>
</trkpt>
   <trkpt lat="48.3771935" lon="7.3322562">
    <ele>740</ele>
</trkpt>
   <trkpt lat="48.3771948" lon="7.3322403">
    <ele>740</ele>
</trkpt>
   <trkpt lat="48.3771968" lon="7.3322218">
    <ele>740</ele>
</trkpt>
   <trkpt lat="48.3771989" lon="7.3322034">
    <ele>741</ele>
</trkpt>
   <trkpt lat="48.3772026" lon="7.3321833">
    <ele>741</ele>
</trkpt>
   <trkpt lat="48.3772064" lon="7.3321632">
    <ele>741</ele>
</trkpt>
   <trkpt lat="48.3772086" lon="7.3321422">
    <ele>741</ele>
</trkpt>
   <trkpt lat="48.3772108" lon="7.3321213">
    <ele>741</ele>
</trkpt>
   <trkpt lat="48.3772134" lon="7.3320979">
    <ele>741</ele>
</trkpt>
   <trkpt lat="48.3772161" lon="7.3320746">
    <ele>741</ele>
</trkpt>
   <trkpt lat="48.3772188" lon="7.3320532">
    <ele>741</ele>
</trkpt>
   <trkpt lat="48.3772215" lon="7.3320318">
    <ele>741</ele>
</trkpt>
   <trkpt lat="48.3772257" lon="7.3320124">
    <ele>741</ele>
</trkpt>
   <trkpt lat="48.3772300" lon="7.3319930">
    <ele>741</ele>
</trkpt>
   <trkpt lat="48.3772337" lon="7.3319749">
    <ele>741</ele>
</trkpt>
   <trkpt lat="48.3772374" lon="7.3319569">
    <ele>741</ele>
</trkpt>
   <trkpt lat="48.3772408" lon="7.3319394">
    <ele>741</ele>
</trkpt>
   <trkpt lat="48.3772443" lon="7.3319219">
    <ele>741</ele>
</trkpt>
   <trkpt lat="48.3772497" lon="7.3319042">
    <ele>742</ele>
</trkpt>
   <trkpt lat="48.3772552" lon="7.3318866">
    <ele>742</ele>
</trkpt>
   <trkpt lat="48.3772625" lon="7.3318679">
    <ele>742</ele>
</trkpt>
   <trkpt lat="48.3772699" lon="7.3318493">
    <ele>742</ele>
</trkpt>
   <trkpt lat="48.3772781" lon="7.3318293">
    <ele>742</ele>
</trkpt>
   <trkpt lat="48.3772863" lon="7.3318094">
    <ele>742</ele>
</trkpt>
   <trkpt lat="48.3772942" lon="7.3317893">
    <ele>742</ele>
</trkpt>
   <trkpt lat="48.3773022" lon="7.3317692">
    <ele>742</ele>
</trkpt>
   <trkpt lat="48.3773093" lon="7.3317501">
    <ele>743</ele>
</trkpt>
   <trkpt lat="48.3773165" lon="7.3317310">
    <ele>743</ele>
</trkpt>
   <trkpt lat="48.3773209" lon="7.3317138">
    <ele>744</ele>
</trkpt>
   <trkpt lat="48.3773254" lon="7.3316967">
    <ele>744</ele>
</trkpt>
   <trkpt lat="48.3773292" lon="7.3316778">
    <ele>744</ele>
</trkpt>
   <trkpt lat="48.3773330" lon="7.3316590">
    <ele>744</ele>
</trkpt>
   <trkpt lat="48.3773392" lon="7.3316394">
    <ele>744</ele>
</trkpt>
   <trkpt lat="48.3773455" lon="7.3316198">
    <ele>745</ele>
</trkpt>
   <trkpt lat="48.3773529" lon="7.3315995">
    <ele>745</ele>
</trkpt>
   <trkpt lat="48.3773604" lon="7.3315792">
    <ele>745</ele>
</trkpt>
   <trkpt lat="48.3773672" lon="7.3315593">
    <ele>745</ele>
</trkpt>
   <trkpt lat="48.3773740" lon="7.3315394">
    <ele>745</ele>
</trkpt>
   <trkpt lat="48.3773797" lon="7.3315196">
    <ele>746</ele>
</trkpt>
   <trkpt lat="48.3773854" lon="7.3314998">
    <ele>746</ele>
</trkpt>
   <trkpt lat="48.3773879" lon="7.3314834">
    <ele>746</ele>
</trkpt>
   <trkpt lat="48.3773905" lon="7.3314670">
    <ele>746</ele>
</trkpt>
   <trkpt lat="48.3773926" lon="7.3314526">
    <ele>746</ele>
</trkpt>
   <trkpt lat="48.3773948" lon="7.3314382">
    <ele>747</ele>
</trkpt>
   <trkpt lat="48.3773980" lon="7.3314234">
    <ele>747</ele>
</trkpt>
   <trkpt lat="48.3774013" lon="7.3314086">
    <ele>747</ele>
</trkpt>
   <trkpt lat="48.3774068" lon="7.3313945">
    <ele>747</ele>
</trkpt>
   <trkpt lat="48.3774123" lon="7.3313805">
    <ele>747</ele>
</trkpt>
   <trkpt lat="48.3774190" lon="7.3313641">
    <ele>747</ele>
</trkpt>
   <trkpt lat="48.3774257" lon="7.3313478">
    <ele>747</ele>
</trkpt>
   <trkpt lat="48.3774322" lon="7.3313315">
    <ele>747</ele>
</trkpt>
   <trkpt lat="48.3774388" lon="7.3313152">
    <ele>747</ele>
</trkpt>
   <trkpt lat="48.3774455" lon="7.3312997">
    <ele>747</ele>
</trkpt>
   <trkpt lat="48.3774523" lon="7.3312843">
    <ele>748</ele>
</trkpt>
   <trkpt lat="48.3774584" lon="7.3312696">
    <ele>748</ele>
</trkpt>
   <trkpt lat="48.3774646" lon="7.3312550">
    <ele>748</ele>
</trkpt>
   <trkpt lat="48.3774710" lon="7.3312426">
    <ele>749</ele>
</trkpt>
   <trkpt lat="48.3774775" lon="7.3312302">
    <ele>749</ele>
</trkpt>
   <trkpt lat="48.3774846" lon="7.3312177">
    <ele>750</ele>
</trkpt>
   <trkpt lat="48.3774917" lon="7.3312052">
    <ele>750</ele>
</trkpt>
   <trkpt lat="48.3774968" lon="7.3311903">
    <ele>750</ele>
</trkpt>
   <trkpt lat="48.3775020" lon="7.3311754">
    <ele>750</ele>
</trkpt>
   <trkpt lat="48.3775070" lon="7.3311578">
    <ele>750</ele>
</trkpt>
   <trkpt lat="48.3775120" lon="7.3311402">
    <ele>751</ele>
</trkpt>
   <trkpt lat="48.3775186" lon="7.3311234">
    <ele>751</ele>
</trkpt>
   <trkpt lat="48.3775252" lon="7.3311066">
    <ele>751</ele>
</trkpt>
   <trkpt lat="48.3775332" lon="7.3310916">
    <ele>751</ele>
</trkpt>
   <trkpt lat="48.3775412" lon="7.3310766">
    <ele>751</ele>
</trkpt>
   <trkpt lat="48.3775496" lon="7.3310640">
    <ele>752</ele>
</trkpt>
   <trkpt lat="48.3775581" lon="7.3310514">
    <ele>752</ele>
</trkpt>
   <trkpt lat="48.3775669" lon="7.3310385">
    <ele>752</ele>
</trkpt>
   <trkpt lat="48.3775758" lon="7.3310256">
    <ele>752</ele>
</trkpt>
   <trkpt lat="48.3775839" lon="7.3310124">
    <ele>752</ele>
</trkpt>
   <trkpt lat="48.3775920" lon="7.3309992">
    <ele>753</ele>
</trkpt>
   <trkpt lat="48.3775980" lon="7.3309864">
    <ele>753</ele>
</trkpt>
   <trkpt lat="48.3776040" lon="7.3309736">
    <ele>753</ele>
</trkpt>
   <trkpt lat="48.3776097" lon="7.3309598">
    <ele>753</ele>
</trkpt>
   <trkpt lat="48.3776154" lon="7.3309460">
    <ele>753</ele>
</trkpt>
   <trkpt lat="48.3776213" lon="7.3309316">
    <ele>753</ele>
</trkpt>
   <trkpt lat="48.3776273" lon="7.3309173">
    <ele>753</ele>
</trkpt>
   <trkpt lat="48.3776346" lon="7.3309030">
    <ele>753</ele>
</trkpt>
   <trkpt lat="48.3776419" lon="7.3308888">
    <ele>753</ele>
</trkpt>
   <trkpt lat="48.3776501" lon="7.3308731">
    <ele>753</ele>
</trkpt>
   <trkpt lat="48.3776583" lon="7.3308575">
    <ele>754</ele>
</trkpt>
   <trkpt lat="48.3776645" lon="7.3308373">
    <ele>754</ele>
</trkpt>
   <trkpt lat="48.3776707" lon="7.3308171">
    <ele>754</ele>
</trkpt>
   <trkpt lat="48.3776754" lon="7.3307971">
    <ele>754</ele>
</trkpt>
   <trkpt lat="48.3776801" lon="7.3307771">
    <ele>754</ele>
</trkpt>
   <trkpt lat="48.3776854" lon="7.3307607">
    <ele>754</ele>
</trkpt>
   <trkpt lat="48.3776908" lon="7.3307444">
    <ele>754</ele>
</trkpt>
   <trkpt lat="48.3776971" lon="7.3307315">
    <ele>754</ele>
</trkpt>
   <trkpt lat="48.3777035" lon="7.3307187">
    <ele>754</ele>
</trkpt>
   <trkpt lat="48.3777105" lon="7.3307062">
    <ele>754</ele>
</trkpt>
   <trkpt lat="48.3777176" lon="7.3306938">
    <ele>755</ele>
</trkpt>
   <trkpt lat="48.3777266" lon="7.3306821">
    <ele>755</ele>
</trkpt>
   <trkpt lat="48.3777357" lon="7.3306704">
    <ele>755</ele>
</trkpt>
   <trkpt lat="48.3777433" lon="7.3306587">
    <ele>755</ele>
</trkpt>
   <trkpt lat="48.3777510" lon="7.3306471">
    <ele>755</ele>
</trkpt>
   <trkpt lat="48.3777582" lon="7.3306355">
    <ele>756</ele>
</trkpt>
   <trkpt lat="48.3777655" lon="7.3306239">
    <ele>756</ele>
</trkpt>
   <trkpt lat="48.3777736" lon="7.3306085">
    <ele>756</ele>
</trkpt>
   <trkpt lat="48.3777817" lon="7.3305932">
    <ele>756</ele>
</trkpt>
   <trkpt lat="48.3777920" lon="7.3305754">
    <ele>756</ele>
</trkpt>
   <trkpt lat="48.3778023" lon="7.3305576">
    <ele>756</ele>
</trkpt>
   <trkpt lat="48.3778131" lon="7.3305406">
    <ele>756</ele>
</trkpt>
   <trkpt lat="48.3778240" lon="7.3305237">
    <ele>756</ele>
</trkpt>
   <trkpt lat="48.3778324" lon="7.3305072">
    <ele>757</ele>
</trkpt>
   <trkpt lat="48.3778408" lon="7.3304907">
    <ele>757</ele>
</trkpt>
   <trkpt lat="48.3778468" lon="7.3304751">
    <ele>758</ele>
</trkpt>
   <trkpt lat="48.3778528" lon="7.3304595">
    <ele>758</ele>
</trkpt>
   <trkpt lat="48.3778584" lon="7.3304451">
    <ele>758</ele>
</trkpt>
   <trkpt lat="48.3778641" lon="7.3304307">
    <ele>758</ele>
</trkpt>
   <trkpt lat="48.3778694" lon="7.3304163">
    <ele>758</ele>
</trkpt>
   <trkpt lat="48.3778748" lon="7.3304020">
    <ele>759</ele>
</trkpt>
   <trkpt lat="48.3778819" lon="7.3303861">
    <ele>759</ele>
</trkpt>
   <trkpt lat="48.3778891" lon="7.3303703">
    <ele>759</ele>
</trkpt>
   <trkpt lat="48.3778964" lon="7.3303564">
    <ele>759</ele>
</trkpt>
   <trkpt lat="48.3779038" lon="7.3303425">
    <ele>759</ele>
</trkpt>
   <trkpt lat="48.3779117" lon="7.3303303">
    <ele>760</ele>
</trkpt>
   <trkpt lat="48.3779196" lon="7.3303181">
    <ele>760</ele>
</trkpt>
   <trkpt lat="48.3779271" lon="7.3303061">
    <ele>760</ele>
</trkpt>
   <trkpt lat="48.3779347" lon="7.3302942">
    <ele>760</ele>
</trkpt>
   <trkpt lat="48.3779420" lon="7.3302838">
    <ele>760</ele>
</trkpt>
   <trkpt lat="48.3779493" lon="7.3302735">
    <ele>761</ele>
</trkpt>
   <trkpt lat="48.3779578" lon="7.3302647">
    <ele>761</ele>
</trkpt>
   <trkpt lat="48.3779663" lon="7.3302559">
    <ele>761</ele>
</trkpt>
   <trkpt lat="48.3779762" lon="7.3302455">
    <ele>761</ele>
</trkpt>
   <trkpt lat="48.3779862" lon="7.3302351">
    <ele>761</ele>
</trkpt>
   <trkpt lat="48.3779963" lon="7.3302244">
    <ele>762</ele>
</trkpt>
   <trkpt lat="48.3780064" lon="7.3302137">
    <ele>762</ele>
</trkpt>
   <trkpt lat="48.3780163" lon="7.3302017">
    <ele>762</ele>
</trkpt>
   <trkpt lat="48.3780263" lon="7.3301898">
    <ele>763</ele>
</trkpt>
   <trkpt lat="48.3780351" lon="7.3301771">
    <ele>763</ele>
</trkpt>
   <trkpt lat="48.3780439" lon="7.3301644">
    <ele>764</ele>
</trkpt>
   <trkpt lat="48.3780524" lon="7.3301531">
    <ele>764</ele>
</trkpt>
   <trkpt lat="48.3780609" lon="7.3301418">
    <ele>764</ele>
</trkpt>
   <trkpt lat="48.3780715" lon="7.3301301">
    <ele>764</ele>
</trkpt>
   <trkpt lat="48.3780822" lon="7.3301185">
    <ele>764</ele>
</trkpt>
   <trkpt lat="48.3780939" lon="7.3301064">
    <ele>765</ele>
</trkpt>
   <trkpt lat="48.3781056" lon="7.3300944">
    <ele>764</ele>
</trkpt>
   <trkpt lat="48.3781165" lon="7.3300822">
    <ele>764</ele>
</trkpt>
   <trkpt lat="48.3781274" lon="7.3300700">
    <ele>764</ele>
</trkpt>
   <trkpt lat="48.3781375" lon="7.3300574">
    <ele>764</ele>
</trkpt>
   <trkpt lat="48.3781477" lon="7.3300449">
    <ele>764</ele>
</trkpt>
   <trkpt lat="48.3781568" lon="7.3300311">
    <ele>763</ele>
</trkpt>
   <trkpt lat="48.3781659" lon="7.3300173">
    <ele>763</ele>
</trkpt>
   <trkpt lat="48.3781746" lon="7.3300008">
    <ele>763</ele>
</trkpt>
   <trkpt lat="48.3781834" lon="7.3299843">
    <ele>763</ele>
</trkpt>
   <trkpt lat="48.3781912" lon="7.3299635">
    <ele>763</ele>
</trkpt>
   <trkpt lat="48.3781991" lon="7.3299428">
    <ele>763</ele>
</trkpt>
   <trkpt lat="48.3782057" lon="7.3299232">
    <ele>763</ele>
</trkpt>
   <trkpt lat="48.3782124" lon="7.3299037">
    <ele>763</ele>
</trkpt>
   <trkpt lat="48.3782169" lon="7.3298893">
    <ele>763</ele>
</trkpt>
   <trkpt lat="48.3782214" lon="7.3298749">
    <ele>764</ele>
</trkpt>
   <trkpt lat="48.3782260" lon="7.3298598">
    <ele>764</ele>
</trkpt>
   <trkpt lat="48.3782306" lon="7.3298447">
    <ele>764</ele>
</trkpt>
   <trkpt lat="48.3782352" lon="7.3298288">
    <ele>764</ele>
</trkpt>
   <trkpt lat="48.3782399" lon="7.3298129">
    <ele>764</ele>
</trkpt>
   <trkpt lat="48.3782440" lon="7.3297958">
    <ele>764</ele>
</trkpt>
   <trkpt lat="48.3782482" lon="7.3297788">
    <ele>764</ele>
</trkpt>
   <trkpt lat="48.3782513" lon="7.3297614">
    <ele>764</ele>
</trkpt>
   <trkpt lat="48.3782545" lon="7.3297441">
    <ele>764</ele>
</trkpt>
   <trkpt lat="48.3782557" lon="7.3297253">
    <ele>764</ele>
</trkpt>
   <trkpt lat="48.3782569" lon="7.3297066">
    <ele>765</ele>
</trkpt>
   <trkpt lat="48.3782575" lon="7.3296870">
    <ele>765</ele>
</trkpt>
   <trkpt lat="48.3782581" lon="7.3296674">
    <ele>765</ele>
</trkpt>
   <trkpt lat="48.3782575" lon="7.3296465">
    <ele>765</ele>
</trkpt>
   <trkpt lat="48.3782570" lon="7.3296256">
    <ele>765</ele>
</trkpt>
   <trkpt lat="48.3782571" lon="7.3296032">
    <ele>765</ele>
</trkpt>
   <trkpt lat="48.3782572" lon="7.3295809">
    <ele>765</ele>
</trkpt>
   <trkpt lat="48.3782579" lon="7.3295546">
    <ele>765</ele>
</trkpt>
   <trkpt lat="48.3782587" lon="7.3295284">
    <ele>765</ele>
</trkpt>
   <trkpt lat="48.3782597" lon="7.3294960">
    <ele>765</ele>
</trkpt>
   <trkpt lat="48.3782608" lon="7.3294636">
    <ele>765</ele>
</trkpt>
   <trkpt lat="48.3782609" lon="7.3294264">
    <ele>765</ele>
</trkpt>
   <trkpt lat="48.3782611" lon="7.3293892">
    <ele>765</ele>
</trkpt>
   <trkpt lat="48.3782592" lon="7.3293514">
    <ele>765</ele>
</trkpt>
   <trkpt lat="48.3782574" lon="7.3293137">
    <ele>765</ele>
</trkpt>
   <trkpt lat="48.3782536" lon="7.3292762">
    <ele>765</ele>
</trkpt>
   <trkpt lat="48.3782499" lon="7.3292387">
    <ele>765</ele>
</trkpt>
   <trkpt lat="48.3782469" lon="7.3292028">
    <ele>765</ele>
</trkpt>
   <trkpt lat="48.3782440" lon="7.3291669">
    <ele>765</ele>
</trkpt>
   <trkpt lat="48.3782413" lon="7.3291294">
    <ele>765</ele>
</trkpt>
   <trkpt lat="48.3782386" lon="7.3290919">
    <ele>765</ele>
</trkpt>
   <trkpt lat="48.3782356" lon="7.3290532">
    <ele>765</ele>
</trkpt>
   <trkpt lat="48.3782327" lon="7.3290145">
    <ele>765</ele>
</trkpt>
   <trkpt lat="48.3782287" lon="7.3289742">
    <ele>765</ele>
</trkpt>
   <trkpt lat="48.3782247" lon="7.3289339">
    <ele>765</ele>
</trkpt>
   <trkpt lat="48.3782218" lon="7.3288959">
    <ele>766</ele>
</trkpt>
   <trkpt lat="48.3782190" lon="7.3288579">
    <ele>766</ele>
</trkpt>
   <trkpt lat="48.3782185" lon="7.3288224">
    <ele>766</ele>
</trkpt>
   <trkpt lat="48.3782181" lon="7.3287870">
    <ele>766</ele>
</trkpt>
   <trkpt lat="48.3782186" lon="7.3287512">
    <ele>766</ele>
</trkpt>
   <trkpt lat="48.3782192" lon="7.3287154">
    <ele>767</ele>
</trkpt>
   <trkpt lat="48.3782159" lon="7.3286811">
    <ele>767</ele>
</trkpt>
   <trkpt lat="48.3782127" lon="7.3286469">
    <ele>767</ele>
</trkpt>
   <trkpt lat="48.3782052" lon="7.3286128">
    <ele>767</ele>
</trkpt>
   <trkpt lat="48.3781977" lon="7.3285787">
    <ele>767</ele>
</trkpt>
   <trkpt lat="48.3781922" lon="7.3285445">
    <ele>767</ele>
</trkpt>
   <trkpt lat="48.3781867" lon="7.3285103">
    <ele>767</ele>
</trkpt>
   <trkpt lat="48.3781854" lon="7.3284723">
    <ele>767</ele>
</trkpt>
   <trkpt lat="48.3781841" lon="7.3284344">
    <ele>767</ele>
</trkpt>
   <trkpt lat="48.3781872" lon="7.3283940">
    <ele>767</ele>
</trkpt>
   <trkpt lat="48.3781903" lon="7.3283537">
    <ele>767</ele>
</trkpt>
   <trkpt lat="48.3781959" lon="7.3283153">
    <ele>767</ele>
</trkpt>
   <trkpt lat="48.3782015" lon="7.3282770">
    <ele>767</ele>
</trkpt>
   <trkpt lat="48.3782067" lon="7.3282408">
    <ele>767</ele>
</trkpt>
   <trkpt lat="48.3782120" lon="7.3282046">
    <ele>767</ele>
</trkpt>
   <trkpt lat="48.3782149" lon="7.3281683">
    <ele>768</ele>
</trkpt>
   <trkpt lat="48.3782178" lon="7.3281321">
    <ele>768</ele>
</trkpt>
   <trkpt lat="48.3782179" lon="7.3280950">
    <ele>768</ele>
</trkpt>
   <trkpt lat="48.3782181" lon="7.3280580">
    <ele>768</ele>
</trkpt>
   <trkpt lat="48.3782163" lon="7.3280203">
    <ele>768</ele>
</trkpt>
   <trkpt lat="48.3782146" lon="7.3279826">
    <ele>768</ele>
</trkpt>
   <trkpt lat="48.3782119" lon="7.3279440">
    <ele>768</ele>
</trkpt>
   <trkpt lat="48.3782093" lon="7.3279055">
    <ele>768</ele>
</trkpt>
   <trkpt lat="48.3782072" lon="7.3278680">
    <ele>768</ele>
</trkpt>
   <trkpt lat="48.3782052" lon="7.3278306">
    <ele>768</ele>
</trkpt>
   <trkpt lat="48.3782039" lon="7.3277944">
    <ele>769</ele>
</trkpt>
   <trkpt lat="48.3782027" lon="7.3277582">
    <ele>769</ele>
</trkpt>
   <trkpt lat="48.3782022" lon="7.3277201">
    <ele>769</ele>
</trkpt>
   <trkpt lat="48.3782017" lon="7.3276821">
    <ele>769</ele>
</trkpt>
   <trkpt lat="48.3782020" lon="7.3276442">
    <ele>769</ele>
</trkpt>
   <trkpt lat="48.3782024" lon="7.3276064">
    <ele>769</ele>
</trkpt>
   <trkpt lat="48.3782044" lon="7.3275705">
    <ele>769</ele>
</trkpt>
   <trkpt lat="48.3782064" lon="7.3275347">
    <ele>769</ele>
</trkpt>
   <trkpt lat="48.3782092" lon="7.3274981">
    <ele>769</ele>
</trkpt>
   <trkpt lat="48.3782121" lon="7.3274616">
    <ele>769</ele>
</trkpt>
   <trkpt lat="48.3782165" lon="7.3274268">
    <ele>770</ele>
</trkpt>
   <trkpt lat="48.3782210" lon="7.3273920">
    <ele>770</ele>
</trkpt>
   <trkpt lat="48.3782263" lon="7.3273566">
    <ele>770</ele>
</trkpt>
   <trkpt lat="48.3782316" lon="7.3273212">
    <ele>770</ele>
</trkpt>
   <trkpt lat="48.3782334" lon="7.3272845">
    <ele>770</ele>
</trkpt>
   <trkpt lat="48.3782352" lon="7.3272479">
    <ele>770</ele>
</trkpt>
   <trkpt lat="48.3782337" lon="7.3272104">
    <ele>770</ele>
</trkpt>
   <trkpt lat="48.3782323" lon="7.3271729">
    <ele>770</ele>
</trkpt>
   <trkpt lat="48.3782318" lon="7.3271362">
    <ele>770</ele>
</trkpt>
   <trkpt lat="48.3782313" lon="7.3270996">
    <ele>770</ele>
</trkpt>
   <trkpt lat="48.3782323" lon="7.3270619">
    <ele>771</ele>
</trkpt>
   <trkpt lat="48.3782334" lon="7.3270243">
    <ele>771</ele>
</trkpt>
   <trkpt lat="48.3782332" lon="7.3269864">
    <ele>771</ele>
</trkpt>
   <trkpt lat="48.3782330" lon="7.3269486">
    <ele>771</ele>
</trkpt>
   <trkpt lat="48.3782317" lon="7.3269104">
    <ele>771</ele>
</trkpt>
   <trkpt lat="48.3782305" lon="7.3268723">
    <ele>771</ele>
</trkpt>
   <trkpt lat="48.3782296" lon="7.3268340">
    <ele>771</ele>
</trkpt>
   <trkpt lat="48.3782287" lon="7.3267957">
    <ele>771</ele>
</trkpt>
   <trkpt lat="48.3782279" lon="7.3267577">
    <ele>771</ele>
</trkpt>
   <trkpt lat="48.3782272" lon="7.3267198">
    <ele>771</ele>
</trkpt>
   <trkpt lat="48.3782252" lon="7.3266851">
    <ele>772</ele>
</trkpt>
   <trkpt lat="48.3782232" lon="7.3266504">
    <ele>772</ele>
</trkpt>
   <trkpt lat="48.3782257" lon="7.3266200">
    <ele>772</ele>
</trkpt>
   <trkpt lat="48.3782282" lon="7.3265897">
    <ele>772</ele>
</trkpt>
   <trkpt lat="48.3782432" lon="7.3265704">
    <ele>772</ele>
</trkpt>
   <trkpt lat="48.3782583" lon="7.3265512">
    <ele>772</ele>
</trkpt>
   <trkpt lat="48.3782852" lon="7.3265392">
    <ele>772</ele>
</trkpt>
   <trkpt lat="48.3783121" lon="7.3265272">
    <ele>772</ele>
</trkpt>
   <trkpt lat="48.3783423" lon="7.3265230">
    <ele>772</ele>
</trkpt>
   <trkpt lat="48.3783726" lon="7.3265189">
    <ele>772</ele>
</trkpt>
   <trkpt lat="48.3784029" lon="7.3265196">
    <ele>773</ele>
</trkpt>
   <trkpt lat="48.3784332" lon="7.3265204">
    <ele>773</ele>
</trkpt>
   <trkpt lat="48.3784631" lon="7.3265228">
    <ele>773</ele>
</trkpt>
   <trkpt lat="48.3784931" lon="7.3265252">
    <ele>773</ele>
</trkpt>
   <trkpt lat="48.3785219" lon="7.3265316">
    <ele>773</ele>
</trkpt>
   <trkpt lat="48.3785508" lon="7.3265380">
    <ele>773</ele>
</trkpt>
   <trkpt lat="48.3785789" lon="7.3265452">
    <ele>773</ele>
</trkpt>
   <trkpt lat="48.3786071" lon="7.3265524">
    <ele>773</ele>
</trkpt>
   <trkpt lat="48.3786343" lon="7.3265631">
    <ele>773</ele>
</trkpt>
   <trkpt lat="48.3786616" lon="7.3265739">
    <ele>773</ele>
</trkpt>
   <trkpt lat="48.3786895" lon="7.3265890">
    <ele>773</ele>
</trkpt>
   <trkpt lat="48.3787175" lon="7.3266042">
    <ele>772</ele>
</trkpt>
   <trkpt lat="48.3787441" lon="7.3266197">
    <ele>772</ele>
</trkpt>
   <trkpt lat="48.3787708" lon="7.3266353">
    <ele>771</ele>
</trkpt>
   <trkpt lat="48.3787967" lon="7.3266503">
    <ele>771</ele>
</trkpt>
   <trkpt lat="48.3788226" lon="7.3266653">
    <ele>771</ele>
</trkpt>
   <trkpt lat="48.3788483" lon="7.3266784">
    <ele>770</ele>
</trkpt>
   <trkpt lat="48.3788741" lon="7.3266915">
    <ele>770</ele>
</trkpt>
   <trkpt lat="48.3789011" lon="7.3267018">
    <ele>770</ele>
</trkpt>
   <trkpt lat="48.3789281" lon="7.3267122">
    <ele>770</ele>
</trkpt>
   <trkpt lat="48.3789572" lon="7.3267208">
    <ele>770</ele>
</trkpt>
   <trkpt lat="48.3789864" lon="7.3267294">
    <ele>769</ele>
</trkpt>
   <trkpt lat="48.3790148" lon="7.3267340">
    <ele>768</ele>
</trkpt>
   <trkpt lat="48.3790433" lon="7.3267387">
    <ele>768</ele>
</trkpt>
   <trkpt lat="48.3790712" lon="7.3267438">
    <ele>767</ele>
</trkpt>
   <trkpt lat="48.3790991" lon="7.3267489">
    <ele>767</ele>
</trkpt>
   <trkpt lat="48.3791246" lon="7.3267512">
    <ele>766</ele>
</trkpt>
   <trkpt lat="48.3791501" lon="7.3267535">
    <ele>766</ele>
</trkpt>
   <trkpt lat="48.3791759" lon="7.3267550">
    <ele>765</ele>
</trkpt>
   <trkpt lat="48.3792017" lon="7.3267565">
    <ele>765</ele>
</trkpt>
   <trkpt lat="48.3792282" lon="7.3267562">
    <ele>765</ele>
</trkpt>
   <trkpt lat="48.3792548" lon="7.3267559">
    <ele>764</ele>
</trkpt>
   <trkpt lat="48.3792838" lon="7.3267545">
    <ele>763</ele>
</trkpt>
   <trkpt lat="48.3793128" lon="7.3267532">
    <ele>763</ele>
</trkpt>
   <trkpt lat="48.3793424" lon="7.3267529">
    <ele>762</ele>
</trkpt>
   <trkpt lat="48.3793720" lon="7.3267526">
    <ele>762</ele>
</trkpt>
   <trkpt lat="48.3794006" lon="7.3267548">
    <ele>761</ele>
</trkpt>
   <trkpt lat="48.3794292" lon="7.3267571">
    <ele>761</ele>
</trkpt>
   <trkpt lat="48.3794566" lon="7.3267571">
    <ele>761</ele>
</trkpt>
   <trkpt lat="48.3794841" lon="7.3267572">
    <ele>761</ele>
</trkpt>
   <trkpt lat="48.3795124" lon="7.3267572">
    <ele>761</ele>
</trkpt>
   <trkpt lat="48.3795407" lon="7.3267572">
    <ele>760</ele>
</trkpt>
   <trkpt lat="48.3795690" lon="7.3267615">
    <ele>760</ele>
</trkpt>
   <trkpt lat="48.3795974" lon="7.3267658">
    <ele>760</ele>
</trkpt>
   <trkpt lat="48.3796264" lon="7.3267733">
    <ele>760</ele>
</trkpt>
   <trkpt lat="48.3796554" lon="7.3267808">
    <ele>760</ele>
</trkpt>
   <trkpt lat="48.3796834" lon="7.3267856">
    <ele>759</ele>
</trkpt>
   <trkpt lat="48.3797114" lon="7.3267904">
    <ele>759</ele>
</trkpt>
   <trkpt lat="48.3797387" lon="7.3267940">
    <ele>758</ele>
</trkpt>
   <trkpt lat="48.3797660" lon="7.3267976">
    <ele>758</ele>
</trkpt>
   <trkpt lat="48.3797931" lon="7.3268018">
    <ele>758</ele>
</trkpt>
   <trkpt lat="48.3798202" lon="7.3268061">
    <ele>757</ele>
</trkpt>
   <trkpt lat="48.3798481" lon="7.3268089">
    <ele>757</ele>
</trkpt>
   <trkpt lat="48.3798760" lon="7.3268117">
    <ele>756</ele>
</trkpt>
   <trkpt lat="48.3799061" lon="7.3268134">
    <ele>756</ele>
</trkpt>
   <trkpt lat="48.3799362" lon="7.3268151">
    <ele>756</ele>
</trkpt>
   <trkpt lat="48.3799665" lon="7.3268174">
    <ele>755</ele>
</trkpt>
   <trkpt lat="48.3799969" lon="7.3268197">
    <ele>755</ele>
</trkpt>
   <trkpt lat="48.3800282" lon="7.3268247">
    <ele>755</ele>
</trkpt>
   <trkpt lat="48.3800596" lon="7.3268298">
    <ele>755</ele>
</trkpt>
   <trkpt lat="48.3800934" lon="7.3268352">
    <ele>755</ele>
</trkpt>
   <trkpt lat="48.3801272" lon="7.3268407">
    <ele>754</ele>
</trkpt>
   <trkpt lat="48.3801598" lon="7.3268486">
    <ele>754</ele>
</trkpt>
   <trkpt lat="48.3801924" lon="7.3268565">
    <ele>753</ele>
</trkpt>
   <trkpt lat="48.3802191" lon="7.3268608">
    <ele>753</ele>
</trkpt>
   <trkpt lat="48.3802459" lon="7.3268651">
    <ele>753</ele>
</trkpt>
   <trkpt lat="48.3802648" lon="7.3268617">
    <ele>753</ele>
</trkpt>
   <trkpt lat="48.3802838" lon="7.3268584">
    <ele>753</ele>
</trkpt>
   <trkpt lat="48.3802969" lon="7.3268506">
    <ele>753</ele>
</trkpt>
   <trkpt lat="48.3803101" lon="7.3268428">
    <ele>753</ele>
</trkpt>
   <trkpt lat="48.3803223" lon="7.3268332">
    <ele>753</ele>
</trkpt>
   <trkpt lat="48.3803346" lon="7.3268236">
    <ele>752</ele>
</trkpt>
   <trkpt lat="48.3803501" lon="7.3268132">
    <ele>752</ele>
</trkpt>
   <trkpt lat="48.3803657" lon="7.3268028">
    <ele>752</ele>
</trkpt>
   <trkpt lat="48.3803848" lon="7.3267911">
    <ele>752</ele>
</trkpt>
   <trkpt lat="48.3804039" lon="7.3267795">
    <ele>752</ele>
</trkpt>
   <trkpt lat="48.3804223" lon="7.3267658">
    <ele>752</ele>
</trkpt>
   <trkpt lat="48.3804407" lon="7.3267522">
    <ele>752</ele>
</trkpt>
   <trkpt lat="48.3804550" lon="7.3267381">
    <ele>752</ele>
</trkpt>
   <trkpt lat="48.3804694" lon="7.3267240">
    <ele>752</ele>
</trkpt>
   <trkpt lat="48.3804797" lon="7.3267108">
    <ele>752</ele>
</trkpt>
   <trkpt lat="48.3804900" lon="7.3266977">
    <ele>751</ele>
</trkpt>
   <trkpt lat="48.3804988" lon="7.3266862">
    <ele>751</ele>
</trkpt>
   <trkpt lat="48.3805076" lon="7.3266748">
    <ele>751</ele>
</trkpt>
   <trkpt lat="48.3805146" lon="7.3266630">
    <ele>751</ele>
</trkpt>
   <trkpt lat="48.3805216" lon="7.3266513">
    <ele>751</ele>
</trkpt>
   <trkpt lat="48.3805285" lon="7.3266384">
    <ele>751</ele>
</trkpt>
   <trkpt lat="48.3805355" lon="7.3266256">
    <ele>751</ele>
</trkpt>
   <trkpt lat="48.3805445" lon="7.3266133">
    <ele>751</ele>
</trkpt>
   <trkpt lat="48.3805535" lon="7.3266011">
    <ele>751</ele>
</trkpt>
   <trkpt lat="48.3805636" lon="7.3265889">
    <ele>752</ele>
</trkpt>
   <trkpt lat="48.3805737" lon="7.3265768">
    <ele>752</ele>
</trkpt>
   <trkpt lat="48.3805837" lon="7.3265630">
    <ele>752</ele>
</trkpt>
   <trkpt lat="48.3805938" lon="7.3265492">
    <ele>752</ele>
</trkpt>
   <trkpt lat="48.3806025" lon="7.3265343">
    <ele>752</ele>
</trkpt>
   <trkpt lat="48.3806112" lon="7.3265195">
    <ele>753</ele>
</trkpt>
   <trkpt lat="48.3806191" lon="7.3265026">
    <ele>753</ele>
</trkpt>
   <trkpt lat="48.3806270" lon="7.3264857">
    <ele>753</ele>
</trkpt>
   <trkpt lat="48.3806331" lon="7.3264669">
    <ele>753</ele>
</trkpt>
   <trkpt lat="48.3806392" lon="7.3264481">
    <ele>753</ele>
</trkpt>
   <trkpt lat="48.3806440" lon="7.3264278">
    <ele>754</ele>
</trkpt>
   <trkpt lat="48.3806489" lon="7.3264076">
    <ele>754</ele>
</trkpt>
   <trkpt lat="48.3806538" lon="7.3263878">
    <ele>754</ele>
</trkpt>
   <trkpt lat="48.3806588" lon="7.3263681">
    <ele>754</ele>
</trkpt>
   <trkpt lat="48.3806623" lon="7.3263493">
    <ele>754</ele>
</trkpt>
   <trkpt lat="48.3806658" lon="7.3263306">
    <ele>755</ele>
</trkpt>
   <trkpt lat="48.3806681" lon="7.3263120">
    <ele>755</ele>
</trkpt>
   <trkpt lat="48.3806704" lon="7.3262935">
    <ele>755</ele>
</trkpt>
   <trkpt lat="48.3806717" lon="7.3262755">
    <ele>755</ele>
</trkpt>
   <trkpt lat="48.3806731" lon="7.3262576">
    <ele>755</ele>
</trkpt>
   <trkpt lat="48.3806744" lon="7.3262392">
    <ele>755</ele>
</trkpt>
   <trkpt lat="48.3806758" lon="7.3262208">
    <ele>755</ele>
</trkpt>
   <trkpt lat="48.3806772" lon="7.3262012">
    <ele>755</ele>
</trkpt>
   <trkpt lat="48.3806787" lon="7.3261817">
    <ele>755</ele>
</trkpt>
   <trkpt lat="48.3806795" lon="7.3261616">
    <ele>755</ele>
</trkpt>
   <trkpt lat="48.3806803" lon="7.3261415">
    <ele>755</ele>
</trkpt>
   <trkpt lat="48.3806820" lon="7.3261191">
    <ele>755</ele>
</trkpt>
   <trkpt lat="48.3806838" lon="7.3260968">
    <ele>755</ele>
</trkpt>
   <trkpt lat="48.3806864" lon="7.3260729">
    <ele>755</ele>
</trkpt>
   <trkpt lat="48.3806891" lon="7.3260491">
    <ele>755</ele>
</trkpt>
   <trkpt lat="48.3806916" lon="7.3260235">
    <ele>756</ele>
</trkpt>
   <trkpt lat="48.3806942" lon="7.3259980">
    <ele>756</ele>
</trkpt>
   <trkpt lat="48.3806949" lon="7.3259742">
    <ele>756</ele>
</trkpt>
   <trkpt lat="48.3806956" lon="7.3259505">
    <ele>756</ele>
</trkpt>
   <trkpt lat="48.3806946" lon="7.3259311">
    <ele>756</ele>
</trkpt>
   <trkpt lat="48.3806937" lon="7.3259117">
    <ele>757</ele>
</trkpt>
   <trkpt lat="48.3806920" lon="7.3258933">
    <ele>757</ele>
</trkpt>
   <trkpt lat="48.3806904" lon="7.3258749">
    <ele>757</ele>
</trkpt>
   <trkpt lat="48.3806896" lon="7.3258557">
    <ele>757</ele>
</trkpt>
   <trkpt lat="48.3806888" lon="7.3258365">
    <ele>757</ele>
</trkpt>
   <trkpt lat="48.3806895" lon="7.3258171">
    <ele>758</ele>
</trkpt>
   <trkpt lat="48.3806902" lon="7.3257977">
    <ele>758</ele>
</trkpt>
   <trkpt lat="48.3806914" lon="7.3257771">
    <ele>758</ele>
</trkpt>
   <trkpt lat="48.3806926" lon="7.3257566">
    <ele>758</ele>
</trkpt>
   <trkpt lat="48.3806925" lon="7.3257344">
    <ele>758</ele>
</trkpt>
   <trkpt lat="48.3806924" lon="7.3257123">
    <ele>759</ele>
</trkpt>
   <trkpt lat="48.3806910" lon="7.3256896">
    <ele>758</ele>
</trkpt>
   <trkpt lat="48.3806896" lon="7.3256669">
    <ele>758</ele>
</trkpt>
   <trkpt lat="48.3806893" lon="7.3256440">
    <ele>758</ele>
</trkpt>
   <trkpt lat="48.3806890" lon="7.3256212">
    <ele>758</ele>
</trkpt>
   <trkpt lat="48.3806894" lon="7.3255991">
    <ele>758</ele>
</trkpt>
   <trkpt lat="48.3806898" lon="7.3255771">
    <ele>758</ele>
</trkpt>
   <trkpt lat="48.3806893" lon="7.3255571">
    <ele>758</ele>
</trkpt>
   <trkpt lat="48.3806888" lon="7.3255372">
    <ele>758</ele>
</trkpt>
   <trkpt lat="48.3806875" lon="7.3255163">
    <ele>758</ele>
</trkpt>
   <trkpt lat="48.3806863" lon="7.3254955">
    <ele>758</ele>
</trkpt>
   <trkpt lat="48.3806854" lon="7.3254745">
    <ele>758</ele>
</trkpt>
   <trkpt lat="48.3806845" lon="7.3254535">
    <ele>758</ele>
</trkpt>
   <trkpt lat="48.3806832" lon="7.3254325">
    <ele>758</ele>
</trkpt>
   <trkpt lat="48.3806820" lon="7.3254116">
    <ele>758</ele>
</trkpt>
   <trkpt lat="48.3806799" lon="7.3253910">
    <ele>759</ele>
</trkpt>
   <trkpt lat="48.3806778" lon="7.3253705">
    <ele>759</ele>
</trkpt>
   <trkpt lat="48.3806778" lon="7.3253491">
    <ele>759</ele>
</trkpt>
   <trkpt lat="48.3806778" lon="7.3253278">
    <ele>759</ele>
</trkpt>
   <trkpt lat="48.3806791" lon="7.3253064">
    <ele>759</ele>
</trkpt>
   <trkpt lat="48.3806804" lon="7.3252851">
    <ele>759</ele>
</trkpt>
   <trkpt lat="48.3806819" lon="7.3252646">
    <ele>759</ele>
</trkpt>
   <trkpt lat="48.3806834" lon="7.3252441">
    <ele>759</ele>
</trkpt>
   <trkpt lat="48.3806853" lon="7.3252237">
    <ele>760</ele>
</trkpt>
   <trkpt lat="48.3806872" lon="7.3252033">
    <ele>760</ele>
</trkpt>
   <trkpt lat="48.3806890" lon="7.3251821">
    <ele>761</ele>
</trkpt>
   <trkpt lat="48.3806908" lon="7.3251610">
    <ele>761</ele>
</trkpt>
   <trkpt lat="48.3806917" lon="7.3251417">
    <ele>761</ele>
</trkpt>
   <trkpt lat="48.3806927" lon="7.3251225">
    <ele>761</ele>
</trkpt>
   <trkpt lat="48.3806936" lon="7.3251041">
    <ele>761</ele>
</trkpt>
   <trkpt lat="48.3806945" lon="7.3250857">
    <ele>761</ele>
</trkpt>
   <trkpt lat="48.3806950" lon="7.3250668">
    <ele>761</ele>
</trkpt>
   <trkpt lat="48.3806956" lon="7.3250479">
    <ele>761</ele>
</trkpt>
   <trkpt lat="48.3806959" lon="7.3250279">
    <ele>761</ele>
</trkpt>
   <trkpt lat="48.3806963" lon="7.3250080">
    <ele>761</ele>
</trkpt>
   <trkpt lat="48.3806964" lon="7.3249868">
    <ele>762</ele>
</trkpt>
   <trkpt lat="48.3806966" lon="7.3249657">
    <ele>762</ele>
</trkpt>
   <trkpt lat="48.3806954" lon="7.3249431">
    <ele>762</ele>
</trkpt>
   <trkpt lat="48.3806942" lon="7.3249205">
    <ele>762</ele>
</trkpt>
   <trkpt lat="48.3806940" lon="7.3248992">
    <ele>762</ele>
</trkpt>
   <trkpt lat="48.3806938" lon="7.3248780">
    <ele>763</ele>
</trkpt>
   <trkpt lat="48.3806949" lon="7.3248584">
    <ele>763</ele>
</trkpt>
   <trkpt lat="48.3806960" lon="7.3248389">
    <ele>763</ele>
</trkpt>
   <trkpt lat="48.3806977" lon="7.3248206">
    <ele>763</ele>
</trkpt>
   <trkpt lat="48.3806995" lon="7.3248024">
    <ele>763</ele>
</trkpt>
   <trkpt lat="48.3807015" lon="7.3247826">
    <ele>764</ele>
</trkpt>
   <trkpt lat="48.3807035" lon="7.3247628">
    <ele>764</ele>
</trkpt>
   <trkpt lat="48.3807054" lon="7.3247419">
    <ele>764</ele>
</trkpt>
   <trkpt lat="48.3807074" lon="7.3247210">
    <ele>764</ele>
</trkpt>
   <trkpt lat="48.3807086" lon="7.3247008">
    <ele>764</ele>
</trkpt>
   <trkpt lat="48.3807098" lon="7.3246807">
    <ele>765</ele>
</trkpt>
   <trkpt lat="48.3807111" lon="7.3246601">
    <ele>765</ele>
</trkpt>
   <trkpt lat="48.3807125" lon="7.3246396">
    <ele>765</ele>
</trkpt>
   <trkpt lat="48.3807144" lon="7.3246167">
    <ele>765</ele>
</trkpt>
   <trkpt lat="48.3807164" lon="7.3245938">
    <ele>765</ele>
</trkpt>
   <trkpt lat="48.3807188" lon="7.3245695">
    <ele>766</ele>
</trkpt>
   <trkpt lat="48.3807213" lon="7.3245453">
    <ele>766</ele>
</trkpt>
   <trkpt lat="48.3807233" lon="7.3245210">
    <ele>766</ele>
</trkpt>
   <trkpt lat="48.3807254" lon="7.3244968">
    <ele>766</ele>
</trkpt>
   <trkpt lat="48.3807268" lon="7.3244728">
    <ele>766</ele>
</trkpt>
   <trkpt lat="48.3807282" lon="7.3244488">
    <ele>767</ele>
</trkpt>
   <trkpt lat="48.3807289" lon="7.3244249">
    <ele>767</ele>
</trkpt>
   <trkpt lat="48.3807296" lon="7.3244011">
    <ele>767</ele>
</trkpt>
   <trkpt lat="48.3807305" lon="7.3243776">
    <ele>767</ele>
</trkpt>
   <trkpt lat="48.3807315" lon="7.3243541">
    <ele>767</ele>
</trkpt>
   <trkpt lat="48.3807329" lon="7.3243314">
    <ele>768</ele>
</trkpt>
   <trkpt lat="48.3807343" lon="7.3243087">
    <ele>768</ele>
</trkpt>
   <trkpt lat="48.3807360" lon="7.3242859">
    <ele>768</ele>
</trkpt>
   <trkpt lat="48.3807377" lon="7.3242632">
    <ele>768</ele>
</trkpt>
   <trkpt lat="48.3807378" lon="7.3242389">
    <ele>768</ele>
</trkpt>
   <trkpt lat="48.3807380" lon="7.3242146">
    <ele>768</ele>
</trkpt>
   <trkpt lat="48.3807378" lon="7.3241914">
    <ele>767</ele>
</trkpt>
   <trkpt lat="48.3807376" lon="7.3241683">
    <ele>767</ele>
</trkpt>
   <trkpt lat="48.3807391" lon="7.3241465">
    <ele>767</ele>
</trkpt>
   <trkpt lat="48.3807406" lon="7.3241248">
    <ele>767</ele>
</trkpt>
   <trkpt lat="48.3807424" lon="7.3241057">
    <ele>767</ele>
</trkpt>
   <trkpt lat="48.3807442" lon="7.3240867">
    <ele>767</ele>
</trkpt>
   <trkpt lat="48.3807459" lon="7.3240675">
    <ele>767</ele>
</trkpt>
   <trkpt lat="48.3807477" lon="7.3240484">
    <ele>767</ele>
</trkpt>
   <trkpt lat="48.3807494" lon="7.3240246">
    <ele>767</ele>
</trkpt>
   <trkpt lat="48.3807512" lon="7.3240009">
    <ele>767</ele>
</trkpt>
   <trkpt lat="48.3807521" lon="7.3239750">
    <ele>767</ele>
</trkpt>
   <trkpt lat="48.3807531" lon="7.3239491">
    <ele>767</ele>
</trkpt>
   <trkpt lat="48.3807537" lon="7.3239265">
    <ele>768</ele>
</trkpt>
   <trkpt lat="48.3807543" lon="7.3239039">
    <ele>768</ele>
</trkpt>
   <trkpt lat="48.3807552" lon="7.3238842">
    <ele>769</ele>
</trkpt>
   <trkpt lat="48.3807561" lon="7.3238646">
    <ele>769</ele>
</trkpt>
   <trkpt lat="48.3807568" lon="7.3238454">
    <ele>769</ele>
</trkpt>
   <trkpt lat="48.3807575" lon="7.3238262">
    <ele>769</ele>
</trkpt>
   <trkpt lat="48.3807577" lon="7.3238056">
    <ele>769</ele>
</trkpt>
   <trkpt lat="48.3807580" lon="7.3237851">
    <ele>770</ele>
</trkpt>
   <trkpt lat="48.3807573" lon="7.3237639">
    <ele>770</ele>
</trkpt>
   <trkpt lat="48.3807566" lon="7.3237428">
    <ele>770</ele>
</trkpt>
   <trkpt lat="48.3807548" lon="7.3237211">
    <ele>770</ele>
</trkpt>
   <trkpt lat="48.3807531" lon="7.3236994">
    <ele>770</ele>
</trkpt>
   <trkpt lat="48.3807519" lon="7.3236773">
    <ele>771</ele>
</trkpt>
   <trkpt lat="48.3807508" lon="7.3236552">
    <ele>771</ele>
</trkpt>
   <trkpt lat="48.3807535" lon="7.3236331">
    <ele>771</ele>
</trkpt>
   <trkpt lat="48.3807562" lon="7.3236110">
    <ele>771</ele>
</trkpt>
   <trkpt lat="48.3807608" lon="7.3235888">
    <ele>771</ele>
</trkpt>
   <trkpt lat="48.3807654" lon="7.3235666">
    <ele>772</ele>
</trkpt>
   <trkpt lat="48.3807694" lon="7.3235430">
    <ele>772</ele>
</trkpt>
   <trkpt lat="48.3807734" lon="7.3235195">
    <ele>772</ele>
</trkpt>
   <trkpt lat="48.3807768" lon="7.3234968">
    <ele>772</ele>
</trkpt>
   <trkpt lat="48.3807802" lon="7.3234741">
    <ele>772</ele>
</trkpt>
   <trkpt lat="48.3807821" lon="7.3234529">
    <ele>772</ele>
</trkpt>
   <trkpt lat="48.3807841" lon="7.3234318">
    <ele>772</ele>
</trkpt>
   <trkpt lat="48.3807847" lon="7.3234110">
    <ele>772</ele>
</trkpt>
   <trkpt lat="48.3807854" lon="7.3233902">
    <ele>772</ele>
</trkpt>
   <trkpt lat="48.3807866" lon="7.3233681">
    <ele>772</ele>
</trkpt>
   <trkpt lat="48.3807879" lon="7.3233461">
    <ele>773</ele>
</trkpt>
   <trkpt lat="48.3807899" lon="7.3233221">
    <ele>773</ele>
</trkpt>
   <trkpt lat="48.3807919" lon="7.3232981">
    <ele>773</ele>
</trkpt>
   <trkpt lat="48.3807951" lon="7.3232739">
    <ele>773</ele>
</trkpt>
   <trkpt lat="48.3807984" lon="7.3232498">
    <ele>773</ele>
</trkpt>
   <trkpt lat="48.3808001" lon="7.3232264">
    <ele>774</ele>
</trkpt>
   <trkpt lat="48.3808018" lon="7.3232031">
    <ele>774</ele>
</trkpt>
   <trkpt lat="48.3808013" lon="7.3231812">
    <ele>774</ele>
</trkpt>
   <trkpt lat="48.3808008" lon="7.3231593">
    <ele>774</ele>
</trkpt>
   <trkpt lat="48.3807992" lon="7.3231374">
    <ele>774</ele>
</trkpt>
   <trkpt lat="48.3807977" lon="7.3231155">
    <ele>774</ele>
</trkpt>
   <trkpt lat="48.3807968" lon="7.3230922">
    <ele>774</ele>
</trkpt>
   <trkpt lat="48.3807960" lon="7.3230690">
    <ele>774</ele>
</trkpt>
   <trkpt lat="48.3807948" lon="7.3230469">
    <ele>774</ele>
</trkpt>
   <trkpt lat="48.3807937" lon="7.3230248">
    <ele>774</ele>
</trkpt>
   <trkpt lat="48.3807913" lon="7.3230052">
    <ele>775</ele>
</trkpt>
   <trkpt lat="48.3807890" lon="7.3229856">
    <ele>775</ele>
</trkpt>
   <trkpt lat="48.3807865" lon="7.3229669">
    <ele>775</ele>
</trkpt>
   <trkpt lat="48.3807840" lon="7.3229483">
    <ele>775</ele>
</trkpt>
   <trkpt lat="48.3807823" lon="7.3229287">
    <ele>775</ele>
</trkpt>
   <trkpt lat="48.3807806" lon="7.3229092">
    <ele>776</ele>
</trkpt>
   <trkpt lat="48.3807813" lon="7.3228904">
    <ele>776</ele>
</trkpt>
   <trkpt lat="48.3807820" lon="7.3228716">
    <ele>776</ele>
</trkpt>
   <trkpt lat="48.3807840" lon="7.3228525">
    <ele>776</ele>
</trkpt>
   <trkpt lat="48.3807861" lon="7.3228335">
    <ele>776</ele>
</trkpt>
   <trkpt lat="48.3807898" lon="7.3228127">
    <ele>776</ele>
</trkpt>
   <trkpt lat="48.3807935" lon="7.3227919">
    <ele>776</ele>
</trkpt>
   <trkpt lat="48.3807964" lon="7.3227723">
    <ele>776</ele>
</trkpt>
   <trkpt lat="48.3807993" lon="7.3227528">
    <ele>776</ele>
</trkpt>
   <trkpt lat="48.3808003" lon="7.3227318">
    <ele>776</ele>
</trkpt>
   <trkpt lat="48.3808014" lon="7.3227109">
    <ele>776</ele>
</trkpt>
   <trkpt lat="48.3808008" lon="7.3226890">
    <ele>776</ele>
</trkpt>
   <trkpt lat="48.3808003" lon="7.3226671">
    <ele>776</ele>
</trkpt>
   <trkpt lat="48.3808003" lon="7.3226444">
    <ele>776</ele>
</trkpt>
   <trkpt lat="48.3808004" lon="7.3226218">
    <ele>776</ele>
</trkpt>
   <trkpt lat="48.3808007" lon="7.3226000">
    <ele>776</ele>
</trkpt>
   <trkpt lat="48.3808010" lon="7.3225782">
    <ele>775</ele>
</trkpt>
   <trkpt lat="48.3808017" lon="7.3225588">
    <ele>775</ele>
</trkpt>
   <trkpt lat="48.3808024" lon="7.3225394">
    <ele>775</ele>
</trkpt>
   <trkpt lat="48.3808045" lon="7.3225209">
    <ele>775</ele>
</trkpt>
   <trkpt lat="48.3808066" lon="7.3225025">
    <ele>775</ele>
</trkpt>
   <trkpt lat="48.3808078" lon="7.3224824">
    <ele>775</ele>
</trkpt>
   <trkpt lat="48.3808091" lon="7.3224624">
    <ele>775</ele>
</trkpt>
   <trkpt lat="48.3808087" lon="7.3224414">
    <ele>776</ele>
</trkpt>
   <trkpt lat="48.3808084" lon="7.3224204">
    <ele>776</ele>
</trkpt>
   <trkpt lat="48.3808084" lon="7.3223986">
    <ele>777</ele>
</trkpt>
   <trkpt lat="48.3808084" lon="7.3223769">
    <ele>777</ele>
</trkpt>
   <trkpt lat="48.3808107" lon="7.3223544">
    <ele>778</ele>
</trkpt>
   <trkpt lat="48.3808130" lon="7.3223319">
    <ele>778</ele>
</trkpt>
   <trkpt lat="48.3808160" lon="7.3223082">
    <ele>779</ele>
</trkpt>
   <trkpt lat="48.3808190" lon="7.3222846">
    <ele>780</ele>
</trkpt>
   <trkpt lat="48.3808210" lon="7.3222624">
    <ele>780</ele>
</trkpt>
   <trkpt lat="48.3808230" lon="7.3222403">
    <ele>780</ele>
</trkpt>
   <trkpt lat="48.3808236" lon="7.3222214">
    <ele>780</ele>
</trkpt>
   <trkpt lat="48.3808242" lon="7.3222026">
    <ele>780</ele>
</trkpt>
   <trkpt lat="48.3808239" lon="7.3221836">
    <ele>781</ele>
</trkpt>
   <trkpt lat="48.3808237" lon="7.3221646">
    <ele>781</ele>
</trkpt>
   <trkpt lat="48.3808248" lon="7.3221438">
    <ele>781</ele>
</trkpt>
   <trkpt lat="48.3808259" lon="7.3221231">
    <ele>782</ele>
</trkpt>
   <trkpt lat="48.3808281" lon="7.3221012">
    <ele>782</ele>
</trkpt>
   <trkpt lat="48.3808304" lon="7.3220793">
    <ele>783</ele>
</trkpt>
   <trkpt lat="48.3808315" lon="7.3220564">
    <ele>783</ele>
</trkpt>
   <trkpt lat="48.3808327" lon="7.3220335">
    <ele>783</ele>
</trkpt>
   <trkpt lat="48.3808330" lon="7.3220111">
    <ele>783</ele>
</trkpt>
   <trkpt lat="48.3808334" lon="7.3219888">
    <ele>783</ele>
</trkpt>
   <trkpt lat="48.3808342" lon="7.3219667">
    <ele>784</ele>
</trkpt>
   <trkpt lat="48.3808350" lon="7.3219446">
    <ele>784</ele>
</trkpt>
   <trkpt lat="48.3808365" lon="7.3219230">
    <ele>784</ele>
</trkpt>
   <trkpt lat="48.3808380" lon="7.3219014">
    <ele>784</ele>
</trkpt>
   <trkpt lat="48.3808398" lon="7.3218805">
    <ele>784</ele>
</trkpt>
   <trkpt lat="48.3808417" lon="7.3218597">
    <ele>784</ele>
</trkpt>
   <trkpt lat="48.3808430" lon="7.3218391">
    <ele>784</ele>
</trkpt>
   <trkpt lat="48.3808443" lon="7.3218186">
    <ele>784</ele>
</trkpt>
   <trkpt lat="48.3808443" lon="7.3217985">
    <ele>784</ele>
</trkpt>
   <trkpt lat="48.3808444" lon="7.3217785">
    <ele>784</ele>
</trkpt>
   <trkpt lat="48.3808438" lon="7.3217586">
    <ele>784</ele>
</trkpt>
   <trkpt lat="48.3808432" lon="7.3217388">
    <ele>784</ele>
</trkpt>
   <trkpt lat="48.3808429" lon="7.3217185">
    <ele>784</ele>
</trkpt>
   <trkpt lat="48.3808426" lon="7.3216982">
    <ele>784</ele>
</trkpt>
   <trkpt lat="48.3808435" lon="7.3216774">
    <ele>784</ele>
</trkpt>
   <trkpt lat="48.3808444" lon="7.3216567">
    <ele>784</ele>
</trkpt>
   <trkpt lat="48.3808467" lon="7.3216349">
    <ele>784</ele>
</trkpt>
   <trkpt lat="48.3808490" lon="7.3216131">
    <ele>784</ele>
</trkpt>
   <trkpt lat="48.3808526" lon="7.3215899">
    <ele>784</ele>
</trkpt>
   <trkpt lat="48.3808562" lon="7.3215667">
    <ele>784</ele>
</trkpt>
   <trkpt lat="48.3808597" lon="7.3215408">
    <ele>785</ele>
</trkpt>
   <trkpt lat="48.3808632" lon="7.3215149">
    <ele>785</ele>
</trkpt>
   <trkpt lat="48.3808647" lon="7.3214910">
    <ele>785</ele>
</trkpt>
   <trkpt lat="48.3808663" lon="7.3214671">
    <ele>785</ele>
</trkpt>
   <trkpt lat="48.3808670" lon="7.3214451">
    <ele>785</ele>
</trkpt>
   <trkpt lat="48.3808678" lon="7.3214231">
    <ele>785</ele>
</trkpt>
   <trkpt lat="48.3808688" lon="7.3214014">
    <ele>785</ele>
</trkpt>
   <trkpt lat="48.3808699" lon="7.3213797">
    <ele>785</ele>
</trkpt>
   <trkpt lat="48.3808706" lon="7.3213579">
    <ele>785</ele>
</trkpt>
   <trkpt lat="48.3808713" lon="7.3213361">
    <ele>785</ele>
</trkpt>
   <trkpt lat="48.3808719" lon="7.3213142">
    <ele>786</ele>
</trkpt>
   <trkpt lat="48.3808726" lon="7.3212924">
    <ele>786</ele>
</trkpt>
   <trkpt lat="48.3808723" lon="7.3212705">
    <ele>786</ele>
</trkpt>
   <trkpt lat="48.3808720" lon="7.3212486">
    <ele>786</ele>
</trkpt>
   <trkpt lat="48.3808738" lon="7.3212274">
    <ele>786</ele>
</trkpt>
   <trkpt lat="48.3808757" lon="7.3212063">
    <ele>786</ele>
</trkpt>
   <trkpt lat="48.3808794" lon="7.3211860">
    <ele>785</ele>
</trkpt>
   <trkpt lat="48.3808832" lon="7.3211658">
    <ele>785</ele>
</trkpt>
   <trkpt lat="48.3808884" lon="7.3211460">
    <ele>785</ele>
</trkpt>
   <trkpt lat="48.3808937" lon="7.3211262">
    <ele>785</ele>
</trkpt>
   <trkpt lat="48.3808994" lon="7.3211065">
    <ele>785</ele>
</trkpt>
   <trkpt lat="48.3809051" lon="7.3210868">
    <ele>784</ele>
</trkpt>
   <trkpt lat="48.3809108" lon="7.3210676">
    <ele>784</ele>
</trkpt>
   <trkpt lat="48.3809166" lon="7.3210485">
    <ele>784</ele>
</trkpt>
   <trkpt lat="48.3809209" lon="7.3210284">
    <ele>784</ele>
</trkpt>
   <trkpt lat="48.3809252" lon="7.3210084">
    <ele>784</ele>
</trkpt>
   <trkpt lat="48.3809293" lon="7.3209878">
    <ele>784</ele>
</trkpt>
   <trkpt lat="48.3809334" lon="7.3209673">
    <ele>784</ele>
</trkpt>
   <trkpt lat="48.3809363" lon="7.3209463">
    <ele>784</ele>
</trkpt>
   <trkpt lat="48.3809392" lon="7.3209254">
    <ele>784</ele>
</trkpt>
   <trkpt lat="48.3809421" lon="7.3209046">
    <ele>784</ele>
</trkpt>
   <trkpt lat="48.3809451" lon="7.3208838">
    <ele>784</ele>
</trkpt>
   <trkpt lat="48.3809482" lon="7.3208604">
    <ele>784</ele>
</trkpt>
   <trkpt lat="48.3809514" lon="7.3208371">
    <ele>785</ele>
</trkpt>
   <trkpt lat="48.3809537" lon="7.3208135">
    <ele>785</ele>
</trkpt>
   <trkpt lat="48.3809560" lon="7.3207900">
    <ele>786</ele>
</trkpt>
   <trkpt lat="48.3809575" lon="7.3207681">
    <ele>786</ele>
</trkpt>
   <trkpt lat="48.3809591" lon="7.3207462">
    <ele>786</ele>
</trkpt>
   <trkpt lat="48.3809613" lon="7.3207248">
    <ele>787</ele>
</trkpt>
   <trkpt lat="48.3809636" lon="7.3207035">
    <ele>787</ele>
</trkpt>
   <trkpt lat="48.3809655" lon="7.3206851">
    <ele>788</ele>
</trkpt>
   <trkpt lat="48.3809675" lon="7.3206668">
    <ele>788</ele>
</trkpt>
   <trkpt lat="48.3809705" lon="7.3206470">
    <ele>788</ele>
</trkpt>
   <trkpt lat="48.3809735" lon="7.3206273">
    <ele>788</ele>
</trkpt>
   <trkpt lat="48.3809780" lon="7.3206056">
    <ele>788</ele>
</trkpt>
   <trkpt lat="48.3809825" lon="7.3205839">
    <ele>789</ele>
</trkpt>
   <trkpt lat="48.3809874" lon="7.3205613">
    <ele>789</ele>
</trkpt>
   <trkpt lat="48.3809924" lon="7.3205388">
    <ele>789</ele>
</trkpt>
   <trkpt lat="48.3809966" lon="7.3205150">
    <ele>789</ele>
</trkpt>
   <trkpt lat="48.3810008" lon="7.3204913">
    <ele>789</ele>
</trkpt>
   <trkpt lat="48.3810043" lon="7.3204702">
    <ele>790</ele>
</trkpt>
   <trkpt lat="48.3810079" lon="7.3204492">
    <ele>790</ele>
</trkpt>
   <trkpt lat="48.3810128" lon="7.3204288">
    <ele>790</ele>
</trkpt>
   <trkpt lat="48.3810177" lon="7.3204084">
    <ele>790</ele>
</trkpt>
   <trkpt lat="48.3810249" lon="7.3203886">
    <ele>790</ele>
</trkpt>
   <trkpt lat="48.3810321" lon="7.3203688">
    <ele>791</ele>
</trkpt>
   <trkpt lat="48.3810410" lon="7.3203484">
    <ele>791</ele>
</trkpt>
   <trkpt lat="48.3810499" lon="7.3203281">
    <ele>791</ele>
</trkpt>
   <trkpt lat="48.3810589" lon="7.3203067">
    <ele>791</ele>
</trkpt>
   <trkpt lat="48.3810679" lon="7.3202853">
    <ele>791</ele>
</trkpt>
   <trkpt lat="48.3810745" lon="7.3202630">
    <ele>792</ele>
</trkpt>
   <trkpt lat="48.3810811" lon="7.3202408">
    <ele>792</ele>
</trkpt>
   <trkpt lat="48.3810860" lon="7.3202189">
    <ele>792</ele>
</trkpt>
   <trkpt lat="48.3810910" lon="7.3201971">
    <ele>792</ele>
</trkpt>
   <trkpt lat="48.3810962" lon="7.3201763">
    <ele>792</ele>
</trkpt>
   <trkpt lat="48.3811014" lon="7.3201556">
    <ele>792</ele>
</trkpt>
   <trkpt lat="48.3811074" lon="7.3201335">
    <ele>792</ele>
</trkpt>
   <trkpt lat="48.3811134" lon="7.3201114">
    <ele>792</ele>
</trkpt>
   <trkpt lat="48.3811191" lon="7.3200902">
    <ele>792</ele>
</trkpt>
   <trkpt lat="48.3811248" lon="7.3200691">
    <ele>792</ele>
</trkpt>
   <trkpt lat="48.3811306" lon="7.3200483">
    <ele>792</ele>
</trkpt>
   <trkpt lat="48.3811365" lon="7.3200276">
    <ele>792</ele>
</trkpt>
   <trkpt lat="48.3811417" lon="7.3200058">
    <ele>792</ele>
</trkpt>
   <trkpt lat="48.3811470" lon="7.3199840">
    <ele>792</ele>
</trkpt>
   <trkpt lat="48.3811519" lon="7.3199625">
    <ele>792</ele>
</trkpt>
   <trkpt lat="48.3811568" lon="7.3199411">
    <ele>792</ele>
</trkpt>
   <trkpt lat="48.3811622" lon="7.3199204">
    <ele>792</ele>
</trkpt>
   <trkpt lat="48.3811677" lon="7.3198997">
    <ele>792</ele>
</trkpt>
   <trkpt lat="48.3811729" lon="7.3198807">
    <ele>792</ele>
</trkpt>
   <trkpt lat="48.3811782" lon="7.3198618">
    <ele>792</ele>
</trkpt>
   <trkpt lat="48.3811842" lon="7.3198427">
    <ele>793</ele>
</trkpt>
   <trkpt lat="48.3811903" lon="7.3198236">
    <ele>793</ele>
</trkpt>
   <trkpt lat="48.3811958" lon="7.3198049">
    <ele>793</ele>
</trkpt>
   <trkpt lat="48.3812014" lon="7.3197863">
    <ele>793</ele>
</trkpt>
   <trkpt lat="48.3812070" lon="7.3197675">
    <ele>793</ele>
</trkpt>
   <trkpt lat="48.3812127" lon="7.3197487">
    <ele>794</ele>
</trkpt>
   <trkpt lat="48.3812208" lon="7.3197294">
    <ele>794</ele>
</trkpt>
   <trkpt lat="48.3812289" lon="7.3197102">
    <ele>794</ele>
</trkpt>
   <trkpt lat="48.3812369" lon="7.3196916">
    <ele>794</ele>
</trkpt>
   <trkpt lat="48.3812450" lon="7.3196730">
    <ele>794</ele>
</trkpt>
   <trkpt lat="48.3812510" lon="7.3196545">
    <ele>795</ele>
</trkpt>
   <trkpt lat="48.3812571" lon="7.3196361">
    <ele>795</ele>
</trkpt>
   <trkpt lat="48.3812629" lon="7.3196156">
    <ele>795</ele>
</trkpt>
   <trkpt lat="48.3812687" lon="7.3195952">
    <ele>795</ele>
</trkpt>
   <trkpt lat="48.3812757" lon="7.3195737">
    <ele>795</ele>
</trkpt>
   <trkpt lat="48.3812827" lon="7.3195522">
    <ele>796</ele>
</trkpt>
   <trkpt lat="48.3812901" lon="7.3195323">
    <ele>796</ele>
</trkpt>
   <trkpt lat="48.3812975" lon="7.3195125">
    <ele>796</ele>
</trkpt>
   <trkpt lat="48.3813041" lon="7.3194945">
    <ele>796</ele>
</trkpt>
   <trkpt lat="48.3813108" lon="7.3194765">
    <ele>796</ele>
</trkpt>
   <trkpt lat="48.3813173" lon="7.3194590">
    <ele>796</ele>
</trkpt>
   <trkpt lat="48.3813238" lon="7.3194416">
    <ele>796</ele>
</trkpt>
   <trkpt lat="48.3813302" lon="7.3194233">
    <ele>796</ele>
</trkpt>
   <trkpt lat="48.3813366" lon="7.3194051">
    <ele>796</ele>
</trkpt>
   <trkpt lat="48.3813425" lon="7.3193852">
    <ele>796</ele>
</trkpt>
   <trkpt lat="48.3813484" lon="7.3193653">
    <ele>797</ele>
</trkpt>
   <trkpt lat="48.3813550" lon="7.3193447">
    <ele>797</ele>
</trkpt>
   <trkpt lat="48.3813616" lon="7.3193242">
    <ele>797</ele>
</trkpt>
   <trkpt lat="48.3813682" lon="7.3193054">
    <ele>797</ele>
</trkpt>
   <trkpt lat="48.3813749" lon="7.3192867">
    <ele>797</ele>
</trkpt>
   <trkpt lat="48.3813817" lon="7.3192692">
    <ele>798</ele>
</trkpt>
   <trkpt lat="48.3813885" lon="7.3192517">
    <ele>798</ele>
</trkpt>
   <trkpt lat="48.3813960" lon="7.3192343">
    <ele>798</ele>
</trkpt>
   <trkpt lat="48.3814035" lon="7.3192169">
    <ele>798</ele>
</trkpt>
   <trkpt lat="48.3814111" lon="7.3191990">
    <ele>798</ele>
</trkpt>
   <trkpt lat="48.3814188" lon="7.3191812">
    <ele>799</ele>
</trkpt>
   <trkpt lat="48.3814255" lon="7.3191638">
    <ele>799</ele>
</trkpt>
   <trkpt lat="48.3814322" lon="7.3191465">
    <ele>799</ele>
</trkpt>
   <trkpt lat="48.3814391" lon="7.3191286">
    <ele>799</ele>
</trkpt>
   <trkpt lat="48.3814460" lon="7.3191108">
    <ele>799</ele>
</trkpt>
   <trkpt lat="48.3814550" lon="7.3190917">
    <ele>799</ele>
</trkpt>
   <trkpt lat="48.3814641" lon="7.3190726">
    <ele>799</ele>
</trkpt>
   <trkpt lat="48.3814741" lon="7.3190523">
    <ele>799</ele>
</trkpt>
   <trkpt lat="48.3814841" lon="7.3190320">
    <ele>799</ele>
</trkpt>
   <trkpt lat="48.3814933" lon="7.3190109">
    <ele>799</ele>
</trkpt>
   <trkpt lat="48.3815025" lon="7.3189899">
    <ele>800</ele>
</trkpt>
   <trkpt lat="48.3815100" lon="7.3189707">
    <ele>800</ele>
</trkpt>
   <trkpt lat="48.3815175" lon="7.3189515">
    <ele>800</ele>
</trkpt>
   <trkpt lat="48.3815241" lon="7.3189336">
    <ele>800</ele>
</trkpt>
   <trkpt lat="48.3815307" lon="7.3189157">
    <ele>800</ele>
</trkpt>
   <trkpt lat="48.3815373" lon="7.3188990">
    <ele>801</ele>
</trkpt>
   <trkpt lat="48.3815439" lon="7.3188823">
    <ele>801</ele>
</trkpt>
   <trkpt lat="48.3815502" lon="7.3188651">
    <ele>801</ele>
</trkpt>
   <trkpt lat="48.3815565" lon="7.3188480">
    <ele>801</ele>
</trkpt>
   <trkpt lat="48.3815619" lon="7.3188296">
    <ele>801</ele>
</trkpt>
   <trkpt lat="48.3815674" lon="7.3188113">
    <ele>802</ele>
</trkpt>
   <trkpt lat="48.3815736" lon="7.3187925">
    <ele>802</ele>
</trkpt>
   <trkpt lat="48.3815799" lon="7.3187738">
    <ele>802</ele>
</trkpt>
   <trkpt lat="48.3815877" lon="7.3187550">
    <ele>802</ele>
</trkpt>
   <trkpt lat="48.3815956" lon="7.3187362">
    <ele>802</ele>
</trkpt>
   <trkpt lat="48.3816035" lon="7.3187165">
    <ele>803</ele>
</trkpt>
   <trkpt lat="48.3816114" lon="7.3186969">
    <ele>803</ele>
</trkpt>
   <trkpt lat="48.3816190" lon="7.3186787">
    <ele>803</ele>
</trkpt>
   <trkpt lat="48.3816267" lon="7.3186606">
    <ele>803</ele>
</trkpt>
   <trkpt lat="48.3816348" lon="7.3186431">
    <ele>803</ele>
</trkpt>
   <trkpt lat="48.3816429" lon="7.3186257">
    <ele>804</ele>
</trkpt>
   <trkpt lat="48.3816514" lon="7.3186102">
    <ele>804</ele>
</trkpt>
   <trkpt lat="48.3816600" lon="7.3185948">
    <ele>804</ele>
</trkpt>
   <trkpt lat="48.3816692" lon="7.3185792">
    <ele>804</ele>
</trkpt>
   <trkpt lat="48.3816785" lon="7.3185637">
    <ele>804</ele>
</trkpt>
   <trkpt lat="48.3816879" lon="7.3185476">
    <ele>804</ele>
</trkpt>
   <trkpt lat="48.3816973" lon="7.3185316">
    <ele>804</ele>
</trkpt>
   <trkpt lat="48.3817062" lon="7.3185145">
    <ele>804</ele>
</trkpt>
   <trkpt lat="48.3817152" lon="7.3184975">
    <ele>804</ele>
</trkpt>
   <trkpt lat="48.3817230" lon="7.3184782">
    <ele>804</ele>
</trkpt>
   <trkpt lat="48.3817309" lon="7.3184589">
    <ele>804</ele>
</trkpt>
   <trkpt lat="48.3817390" lon="7.3184398">
    <ele>804</ele>
</trkpt>
   <trkpt lat="48.3817471" lon="7.3184207">
    <ele>804</ele>
</trkpt>
   <trkpt lat="48.3817551" lon="7.3184019">
    <ele>804</ele>
</trkpt>
   <trkpt lat="48.3817631" lon="7.3183832">
    <ele>804</ele>
</trkpt>
   <trkpt lat="48.3817709" lon="7.3183673">
    <ele>805</ele>
</trkpt>
   <trkpt lat="48.3817787" lon="7.3183515">
    <ele>805</ele>
</trkpt>
   <trkpt lat="48.3817872" lon="7.3183376">
    <ele>805</ele>
</trkpt>
   <trkpt lat="48.3817957" lon="7.3183238">
    <ele>805</ele>
</trkpt>
   <trkpt lat="48.3818052" lon="7.3183082">
    <ele>805</ele>
</trkpt>
   <trkpt lat="48.3818148" lon="7.3182926">
    <ele>806</ele>
</trkpt>
   <trkpt lat="48.3818263" lon="7.3182755">
    <ele>806</ele>
</trkpt>
   <trkpt lat="48.3818379" lon="7.3182584">
    <ele>806</ele>
</trkpt>
   <trkpt lat="48.3818493" lon="7.3182410">
    <ele>806</ele>
</trkpt>
   <trkpt lat="48.3818607" lon="7.3182237">
    <ele>806</ele>
</trkpt>
   <trkpt lat="48.3818724" lon="7.3182059">
    <ele>806</ele>
</trkpt>
   <trkpt lat="48.3818842" lon="7.3181882">
    <ele>806</ele>
</trkpt>
   <trkpt lat="48.3818956" lon="7.3181714">
    <ele>806</ele>
</trkpt>
   <trkpt lat="48.3819070" lon="7.3181546">
    <ele>806</ele>
</trkpt>
   <trkpt lat="48.3819182" lon="7.3181411">
    <ele>806</ele>
</trkpt>
   <trkpt lat="48.3819294" lon="7.3181277">
    <ele>807</ele>
</trkpt>
   <trkpt lat="48.3819410" lon="7.3181156">
    <ele>807</ele>
</trkpt>
   <trkpt lat="48.3819526" lon="7.3181035">
    <ele>807</ele>
</trkpt>
   <trkpt lat="48.3819637" lon="7.3180919">
    <ele>807</ele>
</trkpt>
   <trkpt lat="48.3819748" lon="7.3180803">
    <ele>807</ele>
</trkpt>
   <trkpt lat="48.3819856" lon="7.3180674">
    <ele>807</ele>
</trkpt>
   <trkpt lat="48.3819965" lon="7.3180546">
    <ele>807</ele>
</trkpt>
   <trkpt lat="48.3820056" lon="7.3180391">
    <ele>807</ele>
</trkpt>
   <trkpt lat="48.3820148" lon="7.3180236">
    <ele>807</ele>
</trkpt>
   <trkpt lat="48.3820241" lon="7.3180068">
    <ele>807</ele>
</trkpt>
   <trkpt lat="48.3820334" lon="7.3179901">
    <ele>808</ele>
</trkpt>
   <trkpt lat="48.3820445" lon="7.3179740">
    <ele>808</ele>
</trkpt>
   <trkpt lat="48.3820557" lon="7.3179579">
    <ele>808</ele>
</trkpt>
   <trkpt lat="48.3820668" lon="7.3179427">
    <ele>808</ele>
</trkpt>
   <trkpt lat="48.3820780" lon="7.3179276">
    <ele>808</ele>
</trkpt>
   <trkpt lat="48.3820893" lon="7.3179137">
    <ele>809</ele>
</trkpt>
   <trkpt lat="48.3821007" lon="7.3178999">
    <ele>809</ele>
</trkpt>
   <trkpt lat="48.3821128" lon="7.3178876">
    <ele>809</ele>
</trkpt>
   <trkpt lat="48.3821249" lon="7.3178754">
    <ele>810</ele>
</trkpt>
   <trkpt lat="48.3821358" lon="7.3178628">
    <ele>810</ele>
</trkpt>
   <trkpt lat="48.3821467" lon="7.3178503">
    <ele>811</ele>
</trkpt>
   <trkpt lat="48.3821565" lon="7.3178369">
    <ele>811</ele>
</trkpt>
   <trkpt lat="48.3821664" lon="7.3178235">
    <ele>811</ele>
</trkpt>
   <trkpt lat="48.3821752" lon="7.3178100">
    <ele>811</ele>
</trkpt>
   <trkpt lat="48.3821840" lon="7.3177966">
    <ele>811</ele>
</trkpt>
   <trkpt lat="48.3821933" lon="7.3177854">
    <ele>812</ele>
</trkpt>
   <trkpt lat="48.3822026" lon="7.3177743">
    <ele>812</ele>
</trkpt>
   <trkpt lat="48.3822133" lon="7.3177631">
    <ele>812</ele>
</trkpt>
   <trkpt lat="48.3822241" lon="7.3177520">
    <ele>812</ele>
</trkpt>
   <trkpt lat="48.3822361" lon="7.3177393">
    <ele>812</ele>
</trkpt>
   <trkpt lat="48.3822482" lon="7.3177266">
    <ele>813</ele>
</trkpt>
   <trkpt lat="48.3822601" lon="7.3177132">
    <ele>813</ele>
</trkpt>
   <trkpt lat="48.3822720" lon="7.3176999">
    <ele>813</ele>
</trkpt>
   <trkpt lat="48.3822823" lon="7.3176871">
    <ele>813</ele>
</trkpt>
   <trkpt lat="48.3822926" lon="7.3176743">
    <ele>813</ele>
</trkpt>
   <trkpt lat="48.3823018" lon="7.3176605">
    <ele>814</ele>
</trkpt>
   <trkpt lat="48.3823111" lon="7.3176468">
    <ele>814</ele>
</trkpt>
   <trkpt lat="48.3823191" lon="7.3176300">
    <ele>814</ele>
</trkpt>
   <trkpt lat="48.3823272" lon="7.3176133">
    <ele>814</ele>
</trkpt>
   <trkpt lat="48.3823356" lon="7.3175959">
    <ele>814</ele>
</trkpt>
   <trkpt lat="48.3823441" lon="7.3175785">
    <ele>815</ele>
</trkpt>
   <trkpt lat="48.3823529" lon="7.3175628">
    <ele>815</ele>
</trkpt>
   <trkpt lat="48.3823617" lon="7.3175472">
    <ele>815</ele>
</trkpt>
   <trkpt lat="48.3823725" lon="7.3175320">
    <ele>816</ele>
</trkpt>
   <trkpt lat="48.3823833" lon="7.3175168">
    <ele>816</ele>
</trkpt>
   <trkpt lat="48.3823943" lon="7.3175003">
    <ele>817</ele>
</trkpt>
   <trkpt lat="48.3824054" lon="7.3174838">
    <ele>817</ele>
</trkpt>
   <trkpt lat="48.3824156" lon="7.3174677">
    <ele>817</ele>
</trkpt>
   <trkpt lat="48.3824258" lon="7.3174516">
    <ele>817</ele>
</trkpt>
   <trkpt lat="48.3824354" lon="7.3174381">
    <ele>817</ele>
</trkpt>
   <trkpt lat="48.3824451" lon="7.3174247">
    <ele>818</ele>
</trkpt>
   <trkpt lat="48.3824563" lon="7.3174128">
    <ele>818</ele>
</trkpt>
   <trkpt lat="48.3824676" lon="7.3174010">
    <ele>818</ele>
</trkpt>
   <trkpt lat="48.3824791" lon="7.3173877">
    <ele>818</ele>
</trkpt>
   <trkpt lat="48.3824906" lon="7.3173744">
    <ele>818</ele>
</trkpt>
   <trkpt lat="48.3825003" lon="7.3173602">
    <ele>818</ele>
</trkpt>
   <trkpt lat="48.3825100" lon="7.3173460">
    <ele>818</ele>
</trkpt>
   <trkpt lat="48.3825197" lon="7.3173320">
    <ele>818</ele>
</trkpt>
   <trkpt lat="48.3825295" lon="7.3173181">
    <ele>818</ele>
</trkpt>
   <trkpt lat="48.3825390" lon="7.3173032">
    <ele>818</ele>
</trkpt>
   <trkpt lat="48.3825485" lon="7.3172884">
    <ele>818</ele>
</trkpt>
   <trkpt lat="48.3825573" lon="7.3172733">
    <ele>818</ele>
</trkpt>
   <trkpt lat="48.3825661" lon="7.3172583">
    <ele>818</ele>
</trkpt>
   <trkpt lat="48.3825761" lon="7.3172424">
    <ele>819</ele>
</trkpt>
   <trkpt lat="48.3825861" lon="7.3172265">
    <ele>819</ele>
</trkpt>
   <trkpt lat="48.3825979" lon="7.3172108">
    <ele>820</ele>
</trkpt>
   <trkpt lat="48.3826097" lon="7.3171951">
    <ele>820</ele>
</trkpt>
   <trkpt lat="48.3826229" lon="7.3171803">
    <ele>820</ele>
</trkpt>
   <trkpt lat="48.3826361" lon="7.3171655">
    <ele>820</ele>
</trkpt>
   <trkpt lat="48.3826483" lon="7.3171517">
    <ele>820</ele>
</trkpt>
   <trkpt lat="48.3826606" lon="7.3171379">
    <ele>820</ele>
</trkpt>
   <trkpt lat="48.3826735" lon="7.3171247">
    <ele>820</ele>
</trkpt>
   <trkpt lat="48.3826865" lon="7.3171115">
    <ele>820</ele>
</trkpt>
   <trkpt lat="48.3826996" lon="7.3170999">
    <ele>820</ele>
</trkpt>
   <trkpt lat="48.3827128" lon="7.3170883">
    <ele>820</ele>
</trkpt>
   <trkpt lat="48.3827259" lon="7.3170779">
    <ele>821</ele>
</trkpt>
   <trkpt lat="48.3827391" lon="7.3170675">
    <ele>820</ele>
</trkpt>
   <trkpt lat="48.3827522" lon="7.3170574">
    <ele>820</ele>
</trkpt>
   <trkpt lat="48.3827653" lon="7.3170473">
    <ele>820</ele>
</trkpt>
   <trkpt lat="48.3827803" lon="7.3170378">
    <ele>820</ele>
</trkpt>
   <trkpt lat="48.3827954" lon="7.3170283">
    <ele>820</ele>
</trkpt>
   <trkpt lat="48.3828110" lon="7.3170192">
    <ele>820</ele>
</trkpt>
   <trkpt lat="48.3828266" lon="7.3170101">
    <ele>820</ele>
</trkpt>
   <trkpt lat="48.3828430" lon="7.3169990">
    <ele>820</ele>
</trkpt>
   <trkpt lat="48.3828595" lon="7.3169880">
    <ele>820</ele>
</trkpt>
   <trkpt lat="48.3828804" lon="7.3169751">
    <ele>820</ele>
</trkpt>
   <trkpt lat="48.3829013" lon="7.3169622">
    <ele>820</ele>
</trkpt>
   <trkpt lat="48.3829268" lon="7.3169498">
    <ele>820</ele>
</trkpt>
   <trkpt lat="48.3829523" lon="7.3169374">
    <ele>820</ele>
</trkpt>
   <trkpt lat="48.3829800" lon="7.3169268">
    <ele>820</ele>
</trkpt>
   <trkpt lat="48.3830077" lon="7.3169163">
    <ele>820</ele>
</trkpt>
   <trkpt lat="48.3830369" lon="7.3169051">
    <ele>820</ele>
</trkpt>
   <trkpt lat="48.3830661" lon="7.3168940">
    <ele>820</ele>
</trkpt>
   <trkpt lat="48.3830951" lon="7.3168832">
    <ele>820</ele>
</trkpt>
   <trkpt lat="48.3831241" lon="7.3168724">
    <ele>820</ele>
</trkpt>
   <trkpt lat="48.3831514" lon="7.3168628">
    <ele>820</ele>
</trkpt>
   <trkpt lat="48.3831787" lon="7.3168532">
    <ele>820</ele>
</trkpt>
   <trkpt lat="48.3832046" lon="7.3168426">
    <ele>820</ele>
</trkpt>
   <trkpt lat="48.3832305" lon="7.3168320">
    <ele>820</ele>
</trkpt>
   <trkpt lat="48.3832554" lon="7.3168200">
    <ele>820</ele>
</trkpt>
   <trkpt lat="48.3832804" lon="7.3168081">
    <ele>820</ele>
</trkpt>
   <trkpt lat="48.3833055" lon="7.3167959">
    <ele>820</ele>
</trkpt>
   <trkpt lat="48.3833306" lon="7.3167838">
    <ele>820</ele>
</trkpt>
   <trkpt lat="48.3833560" lon="7.3167711">
    <ele>820</ele>
</trkpt>
   <trkpt lat="48.3833815" lon="7.3167584">
    <ele>820</ele>
</trkpt>
   <trkpt lat="48.3834065" lon="7.3167439">
    <ele>821</ele>
</trkpt>
   <trkpt lat="48.3834316" lon="7.3167295">
    <ele>821</ele>
</trkpt>
   <trkpt lat="48.3834568" lon="7.3167138">
    <ele>821</ele>
</trkpt>
   <trkpt lat="48.3834820" lon="7.3166982">
    <ele>821</ele>
</trkpt>
   <trkpt lat="48.3835078" lon="7.3166853">
    <ele>821</ele>
</trkpt>
   <trkpt lat="48.3835336" lon="7.3166724">
    <ele>821</ele>
</trkpt>
   <trkpt lat="48.3835588" lon="7.3166636">
    <ele>821</ele>
</trkpt>
   <trkpt lat="48.3835841" lon="7.3166549">
    <ele>821</ele>
</trkpt>
   <trkpt lat="48.3836103" lon="7.3166465">
    <ele>821</ele>
</trkpt>
   <trkpt lat="48.3836365" lon="7.3166381">
    <ele>821</ele>
</trkpt>
   <trkpt lat="48.3836630" lon="7.3166262">
    <ele>821</ele>
</trkpt>
   <trkpt lat="48.3836896" lon="7.3166144">
    <ele>821</ele>
</trkpt>
   <trkpt lat="48.3837157" lon="7.3166009">
    <ele>821</ele>
</trkpt>
   <trkpt lat="48.3837419" lon="7.3165875">
    <ele>821</ele>
</trkpt>
   <trkpt lat="48.3837666" lon="7.3165786">
    <ele>821</ele>
</trkpt>
   <trkpt lat="48.3837913" lon="7.3165698">
    <ele>821</ele>
</trkpt>
   <trkpt lat="48.3838159" lon="7.3165617">
    <ele>821</ele>
</trkpt>
   <trkpt lat="48.3838405" lon="7.3165537">
    <ele>821</ele>
</trkpt>
   <trkpt lat="48.3838648" lon="7.3165444">
    <ele>821</ele>
</trkpt>
   <trkpt lat="48.3838892" lon="7.3165352">
    <ele>821</ele>
</trkpt>
   <trkpt lat="48.3839134" lon="7.3165237">
    <ele>821</ele>
</trkpt>
   <trkpt lat="48.3839377" lon="7.3165123">
    <ele>820</ele>
</trkpt>
   <trkpt lat="48.3839623" lon="7.3164977">
    <ele>820</ele>
</trkpt>
   <trkpt lat="48.3839870" lon="7.3164831">
    <ele>820</ele>
</trkpt>
   <trkpt lat="48.3840130" lon="7.3164674">
    <ele>820</ele>
</trkpt>
   <trkpt lat="48.3840390" lon="7.3164517">
    <ele>820</ele>
</trkpt>
   <trkpt lat="48.3840645" lon="7.3164386">
    <ele>819</ele>
</trkpt>
   <trkpt lat="48.3840901" lon="7.3164256">
    <ele>819</ele>
</trkpt>
   <trkpt lat="48.3841145" lon="7.3164161">
    <ele>819</ele>
</trkpt>
   <trkpt lat="48.3841390" lon="7.3164066">
    <ele>819</ele>
</trkpt>
   <trkpt lat="48.3841631" lon="7.3163957">
    <ele>819</ele>
</trkpt>
   <trkpt lat="48.3841872" lon="7.3163848">
    <ele>819</ele>
</trkpt>
   <trkpt lat="48.3842118" lon="7.3163717">
    <ele>819</ele>
</trkpt>
   <trkpt lat="48.3842365" lon="7.3163586">
    <ele>819</ele>
</trkpt>
   <trkpt lat="48.3842621" lon="7.3163435">
    <ele>819</ele>
</trkpt>
   <trkpt lat="48.3842878" lon="7.3163285">
    <ele>819</ele>
</trkpt>
   <trkpt lat="48.3843132" lon="7.3163133">
    <ele>819</ele>
</trkpt>
   <trkpt lat="48.3843387" lon="7.3162982">
    <ele>819</ele>
</trkpt>
   <trkpt lat="48.3843634" lon="7.3162861">
    <ele>819</ele>
</trkpt>
   <trkpt lat="48.3843881" lon="7.3162740">
    <ele>819</ele>
</trkpt>
   <trkpt lat="48.3844118" lon="7.3162650">
    <ele>819</ele>
</trkpt>
   <trkpt lat="48.3844356" lon="7.3162560">
    <ele>818</ele>
</trkpt>
   <trkpt lat="48.3844605" lon="7.3162481">
    <ele>818</ele>
</trkpt>
   <trkpt lat="48.3844854" lon="7.3162403">
    <ele>818</ele>
</trkpt>
   <trkpt lat="48.3845100" lon="7.3162310">
    <ele>818</ele>
</trkpt>
   <trkpt lat="48.3845347" lon="7.3162218">
    <ele>818</ele>
</trkpt>
   <trkpt lat="48.3845581" lon="7.3162101">
    <ele>818</ele>
</trkpt>
   <trkpt lat="48.3845816" lon="7.3161985">
    <ele>818</ele>
</trkpt>
   <trkpt lat="48.3846056" lon="7.3161868">
    <ele>818</ele>
</trkpt>
   <trkpt lat="48.3846297" lon="7.3161752">
    <ele>818</ele>
</trkpt>
   <trkpt lat="48.3846562" lon="7.3161666">
    <ele>818</ele>
</trkpt>
   <trkpt lat="48.3846828" lon="7.3161581">
    <ele>817</ele>
</trkpt>
   <trkpt lat="48.3847099" lon="7.3161485">
    <ele>817</ele>
</trkpt>
   <trkpt lat="48.3847370" lon="7.3161389">
    <ele>816</ele>
</trkpt>
   <trkpt lat="48.3847624" lon="7.3161281">
    <ele>816</ele>
</trkpt>
   <trkpt lat="48.3847879" lon="7.3161173">
    <ele>816</ele>
</trkpt>
   <trkpt lat="48.3848131" lon="7.3161071">
    <ele>815</ele>
</trkpt>
   <trkpt lat="48.3848384" lon="7.3160969">
    <ele>815</ele>
</trkpt>
   <trkpt lat="48.3848666" lon="7.3160874">
    <ele>815</ele>
</trkpt>
   <trkpt lat="48.3848948" lon="7.3160779">
    <ele>815</ele>
</trkpt>
   <trkpt lat="48.3849243" lon="7.3160700">
    <ele>815</ele>
</trkpt>
   <trkpt lat="48.3849538" lon="7.3160622">
    <ele>814</ele>
</trkpt>
   <trkpt lat="48.3849829" lon="7.3160528">
    <ele>814</ele>
</trkpt>
   <trkpt lat="48.3850120" lon="7.3160435">
    <ele>813</ele>
</trkpt>
   <trkpt lat="48.3850399" lon="7.3160319">
    <ele>813</ele>
</trkpt>
   <trkpt lat="48.3850679" lon="7.3160204">
    <ele>813</ele>
</trkpt>
   <trkpt lat="48.3850956" lon="7.3160075">
    <ele>812</ele>
</trkpt>
   <trkpt lat="48.3851234" lon="7.3159946">
    <ele>812</ele>
</trkpt>
   <trkpt lat="48.3851536" lon="7.3159820">
    <ele>812</ele>
</trkpt>
   <trkpt lat="48.3851839" lon="7.3159695">
    <ele>812</ele>
</trkpt>
   <trkpt lat="48.3852157" lon="7.3159583">
    <ele>812</ele>
</trkpt>
   <trkpt lat="48.3852475" lon="7.3159472">
    <ele>811</ele>
</trkpt>
   <trkpt lat="48.3852793" lon="7.3159398">
    <ele>811</ele>
</trkpt>
   <trkpt lat="48.3853112" lon="7.3159324">
    <ele>811</ele>
</trkpt>
   <trkpt lat="48.3853410" lon="7.3159252">
    <ele>811</ele>
</trkpt>
   <trkpt lat="48.3853709" lon="7.3159181">
    <ele>811</ele>
</trkpt>
   <trkpt lat="48.3854000" lon="7.3159111">
    <ele>810</ele>
</trkpt>
   <trkpt lat="48.3854292" lon="7.3159041">
    <ele>810</ele>
</trkpt>
   <trkpt lat="48.3854585" lon="7.3158965">
    <ele>810</ele>
</trkpt>
   <trkpt lat="48.3854879" lon="7.3158890">
    <ele>810</ele>
</trkpt>
   <trkpt lat="48.3855154" lon="7.3158813">
    <ele>810</ele>
</trkpt>
   <trkpt lat="48.3855429" lon="7.3158736">
    <ele>809</ele>
</trkpt>
   <trkpt lat="48.3855704" lon="7.3158670">
    <ele>809</ele>
</trkpt>
   <trkpt lat="48.3855980" lon="7.3158605">
    <ele>808</ele>
</trkpt>
   <trkpt lat="48.3856263" lon="7.3158552">
    <ele>808</ele>
</trkpt>
   <trkpt lat="48.3856546" lon="7.3158500">
    <ele>808</ele>
</trkpt>
   <trkpt lat="48.3856838" lon="7.3158427">
    <ele>807</ele>
</trkpt>
   <trkpt lat="48.3857130" lon="7.3158354">
    <ele>807</ele>
</trkpt>
   <trkpt lat="48.3857417" lon="7.3158236">
    <ele>807</ele>
</trkpt>
   <trkpt lat="48.3857705" lon="7.3158119">
    <ele>807</ele>
</trkpt>
   <trkpt lat="48.3857979" lon="7.3158008">
    <ele>807</ele>
</trkpt>
   <trkpt lat="48.3858253" lon="7.3157898">
    <ele>806</ele>
</trkpt>
   <trkpt lat="48.3858533" lon="7.3157781">
    <ele>806</ele>
</trkpt>
   <trkpt lat="48.3858813" lon="7.3157664">
    <ele>806</ele>
</trkpt>
   <trkpt lat="48.3859088" lon="7.3157507">
    <ele>806</ele>
</trkpt>
   <trkpt lat="48.3859364" lon="7.3157351">
    <ele>806</ele>
</trkpt>
   <trkpt lat="48.3859637" lon="7.3157179">
    <ele>805</ele>
</trkpt>
   <trkpt lat="48.3859910" lon="7.3157007">
    <ele>805</ele>
</trkpt>
   <trkpt lat="48.3860159" lon="7.3156846">
    <ele>804</ele>
</trkpt>
   <trkpt lat="48.3860409" lon="7.3156685">
    <ele>804</ele>
</trkpt>
   <trkpt lat="48.3860634" lon="7.3156538">
    <ele>804</ele>
</trkpt>
   <trkpt lat="48.3860860" lon="7.3156391">
    <ele>803</ele>
</trkpt>
   <trkpt lat="48.3861081" lon="7.3156259">
    <ele>803</ele>
</trkpt>
   <trkpt lat="48.3861303" lon="7.3156128">
    <ele>803</ele>
</trkpt>
   <trkpt lat="48.3861529" lon="7.3155996">
    <ele>803</ele>
</trkpt>
   <trkpt lat="48.3861756" lon="7.3155864">
    <ele>803</ele>
</trkpt>
   <trkpt lat="48.3862006" lon="7.3155702">
    <ele>802</ele>
</trkpt>
   <trkpt lat="48.3862256" lon="7.3155540">
    <ele>802</ele>
</trkpt>
   <trkpt lat="48.3862519" lon="7.3155361">
    <ele>802</ele>
</trkpt>
   <trkpt lat="48.3862782" lon="7.3155182">
    <ele>802</ele>
</trkpt>
   <trkpt lat="48.3863082" lon="7.3154992">
    <ele>802</ele>
</trkpt>
   <trkpt lat="48.3863383" lon="7.3154802">
    <ele>801</ele>
</trkpt>
   <trkpt lat="48.3863677" lon="7.3154614">
    <ele>801</ele>
</trkpt>
   <trkpt lat="48.3863971" lon="7.3154426">
    <ele>801</ele>
</trkpt>
   <trkpt lat="48.3864230" lon="7.3154278">
    <ele>801</ele>
</trkpt>
   <trkpt lat="48.3864489" lon="7.3154130">
    <ele>801</ele>
</trkpt>
   <trkpt lat="48.3864727" lon="7.3154025">
    <ele>800</ele>
</trkpt>
   <trkpt lat="48.3864965" lon="7.3153920">
    <ele>800</ele>
</trkpt>
   <trkpt lat="48.3865191" lon="7.3153817">
    <ele>800</ele>
</trkpt>
   <trkpt lat="48.3865418" lon="7.3153714">
    <ele>800</ele>
</trkpt>
   <trkpt lat="48.3865646" lon="7.3153574">
    <ele>800</ele>
</trkpt>
   <trkpt lat="48.3865874" lon="7.3153435">
    <ele>799</ele>
</trkpt>
   <trkpt lat="48.3866117" lon="7.3153274">
    <ele>799</ele>
</trkpt>
   <trkpt lat="48.3866360" lon="7.3153113">
    <ele>798</ele>
</trkpt>
   <trkpt lat="48.3866621" lon="7.3152961">
    <ele>798</ele>
</trkpt>
   <trkpt lat="48.3866882" lon="7.3152809">
    <ele>798</ele>
</trkpt>
   <trkpt lat="48.3867150" lon="7.3152661">
    <ele>797</ele>
</trkpt>
   <trkpt lat="48.3867419" lon="7.3152513">
    <ele>797</ele>
</trkpt>
   <trkpt lat="48.3867687" lon="7.3152410">
    <ele>797</ele>
</trkpt>
   <trkpt lat="48.3867955" lon="7.3152308">
    <ele>797</ele>
</trkpt>
   <trkpt lat="48.3868206" lon="7.3152351">
    <ele>797</ele>
</trkpt>
   <trkpt lat="48.3868457" lon="7.3152394">
    <ele>796</ele>
</trkpt>
   <trkpt lat="48.3868663" lon="7.3152618">
    <ele>796</ele>
</trkpt>
   <trkpt lat="48.3868870" lon="7.3152842">
    <ele>796</ele>
</trkpt>
   <trkpt lat="48.3869048" lon="7.3153190">
    <ele>796</ele>
</trkpt>
   <trkpt lat="48.3869226" lon="7.3153538">
    <ele>796</ele>
</trkpt>
   <trkpt lat="48.3869391" lon="7.3153906">
    <ele>795</ele>
</trkpt>
   <trkpt lat="48.3869556" lon="7.3154275">
    <ele>795</ele>
</trkpt>
   <trkpt lat="48.3869713" lon="7.3154639">
    <ele>794</ele>
</trkpt>
   <trkpt lat="48.3869870" lon="7.3155003">
    <ele>794</ele>
</trkpt>
   <trkpt lat="48.3870037" lon="7.3155341">
    <ele>794</ele>
</trkpt>
   <trkpt lat="48.3870204" lon="7.3155680">
    <ele>793</ele>
</trkpt>
   <trkpt lat="48.3870369" lon="7.3155991">
    <ele>793</ele>
</trkpt>
   <trkpt lat="48.3870534" lon="7.3156302">
    <ele>792</ele>
</trkpt>
   <trkpt lat="48.3870711" lon="7.3156571">
    <ele>792</ele>
</trkpt>
   <trkpt lat="48.3870889" lon="7.3156840">
    <ele>792</ele>
</trkpt>
   <trkpt lat="48.3871092" lon="7.3157078">
    <ele>791</ele>
</trkpt>
   <trkpt lat="48.3871296" lon="7.3157316">
    <ele>791</ele>
</trkpt>
   <trkpt lat="48.3871508" lon="7.3157544">
    <ele>791</ele>
</trkpt>
   <trkpt lat="48.3871720" lon="7.3157772">
    <ele>791</ele>
</trkpt>
   <trkpt lat="48.3871948" lon="7.3158000">
    <ele>791</ele>
</trkpt>
   <trkpt lat="48.3872176" lon="7.3158229">
    <ele>790</ele>
</trkpt>
   <trkpt lat="48.3872414" lon="7.3158455">
    <ele>790</ele>
</trkpt>
   <trkpt lat="48.3872653" lon="7.3158682">
    <ele>789</ele>
</trkpt>
   <trkpt lat="48.3872881" lon="7.3158885">
    <ele>789</ele>
</trkpt>
   <trkpt lat="48.3873110" lon="7.3159088">
    <ele>789</ele>
</trkpt>
   <trkpt lat="48.3873345" lon="7.3159308">
    <ele>788</ele>
</trkpt>
   <trkpt lat="48.3873580" lon="7.3159528">
    <ele>788</ele>
</trkpt>
   <trkpt lat="48.3873819" lon="7.3159766">
    <ele>788</ele>
</trkpt>
   <trkpt lat="48.3874058" lon="7.3160005">
    <ele>788</ele>
</trkpt>
   <trkpt lat="48.3874299" lon="7.3160217">
    <ele>788</ele>
</trkpt>
   <trkpt lat="48.3874540" lon="7.3160430">
    <ele>787</ele>
</trkpt>
   <trkpt lat="48.3874782" lon="7.3160581">
    <ele>787</ele>
</trkpt>
   <trkpt lat="48.3875024" lon="7.3160733">
    <ele>786</ele>
</trkpt>
   <trkpt lat="48.3875262" lon="7.3160873">
    <ele>786</ele>
</trkpt>
   <trkpt lat="48.3875501" lon="7.3161013">
    <ele>786</ele>
</trkpt>
   <trkpt lat="48.3875740" lon="7.3161134">
    <ele>785</ele>
</trkpt>
   <trkpt lat="48.3875979" lon="7.3161256">
    <ele>785</ele>
</trkpt>
   <trkpt lat="48.3876224" lon="7.3161324">
    <ele>784</ele>
</trkpt>
   <trkpt lat="48.3876470" lon="7.3161393">
    <ele>784</ele>
</trkpt>
   <trkpt lat="48.3876706" lon="7.3161432">
    <ele>784</ele>
</trkpt>
   <trkpt lat="48.3876942" lon="7.3161471">
    <ele>783</ele>
</trkpt>
   <trkpt lat="48.3877171" lon="7.3161532">
    <ele>783</ele>
</trkpt>
   <trkpt lat="48.3877400" lon="7.3161593">
    <ele>783</ele>
</trkpt>
   <trkpt lat="48.3877644" lon="7.3161705">
    <ele>783</ele>
</trkpt>
   <trkpt lat="48.3877888" lon="7.3161818">
    <ele>783</ele>
</trkpt>
   <trkpt lat="48.3878144" lon="7.3161938">
    <ele>782</ele>
</trkpt>
   <trkpt lat="48.3878400" lon="7.3162058">
    <ele>782</ele>
</trkpt>
   <trkpt lat="48.3878650" lon="7.3162141">
    <ele>782</ele>
</trkpt>
   <trkpt lat="48.3878901" lon="7.3162224">
    <ele>782</ele>
</trkpt>
   <trkpt lat="48.3879154" lon="7.3162254">
    <ele>782</ele>
</trkpt>
   <trkpt lat="48.3879408" lon="7.3162284">
    <ele>781</ele>
</trkpt>
   <trkpt lat="48.3879679" lon="7.3162301">
    <ele>781</ele>
</trkpt>
   <trkpt lat="48.3879951" lon="7.3162318">
    <ele>780</ele>
</trkpt>
   <trkpt lat="48.3880237" lon="7.3162352">
    <ele>780</ele>
</trkpt>
   <trkpt lat="48.3880524" lon="7.3162386">
    <ele>780</ele>
</trkpt>
   <trkpt lat="48.3880783" lon="7.3162435">
    <ele>779</ele>
</trkpt>
   <trkpt lat="48.3881043" lon="7.3162485">
    <ele>779</ele>
</trkpt>
   <trkpt lat="48.3881272" lon="7.3162535">
    <ele>779</ele>
</trkpt>
   <trkpt lat="48.3881501" lon="7.3162585">
    <ele>779</ele>
</trkpt>
   <trkpt lat="48.3881722" lon="7.3162657">
    <ele>779</ele>
</trkpt>
   <trkpt lat="48.3881944" lon="7.3162730">
    <ele>778</ele>
</trkpt>
   <trkpt lat="48.3882152" lon="7.3162833">
    <ele>778</ele>
</trkpt>
   <trkpt lat="48.3882361" lon="7.3162937">
    <ele>778</ele>
</trkpt>
   <trkpt lat="48.3882567" lon="7.3163067">
    <ele>778</ele>
</trkpt>
   <trkpt lat="48.3882774" lon="7.3163198">
    <ele>778</ele>
</trkpt>
   <trkpt lat="48.3883010" lon="7.3163340">
    <ele>777</ele>
</trkpt>
   <trkpt lat="48.3883246" lon="7.3163483">
    <ele>777</ele>
</trkpt>
   <trkpt lat="48.3883508" lon="7.3163617">
    <ele>777</ele>
</trkpt>
   <trkpt lat="48.3883770" lon="7.3163751">
    <ele>777</ele>
</trkpt>
   <trkpt lat="48.3884054" lon="7.3163864">
    <ele>777</ele>
</trkpt>
   <trkpt lat="48.3884339" lon="7.3163977">
    <ele>776</ele>
</trkpt>
   <trkpt lat="48.3884620" lon="7.3164056">
    <ele>776</ele>
</trkpt>
   <trkpt lat="48.3884902" lon="7.3164136">
    <ele>776</ele>
</trkpt>
   <trkpt lat="48.3885151" lon="7.3164195">
    <ele>776</ele>
</trkpt>
   <trkpt lat="48.3885401" lon="7.3164255">
    <ele>776</ele>
</trkpt>
   <trkpt lat="48.3885630" lon="7.3164326">
    <ele>775</ele>
</trkpt>
   <trkpt lat="48.3885860" lon="7.3164398">
    <ele>775</ele>
</trkpt>
   <trkpt lat="48.3886091" lon="7.3164481">
    <ele>774</ele>
</trkpt>
   <trkpt lat="48.3886323" lon="7.3164564">
    <ele>774</ele>
</trkpt>
   <trkpt lat="48.3886568" lon="7.3164662">
    <ele>774</ele>
</trkpt>
   <trkpt lat="48.3886813" lon="7.3164761">
    <ele>773</ele>
</trkpt>
   <trkpt lat="48.3887091" lon="7.3164901">
    <ele>773</ele>
</trkpt>
   <trkpt lat="48.3887369" lon="7.3165041">
    <ele>773</ele>
</trkpt>
   <trkpt lat="48.3887642" lon="7.3165200">
    <ele>773</ele>
</trkpt>
   <trkpt lat="48.3887916" lon="7.3165359">
    <ele>773</ele>
</trkpt>
   <trkpt lat="48.3888173" lon="7.3165487">
    <ele>772</ele>
</trkpt>
   <trkpt lat="48.3888430" lon="7.3165615">
    <ele>772</ele>
</trkpt>
   <trkpt lat="48.3888688" lon="7.3165701">
    <ele>772</ele>
</trkpt>
   <trkpt lat="48.3888947" lon="7.3165788">
    <ele>772</ele>
</trkpt>
   <trkpt lat="48.3889216" lon="7.3165843">
    <ele>772</ele>
</trkpt>
   <trkpt lat="48.3889486" lon="7.3165899">
    <ele>771</ele>
</trkpt>
   <trkpt lat="48.3889761" lon="7.3165947">
    <ele>771</ele>
</trkpt>
   <trkpt lat="48.3890037" lon="7.3165996">
    <ele>770</ele>
</trkpt>
   <trkpt lat="48.3890301" lon="7.3166035">
    <ele>770</ele>
</trkpt>
   <trkpt lat="48.3890566" lon="7.3166075">
    <ele>770</ele>
</trkpt>
   <trkpt lat="48.3890824" lon="7.3166090">
    <ele>769</ele>
</trkpt>
   <trkpt lat="48.3891082" lon="7.3166105">
    <ele>769</ele>
</trkpt>
   <trkpt lat="48.3891346" lon="7.3166096">
    <ele>768</ele>
</trkpt>
   <trkpt lat="48.3891611" lon="7.3166087">
    <ele>768</ele>
</trkpt>
   <trkpt lat="48.3891885" lon="7.3166044">
    <ele>768</ele>
</trkpt>
   <trkpt lat="48.3892160" lon="7.3166001">
    <ele>767</ele>
</trkpt>
   <trkpt lat="48.3892450" lon="7.3165960">
    <ele>767</ele>
</trkpt>
   <trkpt lat="48.3892741" lon="7.3165919">
    <ele>767</ele>
</trkpt>
   <trkpt lat="48.3893019" lon="7.3165915">
    <ele>767</ele>
</trkpt>
   <trkpt lat="48.3893297" lon="7.3165912">
    <ele>767</ele>
</trkpt>
   <trkpt lat="48.3893545" lon="7.3165928">
    <ele>766</ele>
</trkpt>
   <trkpt lat="48.3893793" lon="7.3165945">
    <ele>766</ele>
</trkpt>
   <trkpt lat="48.3894035" lon="7.3165994">
    <ele>766</ele>
</trkpt>
   <trkpt lat="48.3894277" lon="7.3166044">
    <ele>766</ele>
</trkpt>
   <trkpt lat="48.3894550" lon="7.3166131">
    <ele>766</ele>
</trkpt>
   <trkpt lat="48.3894824" lon="7.3166219">
    <ele>765</ele>
</trkpt>
   <trkpt lat="48.3895117" lon="7.3166270">
    <ele>765</ele>
</trkpt>
   <trkpt lat="48.3895410" lon="7.3166321">
    <ele>765</ele>
</trkpt>
   <trkpt lat="48.3895695" lon="7.3166303">
    <ele>765</ele>
</trkpt>
   <trkpt lat="48.3895981" lon="7.3166286">
    <ele>765</ele>
</trkpt>
   <trkpt lat="48.3896262" lon="7.3166259">
    <ele>764</ele>
</trkpt>
   <trkpt lat="48.3896544" lon="7.3166232">
    <ele>764</ele>
</trkpt>
   <trkpt lat="48.3896819" lon="7.3166248">
    <ele>763</ele>
</trkpt>
   <trkpt lat="48.3897094" lon="7.3166264">
    <ele>763</ele>
</trkpt>
   <trkpt lat="48.3897367" lon="7.3166393">
    <ele>763</ele>
</trkpt>
   <trkpt lat="48.3897640" lon="7.3166523">
    <ele>762</ele>
</trkpt>
   <trkpt lat="48.3897899" lon="7.3166677">
    <ele>762</ele>
</trkpt>
   <trkpt lat="48.3898158" lon="7.3166831">
    <ele>761</ele>
</trkpt>
   <trkpt lat="48.3898374" lon="7.3166937">
    <ele>761</ele>
</trkpt>
   <trkpt lat="48.3898591" lon="7.3167043">
    <ele>761</ele>
</trkpt>
   <trkpt lat="48.3898801" lon="7.3167060">
    <ele>760</ele>
</trkpt>
   <trkpt lat="48.3899011" lon="7.3167078">
    <ele>760</ele>
</trkpt>
   <trkpt lat="48.3899244" lon="7.3167052">
    <ele>759</ele>
</trkpt>
   <trkpt lat="48.3899477" lon="7.3167026">
    <ele>759</ele>
</trkpt>
   <trkpt lat="48.3899720" lon="7.3166992">
    <ele>759</ele>
</trkpt>
   <trkpt lat="48.3899964" lon="7.3166959">
    <ele>758</ele>
</trkpt>
   <trkpt lat="48.3900187" lon="7.3166921">
    <ele>758</ele>
</trkpt>
   <trkpt lat="48.3900410" lon="7.3166883">
    <ele>758</ele>
</trkpt>
   <trkpt lat="48.3900626" lon="7.3166880">
    <ele>758</ele>
</trkpt>
   <trkpt lat="48.3900842" lon="7.3166878">
    <ele>758</ele>
</trkpt>
   <trkpt lat="48.3901082" lon="7.3166914">
    <ele>757</ele>
</trkpt>
   <trkpt lat="48.3901322" lon="7.3166951">
    <ele>757</ele>
</trkpt>
   <trkpt lat="48.3901569" lon="7.3167015">
    <ele>757</ele>
</trkpt>
   <trkpt lat="48.3901816" lon="7.3167080">
    <ele>757</ele>
</trkpt>
   <trkpt lat="48.3902070" lon="7.3167161">
    <ele>757</ele>
</trkpt>
   <trkpt lat="48.3902324" lon="7.3167243">
    <ele>756</ele>
</trkpt>
   <trkpt lat="48.3902570" lon="7.3167316">
    <ele>756</ele>
</trkpt>
   <trkpt lat="48.3902816" lon="7.3167390">
    <ele>756</ele>
</trkpt>
   <trkpt lat="48.3903072" lon="7.3167453">
    <ele>756</ele>
</trkpt>
   <trkpt lat="48.3903328" lon="7.3167517">
    <ele>756</ele>
</trkpt>
   <trkpt lat="48.3903600" lon="7.3167528">
    <ele>755</ele>
</trkpt>
   <trkpt lat="48.3903872" lon="7.3167539">
    <ele>755</ele>
</trkpt>
   <trkpt lat="48.3904144" lon="7.3167500">
    <ele>755</ele>
</trkpt>
   <trkpt lat="48.3904417" lon="7.3167462">
    <ele>755</ele>
</trkpt>
   <trkpt lat="48.3904694" lon="7.3167378">
    <ele>755</ele>
</trkpt>
   <trkpt lat="48.3904971" lon="7.3167295">
    <ele>755</ele>
</trkpt>
   <trkpt lat="48.3905248" lon="7.3167205">
    <ele>755</ele>
</trkpt>
   <trkpt lat="48.3905526" lon="7.3167116">
    <ele>755</ele>
</trkpt>
   <trkpt lat="48.3905795" lon="7.3167023">
    <ele>755</ele>
</trkpt>
   <trkpt lat="48.3906064" lon="7.3166930">
    <ele>755</ele>
</trkpt>
   <trkpt lat="48.3906312" lon="7.3166819">
    <ele>754</ele>
</trkpt>
   <trkpt lat="48.3906560" lon="7.3166709">
    <ele>754</ele>
</trkpt>
   <trkpt lat="48.3906792" lon="7.3166592">
    <ele>753</ele>
</trkpt>
   <trkpt lat="48.3907024" lon="7.3166476">
    <ele>753</ele>
</trkpt>
   <trkpt lat="48.3907267" lon="7.3166455">
    <ele>753</ele>
</trkpt>
   <trkpt lat="48.3907511" lon="7.3166435">
    <ele>752</ele>
</trkpt>
   <trkpt lat="48.3907771" lon="7.3166571">
    <ele>752</ele>
</trkpt>
   <trkpt lat="48.3908031" lon="7.3166708">
    <ele>752</ele>
</trkpt>
   <trkpt lat="48.3908257" lon="7.3166920">
    <ele>752</ele>
</trkpt>
   <trkpt lat="48.3908483" lon="7.3167132">
    <ele>752</ele>
</trkpt>
   <trkpt lat="48.3908699" lon="7.3167352">
    <ele>751</ele>
</trkpt>
   <trkpt lat="48.3908915" lon="7.3167572">
    <ele>751</ele>
</trkpt>
   <trkpt lat="48.3909115" lon="7.3167767">
    <ele>750</ele>
</trkpt>
   <trkpt lat="48.3909315" lon="7.3167963">
    <ele>750</ele>
</trkpt>
   <trkpt lat="48.3909509" lon="7.3168112">
    <ele>750</ele>
</trkpt>
   <trkpt lat="48.3909703" lon="7.3168262">
    <ele>749</ele>
</trkpt>
   <trkpt lat="48.3909905" lon="7.3168320">
    <ele>749</ele>
</trkpt>
   <trkpt lat="48.3910108" lon="7.3168378">
    <ele>748</ele>
</trkpt>
   <trkpt lat="48.3910312" lon="7.3168359">
    <ele>748</ele>
</trkpt>
   <trkpt lat="48.3910516" lon="7.3168341">
    <ele>748</ele>
</trkpt>
   <trkpt lat="48.3910743" lon="7.3168305">
    <ele>747</ele>
</trkpt>
   <trkpt lat="48.3910971" lon="7.3168270">
    <ele>747</ele>
</trkpt>
   <trkpt lat="48.3911239" lon="7.3168253">
    <ele>747</ele>
</trkpt>
   <trkpt lat="48.3911508" lon="7.3168237">
    <ele>747</ele>
</trkpt>
   <trkpt lat="48.3911780" lon="7.3168216">
    <ele>747</ele>
</trkpt>
   <trkpt lat="48.3912053" lon="7.3168195">
    <ele>746</ele>
</trkpt>
   <trkpt lat="48.3912317" lon="7.3168167">
    <ele>746</ele>
</trkpt>
   <trkpt lat="48.3912582" lon="7.3168140">
    <ele>746</ele>
</trkpt>
   <trkpt lat="48.3912805" lon="7.3168095">
    <ele>746</ele>
</trkpt>
   <trkpt lat="48.3913029" lon="7.3168050">
    <ele>746</ele>
</trkpt>
   <trkpt lat="48.3913227" lon="7.3168032">
    <ele>745</ele>
</trkpt>
   <trkpt lat="48.3913426" lon="7.3168015">
    <ele>745</ele>
</trkpt>
   <trkpt lat="48.3913651" lon="7.3168051">
    <ele>745</ele>
</trkpt>
   <trkpt lat="48.3913877" lon="7.3168087">
    <ele>745</ele>
</trkpt>
   <trkpt lat="48.3914167" lon="7.3168185">
    <ele>745</ele>
</trkpt>
   <trkpt lat="48.3914458" lon="7.3168284">
    <ele>744</ele>
</trkpt>
   <trkpt lat="48.3914760" lon="7.3168428">
    <ele>744</ele>
</trkpt>
   <trkpt lat="48.3915062" lon="7.3168572">
    <ele>743</ele>
</trkpt>
   <trkpt lat="48.3915341" lon="7.3168714">
    <ele>743</ele>
</trkpt>
   <trkpt lat="48.3915621" lon="7.3168857">
    <ele>743</ele>
</trkpt>
   <trkpt lat="48.3915884" lon="7.3168941">
    <ele>742</ele>
</trkpt>
   <trkpt lat="48.3916148" lon="7.3169026">
    <ele>742</ele>
</trkpt>
   <trkpt lat="48.3916396" lon="7.3169051">
    <ele>742</ele>
</trkpt>
   <trkpt lat="48.3916645" lon="7.3169076">
    <ele>742</ele>
</trkpt>
   <trkpt lat="48.3916894" lon="7.3169069">
    <ele>742</ele>
</trkpt>
   <trkpt lat="48.3917144" lon="7.3169062">
    <ele>741</ele>
</trkpt>
   <trkpt lat="48.3917415" lon="7.3169058">
    <ele>741</ele>
</trkpt>
   <trkpt lat="48.3917687" lon="7.3169055">
    <ele>740</ele>
</trkpt>
   <trkpt lat="48.3917977" lon="7.3169009">
    <ele>740</ele>
</trkpt>
   <trkpt lat="48.3918267" lon="7.3168964">
    <ele>740</ele>
</trkpt>
   <trkpt lat="48.3918575" lon="7.3168921">
    <ele>739</ele>
</trkpt>
   <trkpt lat="48.3918883" lon="7.3168879">
    <ele>739</ele>
</trkpt>
   <trkpt lat="48.3919180" lon="7.3168895">
    <ele>739</ele>
</trkpt>
   <trkpt lat="48.3919478" lon="7.3168912">
    <ele>739</ele>
</trkpt>
   <trkpt lat="48.3919755" lon="7.3168976">
    <ele>739</ele>
</trkpt>
   <trkpt lat="48.3920032" lon="7.3169040">
    <ele>738</ele>
</trkpt>
   <trkpt lat="48.3920302" lon="7.3169075">
    <ele>738</ele>
</trkpt>
   <trkpt lat="48.3920572" lon="7.3169110">
    <ele>737</ele>
</trkpt>
   <trkpt lat="48.3920829" lon="7.3169124">
    <ele>737</ele>
</trkpt>
   <trkpt lat="48.3921086" lon="7.3169138">
    <ele>737</ele>
</trkpt>
   <trkpt lat="48.3921327" lon="7.3169164">
    <ele>736</ele>
</trkpt>
   <trkpt lat="48.3921569" lon="7.3169191">
    <ele>736</ele>
</trkpt>
   <trkpt lat="48.3921801" lon="7.3169255">
    <ele>735</ele>
</trkpt>
   <trkpt lat="48.3922033" lon="7.3169319">
    <ele>735</ele>
</trkpt>
   <trkpt lat="48.3922298" lon="7.3169446">
    <ele>735</ele>
</trkpt>
   <trkpt lat="48.3922563" lon="7.3169574">
    <ele>734</ele>
</trkpt>
   <trkpt lat="48.3922805" lon="7.3169755">
    <ele>734</ele>
</trkpt>
   <trkpt lat="48.3923048" lon="7.3169937">
    <ele>734</ele>
</trkpt>
   <trkpt lat="48.3923250" lon="7.3170102">
    <ele>734</ele>
</trkpt>
   <trkpt lat="48.3923452" lon="7.3170268">
    <ele>734</ele>
</trkpt>
   <trkpt lat="48.3923660" lon="7.3170372">
    <ele>733</ele>
</trkpt>
   <trkpt lat="48.3923869" lon="7.3170476">
    <ele>733</ele>
</trkpt>
   <trkpt lat="48.3924096" lon="7.3170585">
    <ele>733</ele>
</trkpt>
   <trkpt lat="48.3924324" lon="7.3170695">
    <ele>733</ele>
</trkpt>
   <trkpt lat="48.3924561" lon="7.3170788">
    <ele>733</ele>
</trkpt>
   <trkpt lat="48.3924799" lon="7.3170882">
    <ele>732</ele>
</trkpt>
   <trkpt lat="48.3925030" lon="7.3170914">
    <ele>732</ele>
</trkpt>
   <trkpt lat="48.3925262" lon="7.3170947">
    <ele>732</ele>
</trkpt>
   <trkpt lat="48.3925510" lon="7.3170972">
    <ele>732</ele>
</trkpt>
   <trkpt lat="48.3925758" lon="7.3170998">
    <ele>732</ele>
</trkpt>
   <trkpt lat="48.3926033" lon="7.3171053">
    <ele>731</ele>
</trkpt>
   <trkpt lat="48.3926309" lon="7.3171108">
    <ele>731</ele>
</trkpt>
   <trkpt lat="48.3926594" lon="7.3171186">
    <ele>730</ele>
</trkpt>
   <trkpt lat="48.3926880" lon="7.3171265">
    <ele>730</ele>
</trkpt>
   <trkpt lat="48.3927163" lon="7.3171380">
    <ele>730</ele>
</trkpt>
   <trkpt lat="48.3927446" lon="7.3171496">
    <ele>729</ele>
</trkpt>
   <trkpt lat="48.3927690" lon="7.3171660">
    <ele>729</ele>
</trkpt>
   <trkpt lat="48.3927935" lon="7.3171825">
    <ele>729</ele>
</trkpt>
   <trkpt lat="48.3928151" lon="7.3172020">
    <ele>729</ele>
</trkpt>
   <trkpt lat="48.3928367" lon="7.3172216">
    <ele>729</ele>
</trkpt>
   <trkpt lat="48.3928574" lon="7.3172423">
    <ele>728</ele>
</trkpt>
   <trkpt lat="48.3928782" lon="7.3172630">
    <ele>728</ele>
</trkpt>
   <trkpt lat="48.3929006" lon="7.3172868">
    <ele>727</ele>
</trkpt>
   <trkpt lat="48.3929231" lon="7.3173107">
    <ele>727</ele>
</trkpt>
   <trkpt lat="48.3929466" lon="7.3173389">
    <ele>727</ele>
</trkpt>
   <trkpt lat="48.3929701" lon="7.3173672">
    <ele>726</ele>
</trkpt>
   <trkpt lat="48.3929914" lon="7.3173958">
    <ele>726</ele>
</trkpt>
   <trkpt lat="48.3930128" lon="7.3174244">
    <ele>725</ele>
</trkpt>
   <trkpt lat="48.3930210" lon="7.3174351">
    <ele>725</ele>
</trkpt>
   <trkpt lat="48.3930292" lon="7.3174459">
    <ele>725</ele>
</trkpt>
   <trkpt lat="48.3930374" lon="7.3174566">
    <ele>724</ele>
</trkpt>
   <trkpt lat="48.3930457" lon="7.3174674">
    <ele>724</ele>
</trkpt>
   <trkpt lat="48.3930527" lon="7.3174781">
    <ele>723</ele>
</trkpt>
   <trkpt lat="48.3930597" lon="7.3174888">
    <ele>723</ele>
</trkpt>
   <trkpt lat="48.3930659" lon="7.3174997">
    <ele>723</ele>
</trkpt>
   <trkpt lat="48.3930721" lon="7.3175106">
    <ele>723</ele>
</trkpt>
   <trkpt lat="48.3930817" lon="7.3175254">
    <ele>723</ele>
</trkpt>
   <trkpt lat="48.3930913" lon="7.3175403">
    <ele>723</ele>
</trkpt>
   <trkpt lat="48.3931080" lon="7.3175573">
    <ele>723</ele>
</trkpt>
   <trkpt lat="48.3931247" lon="7.3175744">
    <ele>723</ele>
</trkpt>
   <trkpt lat="48.3931472" lon="7.3175975">
    <ele>723</ele>
</trkpt>
   <trkpt lat="48.3931697" lon="7.3176207">
    <ele>723</ele>
</trkpt>
   <trkpt lat="48.3931933" lon="7.3176448">
    <ele>723</ele>
</trkpt>
   <trkpt lat="48.3932169" lon="7.3176689">
    <ele>723</ele>
</trkpt>
   <trkpt lat="48.3932391" lon="7.3176904">
    <ele>723</ele>
</trkpt>
   <trkpt lat="48.3932614" lon="7.3177119">
    <ele>722</ele>
</trkpt>
   <trkpt lat="48.3932828" lon="7.3177314">
    <ele>722</ele>
</trkpt>
   <trkpt lat="48.3933043" lon="7.3177510">
    <ele>722</ele>
</trkpt>
   <trkpt lat="48.3933249" lon="7.3177709">
    <ele>722</ele>
</trkpt>
   <trkpt lat="48.3933456" lon="7.3177908">
    <ele>722</ele>
</trkpt>
   <trkpt lat="48.3933663" lon="7.3178130">
    <ele>721</ele>
</trkpt>
   <trkpt lat="48.3933870" lon="7.3178352">
    <ele>721</ele>
</trkpt>
   <trkpt lat="48.3934075" lon="7.3178610">
    <ele>721</ele>
</trkpt>
   <trkpt lat="48.3934281" lon="7.3178868">
    <ele>721</ele>
</trkpt>
   <trkpt lat="48.3934475" lon="7.3179115">
    <ele>721</ele>
</trkpt>
   <trkpt lat="48.3934669" lon="7.3179363">
    <ele>720</ele>
</trkpt>
   <trkpt lat="48.3934879" lon="7.3179541">
    <ele>720</ele>
</trkpt>
   <trkpt lat="48.3935090" lon="7.3179719">
    <ele>720</ele>
</trkpt>
   <trkpt lat="48.3935343" lon="7.3179861">
    <ele>720</ele>
</trkpt>
   <trkpt lat="48.3935596" lon="7.3180004">
    <ele>720</ele>
</trkpt>
   <trkpt lat="48.3935863" lon="7.3180129">
    <ele>719</ele>
</trkpt>
   <trkpt lat="48.3936130" lon="7.3180255">
    <ele>719</ele>
</trkpt>
   <trkpt lat="48.3936382" lon="7.3180364">
    <ele>718</ele>
</trkpt>
   <trkpt lat="48.3936635" lon="7.3180473">
    <ele>718</ele>
</trkpt>
   <trkpt lat="48.3936882" lon="7.3180573">
    <ele>718</ele>
</trkpt>
   <trkpt lat="48.3937129" lon="7.3180673">
    <ele>717</ele>
</trkpt>
   <trkpt lat="48.3937375" lon="7.3180774">
    <ele>717</ele>
</trkpt>
   <trkpt lat="48.3937621" lon="7.3180876">
    <ele>717</ele>
</trkpt>
   <trkpt lat="48.3937860" lon="7.3180990">
    <ele>717</ele>
</trkpt>
   <trkpt lat="48.3938099" lon="7.3181105">
    <ele>717</ele>
</trkpt>
   <trkpt lat="48.3938318" lon="7.3181212">
    <ele>716</ele>
</trkpt>
   <trkpt lat="48.3938537" lon="7.3181319">
    <ele>716</ele>
</trkpt>
   <trkpt lat="48.3938779" lon="7.3181432">
    <ele>716</ele>
</trkpt>
   <trkpt lat="48.3939022" lon="7.3181546">
    <ele>716</ele>
</trkpt>
   <trkpt lat="48.3939275" lon="7.3181668">
    <ele>716</ele>
</trkpt>
   <trkpt lat="48.3939529" lon="7.3181790">
    <ele>715</ele>
</trkpt>
   <trkpt lat="48.3939770" lon="7.3181854">
    <ele>715</ele>
</trkpt>
   <trkpt lat="48.3940011" lon="7.3181919">
    <ele>715</ele>
</trkpt>
   <trkpt lat="48.3940227" lon="7.3182001">
    <ele>715</ele>
</trkpt>
   <trkpt lat="48.3940443" lon="7.3182083">
    <ele>715</ele>
</trkpt>
   <trkpt lat="48.3940641" lon="7.3182182">
    <ele>714</ele>
</trkpt>
   <trkpt lat="48.3940840" lon="7.3182281">
    <ele>714</ele>
</trkpt>
   <trkpt lat="48.3941040" lon="7.3182360">
    <ele>714</ele>
</trkpt>
   <trkpt lat="48.3941241" lon="7.3182440">
    <ele>714</ele>
</trkpt>
   <trkpt lat="48.3941460" lon="7.3182473">
    <ele>714</ele>
</trkpt>
   <trkpt lat="48.3941679" lon="7.3182506">
    <ele>713</ele>
</trkpt>
   <trkpt lat="48.3941939" lon="7.3182517">
    <ele>713</ele>
</trkpt>
   <trkpt lat="48.3942200" lon="7.3182529">
    <ele>712</ele>
</trkpt>
   <trkpt lat="48.3942479" lon="7.3182558">
    <ele>712</ele>
</trkpt>
   <trkpt lat="48.3942759" lon="7.3182588">
    <ele>712</ele>
</trkpt>
   <trkpt lat="48.3943029" lon="7.3182632">
    <ele>711</ele>
</trkpt>
   <trkpt lat="48.3943299" lon="7.3182677">
    <ele>711</ele>
</trkpt>
   <trkpt lat="48.3943539" lon="7.3182786">
    <ele>711</ele>
</trkpt>
   <trkpt lat="48.3943779" lon="7.3182896">
    <ele>711</ele>
</trkpt>
   <trkpt lat="48.3943996" lon="7.3183101">
    <ele>711</ele>
</trkpt>
   <trkpt lat="48.3944214" lon="7.3183306">
    <ele>710</ele>
</trkpt>
   <trkpt lat="48.3944421" lon="7.3183525">
    <ele>710</ele>
</trkpt>
   <trkpt lat="48.3944628" lon="7.3183744">
    <ele>709</ele>
</trkpt>
   <trkpt lat="48.3944828" lon="7.3183988">
    <ele>709</ele>
</trkpt>
   <trkpt lat="48.3945029" lon="7.3184232">
    <ele>709</ele>
</trkpt>
   <trkpt lat="48.3945209" lon="7.3184518">
    <ele>708</ele>
</trkpt>
   <trkpt lat="48.3945389" lon="7.3184804">
    <ele>708</ele>
</trkpt>
   <trkpt lat="48.3945539" lon="7.3185115">
    <ele>708</ele>
</trkpt>
   <trkpt lat="48.3945689" lon="7.3185427">
    <ele>708</ele>
</trkpt>
   <trkpt lat="48.3945843" lon="7.3185716">
    <ele>708</ele>
</trkpt>
   <trkpt lat="48.3945997" lon="7.3186005">
    <ele>707</ele>
</trkpt>
   <trkpt lat="48.3946167" lon="7.3186261">
    <ele>707</ele>
</trkpt>
   <trkpt lat="48.3946337" lon="7.3186517">
    <ele>707</ele>
</trkpt>
   <trkpt lat="48.3946536" lon="7.3186747">
    <ele>707</ele>
</trkpt>
   <trkpt lat="48.3946736" lon="7.3186978">
    <ele>707</ele>
</trkpt>
   <trkpt lat="48.3946938" lon="7.3187183">
    <ele>706</ele>
</trkpt>
   <trkpt lat="48.3947140" lon="7.3187389">
    <ele>706</ele>
</trkpt>
   <trkpt lat="48.3947341" lon="7.3187561">
    <ele>706</ele>
</trkpt>
   <trkpt lat="48.3947542" lon="7.3187734">
    <ele>706</ele>
</trkpt>
   <trkpt lat="48.3947777" lon="7.3187880">
    <ele>706</ele>
</trkpt>
   <trkpt lat="48.3948013" lon="7.3188026">
    <ele>705</ele>
</trkpt>
   <trkpt lat="48.3948270" lon="7.3188157">
    <ele>705</ele>
</trkpt>
   <trkpt lat="48.3948528" lon="7.3188289">
    <ele>705</ele>
</trkpt>
   <trkpt lat="48.3948769" lon="7.3188392">
    <ele>705</ele>
</trkpt>
   <trkpt lat="48.3949011" lon="7.3188496">
    <ele>705</ele>
</trkpt>
   <trkpt lat="48.3949259" lon="7.3188590">
    <ele>704</ele>
</trkpt>
   <trkpt lat="48.3949507" lon="7.3188685">
    <ele>704</ele>
</trkpt>
   <trkpt lat="48.3949739" lon="7.3188796">
    <ele>704</ele>
</trkpt>
   <trkpt lat="48.3949971" lon="7.3188907">
    <ele>704</ele>
</trkpt>
   <trkpt lat="48.3950191" lon="7.3189046">
    <ele>704</ele>
</trkpt>
   <trkpt lat="48.3950412" lon="7.3189186">
    <ele>703</ele>
</trkpt>
   <trkpt lat="48.3950662" lon="7.3189301">
    <ele>703</ele>
</trkpt>
   <trkpt lat="48.3950913" lon="7.3189416">
    <ele>703</ele>
</trkpt>
   <trkpt lat="48.3951195" lon="7.3189535">
    <ele>703</ele>
</trkpt>
   <trkpt lat="48.3951477" lon="7.3189654">
    <ele>703</ele>
</trkpt>
   <trkpt lat="48.3951746" lon="7.3189790">
    <ele>702</ele>
</trkpt>
   <trkpt lat="48.3952016" lon="7.3189927">
    <ele>702</ele>
</trkpt>
   <trkpt lat="48.3952254" lon="7.3190033">
    <ele>702</ele>
</trkpt>
   <trkpt lat="48.3952492" lon="7.3190139">
    <ele>702</ele>
</trkpt>
   <trkpt lat="48.3952719" lon="7.3190246">
    <ele>702</ele>
</trkpt>
   <trkpt lat="48.3952947" lon="7.3190354">
    <ele>701</ele>
</trkpt>
   <trkpt lat="48.3953149" lon="7.3190491">
    <ele>701</ele>
</trkpt>
   <trkpt lat="48.3953351" lon="7.3190628">
    <ele>700</ele>
</trkpt>
   <trkpt lat="48.3953554" lon="7.3190764">
    <ele>700</ele>
</trkpt>
   <trkpt lat="48.3953757" lon="7.3190901">
    <ele>700</ele>
</trkpt>
   <trkpt lat="48.3953989" lon="7.3191035">
    <ele>699</ele>
</trkpt>
   <trkpt lat="48.3954222" lon="7.3191170">
    <ele>699</ele>
</trkpt>
   <trkpt lat="48.3954460" lon="7.3191330">
    <ele>698</ele>
</trkpt>
   <trkpt lat="48.3954698" lon="7.3191491">
    <ele>698</ele>
</trkpt>
   <trkpt lat="48.3954923" lon="7.3191679">
    <ele>698</ele>
</trkpt>
   <trkpt lat="48.3955149" lon="7.3191867">
    <ele>697</ele>
</trkpt>
   <trkpt lat="48.3955386" lon="7.3192056">
    <ele>697</ele>
</trkpt>
   <trkpt lat="48.3955623" lon="7.3192245">
    <ele>697</ele>
</trkpt>
   <trkpt lat="48.3955860" lon="7.3192401">
    <ele>697</ele>
</trkpt>
   <trkpt lat="48.3956097" lon="7.3192558">
    <ele>697</ele>
</trkpt>
   <trkpt lat="48.3956322" lon="7.3192678">
    <ele>696</ele>
</trkpt>
   <trkpt lat="48.3956548" lon="7.3192799">
    <ele>696</ele>
</trkpt>
   <trkpt lat="48.3956769" lon="7.3192907">
    <ele>695</ele>
</trkpt>
   <trkpt lat="48.3956991" lon="7.3193016">
    <ele>695</ele>
</trkpt>
   <trkpt lat="48.3957233" lon="7.3193074">
    <ele>695</ele>
</trkpt>
   <trkpt lat="48.3957475" lon="7.3193132">
    <ele>694</ele>
</trkpt>
   <trkpt lat="48.3957732" lon="7.3193112">
    <ele>694</ele>
</trkpt>
   <trkpt lat="48.3957990" lon="7.3193092">
    <ele>694</ele>
</trkpt>
   <trkpt lat="48.3958228" lon="7.3193011">
    <ele>694</ele>
</trkpt>
   <trkpt lat="48.3958466" lon="7.3192931">
    <ele>694</ele>
</trkpt>
   <trkpt lat="48.3958710" lon="7.3192769">
    <ele>693</ele>
</trkpt>
   <trkpt lat="48.3958954" lon="7.3192607">
    <ele>693</ele>
</trkpt>
   <trkpt lat="48.3959174" lon="7.3192379">
    <ele>693</ele>
</trkpt>
   <trkpt lat="48.3959395" lon="7.3192152">
    <ele>693</ele>
</trkpt>
   <trkpt lat="48.3959587" lon="7.3191924">
    <ele>693</ele>
</trkpt>
   <trkpt lat="48.3959779" lon="7.3191697">
    <ele>692</ele>
</trkpt>
   <trkpt lat="48.3959959" lon="7.3191502">
    <ele>692</ele>
</trkpt>
   <trkpt lat="48.3960139" lon="7.3191308">
    <ele>692</ele>
</trkpt>
   <trkpt lat="48.3960317" lon="7.3191214">
    <ele>692</ele>
</trkpt>
   <trkpt lat="48.3960495" lon="7.3191121">
    <ele>692</ele>
</trkpt>
   <trkpt lat="48.3960679" lon="7.3191128">
    <ele>691</ele>
</trkpt>
   <trkpt lat="48.3960863" lon="7.3191136">
    <ele>691</ele>
</trkpt>
   <trkpt lat="48.3961045" lon="7.3191207">
    <ele>690</ele>
</trkpt>
   <trkpt lat="48.3961227" lon="7.3191279">
    <ele>690</ele>
</trkpt>
   <trkpt lat="48.3961419" lon="7.3191408">
    <ele>690</ele>
</trkpt>
   <trkpt lat="48.3961611" lon="7.3191537">
    <ele>689</ele>
</trkpt>
   <trkpt lat="48.3961836" lon="7.3191698">
    <ele>689</ele>
</trkpt>
   <trkpt lat="48.3962061" lon="7.3191859">
    <ele>688</ele>
</trkpt>
   <trkpt lat="48.3962343" lon="7.3192036">
    <ele>688</ele>
</trkpt>
   <trkpt lat="48.3962626" lon="7.3192213">
    <ele>688</ele>
</trkpt>
   <trkpt lat="48.3962936" lon="7.3192411">
    <ele>687</ele>
</trkpt>
   <trkpt lat="48.3963246" lon="7.3192610">
    <ele>687</ele>
</trkpt>
   <trkpt lat="48.3963520" lon="7.3192795">
    <ele>687</ele>
</trkpt>
   <trkpt lat="48.3963794" lon="7.3192981">
    <ele>687</ele>
</trkpt>
   <trkpt lat="48.3964031" lon="7.3193157">
    <ele>687</ele>
</trkpt>
   <trkpt lat="48.3964268" lon="7.3193333">
    <ele>686</ele>
</trkpt>
   <trkpt lat="48.3964501" lon="7.3193502">
    <ele>686</ele>
</trkpt>
   <trkpt lat="48.3964735" lon="7.3193672">
    <ele>686</ele>
</trkpt>
   <trkpt lat="48.3964987" lon="7.3193843">
    <ele>686</ele>
</trkpt>
   <trkpt lat="48.3965239" lon="7.3194015">
    <ele>686</ele>
</trkpt>
   <trkpt lat="48.3965509" lon="7.3194198">
    <ele>685</ele>
</trkpt>
   <trkpt lat="48.3965780" lon="7.3194382">
    <ele>685</ele>
</trkpt>
   <trkpt lat="48.3966046" lon="7.3194540">
    <ele>685</ele>
</trkpt>
   <trkpt lat="48.3966313" lon="7.3194698">
    <ele>685</ele>
</trkpt>
   <trkpt lat="48.3966579" lon="7.3194823">
    <ele>685</ele>
</trkpt>
   <trkpt lat="48.3966846" lon="7.3194948">
    <ele>684</ele>
</trkpt>
   <trkpt lat="48.3967121" lon="7.3195032">
    <ele>684</ele>
</trkpt>
   <trkpt lat="48.3967396" lon="7.3195117">
    <ele>683</ele>
</trkpt>
   <trkpt lat="48.3967678" lon="7.3195192">
    <ele>683</ele>
</trkpt>
   <trkpt lat="48.3967961" lon="7.3195268">
    <ele>683</ele>
</trkpt>
   <trkpt lat="48.3968243" lon="7.3195366">
    <ele>682</ele>
</trkpt>
   <trkpt lat="48.3968525" lon="7.3195465">
    <ele>682</ele>
</trkpt>
   <trkpt lat="48.3968800" lon="7.3195595">
    <ele>682</ele>
</trkpt>
   <trkpt lat="48.3969076" lon="7.3195726">
    <ele>682</ele>
</trkpt>
   <trkpt lat="48.3969327" lon="7.3195831">
    <ele>682</ele>
</trkpt>
   <trkpt lat="48.3969578" lon="7.3195936">
    <ele>681</ele>
</trkpt>
   <trkpt lat="48.3969829" lon="7.3195987">
    <ele>681</ele>
</trkpt>
   <trkpt lat="48.3970081" lon="7.3196039">
    <ele>680</ele>
</trkpt>
   <trkpt lat="48.3970335" lon="7.3196061">
    <ele>680</ele>
</trkpt>
   <trkpt lat="48.3970590" lon="7.3196083">
    <ele>680</ele>
</trkpt>
   <trkpt lat="48.3970851" lon="7.3196144">
    <ele>679</ele>
</trkpt>
   <trkpt lat="48.3971113" lon="7.3196206">
    <ele>679</ele>
</trkpt>
   <trkpt lat="48.3971379" lon="7.3196333">
    <ele>678</ele>
</trkpt>
   <trkpt lat="48.3971646" lon="7.3196460">
    <ele>678</ele>
</trkpt>
   <trkpt lat="48.3971903" lon="7.3196624">
    <ele>678</ele>
</trkpt>
   <trkpt lat="48.3972160" lon="7.3196789">
    <ele>677</ele>
</trkpt>
   <trkpt lat="48.3972417" lon="7.3196963">
    <ele>677</ele>
</trkpt>
   <trkpt lat="48.3972675" lon="7.3197137">
    <ele>676</ele>
</trkpt>
   <trkpt lat="48.3972944" lon="7.3197329">
    <ele>676</ele>
</trkpt>
   <trkpt lat="48.3973214" lon="7.3197521">
    <ele>676</ele>
</trkpt>
   <trkpt lat="48.3973460" lon="7.3197754">
    <ele>675</ele>
</trkpt>
   <trkpt lat="48.3973707" lon="7.3197988">
    <ele>675</ele>
</trkpt>
   <trkpt lat="48.3973949" lon="7.3198167">
    <ele>675</ele>
</trkpt>
   <trkpt lat="48.3974191" lon="7.3198347">
    <ele>675</ele>
</trkpt>
   <trkpt lat="48.3974457" lon="7.3198430">
    <ele>675</ele>
</trkpt>
   <trkpt lat="48.3974723" lon="7.3198513">
    <ele>674</ele>
</trkpt>
   <trkpt lat="48.3974994" lon="7.3198640">
    <ele>674</ele>
</trkpt>
   <trkpt lat="48.3975266" lon="7.3198768">
    <ele>674</ele>
</trkpt>
   <trkpt lat="48.3975503" lon="7.3198968">
    <ele>674</ele>
</trkpt>
   <trkpt lat="48.3975740" lon="7.3199168">
    <ele>674</ele>
</trkpt>
   <trkpt lat="48.3975949" lon="7.3199425">
    <ele>673</ele>
</trkpt>
   <trkpt lat="48.3976158" lon="7.3199682">
    <ele>673</ele>
</trkpt>
   <trkpt lat="48.3976348" lon="7.3199985">
    <ele>673</ele>
</trkpt>
   <trkpt lat="48.3976538" lon="7.3200289">
    <ele>673</ele>
</trkpt>
   <trkpt lat="48.3976718" lon="7.3200565">
    <ele>673</ele>
</trkpt>
   <trkpt lat="48.3976899" lon="7.3200842">
    <ele>672</ele>
</trkpt>
   <trkpt lat="48.3977099" lon="7.3201041">
    <ele>672</ele>
</trkpt>
   <trkpt lat="48.3977299" lon="7.3201241">
    <ele>672</ele>
</trkpt>
   <trkpt lat="48.3977515" lon="7.3201379">
    <ele>672</ele>
</trkpt>
   <trkpt lat="48.3977731" lon="7.3201518">
    <ele>672</ele>
</trkpt>
   <trkpt lat="48.3977956" lon="7.3201623">
    <ele>671</ele>
</trkpt>
   <trkpt lat="48.3978181" lon="7.3201728">
    <ele>671</ele>
</trkpt>
   <trkpt lat="48.3978415" lon="7.3201821">
    <ele>670</ele>
</trkpt>
   <trkpt lat="48.3978650" lon="7.3201915">
    <ele>670</ele>
</trkpt>
   <trkpt lat="48.3978918" lon="7.3202055">
    <ele>670</ele>
</trkpt>
   <trkpt lat="48.3979187" lon="7.3202195">
    <ele>669</ele>
</trkpt>
   <trkpt lat="48.3979462" lon="7.3202398">
    <ele>669</ele>
</trkpt>
   <trkpt lat="48.3979738" lon="7.3202602">
    <ele>668</ele>
</trkpt>
   <trkpt lat="48.3979997" lon="7.3202797">
    <ele>668</ele>
</trkpt>
   <trkpt lat="48.3980257" lon="7.3202992">
    <ele>668</ele>
</trkpt>
   <trkpt lat="48.3980496" lon="7.3203185">
    <ele>667</ele>
</trkpt>
   <trkpt lat="48.3980735" lon="7.3203378">
    <ele>667</ele>
</trkpt>
   <trkpt lat="48.3980952" lon="7.3203572">
    <ele>667</ele>
</trkpt>
   <trkpt lat="48.3981169" lon="7.3203766">
    <ele>667</ele>
</trkpt>
   <trkpt lat="48.3981382" lon="7.3203965">
    <ele>667</ele>
</trkpt>
   <trkpt lat="48.3981596" lon="7.3204165">
    <ele>666</ele>
</trkpt>
   <trkpt lat="48.3981818" lon="7.3204362">
    <ele>666</ele>
</trkpt>
   <trkpt lat="48.3982040" lon="7.3204560">
    <ele>666</ele>
</trkpt>
   <trkpt lat="48.3982256" lon="7.3204803">
    <ele>666</ele>
</trkpt>
   <trkpt lat="48.3982473" lon="7.3205047">
    <ele>666</ele>
</trkpt>
   <trkpt lat="48.3982674" lon="7.3205291">
    <ele>665</ele>
</trkpt>
   <trkpt lat="48.3982875" lon="7.3205535">
    <ele>665</ele>
</trkpt>
   <trkpt lat="48.3983089" lon="7.3205693">
    <ele>664</ele>
</trkpt>
   <trkpt lat="48.3983304" lon="7.3205852">
    <ele>664</ele>
</trkpt>
   <trkpt lat="48.3983530" lon="7.3205943">
    <ele>664</ele>
</trkpt>
   <trkpt lat="48.3983757" lon="7.3206034">
    <ele>663</ele>
</trkpt>
   <trkpt lat="48.3984001" lon="7.3206132">
    <ele>663</ele>
</trkpt>
   <trkpt lat="48.3984246" lon="7.3206231">
    <ele>663</ele>
</trkpt>
   <trkpt lat="48.3984496" lon="7.3206320">
    <ele>663</ele>
</trkpt>
   <trkpt lat="48.3984746" lon="7.3206410">
    <ele>663</ele>
</trkpt>
   <trkpt lat="48.3984986" lon="7.3206445">
    <ele>662</ele>
</trkpt>
   <trkpt lat="48.3985226" lon="7.3206480">
    <ele>662</ele>
</trkpt>
   <trkpt lat="48.3985488" lon="7.3206500">
    <ele>662</ele>
</trkpt>
   <trkpt lat="48.3985751" lon="7.3206520">
    <ele>662</ele>
</trkpt>
   <trkpt lat="48.3986032" lon="7.3206549">
    <ele>662</ele>
</trkpt>
   <trkpt lat="48.3986314" lon="7.3206579">
    <ele>661</ele>
</trkpt>
   <trkpt lat="48.3986585" lon="7.3206673">
    <ele>661</ele>
</trkpt>
   <trkpt lat="48.3986856" lon="7.3206767">
    <ele>661</ele>
</trkpt>
   <trkpt lat="48.3987112" lon="7.3206933">
    <ele>661</ele>
</trkpt>
   <trkpt lat="48.3987368" lon="7.3207099">
    <ele>661</ele>
</trkpt>
   <trkpt lat="48.3987611" lon="7.3207266">
    <ele>660</ele>
</trkpt>
   <trkpt lat="48.3987855" lon="7.3207434">
    <ele>660</ele>
</trkpt>
   <trkpt lat="48.3988079" lon="7.3207643">
    <ele>659</ele>
</trkpt>
   <trkpt lat="48.3988303" lon="7.3207852">
    <ele>659</ele>
</trkpt>
   <trkpt lat="48.3988524" lon="7.3208058">
    <ele>659</ele>
</trkpt>
   <trkpt lat="48.3988746" lon="7.3208264">
    <ele>658</ele>
</trkpt>
   <trkpt lat="48.3988974" lon="7.3208487">
    <ele>658</ele>
</trkpt>
   <trkpt lat="48.3989202" lon="7.3208711">
    <ele>658</ele>
</trkpt>
   <trkpt lat="48.3989411" lon="7.3208944">
    <ele>658</ele>
</trkpt>
   <trkpt lat="48.3989620" lon="7.3209178">
    <ele>658</ele>
</trkpt>
   <trkpt lat="48.3989823" lon="7.3209388">
    <ele>657</ele>
</trkpt>
   <trkpt lat="48.3990026" lon="7.3209599">
    <ele>657</ele>
</trkpt>
   <trkpt lat="48.3990234" lon="7.3209820">
    <ele>657</ele>
</trkpt>
   <trkpt lat="48.3990442" lon="7.3210041">
    <ele>657</ele>
</trkpt>
   <trkpt lat="48.3990664" lon="7.3210243">
    <ele>657</ele>
</trkpt>
   <trkpt lat="48.3990886" lon="7.3210445">
    <ele>656</ele>
</trkpt>
   <trkpt lat="48.3991120" lon="7.3210556">
    <ele>656</ele>
</trkpt>
   <trkpt lat="48.3991354" lon="7.3210668">
    <ele>656</ele>
</trkpt>
   <trkpt lat="48.3991613" lon="7.3210714">
    <ele>656</ele>
</trkpt>
   <trkpt lat="48.3991873" lon="7.3210760">
    <ele>656</ele>
</trkpt>
   <trkpt lat="48.3992131" lon="7.3210764">
    <ele>655</ele>
</trkpt>
   <trkpt lat="48.3992389" lon="7.3210769">
    <ele>655</ele>
</trkpt>
   <trkpt lat="48.3992650" lon="7.3210763">
    <ele>655</ele>
</trkpt>
   <trkpt lat="48.3992911" lon="7.3210758">
    <ele>655</ele>
</trkpt>
   <trkpt lat="48.3993185" lon="7.3210733">
    <ele>655</ele>
</trkpt>
   <trkpt lat="48.3993460" lon="7.3210709">
    <ele>654</ele>
</trkpt>
   <trkpt lat="48.3993735" lon="7.3210681">
    <ele>654</ele>
</trkpt>
   <trkpt lat="48.3994011" lon="7.3210654">
    <ele>653</ele>
</trkpt>
   <trkpt lat="48.3994274" lon="7.3210627">
    <ele>653</ele>
</trkpt>
   <trkpt lat="48.3994538" lon="7.3210600">
    <ele>653</ele>
</trkpt>
   <trkpt lat="48.3994772" lon="7.3210477">
    <ele>652</ele>
</trkpt>
   <trkpt lat="48.3995006" lon="7.3210354">
    <ele>652</ele>
</trkpt>
   <trkpt lat="48.3995206" lon="7.3210146">
    <ele>651</ele>
</trkpt>
   <trkpt lat="48.3995406" lon="7.3209938">
    <ele>651</ele>
</trkpt>
   <trkpt lat="48.3995590" lon="7.3209717">
    <ele>651</ele>
</trkpt>
   <trkpt lat="48.3995775" lon="7.3209496">
    <ele>650</ele>
</trkpt>
   <trkpt lat="48.3995959" lon="7.3209254">
    <ele>650</ele>
</trkpt>
   <trkpt lat="48.3996144" lon="7.3209013">
    <ele>650</ele>
</trkpt>
   <trkpt lat="48.3996325" lon="7.3208734">
    <ele>650</ele>
</trkpt>
   <trkpt lat="48.3996507" lon="7.3208455">
    <ele>650</ele>
</trkpt>
   <trkpt lat="48.3996681" lon="7.3208139">
    <ele>649</ele>
</trkpt>
   <trkpt lat="48.3996856" lon="7.3207823">
    <ele>649</ele>
</trkpt>
   <trkpt lat="48.3997024" lon="7.3207524">
    <ele>649</ele>
</trkpt>
   <trkpt lat="48.3997193" lon="7.3207225">
    <ele>649</ele>
</trkpt>
   <trkpt lat="48.3997349" lon="7.3206917">
    <ele>649</ele>
</trkpt>
   <trkpt lat="48.3997505" lon="7.3206610">
    <ele>648</ele>
</trkpt>
   <trkpt lat="48.3997675" lon="7.3206294">
    <ele>648</ele>
</trkpt>
   <trkpt lat="48.3997845" lon="7.3205978">
    <ele>647</ele>
</trkpt>
   <trkpt lat="48.3998043" lon="7.3205677">
    <ele>647</ele>
</trkpt>
   <trkpt lat="48.3998241" lon="7.3205377">
    <ele>647</ele>
</trkpt>
   <trkpt lat="48.3998461" lon="7.3205112">
    <ele>646</ele>
</trkpt>
   <trkpt lat="48.3998681" lon="7.3204848">
    <ele>646</ele>
</trkpt>
   <trkpt lat="48.3998901" lon="7.3204622">
    <ele>646</ele>
</trkpt>
   <trkpt lat="48.3999121" lon="7.3204396">
    <ele>646</ele>
</trkpt>
   <trkpt lat="48.3999340" lon="7.3204208">
    <ele>646</ele>
</trkpt>
   <trkpt lat="48.3999560" lon="7.3204020">
    <ele>645</ele>
</trkpt>
   <trkpt lat="48.3999794" lon="7.3203852">
    <ele>645</ele>
</trkpt>
   <trkpt lat="48.4000029" lon="7.3203685">
    <ele>644</ele>
</trkpt>
   <trkpt lat="48.4000300" lon="7.3203541">
    <ele>644</ele>
</trkpt>
   <trkpt lat="48.4000572" lon="7.3203398">
    <ele>644</ele>
</trkpt>
   <trkpt lat="48.4000842" lon="7.3203255">
    <ele>643</ele>
</trkpt>
   <trkpt lat="48.4001112" lon="7.3203113">
    <ele>643</ele>
</trkpt>
   <trkpt lat="48.4001339" lon="7.3202929">
    <ele>643</ele>
</trkpt>
   <trkpt lat="48.4001566" lon="7.3202746">
    <ele>643</ele>
</trkpt>
   <trkpt lat="48.4001729" lon="7.3202532">
    <ele>643</ele>
</trkpt>
   <trkpt lat="48.4001893" lon="7.3202319">
    <ele>642</ele>
</trkpt>
   <trkpt lat="48.4002059" lon="7.3202193">
    <ele>642</ele>
</trkpt>
   <trkpt lat="48.4002226" lon="7.3202068">
    <ele>642</ele>
</trkpt>
   <trkpt lat="48.4002433" lon="7.3202045">
    <ele>642</ele>
</trkpt>
   <trkpt lat="48.4002640" lon="7.3202023">
    <ele>642</ele>
</trkpt>
   <trkpt lat="48.4002878" lon="7.3201995">
    <ele>641</ele>
</trkpt>
   <trkpt lat="48.4003116" lon="7.3201967">
    <ele>641</ele>
</trkpt>
   <trkpt lat="48.4003372" lon="7.3201902">
    <ele>641</ele>
</trkpt>
   <trkpt lat="48.4003628" lon="7.3201838">
    <ele>641</ele>
</trkpt>
   <trkpt lat="48.4003888" lon="7.3201724">
    <ele>641</ele>
</trkpt>
   <trkpt lat="48.4004149" lon="7.3201611">
    <ele>640</ele>
</trkpt>
   <trkpt lat="48.4004404" lon="7.3201481">
    <ele>640</ele>
</trkpt>
   <trkpt lat="48.4004659" lon="7.3201352">
    <ele>640</ele>
</trkpt>
   <trkpt lat="48.4004896" lon="7.3201189">
    <ele>640</ele>
</trkpt>
   <trkpt lat="48.4005133" lon="7.3201026">
    <ele>640</ele>
</trkpt>
   <trkpt lat="48.4005332" lon="7.3200820">
    <ele>639</ele>
</trkpt>
   <trkpt lat="48.4005532" lon="7.3200614">
    <ele>639</ele>
</trkpt>
   <trkpt lat="48.4005704" lon="7.3200361">
    <ele>639</ele>
</trkpt>
   <trkpt lat="48.4005876" lon="7.3200108">
    <ele>639</ele>
</trkpt>
   <trkpt lat="48.4006048" lon="7.3199813">
    <ele>639</ele>
</trkpt>
   <trkpt lat="48.4006221" lon="7.3199518">
    <ele>638</ele>
</trkpt>
   <trkpt lat="48.4006405" lon="7.3199394">
    <ele>638</ele>
</trkpt>
   <trkpt lat="48.4006590" lon="7.3199271">
    <ele>637</ele>
</trkpt>
   <trkpt lat="48.4006709" lon="7.3199473">
    <ele>637</ele>
</trkpt>
   <trkpt lat="48.4006829" lon="7.3199676">
    <ele>637</ele>
</trkpt>
   <trkpt lat="48.4006877" lon="7.3200074">
    <ele>636</ele>
</trkpt>
   <trkpt lat="48.4006926" lon="7.3200473">
    <ele>636</ele>
</trkpt>
   <trkpt lat="48.4006943" lon="7.3200952">
    <ele>636</ele>
</trkpt>
   <trkpt lat="48.4006961" lon="7.3201432">
    <ele>636</ele>
</trkpt>
   <trkpt lat="48.4006951" lon="7.3201933">
    <ele>636</ele>
</trkpt>
   <trkpt lat="48.4006942" lon="7.3202435">
    <ele>635</ele>
</trkpt>
   <trkpt lat="48.4006929" lon="7.3202905">
    <ele>635</ele>
</trkpt>
   <trkpt lat="48.4006917" lon="7.3203375">
    <ele>635</ele>
</trkpt>
   <trkpt lat="48.4006876" lon="7.3203809">
    <ele>635</ele>
</trkpt>
   <trkpt lat="48.4006836" lon="7.3204243">
    <ele>635</ele>
</trkpt>
   <trkpt lat="48.4006800" lon="7.3204641">
    <ele>634</ele>
</trkpt>
   <trkpt lat="48.4006765" lon="7.3205039">
    <ele>634</ele>
</trkpt>
   <trkpt lat="48.4006743" lon="7.3205390">
    <ele>634</ele>
</trkpt>
   <trkpt lat="48.4006722" lon="7.3205742">
    <ele>634</ele>
</trkpt>
   <trkpt lat="48.4006761" lon="7.3206012">
    <ele>634</ele>
</trkpt>
   <trkpt lat="48.4006801" lon="7.3206283">
    <ele>633</ele>
</trkpt>
   <trkpt lat="48.4006934" lon="7.3206423">
    <ele>633</ele>
</trkpt>
   <trkpt lat="48.4007067" lon="7.3206563">
    <ele>632</ele>
</trkpt>
   <trkpt lat="48.4007291" lon="7.3206580">
    <ele>632</ele>
</trkpt>
   <trkpt lat="48.4007515" lon="7.3206597">
    <ele>632</ele>
</trkpt>
   <trkpt lat="48.4007783" lon="7.3206532">
    <ele>631</ele>
</trkpt>
   <trkpt lat="48.4008051" lon="7.3206467">
    <ele>631</ele>
</trkpt>
   <trkpt lat="48.4008323" lon="7.3206369">
    <ele>630</ele>
</trkpt>
   <trkpt lat="48.4008596" lon="7.3206272">
    <ele>630</ele>
</trkpt>
   <trkpt lat="48.4008868" lon="7.3206185">
    <ele>630</ele>
</trkpt>
   <trkpt lat="48.4009140" lon="7.3206099">
    <ele>629</ele>
</trkpt>
   <trkpt lat="48.4009394" lon="7.3206009">
    <ele>629</ele>
</trkpt>
   <trkpt lat="48.4009649" lon="7.3205920">
    <ele>628</ele>
</trkpt>
   <trkpt lat="48.4009894" lon="7.3205800">
    <ele>628</ele>
</trkpt>
   <trkpt lat="48.4010139" lon="7.3205681">
    <ele>628</ele>
</trkpt>
   <trkpt lat="48.4010379" lon="7.3205531">
    <ele>627</ele>
</trkpt>
   <trkpt lat="48.4010619" lon="7.3205382">
    <ele>626</ele>
</trkpt>
   <trkpt lat="48.4010862" lon="7.3205218">
    <ele>626</ele>
</trkpt>
   <trkpt lat="48.4011106" lon="7.3205055">
    <ele>625</ele>
</trkpt>
   <trkpt lat="48.4011334" lon="7.3204863">
    <ele>625</ele>
</trkpt>
   <trkpt lat="48.4011563" lon="7.3204671">
    <ele>624</ele>
</trkpt>
   <trkpt lat="48.4011777" lon="7.3204467">
    <ele>624</ele>
</trkpt>
   <trkpt lat="48.4011991" lon="7.3204263">
    <ele>624</ele>
</trkpt>
   <trkpt lat="48.4012198" lon="7.3204012">
    <ele>624</ele>
</trkpt>
   <trkpt lat="48.4012405" lon="7.3203762">
    <ele>624</ele>
</trkpt>
   <trkpt lat="48.4012598" lon="7.3203471">
    <ele>623</ele>
</trkpt>
   <trkpt lat="48.4012792" lon="7.3203180">
    <ele>623</ele>
</trkpt>
   <trkpt lat="48.4012959" lon="7.3202874">
    <ele>623</ele>
</trkpt>
   <trkpt lat="48.4013127" lon="7.3202568">
    <ele>623</ele>
</trkpt>
   <trkpt lat="48.4013252" lon="7.3202238">
    <ele>623</ele>
</trkpt>
   <trkpt lat="48.4013377" lon="7.3201909">
    <ele>622</ele>
</trkpt>
   <trkpt lat="48.4013464" lon="7.3201555">
    <ele>622</ele>
</trkpt>
   <trkpt lat="48.4013551" lon="7.3201202">
    <ele>621</ele>
</trkpt>
   <trkpt lat="48.4013619" lon="7.3200818">
    <ele>621</ele>
</trkpt>
   <trkpt lat="48.4013688" lon="7.3200434">
    <ele>621</ele>
</trkpt>
   <trkpt lat="48.4013769" lon="7.3200026">
    <ele>621</ele>
</trkpt>
   <trkpt lat="48.4013851" lon="7.3199619">
    <ele>621</ele>
</trkpt>
   <trkpt lat="48.4013942" lon="7.3199208">
    <ele>621</ele>
</trkpt>
   <trkpt lat="48.4014033" lon="7.3198797">
    <ele>621</ele>
</trkpt>
   <trkpt lat="48.4014126" lon="7.3198397">
    <ele>621</ele>
</trkpt>
   <trkpt lat="48.4014220" lon="7.3197998">
    <ele>620</ele>
</trkpt>
   <trkpt lat="48.4014313" lon="7.3197613">
    <ele>620</ele>
</trkpt>
   <trkpt lat="48.4014406" lon="7.3197229">
    <ele>619</ele>
</trkpt>
   <trkpt lat="48.4014509" lon="7.3196847">
    <ele>619</ele>
</trkpt>
   <trkpt lat="48.4014613" lon="7.3196465">
    <ele>619</ele>
</trkpt>
   <trkpt lat="48.4014729" lon="7.3196087">
    <ele>619</ele>
</trkpt>
   <trkpt lat="48.4014845" lon="7.3195709">
    <ele>619</ele>
</trkpt>
   <trkpt lat="48.4014957" lon="7.3195329">
    <ele>619</ele>
</trkpt>
   <trkpt lat="48.4015070" lon="7.3194950">
    <ele>619</ele>
</trkpt>
   <trkpt lat="48.4015181" lon="7.3194569">
    <ele>619</ele>
</trkpt>
   <trkpt lat="48.4015293" lon="7.3194188">
    <ele>618</ele>
</trkpt>
   <trkpt lat="48.4015409" lon="7.3193805">
    <ele>618</ele>
</trkpt>
   <trkpt lat="48.4015525" lon="7.3193422">
    <ele>617</ele>
</trkpt>
   <trkpt lat="48.4015662" lon="7.3193066">
    <ele>617</ele>
</trkpt>
   <trkpt lat="48.4015799" lon="7.3192710">
    <ele>617</ele>
</trkpt>
   <trkpt lat="48.4015957" lon="7.3192367">
    <ele>616</ele>
</trkpt>
   <trkpt lat="48.4016115" lon="7.3192024">
    <ele>616</ele>
</trkpt>
   <trkpt lat="48.4016298" lon="7.3191694">
    <ele>615</ele>
</trkpt>
   <trkpt lat="48.4016482" lon="7.3191364">
    <ele>615</ele>
</trkpt>
   <trkpt lat="48.4016682" lon="7.3191054">
    <ele>615</ele>
</trkpt>
   <trkpt lat="48.4016883" lon="7.3190744">
    <ele>614</ele>
</trkpt>
   <trkpt lat="48.4017083" lon="7.3190441">
    <ele>614</ele>
</trkpt>
   <trkpt lat="48.4017283" lon="7.3190139">
    <ele>614</ele>
</trkpt>
   <trkpt lat="48.4017482" lon="7.3189839">
    <ele>614</ele>
</trkpt>
   <trkpt lat="48.4017682" lon="7.3189539">
    <ele>614</ele>
</trkpt>
   <trkpt lat="48.4017883" lon="7.3189237">
    <ele>613</ele>
</trkpt>
   <trkpt lat="48.4018084" lon="7.3188936">
    <ele>613</ele>
</trkpt>
   <trkpt lat="48.4018290" lon="7.3188642">
    <ele>613</ele>
</trkpt>
   <trkpt lat="48.4018497" lon="7.3188349">
    <ele>613</ele>
</trkpt>
   <trkpt lat="48.4018699" lon="7.3188064">
    <ele>613</ele>
</trkpt>
   <trkpt lat="48.4018902" lon="7.3187779">
    <ele>612</ele>
</trkpt>
   <trkpt lat="48.4019086" lon="7.3187485">
    <ele>612</ele>
</trkpt>
   <trkpt lat="48.4019271" lon="7.3187191">
    <ele>612</ele>
</trkpt>
   <trkpt lat="48.4019433" lon="7.3186869">
    <ele>612</ele>
</trkpt>
   <trkpt lat="48.4019595" lon="7.3186548">
    <ele>612</ele>
</trkpt>
   <trkpt lat="48.4019727" lon="7.3186200">
    <ele>611</ele>
</trkpt>
   <trkpt lat="48.4019860" lon="7.3185852">
    <ele>611</ele>
</trkpt>
   <trkpt lat="48.4019970" lon="7.3185482">
    <ele>611</ele>
</trkpt>
   <trkpt lat="48.4020080" lon="7.3185113">
    <ele>611</ele>
</trkpt>
   <trkpt lat="48.4020169" lon="7.3184707">
    <ele>611</ele>
</trkpt>
   <trkpt lat="48.4020259" lon="7.3184302">
    <ele>610</ele>
</trkpt>
   <trkpt lat="48.4020323" lon="7.3183868">
    <ele>610</ele>
</trkpt>
   <trkpt lat="48.4020387" lon="7.3183435">
    <ele>609</ele>
</trkpt>
   <trkpt lat="48.4020429" lon="7.3182989">
    <ele>609</ele>
</trkpt>
   <trkpt lat="48.4020471" lon="7.3182543">
    <ele>609</ele>
</trkpt>
   <trkpt lat="48.4020508" lon="7.3182103">
    <ele>608</ele>
</trkpt>
   <trkpt lat="48.4020546" lon="7.3181663">
    <ele>608</ele>
</trkpt>
   <trkpt lat="48.4020600" lon="7.3181234">
    <ele>608</ele>
</trkpt>
   <trkpt lat="48.4020655" lon="7.3180805">
    <ele>608</ele>
</trkpt>
   <trkpt lat="48.4020779" lon="7.3180404">
    <ele>608</ele>
</trkpt>
   <trkpt lat="48.4020903" lon="7.3180004">
    <ele>607</ele>
</trkpt>
   <trkpt lat="48.4021111" lon="7.3179686">
    <ele>607</ele>
</trkpt>
   <trkpt lat="48.4021319" lon="7.3179368">
    <ele>607</ele>
</trkpt>
   <trkpt lat="48.4021591" lon="7.3179192">
    <ele>607</ele>
</trkpt>
   <trkpt lat="48.4021864" lon="7.3179016">
    <ele>607</ele>
</trkpt>
   <trkpt lat="48.4022151" lon="7.3178963">
    <ele>606</ele>
</trkpt>
   <trkpt lat="48.4022439" lon="7.3178910">
    <ele>606</ele>
</trkpt>
   <trkpt lat="48.4022720" lon="7.3178936">
    <ele>606</ele>
</trkpt>
   <trkpt lat="48.4023002" lon="7.3178962">
    <ele>606</ele>
</trkpt>
   <trkpt lat="48.4023283" lon="7.3179003">
    <ele>606</ele>
</trkpt>
   <trkpt lat="48.4023565" lon="7.3179045">
    <ele>605</ele>
</trkpt>
   <trkpt lat="48.4023859" lon="7.3179098">
    <ele>605</ele>
</trkpt>
   <trkpt lat="48.4024153" lon="7.3179151">
    <ele>605</ele>
</trkpt>
   <trkpt lat="48.4024454" lon="7.3179214">
    <ele>605</ele>
</trkpt>
   <trkpt lat="48.4024756" lon="7.3179277">
    <ele>605</ele>
</trkpt>
   <trkpt lat="48.4025045" lon="7.3179363">
    <ele>604</ele>
</trkpt>
   <trkpt lat="48.4025335" lon="7.3179449">
    <ele>604</ele>
</trkpt>
   <trkpt lat="48.4025602" lon="7.3179608">
    <ele>604</ele>
</trkpt>
   <trkpt lat="48.4025869" lon="7.3179768">
    <ele>604</ele>
</trkpt>
   <trkpt lat="48.4026086" lon="7.3180022">
    <ele>604</ele>
</trkpt>
   <trkpt lat="48.4026303" lon="7.3180276">
    <ele>603</ele>
</trkpt>
   <trkpt lat="48.4026442" lon="7.3180655">
    <ele>603</ele>
</trkpt>
   <trkpt lat="48.4026582" lon="7.3181034">
    <ele>603</ele>
</trkpt>
   <trkpt lat="48.4026639" lon="7.3181489">
    <ele>603</ele>
</trkpt>
   <trkpt lat="48.4026697" lon="7.3181944">
    <ele>603</ele>
</trkpt>
   <trkpt lat="48.4026694" lon="7.3182416">
    <ele>602</ele>
</trkpt>
   <trkpt lat="48.4026691" lon="7.3182888">
    <ele>602</ele>
</trkpt>
   <trkpt lat="48.4026676" lon="7.3183335">
    <ele>602</ele>
</trkpt>
   <trkpt lat="48.4026661" lon="7.3183783">
    <ele>602</ele>
</trkpt>
   <trkpt lat="48.4026687" lon="7.3184184">
    <ele>602</ele>
</trkpt>
   <trkpt lat="48.4026713" lon="7.3184586">
    <ele>601</ele>
</trkpt>
   <trkpt lat="48.4026823" lon="7.3184912">
    <ele>601</ele>
</trkpt>
   <trkpt lat="48.4026934" lon="7.3185239">
    <ele>601</ele>
</trkpt>
   <trkpt lat="48.4027106" lon="7.3185476">
    <ele>601</ele>
</trkpt>
   <trkpt lat="48.4027278" lon="7.3185714">
    <ele>601</ele>
</trkpt>
   <trkpt lat="48.4027482" lon="7.3185879">
    <ele>601</ele>
</trkpt>
   <trkpt lat="48.4027687" lon="7.3186044">
    <ele>601</ele>
</trkpt>
   <trkpt lat="48.4027934" lon="7.3186152">
    <ele>601</ele>
</trkpt>
   <trkpt lat="48.4028181" lon="7.3186261">
    <ele>601</ele>
</trkpt>
   <trkpt lat="48.4028439" lon="7.3186384">
    <ele>601</ele>
</trkpt>
   <trkpt lat="48.4028697" lon="7.3186508">
    <ele>601</ele>
</trkpt>
   <trkpt lat="48.4028949" lon="7.3186694">
    <ele>601</ele>
</trkpt>
   <trkpt lat="48.4029201" lon="7.3186880">
    <ele>601</ele>
</trkpt>
   <trkpt lat="48.4029400" lon="7.3187106">
    <ele>601</ele>
</trkpt>
   <trkpt lat="48.4029600" lon="7.3187332">
    <ele>601</ele>
</trkpt>
   <trkpt lat="48.4029706" lon="7.3187544">
    <ele>601</ele>
</trkpt>
   <trkpt lat="48.4029813" lon="7.3187757">
    <ele>601</ele>
</trkpt>
   <trkpt lat="48.4029877" lon="7.3187947">
    <ele>601</ele>
</trkpt>
   <trkpt lat="48.4029941" lon="7.3188137">
    <ele>601</ele>
</trkpt>
   <trkpt lat="48.4029989" lon="7.3188313">
    <ele>601</ele>
</trkpt>
   <trkpt lat="48.4030038" lon="7.3188490">
    <ele>601</ele>
</trkpt>
   <trkpt lat="48.4030080" lon="7.3188655">
    <ele>601</ele>
</trkpt>
   <trkpt lat="48.4030122" lon="7.3188821">
    <ele>601</ele>
</trkpt>
   <trkpt lat="48.4030157" lon="7.3188982">
    <ele>601</ele>
</trkpt>
   <trkpt lat="48.4030193" lon="7.3189144">
    <ele>601</ele>
</trkpt>
   <trkpt lat="48.4030226" lon="7.3189339">
    <ele>601</ele>
</trkpt>
   <trkpt lat="48.4030260" lon="7.3189535">
    <ele>601</ele>
</trkpt>
   <trkpt lat="48.4030294" lon="7.3189828">
    <ele>601</ele>
</trkpt>
   <trkpt lat="48.4030329" lon="7.3190121">
    <ele>601</ele>
</trkpt>
   <trkpt lat="48.4030367" lon="7.3190520">
    <ele>601</ele>
</trkpt>
   <trkpt lat="48.4030406" lon="7.3190919">
    <ele>601</ele>
</trkpt>
   <trkpt lat="48.4030440" lon="7.3191354">
    <ele>601</ele>
</trkpt>
   <trkpt lat="48.4030475" lon="7.3191790">
    <ele>601</ele>
</trkpt>
   <trkpt lat="48.4030510" lon="7.3192227">
    <ele>601</ele>
</trkpt>
   <trkpt lat="48.4030546" lon="7.3192664">
    <ele>602</ele>
</trkpt>
   <trkpt lat="48.4030583" lon="7.3193096">
    <ele>602</ele>
</trkpt>
   <trkpt lat="48.4030621" lon="7.3193529">
    <ele>602</ele>
</trkpt>
   <trkpt lat="48.4030662" lon="7.3193971">
    <ele>602</ele>
</trkpt>
   <trkpt lat="48.4030703" lon="7.3194413">
    <ele>602</ele>
</trkpt>
   <trkpt lat="48.4030730" lon="7.3194850">
    <ele>602</ele>
</trkpt>
   <trkpt lat="48.4030758" lon="7.3195287">
    <ele>601</ele>
</trkpt>
   <trkpt lat="48.4030776" lon="7.3195717">
    <ele>601</ele>
</trkpt>
   <trkpt lat="48.4030794" lon="7.3196148">
    <ele>601</ele>
</trkpt>
   <trkpt lat="48.4030800" lon="7.3196562">
    <ele>601</ele>
</trkpt>
   <trkpt lat="48.4030806" lon="7.3196977">
    <ele>601</ele>
</trkpt>
   <trkpt lat="48.4030802" lon="7.3197378">
    <ele>601</ele>
</trkpt>
   <trkpt lat="48.4030799" lon="7.3197779">
    <ele>601</ele>
</trkpt>
   <trkpt lat="48.4030776" lon="7.3198173">
    <ele>601</ele>
</trkpt>
   <trkpt lat="48.4030753" lon="7.3198567">
    <ele>601</ele>
</trkpt>
   <trkpt lat="48.4030738" lon="7.3198964">
    <ele>601</ele>
</trkpt>
   <trkpt lat="48.4030724" lon="7.3199361">
    <ele>600</ele>
</trkpt>
   <trkpt lat="48.4030740" lon="7.3199766">
    <ele>600</ele>
</trkpt>
   <trkpt lat="48.4030757" lon="7.3200172">
    <ele>599</ele>
</trkpt>
   <trkpt lat="48.4030786" lon="7.3200593">
    <ele>599</ele>
</trkpt>
   <trkpt lat="48.4030815" lon="7.3201014">
    <ele>599</ele>
</trkpt>
   <trkpt lat="48.4030808" lon="7.3201462">
    <ele>599</ele>
</trkpt>
   <trkpt lat="48.4030802" lon="7.3201910">
    <ele>599</ele>
</trkpt>
   <trkpt lat="48.4030762" lon="7.3202384">
    <ele>599</ele>
</trkpt>
   <trkpt lat="48.4030723" lon="7.3202858">
    <ele>599</ele>
</trkpt>
   <trkpt lat="48.4030680" lon="7.3203329">
    <ele>599</ele>
</trkpt>
   <trkpt lat="48.4030638" lon="7.3203801">
    <ele>598</ele>
</trkpt>
   <trkpt lat="48.4030623" lon="7.3204245">
    <ele>598</ele>
</trkpt>
   <trkpt lat="48.4030609" lon="7.3204689">
    <ele>598</ele>
</trkpt>
   <trkpt lat="48.4030613" lon="7.3205117">
    <ele>598</ele>
</trkpt>
   <trkpt lat="48.4030617" lon="7.3205545">
    <ele>598</ele>
</trkpt>
   <trkpt lat="48.4030614" lon="7.3205989">
    <ele>597</ele>
</trkpt>
   <trkpt lat="48.4030611" lon="7.3206433">
    <ele>597</ele>
</trkpt>
   <trkpt lat="48.4030591" lon="7.3206882">
    <ele>597</ele>
</trkpt>
   <trkpt lat="48.4030571" lon="7.3207331">
    <ele>597</ele>
</trkpt>
   <trkpt lat="48.4030527" lon="7.3207784">
    <ele>597</ele>
</trkpt>
   <trkpt lat="48.4030483" lon="7.3208238">
    <ele>596</ele>
</trkpt>
   <trkpt lat="48.4030397" lon="7.3208670">
    <ele>596</ele>
</trkpt>
   <trkpt lat="48.4030311" lon="7.3209102">
    <ele>596</ele>
</trkpt>
   <trkpt lat="48.4030197" lon="7.3209521">
    <ele>596</ele>
</trkpt>
   <trkpt lat="48.4030083" lon="7.3209941">
    <ele>596</ele>
</trkpt>
   <trkpt lat="48.4029948" lon="7.3210351">
    <ele>595</ele>
</trkpt>
   <trkpt lat="48.4029813" lon="7.3210761">
    <ele>595</ele>
</trkpt>
   <trkpt lat="48.4029677" lon="7.3211166">
    <ele>595</ele>
</trkpt>
   <trkpt lat="48.4029541" lon="7.3211572">
    <ele>595</ele>
</trkpt>
   <trkpt lat="48.4029429" lon="7.3211967">
    <ele>595</ele>
</trkpt>
   <trkpt lat="48.4029318" lon="7.3212362">
    <ele>595</ele>
</trkpt>
   <trkpt lat="48.4029233" lon="7.3212764">
    <ele>595</ele>
</trkpt>
   <trkpt lat="48.4029149" lon="7.3213166">
    <ele>595</ele>
</trkpt>
   <trkpt lat="48.4029096" lon="7.3213561">
    <ele>595</ele>
</trkpt>
   <trkpt lat="48.4029044" lon="7.3213956">
    <ele>595</ele>
</trkpt>
   <trkpt lat="48.4029012" lon="7.3214347">
    <ele>594</ele>
</trkpt>
   <trkpt lat="48.4028981" lon="7.3214739">
    <ele>594</ele>
</trkpt>
   <trkpt lat="48.4028964" lon="7.3215156">
    <ele>594</ele>
</trkpt>
   <trkpt lat="48.4028947" lon="7.3215573">
    <ele>594</ele>
</trkpt>
   <trkpt lat="48.4028944" lon="7.3216003">
    <ele>594</ele>
</trkpt>
   <trkpt lat="48.4028942" lon="7.3216434">
    <ele>593</ele>
</trkpt>
   <trkpt lat="48.4028952" lon="7.3216856">
    <ele>593</ele>
</trkpt>
   <trkpt lat="48.4028963" lon="7.3217278">
    <ele>593</ele>
</trkpt>
   <trkpt lat="48.4028991" lon="7.3217685">
    <ele>593</ele>
</trkpt>
   <trkpt lat="48.4029019" lon="7.3218092">
    <ele>593</ele>
</trkpt>
   <trkpt lat="48.4029073" lon="7.3218484">
    <ele>592</ele>
</trkpt>
   <trkpt lat="48.4029128" lon="7.3218876">
    <ele>592</ele>
</trkpt>
   <trkpt lat="48.4029200" lon="7.3219271">
    <ele>592</ele>
</trkpt>
   <trkpt lat="48.4029273" lon="7.3219666">
    <ele>592</ele>
</trkpt>
   <trkpt lat="48.4029347" lon="7.3220053">
    <ele>592</ele>
</trkpt>
   <trkpt lat="48.4029421" lon="7.3220441">
    <ele>591</ele>
</trkpt>
   <trkpt lat="48.4029511" lon="7.3220826">
    <ele>591</ele>
</trkpt>
   <trkpt lat="48.4029602" lon="7.3221212">
    <ele>591</ele>
</trkpt>
   <trkpt lat="48.4029746" lon="7.3221553">
    <ele>591</ele>
</trkpt>
   <trkpt lat="48.4029890" lon="7.3221895">
    <ele>591</ele>
</trkpt>
   <trkpt lat="48.4030091" lon="7.3222183">
    <ele>591</ele>
</trkpt>
   <trkpt lat="48.4030292" lon="7.3222472">
    <ele>591</ele>
</trkpt>
   <trkpt lat="48.4030507" lon="7.3222743">
    <ele>591</ele>
</trkpt>
   <trkpt lat="48.4030723" lon="7.3223014">
    <ele>591</ele>
</trkpt>
   <trkpt lat="48.4030928" lon="7.3223300">
    <ele>591</ele>
</trkpt>
   <trkpt lat="48.4031133" lon="7.3223587">
    <ele>591</ele>
</trkpt>
   <trkpt lat="48.4031330" lon="7.3223890">
    <ele>591</ele>
</trkpt>
   <trkpt lat="48.4031527" lon="7.3224193">
    <ele>591</ele>
</trkpt>
   <trkpt lat="48.4031719" lon="7.3224513">
    <ele>591</ele>
</trkpt>
   <trkpt lat="48.4031911" lon="7.3224834">
    <ele>591</ele>
</trkpt>
   <trkpt lat="48.4032095" lon="7.3225162">
    <ele>591</ele>
</trkpt>
   <trkpt lat="48.4032280" lon="7.3225491">
    <ele>591</ele>
</trkpt>
   <trkpt lat="48.4032456" lon="7.3225820">
    <ele>591</ele>
</trkpt>
   <trkpt lat="48.4032633" lon="7.3226149">
    <ele>591</ele>
</trkpt>
   <trkpt lat="48.4032798" lon="7.3226483">
    <ele>591</ele>
</trkpt>
   <trkpt lat="48.4032963" lon="7.3226818">
    <ele>591</ele>
</trkpt>
   <trkpt lat="48.4033112" lon="7.3227151">
    <ele>591</ele>
</trkpt>
   <trkpt lat="48.4033261" lon="7.3227485">
    <ele>591</ele>
</trkpt>
   <trkpt lat="48.4033389" lon="7.3227816">
    <ele>591</ele>
</trkpt>
   <trkpt lat="48.4033517" lon="7.3228147">
    <ele>591</ele>
</trkpt>
   <trkpt lat="48.4033607" lon="7.3228481">
    <ele>591</ele>
</trkpt>
   <trkpt lat="48.4033697" lon="7.3228815">
    <ele>591</ele>
</trkpt>
   <trkpt lat="48.4033753" lon="7.3229076">
    <ele>591</ele>
</trkpt>
   <trkpt lat="48.4033810" lon="7.3229338">
    <ele>591</ele>
</trkpt>
   <trkpt lat="48.4033862" lon="7.3229534">
    <ele>591</ele>
</trkpt>
   <trkpt lat="48.4033914" lon="7.3229731">
    <ele>591</ele>
</trkpt>
   <trkpt lat="48.4033950" lon="7.3229930">
    <ele>591</ele>
</trkpt>
   <trkpt lat="48.4033986" lon="7.3230129">
    <ele>591</ele>
</trkpt>
   <trkpt lat="48.4034013" lon="7.3230358">
    <ele>591</ele>
</trkpt>
   <trkpt lat="48.4034041" lon="7.3230588">
    <ele>591</ele>
</trkpt>
   <trkpt lat="48.4034056" lon="7.3230832">
    <ele>591</ele>
</trkpt>
   <trkpt lat="48.4034072" lon="7.3231077">
    <ele>591</ele>
</trkpt>
   <trkpt lat="48.4034080" lon="7.3231321">
    <ele>591</ele>
</trkpt>
   <trkpt lat="48.4034089" lon="7.3231566">
    <ele>591</ele>
</trkpt>
   <trkpt lat="48.4034104" lon="7.3231796">
    <ele>592</ele>
</trkpt>
   <trkpt lat="48.4034120" lon="7.3232027">
    <ele>592</ele>
</trkpt>
   <trkpt lat="48.4034145" lon="7.3232239">
    <ele>592</ele>
</trkpt>
   <trkpt lat="48.4034170" lon="7.3232452">
    <ele>592</ele>
</trkpt>
   <trkpt lat="48.4034194" lon="7.3232665">
    <ele>592</ele>
</trkpt>
   <trkpt lat="48.4034219" lon="7.3232878">
    <ele>592</ele>
</trkpt>
   <trkpt lat="48.4034240" lon="7.3233065">
    <ele>592</ele>
</trkpt>
   <trkpt lat="48.4034261" lon="7.3233253">
    <ele>592</ele>
</trkpt>
   <trkpt lat="48.4034274" lon="7.3233416">
    <ele>592</ele>
</trkpt>
   <trkpt lat="48.4034287" lon="7.3233579">
    <ele>592</ele>
</trkpt>
   <trkpt lat="48.4034281" lon="7.3233781">
    <ele>593</ele>
</trkpt>
   <trkpt lat="48.4034276" lon="7.3233983">
    <ele>593</ele>
</trkpt>
   <trkpt lat="48.4034256" lon="7.3234191">
    <ele>593</ele>
</trkpt>
   <trkpt lat="48.4034237" lon="7.3234399">
    <ele>593</ele>
</trkpt>
   <trkpt lat="48.4034230" lon="7.3234610">
    <ele>593</ele>
</trkpt>
   <trkpt lat="48.4034223" lon="7.3234822">
    <ele>594</ele>
</trkpt>
   <trkpt lat="48.4034231" lon="7.3235031">
    <ele>594</ele>
</trkpt>
   <trkpt lat="48.4034240" lon="7.3235240">
    <ele>594</ele>
</trkpt>
   <trkpt lat="48.4034258" lon="7.3235432">
    <ele>594</ele>
</trkpt>
   <trkpt lat="48.4034277" lon="7.3235625">
    <ele>594</ele>
</trkpt>
   <trkpt lat="48.4034300" lon="7.3235781">
    <ele>595</ele>
</trkpt>
   <trkpt lat="48.4034324" lon="7.3235937">
    <ele>595</ele>
</trkpt>
   <trkpt lat="48.4034336" lon="7.3236086">
    <ele>595</ele>
</trkpt>
   <trkpt lat="48.4034349" lon="7.3236236">
    <ele>595</ele>
</trkpt>
   <trkpt lat="48.4034361" lon="7.3236421">
    <ele>595</ele>
</trkpt>
   <trkpt lat="48.4034373" lon="7.3236607">
    <ele>595</ele>
</trkpt>
   <trkpt lat="48.4034391" lon="7.3236810">
    <ele>595</ele>
</trkpt>
   <trkpt lat="48.4034410" lon="7.3237013">
    <ele>595</ele>
</trkpt>
   <trkpt lat="48.4034428" lon="7.3237218">
    <ele>595</ele>
</trkpt>
   <trkpt lat="48.4034446" lon="7.3237423">
    <ele>595</ele>
</trkpt>
   <trkpt lat="48.4034462" lon="7.3237603">
    <ele>596</ele>
</trkpt>
   <trkpt lat="48.4034478" lon="7.3237784">
    <ele>596</ele>
</trkpt>
   <trkpt lat="48.4034500" lon="7.3237963">
    <ele>596</ele>
</trkpt>
   <trkpt lat="48.4034523" lon="7.3238142">
    <ele>597</ele>
</trkpt>
   <trkpt lat="48.4034554" lon="7.3238335">
    <ele>597</ele>
</trkpt>
   <trkpt lat="48.4034586" lon="7.3238528">
    <ele>598</ele>
</trkpt>
   <trkpt lat="48.4034613" lon="7.3238733">
    <ele>598</ele>
</trkpt>
   <trkpt lat="48.4034641" lon="7.3238938">
    <ele>598</ele>
</trkpt>
   <trkpt lat="48.4034665" lon="7.3239155">
    <ele>599</ele>
</trkpt>
   <trkpt lat="48.4034690" lon="7.3239372">
    <ele>599</ele>
</trkpt>
   <trkpt lat="48.4034716" lon="7.3239585">
    <ele>600</ele>
</trkpt>
   <trkpt lat="48.4034742" lon="7.3239799">
    <ele>600</ele>
</trkpt>
   <trkpt lat="48.4034763" lon="7.3239995">
    <ele>600</ele>
</trkpt>
   <trkpt lat="48.4034784" lon="7.3240192">
    <ele>600</ele>
</trkpt>
   <trkpt lat="48.4034792" lon="7.3240434">
    <ele>600</ele>
</trkpt>
   <trkpt lat="48.4034801" lon="7.3240677">
    <ele>600</ele>
</trkpt>
   <trkpt lat="48.4034787" lon="7.3241031">
    <ele>599</ele>
</trkpt>
   <trkpt lat="48.4034773" lon="7.3241385">
    <ele>599</ele>
</trkpt>
   <trkpt lat="48.4034731" lon="7.3241815">
    <ele>599</ele>
</trkpt>
   <trkpt lat="48.4034690" lon="7.3242245">
    <ele>599</ele>
</trkpt>
   <trkpt lat="48.4034623" lon="7.3242696">
    <ele>599</ele>
</trkpt>
   <trkpt lat="48.4034556" lon="7.3243148">
    <ele>599</ele>
</trkpt>
   <trkpt lat="48.4034473" lon="7.3243596">
    <ele>599</ele>
</trkpt>
   <trkpt lat="48.4034390" lon="7.3244044">
    <ele>599</ele>
</trkpt>
   <trkpt lat="48.4034311" lon="7.3244498">
    <ele>599</ele>
</trkpt>
   <trkpt lat="48.4034233" lon="7.3244952">
    <ele>599</ele>
</trkpt>
   <trkpt lat="48.4034167" lon="7.3245410">
    <ele>599</ele>
</trkpt>
   <trkpt lat="48.4034101" lon="7.3245869">
    <ele>599</ele>
</trkpt>
   <trkpt lat="48.4034041" lon="7.3246323">
    <ele>599</ele>
</trkpt>
   <trkpt lat="48.4033981" lon="7.3246778">
    <ele>599</ele>
</trkpt>
   <trkpt lat="48.4033954" lon="7.3247227">
    <ele>599</ele>
</trkpt>
   <trkpt lat="48.4033927" lon="7.3247677">
    <ele>598</ele>
</trkpt>
   <trkpt lat="48.4033939" lon="7.3248117">
    <ele>598</ele>
</trkpt>
   <trkpt lat="48.4033952" lon="7.3248557">
    <ele>598</ele>
</trkpt>
   <trkpt lat="48.4033981" lon="7.3249004">
    <ele>598</ele>
</trkpt>
   <trkpt lat="48.4034010" lon="7.3249452">
    <ele>598</ele>
</trkpt>
   <trkpt lat="48.4034039" lon="7.3249892">
    <ele>597</ele>
</trkpt>
   <trkpt lat="48.4034069" lon="7.3250332">
    <ele>597</ele>
</trkpt>
   <trkpt lat="48.4034097" lon="7.3250753">
    <ele>597</ele>
</trkpt>
   <trkpt lat="48.4034126" lon="7.3251174">
    <ele>597</ele>
</trkpt>
   <trkpt lat="48.4034160" lon="7.3251593">
    <ele>597</ele>
</trkpt>
   <trkpt lat="48.4034194" lon="7.3252012">
    <ele>596</ele>
</trkpt>
   <trkpt lat="48.4034232" lon="7.3252452">
    <ele>596</ele>
</trkpt>
   <trkpt lat="48.4034270" lon="7.3252893">
    <ele>596</ele>
</trkpt>
   <trkpt lat="48.4034296" lon="7.3253351">
    <ele>596</ele>
</trkpt>
   <trkpt lat="48.4034322" lon="7.3253810">
    <ele>596</ele>
</trkpt>
   <trkpt lat="48.4034324" lon="7.3254268">
    <ele>595</ele>
</trkpt>
   <trkpt lat="48.4034327" lon="7.3254726">
    <ele>595</ele>
</trkpt>
   <trkpt lat="48.4034317" lon="7.3255177">
    <ele>595</ele>
</trkpt>
   <trkpt lat="48.4034308" lon="7.3255628">
    <ele>595</ele>
</trkpt>
   <trkpt lat="48.4034307" lon="7.3256082">
    <ele>595</ele>
</trkpt>
   <trkpt lat="48.4034306" lon="7.3256537">
    <ele>594</ele>
</trkpt>
   <trkpt lat="48.4034292" lon="7.3256986">
    <ele>594</ele>
</trkpt>
   <trkpt lat="48.4034279" lon="7.3257436">
    <ele>594</ele>
</trkpt>
   <trkpt lat="48.4034246" lon="7.3257873">
    <ele>594</ele>
</trkpt>
   <trkpt lat="48.4034214" lon="7.3258310">
    <ele>594</ele>
</trkpt>
   <trkpt lat="48.4034151" lon="7.3258727">
    <ele>594</ele>
</trkpt>
   <trkpt lat="48.4034088" lon="7.3259145">
    <ele>594</ele>
</trkpt>
   <trkpt lat="48.4034004" lon="7.3259567">
    <ele>594</ele>
</trkpt>
   <trkpt lat="48.4033920" lon="7.3259989">
    <ele>594</ele>
</trkpt>
   <trkpt lat="48.4033839" lon="7.3260435">
    <ele>594</ele>
</trkpt>
   <trkpt lat="48.4033759" lon="7.3260881">
    <ele>593</ele>
</trkpt>
   <trkpt lat="48.4033681" lon="7.3261355">
    <ele>593</ele>
</trkpt>
   <trkpt lat="48.4033604" lon="7.3261829">
    <ele>592</ele>
</trkpt>
   <trkpt lat="48.4033520" lon="7.3262305">
    <ele>592</ele>
</trkpt>
   <trkpt lat="48.4033436" lon="7.3262782">
    <ele>592</ele>
</trkpt>
   <trkpt lat="48.4033367" lon="7.3263238">
    <ele>591</ele>
</trkpt>
   <trkpt lat="48.4033298" lon="7.3263695">
    <ele>591</ele>
</trkpt>
   <trkpt lat="48.4033236" lon="7.3264125">
    <ele>591</ele>
</trkpt>
   <trkpt lat="48.4033174" lon="7.3264555">
    <ele>591</ele>
</trkpt>
   <trkpt lat="48.4033106" lon="7.3264970">
    <ele>591</ele>
</trkpt>
   <trkpt lat="48.4033039" lon="7.3265385">
    <ele>590</ele>
</trkpt>
   <trkpt lat="48.4032996" lon="7.3265806">
    <ele>590</ele>
</trkpt>
   <trkpt lat="48.4032954" lon="7.3266228">
    <ele>589</ele>
</trkpt>
   <trkpt lat="48.4032968" lon="7.3266658">
    <ele>589</ele>
</trkpt>
   <trkpt lat="48.4032983" lon="7.3267089">
    <ele>589</ele>
</trkpt>
   <trkpt lat="48.4033046" lon="7.3267509">
    <ele>588</ele>
</trkpt>
   <trkpt lat="48.4033109" lon="7.3267929">
    <ele>588</ele>
</trkpt>
   <trkpt lat="48.4033203" lon="7.3268344">
    <ele>588</ele>
</trkpt>
   <trkpt lat="48.4033297" lon="7.3268760">
    <ele>588</ele>
</trkpt>
   <trkpt lat="48.4033404" lon="7.3269167">
    <ele>588</ele>
</trkpt>
   <trkpt lat="48.4033512" lon="7.3269574">
    <ele>587</ele>
</trkpt>
   <trkpt lat="48.4033637" lon="7.3269983">
    <ele>587</ele>
</trkpt>
   <trkpt lat="48.4033762" lon="7.3270393">
    <ele>587</ele>
</trkpt>
   <trkpt lat="48.4033901" lon="7.3270812">
    <ele>587</ele>
</trkpt>
   <trkpt lat="48.4034040" lon="7.3271232">
    <ele>587</ele>
</trkpt>
   <trkpt lat="48.4034174" lon="7.3271655">
    <ele>586</ele>
</trkpt>
   <trkpt lat="48.4034308" lon="7.3272078">
    <ele>586</ele>
</trkpt>
   <trkpt lat="48.4034435" lon="7.3272495">
    <ele>586</ele>
</trkpt>
   <trkpt lat="48.4034562" lon="7.3272913">
    <ele>586</ele>
</trkpt>
   <trkpt lat="48.4034676" lon="7.3273322">
    <ele>586</ele>
</trkpt>
   <trkpt lat="48.4034790" lon="7.3273731">
    <ele>585</ele>
</trkpt>
   <trkpt lat="48.4034917" lon="7.3274136">
    <ele>585</ele>
</trkpt>
   <trkpt lat="48.4035045" lon="7.3274542">
    <ele>585</ele>
</trkpt>
   <trkpt lat="48.4035198" lon="7.3274930">
    <ele>585</ele>
</trkpt>
   <trkpt lat="48.4035352" lon="7.3275319">
    <ele>585</ele>
</trkpt>
   <trkpt lat="48.4035513" lon="7.3275699">
    <ele>584</ele>
</trkpt>
   <trkpt lat="48.4035674" lon="7.3276080">
    <ele>584</ele>
</trkpt>
   <trkpt lat="48.4035828" lon="7.3276463">
    <ele>584</ele>
</trkpt>
   <trkpt lat="48.4035983" lon="7.3276847">
    <ele>584</ele>
</trkpt>
   <trkpt lat="48.4036144" lon="7.3277237">
    <ele>584</ele>
</trkpt>
   <trkpt lat="48.4036306" lon="7.3277627">
    <ele>583</ele>
</trkpt>
   <trkpt lat="48.4036478" lon="7.3277996">
    <ele>583</ele>
</trkpt>
   <trkpt lat="48.4036650" lon="7.3278365">
    <ele>582</ele>
</trkpt>
   <trkpt lat="48.4036829" lon="7.3278708">
    <ele>582</ele>
</trkpt>
   <trkpt lat="48.4037009" lon="7.3279051">
    <ele>582</ele>
</trkpt>
   <trkpt lat="48.4037191" lon="7.3279397">
    <ele>582</ele>
</trkpt>
   <trkpt lat="48.4037373" lon="7.3279744">
    <ele>582</ele>
</trkpt>
   <trkpt lat="48.4037542" lon="7.3280103">
    <ele>582</ele>
</trkpt>
   <trkpt lat="48.4037711" lon="7.3280463">
    <ele>582</ele>
</trkpt>
   <trkpt lat="48.4037876" lon="7.3280829">
    <ele>582</ele>
</trkpt>
   <trkpt lat="48.4038042" lon="7.3281196">
    <ele>581</ele>
</trkpt>
   <trkpt lat="48.4038215" lon="7.3281550">
    <ele>581</ele>
</trkpt>
   <trkpt lat="48.4038388" lon="7.3281904">
    <ele>581</ele>
</trkpt>
   <trkpt lat="48.4038571" lon="7.3282234">
    <ele>581</ele>
</trkpt>
   <trkpt lat="48.4038755" lon="7.3282565">
    <ele>581</ele>
</trkpt>
   <trkpt lat="48.4038937" lon="7.3282903">
    <ele>580</ele>
</trkpt>
   <trkpt lat="48.4039119" lon="7.3283242">
    <ele>580</ele>
</trkpt>
   <trkpt lat="48.4039295" lon="7.3283598">
    <ele>580</ele>
</trkpt>
   <trkpt lat="48.4039471" lon="7.3283955">
    <ele>580</ele>
</trkpt>
   <trkpt lat="48.4039644" lon="7.3284329">
    <ele>580</ele>
</trkpt>
   <trkpt lat="48.4039817" lon="7.3284703">
    <ele>580</ele>
</trkpt>
   <trkpt lat="48.4039965" lon="7.3285103">
    <ele>580</ele>
</trkpt>
   <trkpt lat="48.4040114" lon="7.3285503">
    <ele>580</ele>
</trkpt>
   <trkpt lat="48.4040226" lon="7.3285928">
    <ele>580</ele>
</trkpt>
   <trkpt lat="48.4040338" lon="7.3286354">
    <ele>580</ele>
</trkpt>
   <trkpt lat="48.4040416" lon="7.3286787">
    <ele>579</ele>
</trkpt>
   <trkpt lat="48.4040494" lon="7.3287221">
    <ele>579</ele>
</trkpt>
   <trkpt lat="48.4040535" lon="7.3287658">
    <ele>579</ele>
</trkpt>
   <trkpt lat="48.4040577" lon="7.3288096">
    <ele>579</ele>
</trkpt>
   <trkpt lat="48.4040599" lon="7.3288545">
    <ele>579</ele>
</trkpt>
   <trkpt lat="48.4040621" lon="7.3288994">
    <ele>579</ele>
</trkpt>
   <trkpt lat="48.4040632" lon="7.3289445">
    <ele>579</ele>
</trkpt>
   <trkpt lat="48.4040644" lon="7.3289897">
    <ele>579</ele>
</trkpt>
   <trkpt lat="48.4040635" lon="7.3290348">
    <ele>579</ele>
</trkpt>
   <trkpt lat="48.4040626" lon="7.3290800">
    <ele>579</ele>
</trkpt>
   <trkpt lat="48.4040594" lon="7.3291251">
    <ele>578</ele>
</trkpt>
   <trkpt lat="48.4040562" lon="7.3291703">
    <ele>578</ele>
</trkpt>
   <trkpt lat="48.4040507" lon="7.3292148">
    <ele>578</ele>
</trkpt>
   <trkpt lat="48.4040453" lon="7.3292593">
    <ele>578</ele>
</trkpt>
   <trkpt lat="48.4040365" lon="7.3293011">
    <ele>578</ele>
</trkpt>
   <trkpt lat="48.4040277" lon="7.3293429">
    <ele>578</ele>
</trkpt>
   <trkpt lat="48.4040157" lon="7.3293822">
    <ele>578</ele>
</trkpt>
   <trkpt lat="48.4040037" lon="7.3294215">
    <ele>578</ele>
</trkpt>
   <trkpt lat="48.4039914" lon="7.3294612">
    <ele>578</ele>
</trkpt>
   <trkpt lat="48.4039791" lon="7.3295010">
    <ele>579</ele>
</trkpt>
   <trkpt lat="48.4039654" lon="7.3295392">
    <ele>578</ele>
</trkpt>
   <trkpt lat="48.4039518" lon="7.3295775">
    <ele>578</ele>
</trkpt>
   <trkpt lat="48.4039357" lon="7.3296133">
    <ele>578</ele>
</trkpt>
   <trkpt lat="48.4039196" lon="7.3296492">
    <ele>578</ele>
</trkpt>
   <trkpt lat="48.4039012" lon="7.3296840">
    <ele>578</ele>
</trkpt>
   <trkpt lat="48.4038828" lon="7.3297189">
    <ele>577</ele>
</trkpt>
   <trkpt lat="48.4038623" lon="7.3297513">
    <ele>577</ele>
</trkpt>
   <trkpt lat="48.4038419" lon="7.3297837">
    <ele>577</ele>
</trkpt>
   <trkpt lat="48.4038222" lon="7.3298148">
    <ele>577</ele>
</trkpt>
   <trkpt lat="48.4038026" lon="7.3298460">
    <ele>577</ele>
</trkpt>
   <trkpt lat="48.4037831" lon="7.3298766">
    <ele>577</ele>
</trkpt>
   <trkpt lat="48.4037637" lon="7.3299072">
    <ele>577</ele>
</trkpt>
   <trkpt lat="48.4037484" lon="7.3299405">
    <ele>577</ele>
</trkpt>
   <trkpt lat="48.4037331" lon="7.3299739">
    <ele>577</ele>
</trkpt>
   <trkpt lat="48.4037217" lon="7.3300100">
    <ele>577</ele>
</trkpt>
   <trkpt lat="48.4037104" lon="7.3300462">
    <ele>576</ele>
</trkpt>
   <trkpt lat="48.4037047" lon="7.3300797">
    <ele>576</ele>
</trkpt>
   <trkpt lat="48.4036991" lon="7.3301133">
    <ele>576</ele>
</trkpt>
   <trkpt lat="48.4037017" lon="7.3301361">
    <ele>576</ele>
</trkpt>
   <trkpt lat="48.4037043" lon="7.3301590">
    <ele>576</ele>
</trkpt>
   <trkpt lat="48.4037117" lon="7.3301725">
    <ele>576</ele>
</trkpt>
   <trkpt lat="48.4037192" lon="7.3301860">
    <ele>576</ele>
</trkpt>
   <trkpt lat="48.4037279" lon="7.3301959">
    <ele>576</ele>
</trkpt>
   <trkpt lat="48.4037366" lon="7.3302059">
    <ele>576</ele>
</trkpt>
   <trkpt lat="48.4037447" lon="7.3302167">
    <ele>576</ele>
</trkpt>
   <trkpt lat="48.4037529" lon="7.3302275">
    <ele>576</ele>
</trkpt>
   <trkpt lat="48.4037620" lon="7.3302429">
    <ele>576</ele>
</trkpt>
   <trkpt lat="48.4037711" lon="7.3302584">
    <ele>576</ele>
</trkpt>
   <trkpt lat="48.4037808" lon="7.3302771">
    <ele>576</ele>
</trkpt>
   <trkpt lat="48.4037905" lon="7.3302958">
    <ele>577</ele>
</trkpt>
   <trkpt lat="48.4037992" lon="7.3303147">
    <ele>577</ele>
</trkpt>
   <trkpt lat="48.4038079" lon="7.3303336">
    <ele>577</ele>
</trkpt>
   <trkpt lat="48.4038148" lon="7.3303513">
    <ele>577</ele>
</trkpt>
   <trkpt lat="48.4038218" lon="7.3303690">
    <ele>577</ele>
</trkpt>
   <trkpt lat="48.4038279" lon="7.3303867">
    <ele>578</ele>
</trkpt>
   <trkpt lat="48.4038340" lon="7.3304045">
    <ele>578</ele>
</trkpt>
   <trkpt lat="48.4038394" lon="7.3304240">
    <ele>578</ele>
</trkpt>
   <trkpt lat="48.4038448" lon="7.3304435">
    <ele>578</ele>
</trkpt>
   <trkpt lat="48.4038488" lon="7.3304650">
    <ele>578</ele>
</trkpt>
   <trkpt lat="48.4038529" lon="7.3304866">
    <ele>578</ele>
</trkpt>
   <trkpt lat="48.4038562" lon="7.3305078">
    <ele>578</ele>
</trkpt>
   <trkpt lat="48.4038596" lon="7.3305290">
    <ele>578</ele>
</trkpt>
   <trkpt lat="48.4038628" lon="7.3305491">
    <ele>578</ele>
</trkpt>
   <trkpt lat="48.4038660" lon="7.3305692">
    <ele>578</ele>
</trkpt>
   <trkpt lat="48.4038682" lon="7.3305899">
    <ele>579</ele>
</trkpt>
   <trkpt lat="48.4038705" lon="7.3306106">
    <ele>579</ele>
</trkpt>
   <trkpt lat="48.4038725" lon="7.3306313">
    <ele>579</ele>
</trkpt>
   <trkpt lat="48.4038746" lon="7.3306521">
    <ele>579</ele>
</trkpt>
   <trkpt lat="48.4038773" lon="7.3306732">
    <ele>579</ele>
</trkpt>
   <trkpt lat="48.4038800" lon="7.3306943">
    <ele>579</ele>
</trkpt>
   <trkpt lat="48.4038832" lon="7.3307144">
    <ele>579</ele>
</trkpt>
   <trkpt lat="48.4038865" lon="7.3307345">
    <ele>579</ele>
</trkpt>
   <trkpt lat="48.4038899" lon="7.3307543">
    <ele>579</ele>
</trkpt>
   <trkpt lat="48.4038934" lon="7.3307742">
    <ele>579</ele>
</trkpt>
   <trkpt lat="48.4038967" lon="7.3307933">
    <ele>580</ele>
</trkpt>
   <trkpt lat="48.4039001" lon="7.3308124">
    <ele>580</ele>
</trkpt>
   <trkpt lat="48.4039045" lon="7.3308293">
    <ele>580</ele>
</trkpt>
   <trkpt lat="48.4039089" lon="7.3308463">
    <ele>580</ele>
</trkpt>
   <trkpt lat="48.4039152" lon="7.3308603">
    <ele>580</ele>
</trkpt>
   <trkpt lat="48.4039216" lon="7.3308743">
    <ele>581</ele>
</trkpt>
   <trkpt lat="48.4039282" lon="7.3308889">
    <ele>581</ele>
</trkpt>
   <trkpt lat="48.4039348" lon="7.3309035">
    <ele>581</ele>
</trkpt>
   <trkpt lat="48.4039406" lon="7.3309195">
    <ele>581</ele>
</trkpt>
   <trkpt lat="48.4039464" lon="7.3309355">
    <ele>581</ele>
</trkpt>
   <trkpt lat="48.4039521" lon="7.3309507">
    <ele>581</ele>
</trkpt>
   <trkpt lat="48.4039578" lon="7.3309659">
    <ele>581</ele>
</trkpt>
   <trkpt lat="48.4039648" lon="7.3309786">
    <ele>581</ele>
</trkpt>
   <trkpt lat="48.4039719" lon="7.3309913">
    <ele>581</ele>
</trkpt>
   <trkpt lat="48.4039806" lon="7.3310015">
    <ele>581</ele>
</trkpt>
   <trkpt lat="48.4039894" lon="7.3310118">
    <ele>582</ele>
</trkpt>
   <trkpt lat="48.4040006" lon="7.3310203">
    <ele>582</ele>
</trkpt>
   <trkpt lat="48.4040118" lon="7.3310289">
    <ele>582</ele>
</trkpt>
   <trkpt lat="48.4040259" lon="7.3310372">
    <ele>582</ele>
</trkpt>
   <trkpt lat="48.4040401" lon="7.3310456">
    <ele>582</ele>
</trkpt>
   <trkpt lat="48.4040559" lon="7.3310529">
    <ele>582</ele>
</trkpt>
   <trkpt lat="48.4040717" lon="7.3310602">
    <ele>582</ele>
</trkpt>
   <trkpt lat="48.4040875" lon="7.3310662">
    <ele>582</ele>
</trkpt>
   <trkpt lat="48.4041033" lon="7.3310722">
    <ele>582</ele>
</trkpt>
   <trkpt lat="48.4041180" lon="7.3310777">
    <ele>582</ele>
</trkpt>
   <trkpt lat="48.4041328" lon="7.3310832">
    <ele>583</ele>
</trkpt>
   <trkpt lat="48.4041446" lon="7.3310877">
    <ele>583</ele>
</trkpt>
   <trkpt lat="48.4041565" lon="7.3310923">
    <ele>583</ele>
</trkpt>
   <trkpt lat="48.4041672" lon="7.3310987">
    <ele>583</ele>
</trkpt>
   <trkpt lat="48.4041780" lon="7.3311052">
    <ele>583</ele>
</trkpt>
   <trkpt lat="48.4041894" lon="7.3311131">
    <ele>584</ele>
</trkpt>
   <trkpt lat="48.4042008" lon="7.3311211">
    <ele>584</ele>
</trkpt>
   <trkpt lat="48.4042144" lon="7.3311312">
    <ele>584</ele>
</trkpt>
   <trkpt lat="48.4042281" lon="7.3311413">
    <ele>584</ele>
</trkpt>
   <trkpt lat="48.4042437" lon="7.3311520">
    <ele>584</ele>
</trkpt>
   <trkpt lat="48.4042593" lon="7.3311628">
    <ele>585</ele>
</trkpt>
   <trkpt lat="48.4042752" lon="7.3311742">
    <ele>585</ele>
</trkpt>
   <trkpt lat="48.4042911" lon="7.3311857">
    <ele>585</ele>
</trkpt>
   <trkpt lat="48.4043052" lon="7.3311981">
    <ele>585</ele>
</trkpt>
   <trkpt lat="48.4043194" lon="7.3312106">
    <ele>585</ele>
</trkpt>
   <trkpt lat="48.4043312" lon="7.3312240">
    <ele>586</ele>
</trkpt>
   <trkpt lat="48.4043430" lon="7.3312375">
    <ele>586</ele>
</trkpt>
   <trkpt lat="48.4043525" lon="7.3312498">
    <ele>586</ele>
</trkpt>
   <trkpt lat="48.4043621" lon="7.3312621">
    <ele>586</ele>
</trkpt>
   <trkpt lat="48.4043715" lon="7.3312746">
    <ele>586</ele>
</trkpt>
   <trkpt lat="48.4043810" lon="7.3312872">
    <ele>587</ele>
</trkpt>
   <trkpt lat="48.4043915" lon="7.3313001">
    <ele>587</ele>
</trkpt>
   <trkpt lat="48.4044020" lon="7.3313130">
    <ele>587</ele>
</trkpt>
   <trkpt lat="48.4044125" lon="7.3313275">
    <ele>587</ele>
</trkpt>
   <trkpt lat="48.4044231" lon="7.3313420">
    <ele>587</ele>
</trkpt>
   <trkpt lat="48.4044332" lon="7.3313588">
    <ele>587</ele>
</trkpt>
   <trkpt lat="48.4044434" lon="7.3313756">
    <ele>587</ele>
</trkpt>
   <trkpt lat="48.4044535" lon="7.3313928">
    <ele>587</ele>
</trkpt>
   <trkpt lat="48.4044636" lon="7.3314100">
    <ele>587</ele>
</trkpt>
   <trkpt lat="48.4044728" lon="7.3314272">
    <ele>587</ele>
</trkpt>
   <trkpt lat="48.4044820" lon="7.3314444">
    <ele>588</ele>
</trkpt>
   <trkpt lat="48.4044889" lon="7.3314630">
    <ele>588</ele>
</trkpt>
   <trkpt lat="48.4044958" lon="7.3314816">
    <ele>588</ele>
</trkpt>
   <trkpt lat="48.4045008" lon="7.3315016">
    <ele>589</ele>
</trkpt>
   <trkpt lat="48.4045058" lon="7.3315216">
    <ele>589</ele>
</trkpt>
   <trkpt lat="48.4045092" lon="7.3315427">
    <ele>590</ele>
</trkpt>
   <trkpt lat="48.4045126" lon="7.3315639">
    <ele>590</ele>
</trkpt>
   <trkpt lat="48.4045158" lon="7.3315821">
    <ele>590</ele>
</trkpt>
   <trkpt lat="48.4045191" lon="7.3316004">
    <ele>590</ele>
</trkpt>
   <trkpt lat="48.4045231" lon="7.3316185">
    <ele>590</ele>
</trkpt>
   <trkpt lat="48.4045271" lon="7.3316367">
    <ele>590</ele>
</trkpt>
   <trkpt lat="48.4045301" lon="7.3316571">
    <ele>590</ele>
</trkpt>
   <trkpt lat="48.4045331" lon="7.3316776">
    <ele>590</ele>
</trkpt>
   <trkpt lat="48.4045349" lon="7.3317006">
    <ele>590</ele>
</trkpt>
   <trkpt lat="48.4045367" lon="7.3317236">
    <ele>590</ele>
</trkpt>
   <trkpt lat="48.4045384" lon="7.3317475">
    <ele>591</ele>
</trkpt>
   <trkpt lat="48.4045401" lon="7.3317715">
    <ele>591</ele>
</trkpt>
   <trkpt lat="48.4045422" lon="7.3317940">
    <ele>591</ele>
</trkpt>
   <trkpt lat="48.4045443" lon="7.3318166">
    <ele>591</ele>
</trkpt>
   <trkpt lat="48.4045488" lon="7.3318353">
    <ele>591</ele>
</trkpt>
   <trkpt lat="48.4045533" lon="7.3318541">
    <ele>591</ele>
</trkpt>
   <trkpt lat="48.4045603" lon="7.3318689">
    <ele>591</ele>
</trkpt>
   <trkpt lat="48.4045673" lon="7.3318837">
    <ele>591</ele>
</trkpt>
   <trkpt lat="48.4045742" lon="7.3318982">
    <ele>591</ele>
</trkpt>
   <trkpt lat="48.4045812" lon="7.3319128">
    <ele>591</ele>
</trkpt>
   <trkpt lat="48.4045875" lon="7.3319291">
    <ele>592</ele>
</trkpt>
   <trkpt lat="48.4045939" lon="7.3319454">
    <ele>592</ele>
</trkpt>
   <trkpt lat="48.4045982" lon="7.3319637">
    <ele>592</ele>
</trkpt>
   <trkpt lat="48.4046025" lon="7.3319821">
    <ele>592</ele>
</trkpt>
   <trkpt lat="48.4046047" lon="7.3320001">
    <ele>592</ele>
</trkpt>
   <trkpt lat="48.4046070" lon="7.3320182">
    <ele>593</ele>
</trkpt>
   <trkpt lat="48.4046095" lon="7.3320374">
    <ele>593</ele>
</trkpt>
   <trkpt lat="48.4046120" lon="7.3320567">
    <ele>593</ele>
</trkpt>
   <trkpt lat="48.4046161" lon="7.3320752">
    <ele>593</ele>
</trkpt>
   <trkpt lat="48.4046202" lon="7.3320937">
    <ele>593</ele>
</trkpt>
   <trkpt lat="48.4046263" lon="7.3321100">
    <ele>594</ele>
</trkpt>
   <trkpt lat="48.4046324" lon="7.3321264">
    <ele>594</ele>
</trkpt>
   <trkpt lat="48.4046387" lon="7.3321415">
    <ele>594</ele>
</trkpt>
   <trkpt lat="48.4046451" lon="7.3321566">
    <ele>594</ele>
</trkpt>
   <trkpt lat="48.4046506" lon="7.3321725">
    <ele>594</ele>
</trkpt>
   <trkpt lat="48.4046562" lon="7.3321884">
    <ele>595</ele>
</trkpt>
   <trkpt lat="48.4046611" lon="7.3322069">
    <ele>594</ele>
</trkpt>
   <trkpt lat="48.4046661" lon="7.3322255">
    <ele>594</ele>
</trkpt>
   <trkpt lat="48.4046734" lon="7.3322460">
    <ele>594</ele>
</trkpt>
   <trkpt lat="48.4046808" lon="7.3322665">
    <ele>594</ele>
</trkpt>
   <trkpt lat="48.4046885" lon="7.3322887">
    <ele>594</ele>
</trkpt>
   <trkpt lat="48.4046963" lon="7.3323109">
    <ele>594</ele>
</trkpt>
   <trkpt lat="48.4047012" lon="7.3323299">
    <ele>594</ele>
</trkpt>
   <trkpt lat="48.4047062" lon="7.3323490">
    <ele>594</ele>
</trkpt>
   <trkpt lat="48.4047102" lon="7.3323632">
    <ele>594</ele>
</trkpt>
   <trkpt lat="48.4047142" lon="7.3323775">
    <ele>595</ele>
</trkpt>
   <trkpt lat="48.4047201" lon="7.3323912">
    <ele>595</ele>
</trkpt>
   <trkpt lat="48.4047260" lon="7.3324050">
    <ele>595</ele>
</trkpt>
   <trkpt lat="48.4047343" lon="7.3324196">
    <ele>595</ele>
</trkpt>
   <trkpt lat="48.4047427" lon="7.3324343">
    <ele>595</ele>
</trkpt>
   <trkpt lat="48.4047520" lon="7.3324488">
    <ele>596</ele>
</trkpt>
   <trkpt lat="48.4047614" lon="7.3324633">
    <ele>596</ele>
</trkpt>
   <trkpt lat="48.4047703" lon="7.3324766">
    <ele>596</ele>
</trkpt>
   <trkpt lat="48.4047792" lon="7.3324899">
    <ele>596</ele>
</trkpt>
   <trkpt lat="48.4047876" lon="7.3325015">
    <ele>596</ele>
</trkpt>
   <trkpt lat="48.4047960" lon="7.3325132">
    <ele>597</ele>
</trkpt>
   <trkpt lat="48.4048046" lon="7.3325254">
    <ele>597</ele>
</trkpt>
   <trkpt lat="48.4048132" lon="7.3325377">
    <ele>597</ele>
</trkpt>
   <trkpt lat="48.4048231" lon="7.3325519">
    <ele>597</ele>
</trkpt>
   <trkpt lat="48.4048331" lon="7.3325661">
    <ele>597</ele>
</trkpt>
   <trkpt lat="48.4048426" lon="7.3325834">
    <ele>597</ele>
</trkpt>
   <trkpt lat="48.4048522" lon="7.3326008">
    <ele>597</ele>
</trkpt>
   <trkpt lat="48.4048608" lon="7.3326184">
    <ele>597</ele>
</trkpt>
   <trkpt lat="48.4048694" lon="7.3326361">
    <ele>598</ele>
</trkpt>
   <trkpt lat="48.4048774" lon="7.3326518">
    <ele>598</ele>
</trkpt>
   <trkpt lat="48.4048855" lon="7.3326676">
    <ele>599</ele>
</trkpt>
   <trkpt lat="48.4048942" lon="7.3326827">
    <ele>599</ele>
</trkpt>
   <trkpt lat="48.4049030" lon="7.3326979">
    <ele>599</ele>
</trkpt>
   <trkpt lat="48.4049132" lon="7.3327121">
    <ele>599</ele>
</trkpt>
   <trkpt lat="48.4049235" lon="7.3327264">
    <ele>599</ele>
</trkpt>
   <trkpt lat="48.4049362" lon="7.3327408">
    <ele>600</ele>
</trkpt>
   <trkpt lat="48.4049490" lon="7.3327552">
    <ele>600</ele>
</trkpt>
   <trkpt lat="48.4049613" lon="7.3327652">
    <ele>600</ele>
</trkpt>
   <trkpt lat="48.4049736" lon="7.3327753">
    <ele>600</ele>
</trkpt>
   <trkpt lat="48.4049865" lon="7.3327845">
    <ele>600</ele>
</trkpt>
   <trkpt lat="48.4049995" lon="7.3327937">
    <ele>601</ele>
</trkpt>
   <trkpt lat="48.4050116" lon="7.3328027">
    <ele>601</ele>
</trkpt>
   <trkpt lat="48.4050237" lon="7.3328117">
    <ele>601</ele>
</trkpt>
   <trkpt lat="48.4050353" lon="7.3328222">
    <ele>601</ele>
</trkpt>
   <trkpt lat="48.4050470" lon="7.3328328">
    <ele>601</ele>
</trkpt>
   <trkpt lat="48.4050580" lon="7.3328446">
    <ele>601</ele>
</trkpt>
   <trkpt lat="48.4050691" lon="7.3328565">
    <ele>601</ele>
</trkpt>
   <trkpt lat="48.4050809" lon="7.3328668">
    <ele>601</ele>
</trkpt>
   <trkpt lat="48.4050927" lon="7.3328772">
    <ele>601</ele>
</trkpt>
   <trkpt lat="48.4051054" lon="7.3328883">
    <ele>601</ele>
</trkpt>
   <trkpt lat="48.4051182" lon="7.3328995">
    <ele>601</ele>
</trkpt>
   <trkpt lat="48.4051312" lon="7.3329119">
    <ele>601</ele>
</trkpt>
   <trkpt lat="48.4051442" lon="7.3329244">
    <ele>601</ele>
</trkpt>
   <trkpt lat="48.4051568" lon="7.3329372">
    <ele>601</ele>
</trkpt>
   <trkpt lat="48.4051694" lon="7.3329500">
    <ele>601</ele>
</trkpt>
   <trkpt lat="48.4051800" lon="7.3329603">
    <ele>602</ele>
</trkpt>
   <trkpt lat="48.4051906" lon="7.3329706">
    <ele>602</ele>
</trkpt>
   <trkpt lat="48.4052008" lon="7.3329795">
    <ele>602</ele>
</trkpt>
   <trkpt lat="48.4052110" lon="7.3329885">
    <ele>603</ele>
</trkpt>
   <trkpt lat="48.4052214" lon="7.3329968">
    <ele>603</ele>
</trkpt>
   <trkpt lat="48.4052319" lon="7.3330051">
    <ele>604</ele>
</trkpt>
   <trkpt lat="48.4052424" lon="7.3330113">
    <ele>604</ele>
</trkpt>
   <trkpt lat="48.4052530" lon="7.3330175">
    <ele>604</ele>
</trkpt>
   <trkpt lat="48.4052637" lon="7.3330239">
    <ele>604</ele>
</trkpt>
   <trkpt lat="48.4052744" lon="7.3330303">
    <ele>604</ele>
</trkpt>
   <trkpt lat="48.4052865" lon="7.3330379">
    <ele>604</ele>
</trkpt>
   <trkpt lat="48.4052986" lon="7.3330456">
    <ele>604</ele>
</trkpt>
   <trkpt lat="48.4053100" lon="7.3330522">
    <ele>604</ele>
</trkpt>
   <trkpt lat="48.4053214" lon="7.3330589">
    <ele>604</ele>
</trkpt>
   <trkpt lat="48.4053324" lon="7.3330674">
    <ele>604</ele>
</trkpt>
   <trkpt lat="48.4053435" lon="7.3330759">
    <ele>605</ele>
</trkpt>
   <trkpt lat="48.4053552" lon="7.3330845">
    <ele>605</ele>
</trkpt>
   <trkpt lat="48.4053670" lon="7.3330931">
    <ele>605</ele>
</trkpt>
   <trkpt lat="48.4053792" lon="7.3330977">
    <ele>605</ele>
</trkpt>
   <trkpt lat="48.4053915" lon="7.3331024">
    <ele>605</ele>
</trkpt>
   <trkpt lat="48.4054038" lon="7.3331055">
    <ele>606</ele>
</trkpt>
   <trkpt lat="48.4054162" lon="7.3331087">
    <ele>606</ele>
</trkpt>
   <trkpt lat="48.4054286" lon="7.3331127">
    <ele>606</ele>
</trkpt>
   <trkpt lat="48.4054410" lon="7.3331168">
    <ele>606</ele>
</trkpt>
   <trkpt lat="48.4054533" lon="7.3331268">
    <ele>606</ele>
</trkpt>
   <trkpt lat="48.4054657" lon="7.3331369">
    <ele>607</ele>
</trkpt>
   <trkpt lat="48.4054761" lon="7.3331528">
    <ele>607</ele>
</trkpt>
   <trkpt lat="48.4054866" lon="7.3331687">
    <ele>607</ele>
</trkpt>
   <trkpt lat="48.4054969" lon="7.3331838">
    <ele>607</ele>
</trkpt>
   <trkpt lat="48.4055073" lon="7.3331989">
    <ele>607</ele>
</trkpt>
   <trkpt lat="48.4055188" lon="7.3332121">
    <ele>608</ele>
</trkpt>
   <trkpt lat="48.4055303" lon="7.3332254">
    <ele>608</ele>
</trkpt>
   <trkpt lat="48.4055434" lon="7.3332410">
    <ele>608</ele>
</trkpt>
   <trkpt lat="48.4055565" lon="7.3332566">
    <ele>608</ele>
</trkpt>
   <trkpt lat="48.4055684" lon="7.3332726">
    <ele>608</ele>
</trkpt>
   <trkpt lat="48.4055804" lon="7.3332886">
    <ele>609</ele>
</trkpt>
   <trkpt lat="48.4055906" lon="7.3333038">
    <ele>609</ele>
</trkpt>
   <trkpt lat="48.4056009" lon="7.3333190">
    <ele>609</ele>
</trkpt>
   <trkpt lat="48.4056111" lon="7.3333335">
    <ele>609</ele>
</trkpt>
   <trkpt lat="48.4056213" lon="7.3333480">
    <ele>609</ele>
</trkpt>
   <trkpt lat="48.4056312" lon="7.3333606">
    <ele>609</ele>
</trkpt>
   <trkpt lat="48.4056411" lon="7.3333733">
    <ele>609</ele>
</trkpt>
   <trkpt lat="48.4056514" lon="7.3333850">
    <ele>609</ele>
</trkpt>
   <trkpt lat="48.4056617" lon="7.3333967">
    <ele>609</ele>
</trkpt>
   <trkpt lat="48.4056716" lon="7.3334089">
    <ele>609</ele>
</trkpt>
   <trkpt lat="48.4056815" lon="7.3334211">
    <ele>610</ele>
</trkpt>
   <trkpt lat="48.4056909" lon="7.3334342">
    <ele>610</ele>
</trkpt>
   <trkpt lat="48.4057003" lon="7.3334474">
    <ele>610</ele>
</trkpt>
   <trkpt lat="48.4057093" lon="7.3334619">
    <ele>610</ele>
</trkpt>
   <trkpt lat="48.4057183" lon="7.3334764">
    <ele>610</ele>
</trkpt>
   <trkpt lat="48.4057267" lon="7.3334926">
    <ele>611</ele>
</trkpt>
   <trkpt lat="48.4057351" lon="7.3335089">
    <ele>611</ele>
</trkpt>
   <trkpt lat="48.4057431" lon="7.3335284">
    <ele>611</ele>
</trkpt>
   <trkpt lat="48.4057511" lon="7.3335479">
    <ele>611</ele>
</trkpt>
   <trkpt lat="48.4057588" lon="7.3335685">
    <ele>611</ele>
</trkpt>
   <trkpt lat="48.4057665" lon="7.3335892">
    <ele>612</ele>
</trkpt>
   <trkpt lat="48.4057736" lon="7.3336087">
    <ele>612</ele>
</trkpt>
   <trkpt lat="48.4057808" lon="7.3336283">
    <ele>612</ele>
</trkpt>
   <trkpt lat="48.4057878" lon="7.3336466">
    <ele>612</ele>
</trkpt>
   <trkpt lat="48.4057948" lon="7.3336649">
    <ele>612</ele>
</trkpt>
   <trkpt lat="48.4058019" lon="7.3336810">
    <ele>613</ele>
</trkpt>
   <trkpt lat="48.4058090" lon="7.3336971">
    <ele>613</ele>
</trkpt>
   <trkpt lat="48.4058166" lon="7.3337127">
    <ele>613</ele>
</trkpt>
   <trkpt lat="48.4058242" lon="7.3337283">
    <ele>613</ele>
</trkpt>
   <trkpt lat="48.4058320" lon="7.3337452">
    <ele>613</ele>
</trkpt>
   <trkpt lat="48.4058398" lon="7.3337621">
    <ele>613</ele>
</trkpt>
   <trkpt lat="48.4058470" lon="7.3337805">
    <ele>613</ele>
</trkpt>
   <trkpt lat="48.4058543" lon="7.3337989">
    <ele>613</ele>
</trkpt>
   <trkpt lat="48.4058607" lon="7.3338166">
    <ele>613</ele>
</trkpt>
   <trkpt lat="48.4058672" lon="7.3338344">
    <ele>613</ele>
</trkpt>
   <trkpt lat="48.4058736" lon="7.3338523">
    <ele>614</ele>
</trkpt>
   <trkpt lat="48.4058801" lon="7.3338702">
    <ele>614</ele>
</trkpt>
   <trkpt lat="48.4058874" lon="7.3338880">
    <ele>614</ele>
</trkpt>
   <trkpt lat="48.4058948" lon="7.3339058">
    <ele>614</ele>
</trkpt>
   <trkpt lat="48.4059024" lon="7.3339218">
    <ele>614</ele>
</trkpt>
   <trkpt lat="48.4059101" lon="7.3339379">
    <ele>615</ele>
</trkpt>
   <trkpt lat="48.4059177" lon="7.3339534">
    <ele>615</ele>
</trkpt>
   <trkpt lat="48.4059253" lon="7.3339689">
    <ele>615</ele>
</trkpt>
   <trkpt lat="48.4059337" lon="7.3339852">
    <ele>615</ele>
</trkpt>
   <trkpt lat="48.4059421" lon="7.3340015">
    <ele>615</ele>
</trkpt>
   <trkpt lat="48.4059516" lon="7.3340217">
    <ele>616</ele>
</trkpt>
   <trkpt lat="48.4059611" lon="7.3340420">
    <ele>616</ele>
</trkpt>
   <trkpt lat="48.4059708" lon="7.3340615">
    <ele>616</ele>
</trkpt>
   <trkpt lat="48.4059805" lon="7.3340811">
    <ele>616</ele>
</trkpt>
   <trkpt lat="48.4059901" lon="7.3340989">
    <ele>616</ele>
</trkpt>
   <trkpt lat="48.4059997" lon="7.3341167">
    <ele>616</ele>
</trkpt>
   <trkpt lat="48.4060089" lon="7.3341345">
    <ele>616</ele>
</trkpt>
   <trkpt lat="48.4060182" lon="7.3341524">
    <ele>616</ele>
</trkpt>
   <trkpt lat="48.4060262" lon="7.3341691">
    <ele>616</ele>
</trkpt>
   <trkpt lat="48.4060343" lon="7.3341859">
    <ele>616</ele>
</trkpt>
   <trkpt lat="48.4060419" lon="7.3342020">
    <ele>617</ele>
</trkpt>
   <trkpt lat="48.4060495" lon="7.3342181">
    <ele>617</ele>
</trkpt>
   <trkpt lat="48.4060568" lon="7.3342336">
    <ele>617</ele>
</trkpt>
   <trkpt lat="48.4060641" lon="7.3342492">
    <ele>617</ele>
</trkpt>
   <trkpt lat="48.4060709" lon="7.3342606">
    <ele>617</ele>
</trkpt>
   <trkpt lat="48.4060778" lon="7.3342721">
    <ele>617</ele>
</trkpt>
   <trkpt lat="48.4060838" lon="7.3342831">
    <ele>617</ele>
</trkpt>
   <trkpt lat="48.4060898" lon="7.3342941">
    <ele>617</ele>
</trkpt>
   <trkpt lat="48.4060963" lon="7.3343093">
    <ele>617</ele>
</trkpt>
   <trkpt lat="48.4061028" lon="7.3343246">
    <ele>617</ele>
</trkpt>
   <trkpt lat="48.4061097" lon="7.3343441">
    <ele>618</ele>
</trkpt>
   <trkpt lat="48.4061167" lon="7.3343637">
    <ele>618</ele>
</trkpt>
   <trkpt lat="48.4061234" lon="7.3343839">
    <ele>618</ele>
</trkpt>
   <trkpt lat="48.4061301" lon="7.3344041">
    <ele>618</ele>
</trkpt>
   <trkpt lat="48.4061384" lon="7.3344251">
    <ele>618</ele>
</trkpt>
   <trkpt lat="48.4061468" lon="7.3344461">
    <ele>618</ele>
</trkpt>
   <trkpt lat="48.4061557" lon="7.3344650">
    <ele>618</ele>
</trkpt>
   <trkpt lat="48.4061646" lon="7.3344840">
    <ele>618</ele>
</trkpt>
   <trkpt lat="48.4061736" lon="7.3345045">
    <ele>618</ele>
</trkpt>
   <trkpt lat="48.4061827" lon="7.3345250">
    <ele>618</ele>
</trkpt>
   <trkpt lat="48.4061920" lon="7.3345465">
    <ele>619</ele>
</trkpt>
   <trkpt lat="48.4062013" lon="7.3345680">
    <ele>619</ele>
</trkpt>
   <trkpt lat="48.4062091" lon="7.3345874">
    <ele>619</ele>
</trkpt>
   <trkpt lat="48.4062170" lon="7.3346069">
    <ele>619</ele>
</trkpt>
   <trkpt lat="48.4062250" lon="7.3346254">
    <ele>619</ele>
</trkpt>
   <trkpt lat="48.4062331" lon="7.3346439">
    <ele>619</ele>
</trkpt>
   <trkpt lat="48.4062415" lon="7.3346610">
    <ele>619</ele>
</trkpt>
   <trkpt lat="48.4062499" lon="7.3346782">
    <ele>619</ele>
</trkpt>
   <trkpt lat="48.4062573" lon="7.3346958">
    <ele>619</ele>
</trkpt>
   <trkpt lat="48.4062648" lon="7.3347135">
    <ele>619</ele>
</trkpt>
   <trkpt lat="48.4062715" lon="7.3347304">
    <ele>620</ele>
</trkpt>
   <trkpt lat="48.4062783" lon="7.3347473">
    <ele>620</ele>
</trkpt>
   <trkpt lat="48.4062859" lon="7.3347631">
    <ele>620</ele>
</trkpt>
   <trkpt lat="48.4062935" lon="7.3347790">
    <ele>620</ele>
</trkpt>
   <trkpt lat="48.4063020" lon="7.3347959">
    <ele>620</ele>
</trkpt>
   <trkpt lat="48.4063105" lon="7.3348128">
    <ele>620</ele>
</trkpt>
   <trkpt lat="48.4063190" lon="7.3348337">
    <ele>620</ele>
</trkpt>
   <trkpt lat="48.4063276" lon="7.3348546">
    <ele>620</ele>
</trkpt>
   <trkpt lat="48.4063346" lon="7.3348774">
    <ele>620</ele>
</trkpt>
   <trkpt lat="48.4063417" lon="7.3349003">
    <ele>620</ele>
</trkpt>
   <trkpt lat="48.4063474" lon="7.3349229">
    <ele>621</ele>
</trkpt>
   <trkpt lat="48.4063531" lon="7.3349456">
    <ele>621</ele>
</trkpt>
   <trkpt lat="48.4063577" lon="7.3349664">
    <ele>621</ele>
</trkpt>
   <trkpt lat="48.4063623" lon="7.3349873">
    <ele>622</ele>
</trkpt>
   <trkpt lat="48.4063663" lon="7.3350065">
    <ele>622</ele>
</trkpt>
   <trkpt lat="48.4063703" lon="7.3350257">
    <ele>623</ele>
</trkpt>
   <trkpt lat="48.4063735" lon="7.3350441">
    <ele>623</ele>
</trkpt>
   <trkpt lat="48.4063767" lon="7.3350626">
    <ele>623</ele>
</trkpt>
   <trkpt lat="48.4063799" lon="7.3350826">
    <ele>623</ele>
</trkpt>
   <trkpt lat="48.4063831" lon="7.3351027">
    <ele>623</ele>
</trkpt>
   <trkpt lat="48.4063876" lon="7.3351250">
    <ele>624</ele>
</trkpt>
   <trkpt lat="48.4063921" lon="7.3351473">
    <ele>624</ele>
</trkpt>
   <trkpt lat="48.4063968" lon="7.3351689">
    <ele>624</ele>
</trkpt>
   <trkpt lat="48.4064016" lon="7.3351905">
    <ele>624</ele>
</trkpt>
   <trkpt lat="48.4064062" lon="7.3352098">
    <ele>624</ele>
</trkpt>
   <trkpt lat="48.4064109" lon="7.3352292">
    <ele>624</ele>
</trkpt>
   <trkpt lat="48.4064147" lon="7.3352498">
    <ele>624</ele>
</trkpt>
   <trkpt lat="48.4064186" lon="7.3352705">
    <ele>624</ele>
</trkpt>
   <trkpt lat="48.4064219" lon="7.3352922">
    <ele>624</ele>
</trkpt>
   <trkpt lat="48.4064253" lon="7.3353140">
    <ele>624</ele>
</trkpt>
   <trkpt lat="48.4064287" lon="7.3353356">
    <ele>625</ele>
</trkpt>
   <trkpt lat="48.4064321" lon="7.3353573">
    <ele>625</ele>
</trkpt>
   <trkpt lat="48.4064349" lon="7.3353801">
    <ele>625</ele>
</trkpt>
   <trkpt lat="48.4064377" lon="7.3354030">
    <ele>625</ele>
</trkpt>
   <trkpt lat="48.4064382" lon="7.3354290">
    <ele>625</ele>
</trkpt>
   <trkpt lat="48.4064387" lon="7.3354551">
    <ele>625</ele>
</trkpt>
   <trkpt lat="48.4064364" lon="7.3354833">
    <ele>625</ele>
</trkpt>
   <trkpt lat="48.4064342" lon="7.3355115">
    <ele>625</ele>
</trkpt>
   <trkpt lat="48.4064321" lon="7.3355341">
    <ele>626</ele>
</trkpt>
   <trkpt lat="48.4064300" lon="7.3355567">
    <ele>626</ele>
</trkpt>
   <trkpt lat="48.4064288" lon="7.3355749">
    <ele>627</ele>
</trkpt>
   <trkpt lat="48.4064277" lon="7.3355932">
    <ele>627</ele>
</trkpt>
   <trkpt lat="48.4064276" lon="7.3356122">
    <ele>627</ele>
</trkpt>
   <trkpt lat="48.4064276" lon="7.3356313">
    <ele>627</ele>
</trkpt>
   <trkpt lat="48.4064297" lon="7.3356502">
    <ele>627</ele>
</trkpt>
   <trkpt lat="48.4064318" lon="7.3356691">
    <ele>627</ele>
</trkpt>
   <trkpt lat="48.4064354" lon="7.3356868">
    <ele>627</ele>
</trkpt>
   <trkpt lat="48.4064391" lon="7.3357046">
    <ele>627</ele>
</trkpt>
   <trkpt lat="48.4064459" lon="7.3357235">
    <ele>627</ele>
</trkpt>
   <trkpt lat="48.4064528" lon="7.3357424">
    <ele>627</ele>
</trkpt>
   <trkpt lat="48.4064603" lon="7.3357625">
    <ele>627</ele>
</trkpt>
   <trkpt lat="48.4064679" lon="7.3357827">
    <ele>627</ele>
</trkpt>
   <trkpt lat="48.4064746" lon="7.3358010">
    <ele>627</ele>
</trkpt>
   <trkpt lat="48.4064814" lon="7.3358193">
    <ele>627</ele>
</trkpt>
   <trkpt lat="48.4064878" lon="7.3358370">
    <ele>627</ele>
</trkpt>
   <trkpt lat="48.4064942" lon="7.3358548">
    <ele>627</ele>
</trkpt>
   <trkpt lat="48.4065009" lon="7.3358736">
    <ele>627</ele>
</trkpt>
   <trkpt lat="48.4065076" lon="7.3358925">
    <ele>627</ele>
</trkpt>
   <trkpt lat="48.4065147" lon="7.3359125">
    <ele>627</ele>
</trkpt>
   <trkpt lat="48.4065218" lon="7.3359325">
    <ele>627</ele>
</trkpt>
   <trkpt lat="48.4065277" lon="7.3359517">
    <ele>628</ele>
</trkpt>
   <trkpt lat="48.4065337" lon="7.3359709">
    <ele>628</ele>
</trkpt>
   <trkpt lat="48.4065382" lon="7.3359895">
    <ele>628</ele>
</trkpt>
   <trkpt lat="48.4065427" lon="7.3360082">
    <ele>628</ele>
</trkpt>
   <trkpt lat="48.4065479" lon="7.3360275">
    <ele>628</ele>
</trkpt>
   <trkpt lat="48.4065531" lon="7.3360468">
    <ele>629</ele>
</trkpt>
   <trkpt lat="48.4065579" lon="7.3360653">
    <ele>629</ele>
</trkpt>
   <trkpt lat="48.4065628" lon="7.3360838">
    <ele>629</ele>
</trkpt>
   <trkpt lat="48.4065667" lon="7.3361035">
    <ele>629</ele>
</trkpt>
   <trkpt lat="48.4065707" lon="7.3361233">
    <ele>629</ele>
</trkpt>
   <trkpt lat="48.4065736" lon="7.3361454">
    <ele>630</ele>
</trkpt>
   <trkpt lat="48.4065765" lon="7.3361676">
    <ele>630</ele>
</trkpt>
   <trkpt lat="48.4065784" lon="7.3361903">
    <ele>630</ele>
</trkpt>
   <trkpt lat="48.4065804" lon="7.3362131">
    <ele>630</ele>
</trkpt>
   <trkpt lat="48.4065827" lon="7.3362335">
    <ele>630</ele>
</trkpt>
   <trkpt lat="48.4065850" lon="7.3362540">
    <ele>631</ele>
</trkpt>
   <trkpt lat="48.4065884" lon="7.3362729">
    <ele>631</ele>
</trkpt>
   <trkpt lat="48.4065919" lon="7.3362919">
    <ele>631</ele>
</trkpt>
   <trkpt lat="48.4065962" lon="7.3363109">
    <ele>631</ele>
</trkpt>
   <trkpt lat="48.4066006" lon="7.3363299">
    <ele>631</ele>
</trkpt>
   <trkpt lat="48.4066052" lon="7.3363495">
    <ele>631</ele>
</trkpt>
   <trkpt lat="48.4066098" lon="7.3363692">
    <ele>631</ele>
</trkpt>
   <trkpt lat="48.4066142" lon="7.3363898">
    <ele>631</ele>
</trkpt>
   <trkpt lat="48.4066186" lon="7.3364105">
    <ele>631</ele>
</trkpt>
   <trkpt lat="48.4066231" lon="7.3364307">
    <ele>631</ele>
</trkpt>
   <trkpt lat="48.4066277" lon="7.3364509">
    <ele>632</ele>
</trkpt>
   <trkpt lat="48.4066331" lon="7.3364718">
    <ele>632</ele>
</trkpt>
   <trkpt lat="48.4066386" lon="7.3364927">
    <ele>632</ele>
</trkpt>
   <trkpt lat="48.4066439" lon="7.3365132">
    <ele>633</ele>
</trkpt>
   <trkpt lat="48.4066492" lon="7.3365338">
    <ele>633</ele>
</trkpt>
   <trkpt lat="48.4066543" lon="7.3365551">
    <ele>634</ele>
</trkpt>
   <trkpt lat="48.4066595" lon="7.3365764">
    <ele>634</ele>
</trkpt>
   <trkpt lat="48.4066660" lon="7.3365954">
    <ele>634</ele>
</trkpt>
   <trkpt lat="48.4066726" lon="7.3366144">
    <ele>634</ele>
</trkpt>
   <trkpt lat="48.4066797" lon="7.3366316">
    <ele>634</ele>
</trkpt>
   <trkpt lat="48.4066868" lon="7.3366488">
    <ele>634</ele>
</trkpt>
   <trkpt lat="48.4066927" lon="7.3366660">
    <ele>634</ele>
</trkpt>
   <trkpt lat="48.4066986" lon="7.3366832">
    <ele>634</ele>
</trkpt>
   <trkpt lat="48.4067030" lon="7.3367002">
    <ele>634</ele>
</trkpt>
   <trkpt lat="48.4067074" lon="7.3367172">
    <ele>634</ele>
</trkpt>
   <trkpt lat="48.4067126" lon="7.3367358">
    <ele>634</ele>
</trkpt>
   <trkpt lat="48.4067179" lon="7.3367544">
    <ele>634</ele>
</trkpt>
   <trkpt lat="48.4067236" lon="7.3367755">
    <ele>634</ele>
</trkpt>
   <trkpt lat="48.4067294" lon="7.3367967">
    <ele>634</ele>
</trkpt>
   <trkpt lat="48.4067343" lon="7.3368175">
    <ele>634</ele>
</trkpt>
   <trkpt lat="48.4067392" lon="7.3368384">
    <ele>635</ele>
</trkpt>
   <trkpt lat="48.4067427" lon="7.3368581">
    <ele>635</ele>
</trkpt>
   <trkpt lat="48.4067462" lon="7.3368778">
    <ele>635</ele>
</trkpt>
   <trkpt lat="48.4067485" lon="7.3368957">
    <ele>635</ele>
</trkpt>
   <trkpt lat="48.4067508" lon="7.3369136">
    <ele>635</ele>
</trkpt>
   <trkpt lat="48.4067533" lon="7.3369321">
    <ele>635</ele>
</trkpt>
   <trkpt lat="48.4067559" lon="7.3369506">
    <ele>635</ele>
</trkpt>
   <trkpt lat="48.4067577" lon="7.3369707">
    <ele>635</ele>
</trkpt>
   <trkpt lat="48.4067595" lon="7.3369909">
    <ele>635</ele>
</trkpt>
   <trkpt lat="48.4067615" lon="7.3370123">
    <ele>635</ele>
</trkpt>
   <trkpt lat="48.4067635" lon="7.3370337">
    <ele>636</ele>
</trkpt>
   <trkpt lat="48.4067664" lon="7.3370530">
    <ele>636</ele>
</trkpt>
   <trkpt lat="48.4067693" lon="7.3370724">
    <ele>636</ele>
</trkpt>
   <trkpt lat="48.4067741" lon="7.3370913">
    <ele>636</ele>
</trkpt>
   <trkpt lat="48.4067790" lon="7.3371102">
    <ele>636</ele>
</trkpt>
   <trkpt lat="48.4067852" lon="7.3371298">
    <ele>637</ele>
</trkpt>
   <trkpt lat="48.4067915" lon="7.3371495">
    <ele>637</ele>
</trkpt>
   <trkpt lat="48.4067979" lon="7.3371685">
    <ele>637</ele>
</trkpt>
   <trkpt lat="48.4068044" lon="7.3371876">
    <ele>638</ele>
</trkpt>
   <trkpt lat="48.4068105" lon="7.3372071">
    <ele>638</ele>
</trkpt>
   <trkpt lat="48.4068167" lon="7.3372267">
    <ele>639</ele>
</trkpt>
   <trkpt lat="48.4068220" lon="7.3372448">
    <ele>639</ele>
</trkpt>
   <trkpt lat="48.4068273" lon="7.3372629">
    <ele>639</ele>
</trkpt>
   <trkpt lat="48.4068333" lon="7.3372763">
    <ele>639</ele>
</trkpt>
   <trkpt lat="48.4068393" lon="7.3372897">
    <ele>639</ele>
</trkpt>
   <trkpt lat="48.4068447" lon="7.3373019">
    <ele>639</ele>
</trkpt>
   <trkpt lat="48.4068501" lon="7.3373141">
    <ele>639</ele>
</trkpt>
   <trkpt lat="48.4068560" lon="7.3373270">
    <ele>639</ele>
</trkpt>
   <trkpt lat="48.4068619" lon="7.3373399">
    <ele>639</ele>
</trkpt>
   <trkpt lat="48.4068700" lon="7.3373526">
    <ele>639</ele>
</trkpt>
   <trkpt lat="48.4068781" lon="7.3373653">
    <ele>640</ele>
</trkpt>
   <trkpt lat="48.4068882" lon="7.3373791">
    <ele>640</ele>
</trkpt>
   <trkpt lat="48.4068984" lon="7.3373929">
    <ele>640</ele>
</trkpt>
   <trkpt lat="48.4069089" lon="7.3374079">
    <ele>640</ele>
</trkpt>
   <trkpt lat="48.4069194" lon="7.3374229">
    <ele>640</ele>
</trkpt>
   <trkpt lat="48.4069287" lon="7.3374381">
    <ele>640</ele>
</trkpt>
   <trkpt lat="48.4069380" lon="7.3374533">
    <ele>640</ele>
</trkpt>
   <trkpt lat="48.4069481" lon="7.3374667">
    <ele>640</ele>
</trkpt>
   <trkpt lat="48.4069582" lon="7.3374801">
    <ele>640</ele>
</trkpt>
   <trkpt lat="48.4069693" lon="7.3374930">
    <ele>640</ele>
</trkpt>
   <trkpt lat="48.4069804" lon="7.3375059">
    <ele>641</ele>
</trkpt>
   <trkpt lat="48.4069918" lon="7.3375183">
    <ele>641</ele>
</trkpt>
   <trkpt lat="48.4070033" lon="7.3375308">
    <ele>641</ele>
</trkpt>
   <trkpt lat="48.4070148" lon="7.3375384">
    <ele>641</ele>
</trkpt>
   <trkpt lat="48.4070263" lon="7.3375461">
    <ele>641</ele>
</trkpt>
   <trkpt lat="48.4070383" lon="7.3375533">
    <ele>642</ele>
</trkpt>
   <trkpt lat="48.4070504" lon="7.3375605">
    <ele>642</ele>
</trkpt>
   <trkpt lat="48.4070627" lon="7.3375671">
    <ele>642</ele>
</trkpt>
   <trkpt lat="48.4070750" lon="7.3375738">
    <ele>642</ele>
</trkpt>
   <trkpt lat="48.4070877" lon="7.3375801">
    <ele>642</ele>
</trkpt>
   <trkpt lat="48.4071005" lon="7.3375864">
    <ele>643</ele>
</trkpt>
   <trkpt lat="48.4071133" lon="7.3375922">
    <ele>643</ele>
</trkpt>
   <trkpt lat="48.4071262" lon="7.3375980">
    <ele>643</ele>
</trkpt>
   <trkpt lat="48.4071380" lon="7.3376008">
    <ele>643</ele>
</trkpt>
   <trkpt lat="48.4071499" lon="7.3376036">
    <ele>643</ele>
</trkpt>
   <trkpt lat="48.4071610" lon="7.3376054">
    <ele>644</ele>
</trkpt>
   <trkpt lat="48.4071721" lon="7.3376073">
    <ele>644</ele>
</trkpt>
   <trkpt lat="48.4071839" lon="7.3376140">
    <ele>644</ele>
</trkpt>
   <trkpt lat="48.4071958" lon="7.3376207">
    <ele>644</ele>
</trkpt>
   <trkpt lat="48.4072081" lon="7.3376332">
    <ele>644</ele>
</trkpt>
   <trkpt lat="48.4072204" lon="7.3376457">
    <ele>644</ele>
</trkpt>
   <trkpt lat="48.4072320" lon="7.3376589">
    <ele>644</ele>
</trkpt>
   <trkpt lat="48.4072437" lon="7.3376721">
    <ele>644</ele>
</trkpt>
   <trkpt lat="48.4072557" lon="7.3376811">
    <ele>644</ele>
</trkpt>
   <trkpt lat="48.4072677" lon="7.3376901">
    <ele>644</ele>
</trkpt>
   <trkpt lat="48.4072804" lon="7.3376972">
    <ele>645</ele>
</trkpt>
   <trkpt lat="48.4072932" lon="7.3377044">
    <ele>645</ele>
</trkpt>
   <trkpt lat="48.4073065" lon="7.3377128">
    <ele>645</ele>
</trkpt>
   <trkpt lat="48.4073199" lon="7.3377212">
    <ele>645</ele>
</trkpt>
   <trkpt lat="48.4073322" lon="7.3377282">
    <ele>645</ele>
</trkpt>
   <trkpt lat="48.4073446" lon="7.3377352">
    <ele>646</ele>
</trkpt>
   <trkpt lat="48.4073560" lon="7.3377391">
    <ele>646</ele>
</trkpt>
   <trkpt lat="48.4073675" lon="7.3377431">
    <ele>646</ele>
</trkpt>
   <trkpt lat="48.4073788" lon="7.3377462">
    <ele>646</ele>
</trkpt>
   <trkpt lat="48.4073901" lon="7.3377493">
    <ele>646</ele>
</trkpt>
   <trkpt lat="48.4074018" lon="7.3377529">
    <ele>646</ele>
</trkpt>
   <trkpt lat="48.4074135" lon="7.3377565">
    <ele>646</ele>
</trkpt>
   <trkpt lat="48.4074274" lon="7.3377593">
    <ele>646</ele>
</trkpt>
   <trkpt lat="48.4074414" lon="7.3377621">
    <ele>646</ele>
</trkpt>
   <trkpt lat="48.4074574" lon="7.3377624">
    <ele>646</ele>
</trkpt>
   <trkpt lat="48.4074735" lon="7.3377628">
    <ele>646</ele>
</trkpt>
   <trkpt lat="48.4074886" lon="7.3377625">
    <ele>646</ele>
</trkpt>
   <trkpt lat="48.4075037" lon="7.3377623">
    <ele>646</ele>
</trkpt>
   <trkpt lat="48.4075168" lon="7.3377618">
    <ele>646</ele>
</trkpt>
   <trkpt lat="48.4075299" lon="7.3377614">
    <ele>646</ele>
</trkpt>
   <trkpt lat="48.4075410" lon="7.3377608">
    <ele>647</ele>
</trkpt>
   <trkpt lat="48.4075521" lon="7.3377603">
    <ele>647</ele>
</trkpt>
   <trkpt lat="48.4075636" lon="7.3377606">
    <ele>647</ele>
</trkpt>
   <trkpt lat="48.4075751" lon="7.3377610">
    <ele>647</ele>
</trkpt>
   <trkpt lat="48.4075893" lon="7.3377575">
    <ele>647</ele>
</trkpt>
   <trkpt lat="48.4076036" lon="7.3377540">
    <ele>648</ele>
</trkpt>
   <trkpt lat="48.4076177" lon="7.3377471">
    <ele>648</ele>
</trkpt>
   <trkpt lat="48.4076319" lon="7.3377402">
    <ele>648</ele>
</trkpt>
   <trkpt lat="48.4076445" lon="7.3377314">
    <ele>648</ele>
</trkpt>
   <trkpt lat="48.4076571" lon="7.3377226">
    <ele>648</ele>
</trkpt>
   <trkpt lat="48.4076693" lon="7.3377135">
    <ele>649</ele>
</trkpt>
   <trkpt lat="48.4076816" lon="7.3377044">
    <ele>649</ele>
</trkpt>
   <trkpt lat="48.4076942" lon="7.3376958">
    <ele>649</ele>
</trkpt>
   <trkpt lat="48.4077069" lon="7.3376873">
    <ele>649</ele>
</trkpt>
   <trkpt lat="48.4077194" lon="7.3376796">
    <ele>649</ele>
</trkpt>
   <trkpt lat="48.4077320" lon="7.3376719">
    <ele>650</ele>
</trkpt>
   <trkpt lat="48.4077449" lon="7.3376640">
    <ele>650</ele>
</trkpt>
   <trkpt lat="48.4077579" lon="7.3376562">
    <ele>650</ele>
</trkpt>
   <trkpt lat="48.4077702" lon="7.3376490">
    <ele>650</ele>
</trkpt>
   <trkpt lat="48.4077826" lon="7.3376419">
    <ele>650</ele>
</trkpt>
   <trkpt lat="48.4077950" lon="7.3376373">
    <ele>650</ele>
</trkpt>
   <trkpt lat="48.4078074" lon="7.3376327">
    <ele>650</ele>
</trkpt>
   <trkpt lat="48.4078193" lon="7.3376315">
    <ele>650</ele>
</trkpt>
   <trkpt lat="48.4078313" lon="7.3376304">
    <ele>650</ele>
</trkpt>
   <trkpt lat="48.4078431" lon="7.3376341">
    <ele>650</ele>
</trkpt>
   <trkpt lat="48.4078549" lon="7.3376379">
    <ele>651</ele>
</trkpt>
   <trkpt lat="48.4078657" lon="7.3376446">
    <ele>651</ele>
</trkpt>
   <trkpt lat="48.4078766" lon="7.3376514">
    <ele>651</ele>
</trkpt>
   <trkpt lat="48.4078876" lon="7.3376590">
    <ele>651</ele>
</trkpt>
   <trkpt lat="48.4078987" lon="7.3376667">
    <ele>651</ele>
</trkpt>
   <trkpt lat="48.4079108" lon="7.3376727">
    <ele>651</ele>
</trkpt>
   <trkpt lat="48.4079229" lon="7.3376788">
    <ele>651</ele>
</trkpt>
   <trkpt lat="48.4079346" lon="7.3376851">
    <ele>651</ele>
</trkpt>
   <trkpt lat="48.4079464" lon="7.3376914">
    <ele>651</ele>
</trkpt>
   <trkpt lat="48.4079575" lon="7.3376989">
    <ele>651</ele>
</trkpt>
   <trkpt lat="48.4079687" lon="7.3377064">
    <ele>652</ele>
</trkpt>
   <trkpt lat="48.4079790" lon="7.3377153">
    <ele>652</ele>
</trkpt>
   <trkpt lat="48.4079894" lon="7.3377242">
    <ele>652</ele>
</trkpt>
   <trkpt lat="48.4080005" lon="7.3377391">
    <ele>652</ele>
</trkpt>
   <trkpt lat="48.4080116" lon="7.3377541">
    <ele>652</ele>
</trkpt>
   <trkpt lat="48.4080227" lon="7.3377718">
    <ele>652</ele>
</trkpt>
   <trkpt lat="48.4080339" lon="7.3377895">
    <ele>652</ele>
</trkpt>
   <trkpt lat="48.4080457" lon="7.3378077">
    <ele>652</ele>
</trkpt>
   <trkpt lat="48.4080575" lon="7.3378259">
    <ele>652</ele>
</trkpt>
   <trkpt lat="48.4080684" lon="7.3378408">
    <ele>652</ele>
</trkpt>
   <trkpt lat="48.4080794" lon="7.3378558">
    <ele>653</ele>
</trkpt>
   <trkpt lat="48.4080898" lon="7.3378681">
    <ele>653</ele>
</trkpt>
   <trkpt lat="48.4081002" lon="7.3378804">
    <ele>653</ele>
</trkpt>
   <trkpt lat="48.4081097" lon="7.3378912">
    <ele>653</ele>
</trkpt>
   <trkpt lat="48.4081193" lon="7.3379020">
    <ele>653</ele>
</trkpt>
   <trkpt lat="48.4081288" lon="7.3379121">
    <ele>654</ele>
</trkpt>
   <trkpt lat="48.4081383" lon="7.3379223">
    <ele>654</ele>
</trkpt>
   <trkpt lat="48.4081489" lon="7.3379319">
    <ele>654</ele>
</trkpt>
   <trkpt lat="48.4081596" lon="7.3379415">
    <ele>654</ele>
</trkpt>
   <trkpt lat="48.4081707" lon="7.3379521">
    <ele>654</ele>
</trkpt>
   <trkpt lat="48.4081819" lon="7.3379628">
    <ele>654</ele>
</trkpt>
   <trkpt lat="48.4081931" lon="7.3379741">
    <ele>654</ele>
</trkpt>
   <trkpt lat="48.4082044" lon="7.3379855">
    <ele>654</ele>
</trkpt>
   <trkpt lat="48.4082146" lon="7.3379992">
    <ele>655</ele>
</trkpt>
   <trkpt lat="48.4082249" lon="7.3380129">
    <ele>655</ele>
</trkpt>
   <trkpt lat="48.4082337" lon="7.3380296">
    <ele>656</ele>
</trkpt>
   <trkpt lat="48.4082425" lon="7.3380463">
    <ele>656</ele>
</trkpt>
   <trkpt lat="48.4082504" lon="7.3380628">
    <ele>656</ele>
</trkpt>
   <trkpt lat="48.4082583" lon="7.3380794">
    <ele>656</ele>
</trkpt>
   <trkpt lat="48.4082660" lon="7.3380936">
    <ele>656</ele>
</trkpt>
   <trkpt lat="48.4082738" lon="7.3381079">
    <ele>657</ele>
</trkpt>
   <trkpt lat="48.4082818" lon="7.3381218">
    <ele>657</ele>
</trkpt>
   <trkpt lat="48.4082898" lon="7.3381358">
    <ele>657</ele>
</trkpt>
   <trkpt lat="48.4082965" lon="7.3381512">
    <ele>657</ele>
</trkpt>
   <trkpt lat="48.4083032" lon="7.3381667">
    <ele>657</ele>
</trkpt>
   <trkpt lat="48.4083093" lon="7.3381843">
    <ele>657</ele>
</trkpt>
   <trkpt lat="48.4083155" lon="7.3382019">
    <ele>657</ele>
</trkpt>
   <trkpt lat="48.4083227" lon="7.3382198">
    <ele>657</ele>
</trkpt>
   <trkpt lat="48.4083299" lon="7.3382377">
    <ele>657</ele>
</trkpt>
   <trkpt lat="48.4083384" lon="7.3382537">
    <ele>657</ele>
</trkpt>
   <trkpt lat="48.4083470" lon="7.3382697">
    <ele>658</ele>
</trkpt>
   <trkpt lat="48.4083567" lon="7.3382860">
    <ele>658</ele>
</trkpt>
   <trkpt lat="48.4083665" lon="7.3383023">
    <ele>658</ele>
</trkpt>
   <trkpt lat="48.4083766" lon="7.3383221">
    <ele>658</ele>
</trkpt>
   <trkpt lat="48.4083868" lon="7.3383419">
    <ele>658</ele>
</trkpt>
   <trkpt lat="48.4083967" lon="7.3383628">
    <ele>659</ele>
</trkpt>
   <trkpt lat="48.4084067" lon="7.3383838">
    <ele>659</ele>
</trkpt>
   <trkpt lat="48.4084170" lon="7.3384021">
    <ele>659</ele>
</trkpt>
   <trkpt lat="48.4084274" lon="7.3384205">
    <ele>659</ele>
</trkpt>
   <trkpt lat="48.4084362" lon="7.3384354">
    <ele>659</ele>
</trkpt>
   <trkpt lat="48.4084451" lon="7.3384503">
    <ele>660</ele>
</trkpt>
   <trkpt lat="48.4084521" lon="7.3384666">
    <ele>660</ele>
</trkpt>
   <trkpt lat="48.4084591" lon="7.3384829">
    <ele>660</ele>
</trkpt>
   <trkpt lat="48.4084653" lon="7.3385003">
    <ele>660</ele>
</trkpt>
   <trkpt lat="48.4084715" lon="7.3385177">
    <ele>660</ele>
</trkpt>
   <trkpt lat="48.4084791" lon="7.3385358">
    <ele>661</ele>
</trkpt>
   <trkpt lat="48.4084868" lon="7.3385540">
    <ele>661</ele>
</trkpt>
   <trkpt lat="48.4084973" lon="7.3385694">
    <ele>661</ele>
</trkpt>
   <trkpt lat="48.4085078" lon="7.3385849">
    <ele>661</ele>
</trkpt>
   <trkpt lat="48.4085202" lon="7.3385970">
    <ele>661</ele>
</trkpt>
   <trkpt lat="48.4085327" lon="7.3386092">
    <ele>661</ele>
</trkpt>
   <trkpt lat="48.4085448" lon="7.3386185">
    <ele>661</ele>
</trkpt>
   <trkpt lat="48.4085570" lon="7.3386278">
    <ele>661</ele>
</trkpt>
   <trkpt lat="48.4085688" lon="7.3386327">
    <ele>661</ele>
</trkpt>
   <trkpt lat="48.4085807" lon="7.3386377">
    <ele>661</ele>
</trkpt>
   <trkpt lat="48.4085928" lon="7.3386410">
    <ele>661</ele>
</trkpt>
   <trkpt lat="48.4086049" lon="7.3386443">
    <ele>661</ele>
</trkpt>
   <trkpt lat="48.4086175" lon="7.3386492">
    <ele>661</ele>
</trkpt>
   <trkpt lat="48.4086301" lon="7.3386541">
    <ele>661</ele>
</trkpt>
   <trkpt lat="48.4086425" lon="7.3386608">
    <ele>661</ele>
</trkpt>
   <trkpt lat="48.4086549" lon="7.3386676">
    <ele>662</ele>
</trkpt>
   <trkpt lat="48.4086677" lon="7.3386764">
    <ele>662</ele>
</trkpt>
   <trkpt lat="48.4086806" lon="7.3386852">
    <ele>662</ele>
</trkpt>
   <trkpt lat="48.4086936" lon="7.3386938">
    <ele>662</ele>
</trkpt>
   <trkpt lat="48.4087066" lon="7.3387025">
    <ele>662</ele>
</trkpt>
   <trkpt lat="48.4087204" lon="7.3387096">
    <ele>663</ele>
</trkpt>
   <trkpt lat="48.4087342" lon="7.3387168">
    <ele>663</ele>
</trkpt>
   <trkpt lat="48.4087477" lon="7.3387220">
    <ele>663</ele>
</trkpt>
   <trkpt lat="48.4087612" lon="7.3387272">
    <ele>663</ele>
</trkpt>
   <trkpt lat="48.4087752" lon="7.3387342">
    <ele>663</ele>
</trkpt>
   <trkpt lat="48.4087893" lon="7.3387412">
    <ele>663</ele>
</trkpt>
   <trkpt lat="48.4088023" lon="7.3387520">
    <ele>663</ele>
</trkpt>
   <trkpt lat="48.4088154" lon="7.3387628">
    <ele>663</ele>
</trkpt>
   <trkpt lat="48.4088288" lon="7.3387766">
    <ele>663</ele>
</trkpt>
   <trkpt lat="48.4088422" lon="7.3387905">
    <ele>663</ele>
</trkpt>
   <trkpt lat="48.4088548" lon="7.3388041">
    <ele>664</ele>
</trkpt>
   <trkpt lat="48.4088675" lon="7.3388177">
    <ele>664</ele>
</trkpt>
   <trkpt lat="48.4088789" lon="7.3388303">
    <ele>664</ele>
</trkpt>
   <trkpt lat="48.4088904" lon="7.3388429">
    <ele>664</ele>
</trkpt>
   <trkpt lat="48.4089004" lon="7.3388552">
    <ele>664</ele>
</trkpt>
   <trkpt lat="48.4089105" lon="7.3388676">
    <ele>664</ele>
</trkpt>
   <trkpt lat="48.4089199" lon="7.3388805">
    <ele>664</ele>
</trkpt>
   <trkpt lat="48.4089294" lon="7.3388934">
    <ele>664</ele>
</trkpt>
   <trkpt lat="48.4089403" lon="7.3389093">
    <ele>664</ele>
</trkpt>
   <trkpt lat="48.4089513" lon="7.3389252">
    <ele>664</ele>
</trkpt>
   <trkpt lat="48.4089624" lon="7.3389442">
    <ele>665</ele>
</trkpt>
   <trkpt lat="48.4089736" lon="7.3389633">
    <ele>665</ele>
</trkpt>
   <trkpt lat="48.4089834" lon="7.3389824">
    <ele>665</ele>
</trkpt>
   <trkpt lat="48.4089932" lon="7.3390016">
    <ele>665</ele>
</trkpt>
   <trkpt lat="48.4090027" lon="7.3390188">
    <ele>665</ele>
</trkpt>
   <trkpt lat="48.4090123" lon="7.3390360">
    <ele>666</ele>
</trkpt>
   <trkpt lat="48.4090225" lon="7.3390496">
    <ele>666</ele>
</trkpt>
   <trkpt lat="48.4090328" lon="7.3390632">
    <ele>666</ele>
</trkpt>
   <trkpt lat="48.4090439" lon="7.3390769">
    <ele>666</ele>
</trkpt>
   <trkpt lat="48.4090551" lon="7.3390906">
    <ele>666</ele>
</trkpt>
   <trkpt lat="48.4090664" lon="7.3391052">
    <ele>666</ele>
</trkpt>
   <trkpt lat="48.4090778" lon="7.3391198">
    <ele>666</ele>
</trkpt>
   <trkpt lat="48.4090892" lon="7.3391357">
    <ele>666</ele>
</trkpt>
   <trkpt lat="48.4091007" lon="7.3391517">
    <ele>666</ele>
</trkpt>
   <trkpt lat="48.4091122" lon="7.3391670">
    <ele>666</ele>
</trkpt>
   <trkpt lat="48.4091238" lon="7.3391824">
    <ele>666</ele>
</trkpt>
   <trkpt lat="48.4091332" lon="7.3391942">
    <ele>666</ele>
</trkpt>
   <trkpt lat="48.4091427" lon="7.3392061">
    <ele>666</ele>
</trkpt>
   <trkpt lat="48.4091498" lon="7.3392177">
    <ele>666</ele>
</trkpt>
   <trkpt lat="48.4091570" lon="7.3392294">
    <ele>666</ele>
</trkpt>
   <trkpt lat="48.4091634" lon="7.3392445">
    <ele>667</ele>
</trkpt>
   <trkpt lat="48.4091699" lon="7.3392596">
    <ele>667</ele>
</trkpt>
   <trkpt lat="48.4091765" lon="7.3392790">
    <ele>667</ele>
</trkpt>
   <trkpt lat="48.4091831" lon="7.3392985">
    <ele>667</ele>
</trkpt>
   <trkpt lat="48.4091894" lon="7.3393205">
    <ele>667</ele>
</trkpt>
   <trkpt lat="48.4091958" lon="7.3393426">
    <ele>668</ele>
</trkpt>
   <trkpt lat="48.4092012" lon="7.3393643">
    <ele>668</ele>
</trkpt>
   <trkpt lat="48.4092067" lon="7.3393861">
    <ele>668</ele>
</trkpt>
   <trkpt lat="48.4092130" lon="7.3394068">
    <ele>668</ele>
</trkpt>
   <trkpt lat="48.4092193" lon="7.3394275">
    <ele>668</ele>
</trkpt>
   <trkpt lat="48.4092260" lon="7.3394466">
    <ele>669</ele>
</trkpt>
   <trkpt lat="48.4092328" lon="7.3394658">
    <ele>669</ele>
</trkpt>
   <trkpt lat="48.4092392" lon="7.3394835">
    <ele>669</ele>
</trkpt>
   <trkpt lat="48.4092456" lon="7.3395013">
    <ele>669</ele>
</trkpt>
   <trkpt lat="48.4092512" lon="7.3395186">
    <ele>669</ele>
</trkpt>
   <trkpt lat="48.4092568" lon="7.3395360">
    <ele>670</ele>
</trkpt>
   <trkpt lat="48.4092624" lon="7.3395528">
    <ele>670</ele>
</trkpt>
   <trkpt lat="48.4092680" lon="7.3395696">
    <ele>670</ele>
</trkpt>
   <trkpt lat="48.4092750" lon="7.3395864">
    <ele>670</ele>
</trkpt>
   <trkpt lat="48.4092821" lon="7.3396032">
    <ele>670</ele>
</trkpt>
   <trkpt lat="48.4092894" lon="7.3396206">
    <ele>670</ele>
</trkpt>
   <trkpt lat="48.4092968" lon="7.3396380">
    <ele>670</ele>
</trkpt>
   <trkpt lat="48.4093030" lon="7.3396540">
    <ele>670</ele>
</trkpt>
   <trkpt lat="48.4093092" lon="7.3396700">
    <ele>670</ele>
</trkpt>
   <trkpt lat="48.4093162" lon="7.3396864">
    <ele>670</ele>
</trkpt>
   <trkpt lat="48.4093233" lon="7.3397028">
    <ele>671</ele>
</trkpt>
   <trkpt lat="48.4093314" lon="7.3397203">
    <ele>671</ele>
</trkpt>
   <trkpt lat="48.4093396" lon="7.3397378">
    <ele>671</ele>
</trkpt>
   <trkpt lat="48.4093477" lon="7.3397521">
    <ele>671</ele>
</trkpt>
   <trkpt lat="48.4093559" lon="7.3397664">
    <ele>671</ele>
</trkpt>
   <trkpt lat="48.4093651" lon="7.3397780">
    <ele>671</ele>
</trkpt>
   <trkpt lat="48.4093744" lon="7.3397897">
    <ele>671</ele>
</trkpt>
   <trkpt lat="48.4093851" lon="7.3397993">
    <ele>671</ele>
</trkpt>
   <trkpt lat="48.4093959" lon="7.3398089">
    <ele>672</ele>
</trkpt>
   <trkpt lat="48.4094079" lon="7.3398180">
    <ele>672</ele>
</trkpt>
   <trkpt lat="48.4094200" lon="7.3398271">
    <ele>673</ele>
</trkpt>
   <trkpt lat="48.4094321" lon="7.3398357">
    <ele>673</ele>
</trkpt>
   <trkpt lat="48.4094443" lon="7.3398444">
    <ele>673</ele>
</trkpt>
   <trkpt lat="48.4094563" lon="7.3398525">
    <ele>673</ele>
</trkpt>
   <trkpt lat="48.4094683" lon="7.3398606">
    <ele>673</ele>
</trkpt>
   <trkpt lat="48.4094812" lon="7.3398673">
    <ele>674</ele>
</trkpt>
   <trkpt lat="48.4094942" lon="7.3398741">
    <ele>674</ele>
</trkpt>
   <trkpt lat="48.4095081" lon="7.3398771">
    <ele>674</ele>
</trkpt>
   <trkpt lat="48.4095221" lon="7.3398801">
    <ele>674</ele>
</trkpt>
   <trkpt lat="48.4095368" lon="7.3398785">
    <ele>674</ele>
</trkpt>
   <trkpt lat="48.4095516" lon="7.3398770">
    <ele>674</ele>
</trkpt>
   <trkpt lat="48.4095674" lon="7.3398751">
    <ele>674</ele>
</trkpt>
   <trkpt lat="48.4095833" lon="7.3398733">
    <ele>674</ele>
</trkpt>
   <trkpt lat="48.4095985" lon="7.3398714">
    <ele>674</ele>
</trkpt>
   <trkpt lat="48.4096137" lon="7.3398695">
    <ele>674</ele>
</trkpt>
   <trkpt lat="48.4096293" lon="7.3398664">
    <ele>674</ele>
</trkpt>
   <trkpt lat="48.4096449" lon="7.3398634">
    <ele>674</ele>
</trkpt>
   <trkpt lat="48.4096583" lon="7.3398583">
    <ele>674</ele>
</trkpt>
   <trkpt lat="48.4096717" lon="7.3398532">
    <ele>674</ele>
</trkpt>
   <trkpt lat="48.4096837" lon="7.3398450">
    <ele>674</ele>
</trkpt>
   <trkpt lat="48.4096957" lon="7.3398369">
    <ele>675</ele>
</trkpt>
   <trkpt lat="48.4097089" lon="7.3398272">
    <ele>675</ele>
</trkpt>
   <trkpt lat="48.4097221" lon="7.3398176">
    <ele>675</ele>
</trkpt>
   <trkpt lat="48.4097366" lon="7.3398083">
    <ele>675</ele>
</trkpt>
   <trkpt lat="48.4097512" lon="7.3397991">
    <ele>675</ele>
</trkpt>
   <trkpt lat="48.4097659" lon="7.3397905">
    <ele>675</ele>
</trkpt>
   <trkpt lat="48.4097807" lon="7.3397820">
    <ele>675</ele>
</trkpt>
   <trkpt lat="48.4097948" lon="7.3397746">
    <ele>675</ele>
</trkpt>
   <trkpt lat="48.4098090" lon="7.3397673">
    <ele>675</ele>
</trkpt>
   <trkpt lat="48.4098231" lon="7.3397610">
    <ele>675</ele>
</trkpt>
   <trkpt lat="48.4098372" lon="7.3397548">
    <ele>676</ele>
</trkpt>
   <trkpt lat="48.4098524" lon="7.3397480">
    <ele>676</ele>
</trkpt>
   <trkpt lat="48.4098677" lon="7.3397413">
    <ele>676</ele>
</trkpt>
   <trkpt lat="48.4098860" lon="7.3397330">
    <ele>676</ele>
</trkpt>
   <trkpt lat="48.4099044" lon="7.3397248">
    <ele>676</ele>
</trkpt>
   <trkpt lat="48.4099245" lon="7.3397135">
    <ele>676</ele>
</trkpt>
   <trkpt lat="48.4099446" lon="7.3397023">
    <ele>676</ele>
</trkpt>
   <trkpt lat="48.4099657" lon="7.3396896">
    <ele>676</ele>
</trkpt>
   <trkpt lat="48.4099869" lon="7.3396769">
    <ele>676</ele>
</trkpt>
   <trkpt lat="48.4100093" lon="7.3396624">
    <ele>676</ele>
</trkpt>
   <trkpt lat="48.4100317" lon="7.3396480">
    <ele>676</ele>
</trkpt>
   <trkpt lat="48.4100515" lon="7.3396299">
    <ele>676</ele>
</trkpt>
   <trkpt lat="48.4100713" lon="7.3396118">
    <ele>676</ele>
</trkpt>
   <trkpt lat="48.4100895" lon="7.3395925">
    <ele>676</ele>
</trkpt>
   <trkpt lat="48.4101078" lon="7.3395732">
    <ele>676</ele>
</trkpt>
   <trkpt lat="48.4101242" lon="7.3395530">
    <ele>677</ele>
</trkpt>
   <trkpt lat="48.4101406" lon="7.3395329">
    <ele>677</ele>
</trkpt>
   <trkpt lat="48.4101562" lon="7.3395115">
    <ele>677</ele>
</trkpt>
   <trkpt lat="48.4101718" lon="7.3394902">
    <ele>677</ele>
</trkpt>
   <trkpt lat="48.4101879" lon="7.3394679">
    <ele>677</ele>
</trkpt>
   <trkpt lat="48.4102041" lon="7.3394456">
    <ele>678</ele>
</trkpt>
   <trkpt lat="48.4102183" lon="7.3394271">
    <ele>678</ele>
</trkpt>
   <trkpt lat="48.4102325" lon="7.3394086">
    <ele>678</ele>
</trkpt>
   <trkpt lat="48.4102431" lon="7.3393919">
    <ele>679</ele>
</trkpt>
   <trkpt lat="48.4102537" lon="7.3393753">
    <ele>679</ele>
</trkpt>
   <trkpt lat="48.4102618" lon="7.3393608">
    <ele>680</ele>
</trkpt>
   <trkpt lat="48.4102700" lon="7.3393463">
    <ele>680</ele>
</trkpt>
   <trkpt lat="48.4102776" lon="7.3393344">
    <ele>680</ele>
</trkpt>
   <trkpt lat="48.4102852" lon="7.3393226">
    <ele>680</ele>
</trkpt>
   <trkpt lat="48.4102919" lon="7.3393084">
    <ele>680</ele>
</trkpt>
   <trkpt lat="48.4102987" lon="7.3392942">
    <ele>681</ele>
</trkpt>
   <trkpt lat="48.4103048" lon="7.3392768">
    <ele>681</ele>
</trkpt>
   <trkpt lat="48.4103110" lon="7.3392595">
    <ele>681</ele>
</trkpt>
   <trkpt lat="48.4103178" lon="7.3392415">
    <ele>681</ele>
</trkpt>
   <trkpt lat="48.4103247" lon="7.3392235">
    <ele>681</ele>
</trkpt>
   <trkpt lat="48.4103334" lon="7.3392071">
    <ele>682</ele>
</trkpt>
   <trkpt lat="48.4103421" lon="7.3391908">
    <ele>681</ele>
</trkpt>
   <trkpt lat="48.4103521" lon="7.3391744">
    <ele>681</ele>
</trkpt>
   <trkpt lat="48.4103621" lon="7.3391580">
    <ele>681</ele>
</trkpt>
   <trkpt lat="48.4103741" lon="7.3391425">
    <ele>681</ele>
</trkpt>
   <trkpt lat="48.4103862" lon="7.3391270">
    <ele>681</ele>
</trkpt>
   <trkpt lat="48.4103993" lon="7.3391136">
    <ele>681</ele>
</trkpt>
   <trkpt lat="48.4104125" lon="7.3391003">
    <ele>681</ele>
</trkpt>
   <trkpt lat="48.4104254" lon="7.3390904">
    <ele>681</ele>
</trkpt>
   <trkpt lat="48.4104383" lon="7.3390805">
    <ele>681</ele>
</trkpt>
   <trkpt lat="48.4104504" lon="7.3390735">
    <ele>681</ele>
</trkpt>
   <trkpt lat="48.4104626" lon="7.3390665">
    <ele>681</ele>
</trkpt>
   <trkpt lat="48.4104743" lon="7.3390601">
    <ele>681</ele>
</trkpt>
   <trkpt lat="48.4104860" lon="7.3390538">
    <ele>681</ele>
</trkpt>
   <trkpt lat="48.4104980" lon="7.3390471">
    <ele>681</ele>
</trkpt>
   <trkpt lat="48.4105101" lon="7.3390404">
    <ele>682</ele>
</trkpt>
   <trkpt lat="48.4105206" lon="7.3390357">
    <ele>682</ele>
</trkpt>
   <trkpt lat="48.4105311" lon="7.3390311">
    <ele>682</ele>
</trkpt>
   <trkpt lat="48.4105409" lon="7.3390274">
    <ele>682</ele>
</trkpt>
   <trkpt lat="48.4105507" lon="7.3390237">
    <ele>682</ele>
</trkpt>
   <trkpt lat="48.4105597" lon="7.3390186">
    <ele>683</ele>
</trkpt>
   <trkpt lat="48.4105688" lon="7.3390135">
    <ele>683</ele>
</trkpt>
   <trkpt lat="48.4105806" lon="7.3390121">
    <ele>683</ele>
</trkpt>
   <trkpt lat="48.4105924" lon="7.3390107">
    <ele>683</ele>
</trkpt>
   <trkpt lat="48.4106078" lon="7.3390118">
    <ele>683</ele>
</trkpt>
   <trkpt lat="48.4106233" lon="7.3390130">
    <ele>684</ele>
</trkpt>
   <trkpt lat="48.4106387" lon="7.3390152">
    <ele>684</ele>
</trkpt>
   <trkpt lat="48.4106542" lon="7.3390174">
    <ele>684</ele>
</trkpt>
   <trkpt lat="48.4106671" lon="7.3390180">
    <ele>684</ele>
</trkpt>
   <trkpt lat="48.4106800" lon="7.3390187">
    <ele>684</ele>
</trkpt>
   <trkpt lat="48.4106905" lon="7.3390170">
    <ele>685</ele>
</trkpt>
   <trkpt lat="48.4107011" lon="7.3390153">
    <ele>685</ele>
</trkpt>
   <trkpt lat="48.4107127" lon="7.3390139">
    <ele>685</ele>
</trkpt>
   <trkpt lat="48.4107243" lon="7.3390125">
    <ele>685</ele>
</trkpt>
   <trkpt lat="48.4107372" lon="7.3390129">
    <ele>685</ele>
</trkpt>
   <trkpt lat="48.4107502" lon="7.3390134">
    <ele>686</ele>
</trkpt>
   <trkpt lat="48.4107635" lon="7.3390139">
    <ele>686</ele>
</trkpt>
   <trkpt lat="48.4107768" lon="7.3390145">
    <ele>686</ele>
</trkpt>
   <trkpt lat="48.4107880" lon="7.3390146">
    <ele>686</ele>
</trkpt>
   <trkpt lat="48.4107992" lon="7.3390148">
    <ele>686</ele>
</trkpt>
   <trkpt lat="48.4108071" lon="7.3390159">
    <ele>686</ele>
</trkpt>
   <trkpt lat="48.4108151" lon="7.3390171">
    <ele>686</ele>
</trkpt>
   <trkpt lat="48.4108244" lon="7.3390182">
    <ele>686</ele>
</trkpt>
   <trkpt lat="48.4108338" lon="7.3390193">
    <ele>687</ele>
</trkpt>
   <trkpt lat="48.4108475" lon="7.3390225">
    <ele>687</ele>
</trkpt>
   <trkpt lat="48.4108612" lon="7.3390257">
    <ele>688</ele>
</trkpt>
   <trkpt lat="48.4108758" lon="7.3390292">
    <ele>688</ele>
</trkpt>
   <trkpt lat="48.4108905" lon="7.3390328">
    <ele>688</ele>
</trkpt>
   <trkpt lat="48.4109039" lon="7.3390348">
    <ele>688</ele>
</trkpt>
   <trkpt lat="48.4109173" lon="7.3390369">
    <ele>688</ele>
</trkpt>
   <trkpt lat="48.4109276" lon="7.3390399">
    <ele>689</ele>
</trkpt>
   <trkpt lat="48.4109379" lon="7.3390429">
    <ele>689</ele>
</trkpt>
   <trkpt lat="48.4109484" lon="7.3390445">
    <ele>689</ele>
</trkpt>
   <trkpt lat="48.4109589" lon="7.3390461">
    <ele>689</ele>
</trkpt>
   <trkpt lat="48.4109718" lon="7.3390456">
    <ele>689</ele>
</trkpt>
   <trkpt lat="48.4109847" lon="7.3390452">
    <ele>690</ele>
</trkpt>
   <trkpt lat="48.4109975" lon="7.3390465">
    <ele>690</ele>
</trkpt>
   <trkpt lat="48.4110104" lon="7.3390478">
    <ele>690</ele>
</trkpt>
   <trkpt lat="48.4110220" lon="7.3390494">
    <ele>690</ele>
</trkpt>
   <trkpt lat="48.4110336" lon="7.3390510">
    <ele>690</ele>
</trkpt>
   <trkpt lat="48.4110455" lon="7.3390520">
    <ele>691</ele>
</trkpt>
   <trkpt lat="48.4110575" lon="7.3390530">
    <ele>691</ele>
</trkpt>
   <trkpt lat="48.4110696" lon="7.3390557">
    <ele>691</ele>
</trkpt>
   <trkpt lat="48.4110817" lon="7.3390585">
    <ele>691</ele>
</trkpt>
   <trkpt lat="48.4110927" lon="7.3390616">
    <ele>691</ele>
</trkpt>
   <trkpt lat="48.4111037" lon="7.3390647">
    <ele>692</ele>
</trkpt>
   <trkpt lat="48.4111169" lon="7.3390697">
    <ele>692</ele>
</trkpt>
   <trkpt lat="48.4111301" lon="7.3390748">
    <ele>692</ele>
</trkpt>
   <trkpt lat="48.4111453" lon="7.3390801">
    <ele>692</ele>
</trkpt>
   <trkpt lat="48.4111606" lon="7.3390855">
    <ele>692</ele>
</trkpt>
   <trkpt lat="48.4111738" lon="7.3390881">
    <ele>693</ele>
</trkpt>
   <trkpt lat="48.4111871" lon="7.3390907">
    <ele>693</ele>
</trkpt>
   <trkpt lat="48.4111990" lon="7.3390905">
    <ele>693</ele>
</trkpt>
   <trkpt lat="48.4112109" lon="7.3390904">
    <ele>693</ele>
</trkpt>
   <trkpt lat="48.4112219" lon="7.3390876">
    <ele>693</ele>
</trkpt>
   <trkpt lat="48.4112330" lon="7.3390849">
    <ele>694</ele>
</trkpt>
   <trkpt lat="48.4112451" lon="7.3390828">
    <ele>694</ele>
</trkpt>
   <trkpt lat="48.4112573" lon="7.3390807">
    <ele>694</ele>
</trkpt>
   <trkpt lat="48.4112700" lon="7.3390799">
    <ele>694</ele>
</trkpt>
   <trkpt lat="48.4112828" lon="7.3390792">
    <ele>694</ele>
</trkpt>
   <trkpt lat="48.4112941" lon="7.3390769">
    <ele>695</ele>
</trkpt>
   <trkpt lat="48.4113054" lon="7.3390747">
    <ele>695</ele>
</trkpt>
   <trkpt lat="48.4113161" lon="7.3390710">
    <ele>695</ele>
</trkpt>
   <trkpt lat="48.4113268" lon="7.3390673">
    <ele>696</ele>
</trkpt>
   <trkpt lat="48.4113398" lon="7.3390647">
    <ele>696</ele>
</trkpt>
   <trkpt lat="48.4113529" lon="7.3390622">
    <ele>697</ele>
</trkpt>
   <trkpt lat="48.4113675" lon="7.3390616">
    <ele>697</ele>
</trkpt>
   <trkpt lat="48.4113821" lon="7.3390610">
    <ele>697</ele>
</trkpt>
   <trkpt lat="48.4113958" lon="7.3390621">
    <ele>697</ele>
</trkpt>
   <trkpt lat="48.4114095" lon="7.3390632">
    <ele>697</ele>
</trkpt>
   <trkpt lat="48.4114221" lon="7.3390639">
    <ele>698</ele>
</trkpt>
   <trkpt lat="48.4114347" lon="7.3390647">
    <ele>698</ele>
</trkpt>
   <trkpt lat="48.4114465" lon="7.3390653">
    <ele>698</ele>
</trkpt>
   <trkpt lat="48.4114584" lon="7.3390659">
    <ele>698</ele>
</trkpt>
   <trkpt lat="48.4114704" lon="7.3390661">
    <ele>698</ele>
</trkpt>
   <trkpt lat="48.4114824" lon="7.3390663">
    <ele>699</ele>
</trkpt>
   <trkpt lat="48.4114942" lon="7.3390663">
    <ele>699</ele>
</trkpt>
   <trkpt lat="48.4115061" lon="7.3390663">
    <ele>699</ele>
</trkpt>
   <trkpt lat="48.4115167" lon="7.3390665">
    <ele>699</ele>
</trkpt>
   <trkpt lat="48.4115273" lon="7.3390668">
    <ele>699</ele>
</trkpt>
   <trkpt lat="48.4115374" lon="7.3390679">
    <ele>700</ele>
</trkpt>
   <trkpt lat="48.4115475" lon="7.3390690">
    <ele>700</ele>
</trkpt>
   <trkpt lat="48.4115577" lon="7.3390708">
    <ele>700</ele>
</trkpt>
   <trkpt lat="48.4115680" lon="7.3390727">
    <ele>700</ele>
</trkpt>
   <trkpt lat="48.4115791" lon="7.3390754">
    <ele>700</ele>
</trkpt>
   <trkpt lat="48.4115902" lon="7.3390781">
    <ele>701</ele>
</trkpt>
   <trkpt lat="48.4116027" lon="7.3390814">
    <ele>701</ele>
</trkpt>
   <trkpt lat="48.4116153" lon="7.3390848">
    <ele>701</ele>
</trkpt>
   <trkpt lat="48.4116287" lon="7.3390911">
    <ele>701</ele>
</trkpt>
   <trkpt lat="48.4116421" lon="7.3390975">
    <ele>701</ele>
</trkpt>
   <trkpt lat="48.4116562" lon="7.3391063">
    <ele>702</ele>
</trkpt>
   <trkpt lat="48.4116703" lon="7.3391151">
    <ele>702</ele>
</trkpt>
   <trkpt lat="48.4116832" lon="7.3391241">
    <ele>702</ele>
</trkpt>
   <trkpt lat="48.4116961" lon="7.3391332">
    <ele>702</ele>
</trkpt>
   <trkpt lat="48.4117067" lon="7.3391396">
    <ele>702</ele>
</trkpt>
   <trkpt lat="48.4117174" lon="7.3391461">
    <ele>702</ele>
</trkpt>
   <trkpt lat="48.4117273" lon="7.3391494">
    <ele>702</ele>
</trkpt>
   <trkpt lat="48.4117372" lon="7.3391527">
    <ele>702</ele>
</trkpt>
   <trkpt lat="48.4117498" lon="7.3391563">
    <ele>702</ele>
</trkpt>
   <trkpt lat="48.4117624" lon="7.3391600">
    <ele>702</ele>
</trkpt>
   <trkpt lat="48.4117773" lon="7.3391656">
    <ele>702</ele>
</trkpt>
   <trkpt lat="48.4117922" lon="7.3391713">
    <ele>702</ele>
</trkpt>
   <trkpt lat="48.4118062" lon="7.3391779">
    <ele>702</ele>
</trkpt>
   <trkpt lat="48.4118202" lon="7.3391845">
    <ele>702</ele>
</trkpt>
   <trkpt lat="48.4118333" lon="7.3391898">
    <ele>702</ele>
</trkpt>
   <trkpt lat="48.4118465" lon="7.3391952">
    <ele>703</ele>
</trkpt>
   <trkpt lat="48.4118604" lon="7.3391998">
    <ele>703</ele>
</trkpt>
   <trkpt lat="48.4118743" lon="7.3392044">
    <ele>703</ele>
</trkpt>
   <trkpt lat="48.4118894" lon="7.3392072">
    <ele>703</ele>
</trkpt>
   <trkpt lat="48.4119045" lon="7.3392101">
    <ele>703</ele>
</trkpt>
   <trkpt lat="48.4119195" lon="7.3392123">
    <ele>704</ele>
</trkpt>
   <trkpt lat="48.4119346" lon="7.3392145">
    <ele>704</ele>
</trkpt>
   <trkpt lat="48.4119485" lon="7.3392178">
    <ele>704</ele>
</trkpt>
   <trkpt lat="48.4119624" lon="7.3392212">
    <ele>704</ele>
</trkpt>
   <trkpt lat="48.4119753" lon="7.3392254">
    <ele>704</ele>
</trkpt>
   <trkpt lat="48.4119883" lon="7.3392297">
    <ele>705</ele>
</trkpt>
   <trkpt lat="48.4120008" lon="7.3392319">
    <ele>705</ele>
</trkpt>
   <trkpt lat="48.4120134" lon="7.3392342">
    <ele>705</ele>
</trkpt>
   <trkpt lat="48.4120264" lon="7.3392372">
    <ele>705</ele>
</trkpt>
   <trkpt lat="48.4120395" lon="7.3392402">
    <ele>705</ele>
</trkpt>
   <trkpt lat="48.4120524" lon="7.3392442">
    <ele>705</ele>
</trkpt>
   <trkpt lat="48.4120653" lon="7.3392483">
    <ele>705</ele>
</trkpt>
   <trkpt lat="48.4120785" lon="7.3392522">
    <ele>705</ele>
</trkpt>
   <trkpt lat="48.4120918" lon="7.3392561">
    <ele>705</ele>
</trkpt>
   <trkpt lat="48.4121049" lon="7.3392579">
    <ele>705</ele>
</trkpt>
   <trkpt lat="48.4121180" lon="7.3392598">
    <ele>705</ele>
</trkpt>
   <trkpt lat="48.4121298" lon="7.3392580">
    <ele>705</ele>
</trkpt>
   <trkpt lat="48.4121417" lon="7.3392563">
    <ele>705</ele>
</trkpt>
   <trkpt lat="48.4121530" lon="7.3392544">
    <ele>705</ele>
</trkpt>
   <trkpt lat="48.4121643" lon="7.3392525">
    <ele>705</ele>
</trkpt>
   <trkpt lat="48.4121765" lon="7.3392535">
    <ele>706</ele>
</trkpt>
   <trkpt lat="48.4121888" lon="7.3392546">
    <ele>706</ele>
</trkpt>
   <trkpt lat="48.4122010" lon="7.3392562">
    <ele>706</ele>
</trkpt>
   <trkpt lat="48.4122132" lon="7.3392579">
    <ele>706</ele>
</trkpt>
   <trkpt lat="48.4122249" lon="7.3392578">
    <ele>706</ele>
</trkpt>
   <trkpt lat="48.4122367" lon="7.3392577">
    <ele>707</ele>
</trkpt>
   <trkpt lat="48.4122500" lon="7.3392572">
    <ele>707</ele>
</trkpt>
   <trkpt lat="48.4122633" lon="7.3392568">
    <ele>707</ele>
</trkpt>
   <trkpt lat="48.4122781" lon="7.3392549">
    <ele>707</ele>
</trkpt>
   <trkpt lat="48.4122930" lon="7.3392530">
    <ele>707</ele>
</trkpt>
   <trkpt lat="48.4123086" lon="7.3392512">
    <ele>708</ele>
</trkpt>
   <trkpt lat="48.4123243" lon="7.3392494">
    <ele>708</ele>
</trkpt>
   <trkpt lat="48.4123402" lon="7.3392478">
    <ele>708</ele>
</trkpt>
   <trkpt lat="48.4123562" lon="7.3392462">
    <ele>708</ele>
</trkpt>
   <trkpt lat="48.4123713" lon="7.3392445">
    <ele>708</ele>
</trkpt>
   <trkpt lat="48.4123864" lon="7.3392428">
    <ele>709</ele>
</trkpt>
   <trkpt lat="48.4123999" lon="7.3392424">
    <ele>709</ele>
</trkpt>
   <trkpt lat="48.4124134" lon="7.3392421">
    <ele>709</ele>
</trkpt>
   <trkpt lat="48.4124248" lon="7.3392408">
    <ele>709</ele>
</trkpt>
   <trkpt lat="48.4124362" lon="7.3392395">
    <ele>709</ele>
</trkpt>
   <trkpt lat="48.4124478" lon="7.3392346">
    <ele>710</ele>
</trkpt>
   <trkpt lat="48.4124595" lon="7.3392297">
    <ele>710</ele>
</trkpt>
   <trkpt lat="48.4124711" lon="7.3392244">
    <ele>710</ele>
</trkpt>
   <trkpt lat="48.4124828" lon="7.3392191">
    <ele>710</ele>
</trkpt>
   <trkpt lat="48.4124947" lon="7.3392171">
    <ele>710</ele>
</trkpt>
   <trkpt lat="48.4125067" lon="7.3392152">
    <ele>710</ele>
</trkpt>
   <trkpt lat="48.4125180" lon="7.3392175">
    <ele>710</ele>
</trkpt>
   <trkpt lat="48.4125294" lon="7.3392198">
    <ele>710</ele>
</trkpt>
   <trkpt lat="48.4125408" lon="7.3392240">
    <ele>710</ele>
</trkpt>
   <trkpt lat="48.4125523" lon="7.3392282">
    <ele>710</ele>
</trkpt>
   <trkpt lat="48.4125643" lon="7.3392303">
    <ele>711</ele>
</trkpt>
   <trkpt lat="48.4125763" lon="7.3392325">
    <ele>711</ele>
</trkpt>
   <trkpt lat="48.4125879" lon="7.3392311">
    <ele>711</ele>
</trkpt>
   <trkpt lat="48.4125995" lon="7.3392297">
    <ele>711</ele>
</trkpt>
   <trkpt lat="48.4126105" lon="7.3392233">
    <ele>711</ele>
</trkpt>
   <trkpt lat="48.4126216" lon="7.3392170">
    <ele>711</ele>
</trkpt>
   <trkpt lat="48.4126334" lon="7.3392102">
    <ele>711</ele>
</trkpt>
   <trkpt lat="48.4126452" lon="7.3392035">
    <ele>711</ele>
</trkpt>
   <trkpt lat="48.4126587" lon="7.3391979">
    <ele>711</ele>
</trkpt>
   <trkpt lat="48.4126722" lon="7.3391924">
    <ele>711</ele>
</trkpt>
   <trkpt lat="48.4126848" lon="7.3391869">
    <ele>712</ele>
</trkpt>
   <trkpt lat="48.4126974" lon="7.3391814">
    <ele>712</ele>
</trkpt>
   <trkpt lat="48.4127112" lon="7.3391786">
    <ele>712</ele>
</trkpt>
   <trkpt lat="48.4127250" lon="7.3391759">
    <ele>712</ele>
</trkpt>
   <trkpt lat="48.4127401" lon="7.3391745">
    <ele>712</ele>
</trkpt>
   <trkpt lat="48.4127553" lon="7.3391731">
    <ele>712</ele>
</trkpt>
   <trkpt lat="48.4127702" lon="7.3391716">
    <ele>712</ele>
</trkpt>
   <trkpt lat="48.4127851" lon="7.3391702">
    <ele>712</ele>
</trkpt>
   <trkpt lat="48.4127990" lon="7.3391694">
    <ele>712</ele>
</trkpt>
   <trkpt lat="48.4128129" lon="7.3391686">
    <ele>712</ele>
</trkpt>
   <trkpt lat="48.4128250" lon="7.3391687">
    <ele>713</ele>
</trkpt>
   <trkpt lat="48.4128372" lon="7.3391688">
    <ele>713</ele>
</trkpt>
   <trkpt lat="48.4128484" lon="7.3391683">
    <ele>713</ele>
</trkpt>
   <trkpt lat="48.4128597" lon="7.3391679">
    <ele>713</ele>
</trkpt>
   <trkpt lat="48.4128701" lon="7.3391657">
    <ele>713</ele>
</trkpt>
   <trkpt lat="48.4128806" lon="7.3391635">
    <ele>714</ele>
</trkpt>
   <trkpt lat="48.4128922" lon="7.3391610">
    <ele>714</ele>
</trkpt>
   <trkpt lat="48.4129039" lon="7.3391585">
    <ele>714</ele>
</trkpt>
   <trkpt lat="48.4129178" lon="7.3391569">
    <ele>714</ele>
</trkpt>
   <trkpt lat="48.4129317" lon="7.3391553">
    <ele>714</ele>
</trkpt>
   <trkpt lat="48.4129482" lon="7.3391550">
    <ele>715</ele>
</trkpt>
   <trkpt lat="48.4129648" lon="7.3391547">
    <ele>715</ele>
</trkpt>
   <trkpt lat="48.4129797" lon="7.3391557">
    <ele>715</ele>
</trkpt>
   <trkpt lat="48.4129947" lon="7.3391567">
    <ele>715</ele>
</trkpt>
   <trkpt lat="48.4130074" lon="7.3391582">
    <ele>715</ele>
</trkpt>
   <trkpt lat="48.4130202" lon="7.3391597">
    <ele>716</ele>
</trkpt>
   <trkpt lat="48.4130326" lon="7.3391605">
    <ele>716</ele>
</trkpt>
   <trkpt lat="48.4130450" lon="7.3391614">
    <ele>716</ele>
</trkpt>
   <trkpt lat="48.4130573" lon="7.3391617">
    <ele>716</ele>
</trkpt>
   <trkpt lat="48.4130697" lon="7.3391621">
    <ele>716</ele>
</trkpt>
   <trkpt lat="48.4130807" lon="7.3391628">
    <ele>716</ele>
</trkpt>
   <trkpt lat="48.4130917" lon="7.3391636">
    <ele>716</ele>
</trkpt>
   <trkpt lat="48.4131037" lon="7.3391659">
    <ele>716</ele>
</trkpt>
   <trkpt lat="48.4131157" lon="7.3391682">
    <ele>716</ele>
</trkpt>
   <trkpt lat="48.4131281" lon="7.3391708">
    <ele>716</ele>
</trkpt>
   <trkpt lat="48.4131406" lon="7.3391735">
    <ele>717</ele>
</trkpt>
   <trkpt lat="48.4131535" lon="7.3391741">
    <ele>717</ele>
</trkpt>
   <trkpt lat="48.4131665" lon="7.3391747">
    <ele>717</ele>
</trkpt>
   <trkpt lat="48.4131794" lon="7.3391729">
    <ele>717</ele>
</trkpt>
   <trkpt lat="48.4131923" lon="7.3391711">
    <ele>717</ele>
</trkpt>
   <trkpt lat="48.4132051" lon="7.3391691">
    <ele>717</ele>
</trkpt>
   <trkpt lat="48.4132180" lon="7.3391671">
    <ele>717</ele>
</trkpt>
   <trkpt lat="48.4132311" lon="7.3391675">
    <ele>717</ele>
</trkpt>
   <trkpt lat="48.4132443" lon="7.3391679">
    <ele>717</ele>
</trkpt>
   <trkpt lat="48.4132587" lon="7.3391736">
    <ele>717</ele>
</trkpt>
   <trkpt lat="48.4132732" lon="7.3391793">
    <ele>718</ele>
</trkpt>
   <trkpt lat="48.4132869" lon="7.3391868">
    <ele>718</ele>
</trkpt>
   <trkpt lat="48.4133006" lon="7.3391943">
    <ele>718</ele>
</trkpt>
   <trkpt lat="48.4133140" lon="7.3392009">
    <ele>718</ele>
</trkpt>
   <trkpt lat="48.4133274" lon="7.3392076">
    <ele>718</ele>
</trkpt>
   <trkpt lat="48.4133413" lon="7.3392125">
    <ele>718</ele>
</trkpt>
   <trkpt lat="48.4133552" lon="7.3392174">
    <ele>718</ele>
</trkpt>
   <trkpt lat="48.4133691" lon="7.3392209">
    <ele>718</ele>
</trkpt>
   <trkpt lat="48.4133830" lon="7.3392245">
    <ele>718</ele>
</trkpt>
   <trkpt lat="48.4133991" lon="7.3392282">
    <ele>718</ele>
</trkpt>
   <trkpt lat="48.4134152" lon="7.3392319">
    <ele>718</ele>
</trkpt>
   <trkpt lat="48.4134370" lon="7.3392357">
    <ele>718</ele>
</trkpt>
   <trkpt lat="48.4134589" lon="7.3392396">
    <ele>718</ele>
</trkpt>
   <trkpt lat="48.4134830" lon="7.3392411">
    <ele>718</ele>
</trkpt>
   <trkpt lat="48.4135072" lon="7.3392427">
    <ele>718</ele>
</trkpt>
   <trkpt lat="48.4135331" lon="7.3392428">
    <ele>719</ele>
</trkpt>
   <trkpt lat="48.4135590" lon="7.3392429">
    <ele>719</ele>
</trkpt>
   <trkpt lat="48.4135850" lon="7.3392409">
    <ele>719</ele>
</trkpt>
   <trkpt lat="48.4136111" lon="7.3392390">
    <ele>719</ele>
</trkpt>
   <trkpt lat="48.4136340" lon="7.3392351">
    <ele>719</ele>
</trkpt>
   <trkpt lat="48.4136569" lon="7.3392313">
    <ele>720</ele>
</trkpt>
   <trkpt lat="48.4136780" lon="7.3392260">
    <ele>720</ele>
</trkpt>
   <trkpt lat="48.4136991" lon="7.3392207">
    <ele>720</ele>
</trkpt>
   <trkpt lat="48.4137194" lon="7.3392159">
    <ele>720</ele>
</trkpt>
   <trkpt lat="48.4137398" lon="7.3392111">
    <ele>720</ele>
</trkpt>
   <trkpt lat="48.4137626" lon="7.3392085">
    <ele>720</ele>
</trkpt>
   <trkpt lat="48.4137855" lon="7.3392059">
    <ele>720</ele>
</trkpt>
   <trkpt lat="48.4138094" lon="7.3392092">
    <ele>720</ele>
</trkpt>
   <trkpt lat="48.4138333" lon="7.3392125">
    <ele>720</ele>
</trkpt>
   <trkpt lat="48.4138577" lon="7.3392173">
    <ele>720</ele>
</trkpt>
   <trkpt lat="48.4138822" lon="7.3392221">
    <ele>721</ele>
</trkpt>
   <trkpt lat="48.4139058" lon="7.3392278">
    <ele>721</ele>
</trkpt>
   <trkpt lat="48.4139294" lon="7.3392335">
    <ele>721</ele>
</trkpt>
   <trkpt lat="48.4139526" lon="7.3392398">
    <ele>721</ele>
</trkpt>
   <trkpt lat="48.4139758" lon="7.3392462">
    <ele>721</ele>
</trkpt>
   <trkpt lat="48.4139998" lon="7.3392544">
    <ele>722</ele>
</trkpt>
   <trkpt lat="48.4140238" lon="7.3392626">
    <ele>722</ele>
</trkpt>
   <trkpt lat="48.4140483" lon="7.3392731">
    <ele>722</ele>
</trkpt>
   <trkpt lat="48.4140729" lon="7.3392837">
    <ele>722</ele>
</trkpt>
   <trkpt lat="48.4140963" lon="7.3392958">
    <ele>722</ele>
</trkpt>
   <trkpt lat="48.4141198" lon="7.3393079">
    <ele>722</ele>
</trkpt>
   <trkpt lat="48.4141407" lon="7.3393253">
    <ele>722</ele>
</trkpt>
   <trkpt lat="48.4141616" lon="7.3393427">
    <ele>722</ele>
</trkpt>
   <trkpt lat="48.4141818" lon="7.3393636">
    <ele>722</ele>
</trkpt>
   <trkpt lat="48.4142020" lon="7.3393846">
    <ele>722</ele>
</trkpt>
   <trkpt lat="48.4142221" lon="7.3394038">
    <ele>722</ele>
</trkpt>
   <trkpt lat="48.4142423" lon="7.3394230">
    <ele>722</ele>
</trkpt>
   <trkpt lat="48.4142618" lon="7.3394391">
    <ele>722</ele>
</trkpt>
   <trkpt lat="48.4142814" lon="7.3394553">
    <ele>722</ele>
</trkpt>
   <trkpt lat="48.4142977" lon="7.3394664">
    <ele>722</ele>
</trkpt>
   <trkpt lat="48.4143141" lon="7.3394776">
    <ele>722</ele>
</trkpt>
   <trkpt lat="48.4143286" lon="7.3394848">
    <ele>722</ele>
</trkpt>
   <trkpt lat="48.4143432" lon="7.3394920">
    <ele>722</ele>
</trkpt>
   <trkpt lat="48.4143577" lon="7.3394938">
    <ele>722</ele>
</trkpt>
   <trkpt lat="48.4143722" lon="7.3394957">
    <ele>722</ele>
</trkpt>
   <trkpt lat="48.4143874" lon="7.3394982">
    <ele>723</ele>
</trkpt>
   <trkpt lat="48.4144026" lon="7.3395007">
    <ele>723</ele>
</trkpt>
   <trkpt lat="48.4144175" lon="7.3395060">
    <ele>723</ele>
</trkpt>
   <trkpt lat="48.4144325" lon="7.3395113">
    <ele>723</ele>
</trkpt>
   <trkpt lat="48.4144457" lon="7.3395172">
    <ele>723</ele>
</trkpt>
   <trkpt lat="48.4144590" lon="7.3395231">
    <ele>724</ele>
</trkpt>
   <trkpt lat="48.4144703" lon="7.3395272">
    <ele>724</ele>
</trkpt>
   <trkpt lat="48.4144817" lon="7.3395313">
    <ele>724</ele>
</trkpt>
   <trkpt lat="48.4144929" lon="7.3395349">
    <ele>724</ele>
</trkpt>
   <trkpt lat="48.4145042" lon="7.3395386">
    <ele>724</ele>
</trkpt>
   <trkpt lat="48.4145157" lon="7.3395445">
    <ele>725</ele>
</trkpt>
   <trkpt lat="48.4145272" lon="7.3395505">
    <ele>725</ele>
</trkpt>
   <trkpt lat="48.4145366" lon="7.3395590">
    <ele>725</ele>
</trkpt>
   <trkpt lat="48.4145460" lon="7.3395676">
    <ele>725</ele>
</trkpt>
   <trkpt lat="48.4145568" lon="7.3395758">
    <ele>725</ele>
</trkpt>
   <trkpt lat="48.4145676" lon="7.3395840">
    <ele>726</ele>
</trkpt>
   <trkpt lat="48.4145813" lon="7.3395899">
    <ele>726</ele>
</trkpt>
   <trkpt lat="48.4145951" lon="7.3395959">
    <ele>726</ele>
</trkpt>
   <trkpt lat="48.4146098" lon="7.3395998">
    <ele>726</ele>
</trkpt>
   <trkpt lat="48.4146245" lon="7.3396037">
    <ele>726</ele>
</trkpt>
   <trkpt lat="48.4146407" lon="7.3396068">
    <ele>727</ele>
</trkpt>
   <trkpt lat="48.4146570" lon="7.3396099">
    <ele>727</ele>
</trkpt>
   <trkpt lat="48.4146709" lon="7.3396144">
    <ele>727</ele>
</trkpt>
   <trkpt lat="48.4146849" lon="7.3396189">
    <ele>727</ele>
</trkpt>
   <trkpt lat="48.4146979" lon="7.3396238">
    <ele>727</ele>
</trkpt>
   <trkpt lat="48.4147110" lon="7.3396288">
    <ele>727</ele>
</trkpt>
   <trkpt lat="48.4147242" lon="7.3396356">
    <ele>727</ele>
</trkpt>
   <trkpt lat="48.4147375" lon="7.3396425">
    <ele>727</ele>
</trkpt>
   <trkpt lat="48.4147479" lon="7.3396506">
    <ele>727</ele>
</trkpt>
   <trkpt lat="48.4147584" lon="7.3396587">
    <ele>727</ele>
</trkpt>
   <trkpt lat="48.4147678" lon="7.3396691">
    <ele>728</ele>
</trkpt>
   <trkpt lat="48.4147773" lon="7.3396795">
    <ele>728</ele>
</trkpt>
   <trkpt lat="48.4147876" lon="7.3396921">
    <ele>728</ele>
</trkpt>
   <trkpt lat="48.4147979" lon="7.3397047">
    <ele>728</ele>
</trkpt>
   <trkpt lat="48.4148102" lon="7.3397178">
    <ele>728</ele>
</trkpt>
   <trkpt lat="48.4148225" lon="7.3397310">
    <ele>728</ele>
</trkpt>
   <trkpt lat="48.4148354" lon="7.3397455">
    <ele>728</ele>
</trkpt>
   <trkpt lat="48.4148484" lon="7.3397601">
    <ele>728</ele>
</trkpt>
   <trkpt lat="48.4148605" lon="7.3397800">
    <ele>728</ele>
</trkpt>
   <trkpt lat="48.4148726" lon="7.3397999">
    <ele>728</ele>
</trkpt>
   <trkpt lat="48.4148833" lon="7.3398266">
    <ele>728</ele>
</trkpt>
   <trkpt lat="48.4148940" lon="7.3398533">
    <ele>727</ele>
</trkpt>
   <trkpt lat="48.4149052" lon="7.3398815">
    <ele>727</ele>
</trkpt>
   <trkpt lat="48.4149165" lon="7.3399097">
    <ele>727</ele>
</trkpt>
   <trkpt lat="48.4149336" lon="7.3399311">
    <ele>727</ele>
</trkpt>
   <trkpt lat="48.4149507" lon="7.3399525">
    <ele>727</ele>
</trkpt>
   <trkpt lat="48.4149736" lon="7.3399621">
    <ele>726</ele>
</trkpt>
   <trkpt lat="48.4149966" lon="7.3399718">
    <ele>726</ele>
</trkpt>
   <trkpt lat="48.4150203" lon="7.3399669">
    <ele>726</ele>
</trkpt>
   <trkpt lat="48.4150441" lon="7.3399620">
    <ele>726</ele>
</trkpt>
   <trkpt lat="48.4150650" lon="7.3399416">
    <ele>726</ele>
</trkpt>
   <trkpt lat="48.4150860" lon="7.3399213">
    <ele>726</ele>
</trkpt>
   <trkpt lat="48.4151047" lon="7.3398924">
    <ele>726</ele>
</trkpt>
   <trkpt lat="48.4151234" lon="7.3398636">
    <ele>726</ele>
</trkpt>
   <trkpt lat="48.4151403" lon="7.3398326">
    <ele>726</ele>
</trkpt>
   <trkpt lat="48.4151572" lon="7.3398017">
    <ele>726</ele>
</trkpt>
   <trkpt lat="48.4151742" lon="7.3397724">
    <ele>726</ele>
</trkpt>
   <trkpt lat="48.4151913" lon="7.3397431">
    <ele>726</ele>
</trkpt>
   <trkpt lat="48.4152098" lon="7.3397139">
    <ele>726</ele>
</trkpt>
   <trkpt lat="48.4152283" lon="7.3396847">
    <ele>726</ele>
</trkpt>
   <trkpt lat="48.4152478" lon="7.3396547">
    <ele>726</ele>
</trkpt>
   <trkpt lat="48.4152674" lon="7.3396248">
    <ele>726</ele>
</trkpt>
   <trkpt lat="48.4152874" lon="7.3395956">
    <ele>726</ele>
</trkpt>
   <trkpt lat="48.4153075" lon="7.3395665">
    <ele>726</ele>
</trkpt>
   <trkpt lat="48.4153291" lon="7.3395404">
    <ele>726</ele>
</trkpt>
   <trkpt lat="48.4153507" lon="7.3395143">
    <ele>726</ele>
</trkpt>
   <trkpt lat="48.4153736" lon="7.3394929">
    <ele>726</ele>
</trkpt>
   <trkpt lat="48.4153965" lon="7.3394716">
    <ele>726</ele>
</trkpt>
   <trkpt lat="48.4154183" lon="7.3394541">
    <ele>726</ele>
</trkpt>
   <trkpt lat="48.4154401" lon="7.3394366">
    <ele>726</ele>
</trkpt>
   <trkpt lat="48.4154616" lon="7.3394209">
    <ele>726</ele>
</trkpt>
   <trkpt lat="48.4154832" lon="7.3394052">
    <ele>726</ele>
</trkpt>
   <trkpt lat="48.4155064" lon="7.3393905">
    <ele>726</ele>
</trkpt>
   <trkpt lat="48.4155296" lon="7.3393759">
    <ele>726</ele>
</trkpt>
   <trkpt lat="48.4155538" lon="7.3393613">
    <ele>726</ele>
</trkpt>
   <trkpt lat="48.4155781" lon="7.3393467">
    <ele>727</ele>
</trkpt>
   <trkpt lat="48.4156023" lon="7.3393312">
    <ele>727</ele>
</trkpt>
   <trkpt lat="48.4156265" lon="7.3393157">
    <ele>727</ele>
</trkpt>
   <trkpt lat="48.4156520" lon="7.3392998">
    <ele>727</ele>
</trkpt>
   <trkpt lat="48.4156775" lon="7.3392840">
    <ele>727</ele>
</trkpt>
   <trkpt lat="48.4157032" lon="7.3392718">
    <ele>727</ele>
</trkpt>
   <trkpt lat="48.4157289" lon="7.3392596">
    <ele>727</ele>
</trkpt>
   <trkpt lat="48.4157550" lon="7.3392525">
    <ele>727</ele>
</trkpt>
   <trkpt lat="48.4157811" lon="7.3392454">
    <ele>727</ele>
</trkpt>
   <trkpt lat="48.4158100" lon="7.3392450">
    <ele>727</ele>
</trkpt>
   <trkpt lat="48.4158389" lon="7.3392446">
    <ele>727</ele>
</trkpt>
   <trkpt lat="48.4158697" lon="7.3392497">
    <ele>727</ele>
</trkpt>
   <trkpt lat="48.4159006" lon="7.3392549">
    <ele>727</ele>
</trkpt>
   <trkpt lat="48.4159304" lon="7.3392644">
    <ele>727</ele>
</trkpt>
   <trkpt lat="48.4159602" lon="7.3392739">
    <ele>727</ele>
</trkpt>
   <trkpt lat="48.4159888" lon="7.3392825">
    <ele>727</ele>
</trkpt>
   <trkpt lat="48.4160175" lon="7.3392911">
    <ele>726</ele>
</trkpt>
   <trkpt lat="48.4160437" lon="7.3393012">
    <ele>726</ele>
</trkpt>
   <trkpt lat="48.4160700" lon="7.3393114">
    <ele>726</ele>
</trkpt>
   <trkpt lat="48.4160944" lon="7.3393267">
    <ele>726</ele>
</trkpt>
   <trkpt lat="48.4161189" lon="7.3393420">
    <ele>726</ele>
</trkpt>
   <trkpt lat="48.4161424" lon="7.3393646">
    <ele>726</ele>
</trkpt>
   <trkpt lat="48.4161659" lon="7.3393873">
    <ele>726</ele>
</trkpt>
   <trkpt lat="48.4161877" lon="7.3394137">
    <ele>726</ele>
</trkpt>
   <trkpt lat="48.4162096" lon="7.3394402">
    <ele>726</ele>
</trkpt>
   <trkpt lat="48.4162316" lon="7.3394669">
    <ele>726</ele>
</trkpt>
   <trkpt lat="48.4162537" lon="7.3394937">
    <ele>726</ele>
</trkpt>
   <trkpt lat="48.4162757" lon="7.3395211">
    <ele>726</ele>
</trkpt>
   <trkpt lat="48.4162977" lon="7.3395485">
    <ele>726</ele>
</trkpt>
   <trkpt lat="48.4163175" lon="7.3395763">
    <ele>726</ele>
</trkpt>
   <trkpt lat="48.4163374" lon="7.3396041">
    <ele>727</ele>
</trkpt>
   <trkpt lat="48.4163569" lon="7.3396345">
    <ele>726</ele>
</trkpt>
   <trkpt lat="48.4163765" lon="7.3396649">
    <ele>726</ele>
</trkpt>
   <trkpt lat="48.4163965" lon="7.3396974">
    <ele>726</ele>
</trkpt>
   <trkpt lat="48.4164166" lon="7.3397300">
    <ele>726</ele>
</trkpt>
   <trkpt lat="48.4164332" lon="7.3397653">
    <ele>726</ele>
</trkpt>
   <trkpt lat="48.4164498" lon="7.3398006">
    <ele>726</ele>
</trkpt>
   <trkpt lat="48.4164610" lon="7.3398394">
    <ele>726</ele>
</trkpt>
   <trkpt lat="48.4164723" lon="7.3398783">
    <ele>726</ele>
</trkpt>
   <trkpt lat="48.4164759" lon="7.3399179">
    <ele>726</ele>
</trkpt>
   <trkpt lat="48.4164795" lon="7.3399576">
    <ele>726</ele>
</trkpt>
   <trkpt lat="48.4164746" lon="7.3399959">
    <ele>726</ele>
</trkpt>
   <trkpt lat="48.4164697" lon="7.3400343">
    <ele>726</ele>
</trkpt>
   <trkpt lat="48.4164603" lon="7.3400668">
    <ele>726</ele>
</trkpt>
   <trkpt lat="48.4164510" lon="7.3400994">
    <ele>726</ele>
</trkpt>
   <trkpt lat="48.4164405" lon="7.3401228">
    <ele>726</ele>
</trkpt>
   <trkpt lat="48.4164300" lon="7.3401463">
    <ele>726</ele>
</trkpt>
   <trkpt lat="48.4164209" lon="7.3401638">
    <ele>726</ele>
</trkpt>
   <trkpt lat="48.4164118" lon="7.3401813">
    <ele>726</ele>
</trkpt>
   <trkpt lat="48.4164038" lon="7.3401984">
    <ele>726</ele>
</trkpt>
   <trkpt lat="48.4163959" lon="7.3402156">
    <ele>726</ele>
</trkpt>
   <trkpt lat="48.4163894" lon="7.3402321">
    <ele>726</ele>
</trkpt>
   <trkpt lat="48.4163830" lon="7.3402486">
    <ele>726</ele>
</trkpt>
   <trkpt lat="48.4163770" lon="7.3402661">
    <ele>726</ele>
</trkpt>
   <trkpt lat="48.4163711" lon="7.3402837">
    <ele>726</ele>
</trkpt>
   <trkpt lat="48.4163648" lon="7.3403013">
    <ele>727</ele>
</trkpt>
   <trkpt lat="48.4163585" lon="7.3403190">
    <ele>727</ele>
</trkpt>
   <trkpt lat="48.4163534" lon="7.3403377">
    <ele>727</ele>
</trkpt>
   <trkpt lat="48.4163484" lon="7.3403564">
    <ele>727</ele>
</trkpt>
   <trkpt lat="48.4163441" lon="7.3403792">
    <ele>727</ele>
</trkpt>
   <trkpt lat="48.4163398" lon="7.3404021">
    <ele>727</ele>
</trkpt>
   <trkpt lat="48.4163350" lon="7.3404245">
    <ele>727</ele>
</trkpt>
   <trkpt lat="48.4163303" lon="7.3404470">
    <ele>727</ele>
</trkpt>
   <trkpt lat="48.4163254" lon="7.3404645">
    <ele>727</ele>
</trkpt>
   <trkpt lat="48.4163206" lon="7.3404820">
    <ele>727</ele>
</trkpt>
   <trkpt lat="48.4163134" lon="7.3404966">
    <ele>728</ele>
</trkpt>
   <trkpt lat="48.4163063" lon="7.3405112">
    <ele>728</ele>
</trkpt>
   <trkpt lat="48.4162980" lon="7.3405263">
    <ele>728</ele>
</trkpt>
   <trkpt lat="48.4162898" lon="7.3405415">
    <ele>728</ele>
</trkpt>
   <trkpt lat="48.4162807" lon="7.3405566">
    <ele>728</ele>
</trkpt>
   <trkpt lat="48.4162716" lon="7.3405717">
    <ele>729</ele>
</trkpt>
   <trkpt lat="48.4162616" lon="7.3405862">
    <ele>729</ele>
</trkpt>
   <trkpt lat="48.4162516" lon="7.3406008">
    <ele>729</ele>
</trkpt>
   <trkpt lat="48.4162410" lon="7.3406167">
    <ele>729</ele>
</trkpt>
   <trkpt lat="48.4162305" lon="7.3406327">
    <ele>729</ele>
</trkpt>
   <trkpt lat="48.4162213" lon="7.3406473">
    <ele>730</ele>
</trkpt>
   <trkpt lat="48.4162122" lon="7.3406620">
    <ele>730</ele>
</trkpt>
   <trkpt lat="48.4162042" lon="7.3406753">
    <ele>730</ele>
</trkpt>
   <trkpt lat="48.4161962" lon="7.3406886">
    <ele>730</ele>
</trkpt>
   <trkpt lat="48.4161887" lon="7.3407023">
    <ele>730</ele>
</trkpt>
   <trkpt lat="48.4161813" lon="7.3407161">
    <ele>730</ele>
</trkpt>
   <trkpt lat="48.4161734" lon="7.3407302">
    <ele>730</ele>
</trkpt>
   <trkpt lat="48.4161656" lon="7.3407444">
    <ele>730</ele>
</trkpt>
   <trkpt lat="48.4161585" lon="7.3407589">
    <ele>730</ele>
</trkpt>
   <trkpt lat="48.4161515" lon="7.3407735">
    <ele>730</ele>
</trkpt>
   <trkpt lat="48.4161427" lon="7.3407890">
    <ele>730</ele>
</trkpt>
   <trkpt lat="48.4161339" lon="7.3408045">
    <ele>730</ele>
</trkpt>
   <trkpt lat="48.4161247" lon="7.3408202">
    <ele>730</ele>
</trkpt>
   <trkpt lat="48.4161155" lon="7.3408359">
    <ele>730</ele>
</trkpt>
   <trkpt lat="48.4161093" lon="7.3408507">
    <ele>730</ele>
</trkpt>
   <trkpt lat="48.4161031" lon="7.3408656">
    <ele>731</ele>
</trkpt>
   <trkpt lat="48.4160991" lon="7.3408821">
    <ele>731</ele>
</trkpt>
   <trkpt lat="48.4160952" lon="7.3408987">
    <ele>731</ele>
</trkpt>
   <trkpt lat="48.4160916" lon="7.3409178">
    <ele>732</ele>
</trkpt>
   <trkpt lat="48.4160880" lon="7.3409369">
    <ele>732</ele>
</trkpt>
   <trkpt lat="48.4160839" lon="7.3409577">
    <ele>733</ele>
</trkpt>
   <trkpt lat="48.4160799" lon="7.3409786">
    <ele>733</ele>
</trkpt>
   <trkpt lat="48.4160765" lon="7.3410014">
    <ele>733</ele>
</trkpt>
   <trkpt lat="48.4160732" lon="7.3410242">
    <ele>733</ele>
</trkpt>
   <trkpt lat="48.4160691" lon="7.3410468">
    <ele>733</ele>
</trkpt>
   <trkpt lat="48.4160651" lon="7.3410695">
    <ele>734</ele>
</trkpt>
   <trkpt lat="48.4160602" lon="7.3410911">
    <ele>734</ele>
</trkpt>
   <trkpt lat="48.4160554" lon="7.3411128">
    <ele>734</ele>
</trkpt>
   <trkpt lat="48.4160506" lon="7.3411332">
    <ele>734</ele>
</trkpt>
   <trkpt lat="48.4160458" lon="7.3411537">
    <ele>734</ele>
</trkpt>
   <trkpt lat="48.4160403" lon="7.3411731">
    <ele>734</ele>
</trkpt>
   <trkpt lat="48.4160349" lon="7.3411926">
    <ele>734</ele>
</trkpt>
   <trkpt lat="48.4160289" lon="7.3412121">
    <ele>734</ele>
</trkpt>
   <trkpt lat="48.4160229" lon="7.3412317">
    <ele>734</ele>
</trkpt>
   <trkpt lat="48.4160177" lon="7.3412513">
    <ele>734</ele>
</trkpt>
   <trkpt lat="48.4160125" lon="7.3412710">
    <ele>734</ele>
</trkpt>
   <trkpt lat="48.4160090" lon="7.3412911">
    <ele>734</ele>
</trkpt>
   <trkpt lat="48.4160056" lon="7.3413112">
    <ele>734</ele>
</trkpt>
   <trkpt lat="48.4160038" lon="7.3413336">
    <ele>734</ele>
</trkpt>
   <trkpt lat="48.4160020" lon="7.3413561">
    <ele>734</ele>
</trkpt>
   <trkpt lat="48.4159991" lon="7.3413797">
    <ele>734</ele>
</trkpt>
   <trkpt lat="48.4159963" lon="7.3414033">
    <ele>734</ele>
</trkpt>
   <trkpt lat="48.4159922" lon="7.3414261">
    <ele>734</ele>
</trkpt>
   <trkpt lat="48.4159882" lon="7.3414489">
    <ele>734</ele>
</trkpt>
   <trkpt lat="48.4159847" lon="7.3414722">
    <ele>734</ele>
</trkpt>
   <trkpt lat="48.4159812" lon="7.3414956">
    <ele>734</ele>
</trkpt>
   <trkpt lat="48.4159774" lon="7.3415205">
    <ele>734</ele>
</trkpt>
   <trkpt lat="48.4159736" lon="7.3415455">
    <ele>734</ele>
</trkpt>
   <trkpt lat="48.4159709" lon="7.3415681">
    <ele>734</ele>
</trkpt>
   <trkpt lat="48.4159683" lon="7.3415907">
    <ele>734</ele>
</trkpt>
   <trkpt lat="48.4159669" lon="7.3416106">
    <ele>734</ele>
</trkpt>
   <trkpt lat="48.4159656" lon="7.3416306">
    <ele>734</ele>
</trkpt>
   <trkpt lat="48.4159633" lon="7.3416507">
    <ele>734</ele>
</trkpt>
   <trkpt lat="48.4159610" lon="7.3416709">
    <ele>734</ele>
</trkpt>
   <trkpt lat="48.4159562" lon="7.3416944">
    <ele>734</ele>
</trkpt>
   <trkpt lat="48.4159515" lon="7.3417180">
    <ele>734</ele>
</trkpt>
   <trkpt lat="48.4159452" lon="7.3417433">
    <ele>734</ele>
</trkpt>
   <trkpt lat="48.4159389" lon="7.3417686">
    <ele>734</ele>
</trkpt>
   <trkpt lat="48.4159343" lon="7.3417936">
    <ele>734</ele>
</trkpt>
   <trkpt lat="48.4159297" lon="7.3418186">
    <ele>734</ele>
</trkpt>
   <trkpt lat="48.4159271" lon="7.3418410">
    <ele>735</ele>
</trkpt>
   <trkpt lat="48.4159245" lon="7.3418634">
    <ele>735</ele>
</trkpt>
   <trkpt lat="48.4159217" lon="7.3418836">
    <ele>735</ele>
</trkpt>
   <trkpt lat="48.4159189" lon="7.3419039">
    <ele>735</ele>
</trkpt>
   <trkpt lat="48.4159159" lon="7.3419222">
    <ele>735</ele>
</trkpt>
   <trkpt lat="48.4159129" lon="7.3419405">
    <ele>736</ele>
</trkpt>
   <trkpt lat="48.4159093" lon="7.3419597">
    <ele>736</ele>
</trkpt>
   <trkpt lat="48.4159058" lon="7.3419790">
    <ele>736</ele>
</trkpt>
   <trkpt lat="48.4159034" lon="7.3420025">
    <ele>736</ele>
</trkpt>
   <trkpt lat="48.4159011" lon="7.3420261">
    <ele>736</ele>
</trkpt>
   <trkpt lat="48.4158988" lon="7.3420497">
    <ele>736</ele>
</trkpt>
   <trkpt lat="48.4158965" lon="7.3420734">
    <ele>735</ele>
</trkpt>
   <trkpt lat="48.4158951" lon="7.3420950">
    <ele>735</ele>
</trkpt>
   <trkpt lat="48.4158937" lon="7.3421166">
    <ele>735</ele>
</trkpt>
   <trkpt lat="48.4158911" lon="7.3421380">
    <ele>735</ele>
</trkpt>
   <trkpt lat="48.4158885" lon="7.3421595">
    <ele>735</ele>
</trkpt>
   <trkpt lat="48.4158829" lon="7.3421801">
    <ele>735</ele>
</trkpt>
   <trkpt lat="48.4158774" lon="7.3422008">
    <ele>735</ele>
</trkpt>
   <trkpt lat="48.4158697" lon="7.3422204">
    <ele>735</ele>
</trkpt>
   <trkpt lat="48.4158621" lon="7.3422400">
    <ele>735</ele>
</trkpt>
   <trkpt lat="48.4158544" lon="7.3422578">
    <ele>735</ele>
</trkpt>
   <trkpt lat="48.4158468" lon="7.3422756">
    <ele>735</ele>
</trkpt>
   <trkpt lat="48.4158408" lon="7.3422933">
    <ele>735</ele>
</trkpt>
   <trkpt lat="48.4158349" lon="7.3423110">
    <ele>735</ele>
</trkpt>
   <trkpt lat="48.4158307" lon="7.3423279">
    <ele>735</ele>
</trkpt>
   <trkpt lat="48.4158266" lon="7.3423448">
    <ele>736</ele>
</trkpt>
   <trkpt lat="48.4158228" lon="7.3423645">
    <ele>736</ele>
</trkpt>
   <trkpt lat="48.4158190" lon="7.3423842">
    <ele>736</ele>
</trkpt>
   <trkpt lat="48.4158144" lon="7.3424060">
    <ele>736</ele>
</trkpt>
   <trkpt lat="48.4158098" lon="7.3424279">
    <ele>736</ele>
</trkpt>
   <trkpt lat="48.4158046" lon="7.3424499">
    <ele>737</ele>
</trkpt>
   <trkpt lat="48.4157994" lon="7.3424720">
    <ele>737</ele>
</trkpt>
   <trkpt lat="48.4157931" lon="7.3424928">
    <ele>737</ele>
</trkpt>
   <trkpt lat="48.4157868" lon="7.3425137">
    <ele>737</ele>
</trkpt>
   <trkpt lat="48.4157794" lon="7.3425325">
    <ele>737</ele>
</trkpt>
   <trkpt lat="48.4157721" lon="7.3425514">
    <ele>737</ele>
</trkpt>
   <trkpt lat="48.4157653" lon="7.3425714">
    <ele>737</ele>
</trkpt>
   <trkpt lat="48.4157586" lon="7.3425915">
    <ele>737</ele>
</trkpt>
   <trkpt lat="48.4157544" lon="7.3426162">
    <ele>737</ele>
</trkpt>
   <trkpt lat="48.4157502" lon="7.3426410">
    <ele>737</ele>
</trkpt>
   <trkpt lat="48.4157467" lon="7.3426668">
    <ele>737</ele>
</trkpt>
   <trkpt lat="48.4157432" lon="7.3426927">
    <ele>737</ele>
</trkpt>
   <trkpt lat="48.4157413" lon="7.3427164">
    <ele>737</ele>
</trkpt>
   <trkpt lat="48.4157395" lon="7.3427402">
    <ele>737</ele>
</trkpt>
   <trkpt lat="48.4157383" lon="7.3427628">
    <ele>737</ele>
</trkpt>
   <trkpt lat="48.4157371" lon="7.3427854">
    <ele>737</ele>
</trkpt>
   <trkpt lat="48.4157335" lon="7.3428072">
    <ele>737</ele>
</trkpt>
   <trkpt lat="48.4157299" lon="7.3428290">
    <ele>737</ele>
</trkpt>
   <trkpt lat="48.4157232" lon="7.3428497">
    <ele>737</ele>
</trkpt>
   <trkpt lat="48.4157165" lon="7.3428704">
    <ele>737</ele>
</trkpt>
   <trkpt lat="48.4157097" lon="7.3428903">
    <ele>738</ele>
</trkpt>
   <trkpt lat="48.4157030" lon="7.3429103">
    <ele>738</ele>
</trkpt>
   <trkpt lat="48.4156985" lon="7.3429309">
    <ele>738</ele>
</trkpt>
   <trkpt lat="48.4156940" lon="7.3429515">
    <ele>738</ele>
</trkpt>
   <trkpt lat="48.4156917" lon="7.3429713">
    <ele>738</ele>
</trkpt>
   <trkpt lat="48.4156895" lon="7.3429912">
    <ele>738</ele>
</trkpt>
   <trkpt lat="48.4156874" lon="7.3430096">
    <ele>738</ele>
</trkpt>
   <trkpt lat="48.4156854" lon="7.3430281">
    <ele>738</ele>
</trkpt>
   <trkpt lat="48.4156806" lon="7.3430470">
    <ele>738</ele>
</trkpt>
   <trkpt lat="48.4156759" lon="7.3430659">
    <ele>738</ele>
</trkpt>
   <trkpt lat="48.4156712" lon="7.3430870">
    <ele>739</ele>
</trkpt>
   <trkpt lat="48.4156666" lon="7.3431082">
    <ele>739</ele>
</trkpt>
   <trkpt lat="48.4156634" lon="7.3431301">
    <ele>739</ele>
</trkpt>
   <trkpt lat="48.4156603" lon="7.3431520">
    <ele>739</ele>
</trkpt>
   <trkpt lat="48.4156566" lon="7.3431740">
    <ele>739</ele>
</trkpt>
   <trkpt lat="48.4156529" lon="7.3431960">
    <ele>740</ele>
</trkpt>
   <trkpt lat="48.4156494" lon="7.3432180">
    <ele>740</ele>
</trkpt>
   <trkpt lat="48.4156460" lon="7.3432401">
    <ele>740</ele>
</trkpt>
   <trkpt lat="48.4156419" lon="7.3432610">
    <ele>740</ele>
</trkpt>
   <trkpt lat="48.4156378" lon="7.3432819">
    <ele>740</ele>
</trkpt>
   <trkpt lat="48.4156334" lon="7.3433022">
    <ele>740</ele>
</trkpt>
   <trkpt lat="48.4156290" lon="7.3433225">
    <ele>740</ele>
</trkpt>
   <trkpt lat="48.4156250" lon="7.3433414">
    <ele>740</ele>
</trkpt>
   <trkpt lat="48.4156210" lon="7.3433604">
    <ele>740</ele>
</trkpt>
   <trkpt lat="48.4156161" lon="7.3433782">
    <ele>740</ele>
</trkpt>
   <trkpt lat="48.4156112" lon="7.3433961">
    <ele>741</ele>
</trkpt>
   <trkpt lat="48.4156049" lon="7.3434159">
    <ele>741</ele>
</trkpt>
   <trkpt lat="48.4155986" lon="7.3434358">
    <ele>741</ele>
</trkpt>
   <trkpt lat="48.4155918" lon="7.3434580">
    <ele>741</ele>
</trkpt>
   <trkpt lat="48.4155851" lon="7.3434803">
    <ele>741</ele>
</trkpt>
   <trkpt lat="48.4155757" lon="7.3435026">
    <ele>741</ele>
</trkpt>
   <trkpt lat="48.4155664" lon="7.3435250">
    <ele>741</ele>
</trkpt>
   <trkpt lat="48.4155564" lon="7.3435468">
    <ele>741</ele>
</trkpt>
   <trkpt lat="48.4155464" lon="7.3435687">
    <ele>741</ele>
</trkpt>
   <trkpt lat="48.4155367" lon="7.3435891">
    <ele>741</ele>
</trkpt>
   <trkpt lat="48.4155271" lon="7.3436096">
    <ele>741</ele>
</trkpt>
   <trkpt lat="48.4155169" lon="7.3436278">
    <ele>741</ele>
</trkpt>
   <trkpt lat="48.4155067" lon="7.3436461">
    <ele>741</ele>
</trkpt>
   <trkpt lat="48.4154975" lon="7.3436625">
    <ele>741</ele>
</trkpt>
   <trkpt lat="48.4154883" lon="7.3436790">
    <ele>741</ele>
</trkpt>
   <trkpt lat="48.4154794" lon="7.3436938">
    <ele>742</ele>
</trkpt>
   <trkpt lat="48.4154706" lon="7.3437086">
    <ele>742</ele>
</trkpt>
   <trkpt lat="48.4154621" lon="7.3437213">
    <ele>742</ele>
</trkpt>
   <trkpt lat="48.4154537" lon="7.3437341">
    <ele>742</ele>
</trkpt>
   <trkpt lat="48.4154470" lon="7.3437449">
    <ele>742</ele>
</trkpt>
   <trkpt lat="48.4154403" lon="7.3437557">
    <ele>742</ele>
</trkpt>
   <trkpt lat="48.4154360" lon="7.3437676">
    <ele>742</ele>
</trkpt>
   <trkpt lat="48.4154318" lon="7.3437796">
    <ele>742</ele>
</trkpt>
   <trkpt lat="48.4154284" lon="7.3437980">
    <ele>742</ele>
</trkpt>
   <trkpt lat="48.4154251" lon="7.3438165">
    <ele>742</ele>
</trkpt>
   <trkpt lat="48.4154207" lon="7.3438393">
    <ele>743</ele>
</trkpt>
   <trkpt lat="48.4154163" lon="7.3438622">
    <ele>743</ele>
</trkpt>
   <trkpt lat="48.4154100" lon="7.3438833">
    <ele>743</ele>
</trkpt>
   <trkpt lat="48.4154037" lon="7.3439044">
    <ele>743</ele>
</trkpt>
   <trkpt lat="48.4153966" lon="7.3439237">
    <ele>743</ele>
</trkpt>
   <trkpt lat="48.4153896" lon="7.3439430">
    <ele>743</ele>
</trkpt>
   <trkpt lat="48.4153822" lon="7.3439624">
    <ele>743</ele>
</trkpt>
   <trkpt lat="48.4153748" lon="7.3439818">
    <ele>743</ele>
</trkpt>
   <trkpt lat="48.4153693" lon="7.3440007">
    <ele>743</ele>
</trkpt>
   <trkpt lat="48.4153638" lon="7.3440196">
    <ele>743</ele>
</trkpt>
   <trkpt lat="48.4153594" lon="7.3440361">
    <ele>743</ele>
</trkpt>
   <trkpt lat="48.4153551" lon="7.3440527">
    <ele>743</ele>
</trkpt>
   <trkpt lat="48.4153510" lon="7.3440660">
    <ele>743</ele>
</trkpt>
   <trkpt lat="48.4153469" lon="7.3440794">
    <ele>743</ele>
</trkpt>
   <trkpt lat="48.4153402" lon="7.3440921">
    <ele>743</ele>
</trkpt>
   <trkpt lat="48.4153336" lon="7.3441049">
    <ele>744</ele>
</trkpt>
   <trkpt lat="48.4153217" lon="7.3441196">
    <ele>744</ele>
</trkpt>
   <trkpt lat="48.4153099" lon="7.3441343">
    <ele>744</ele>
</trkpt>
   <trkpt lat="48.4152987" lon="7.3441491">
    <ele>744</ele>
</trkpt>
   <trkpt lat="48.4152875" lon="7.3441640">
    <ele>744</ele>
</trkpt>
   <trkpt lat="48.4152796" lon="7.3441795">
    <ele>744</ele>
</trkpt>
   <trkpt lat="48.4152718" lon="7.3441951">
    <ele>744</ele>
</trkpt>
   <trkpt lat="48.4152675" lon="7.3442111">
    <ele>744</ele>
</trkpt>
   <trkpt lat="48.4152632" lon="7.3442272">
    <ele>744</ele>
</trkpt>
   <trkpt lat="48.4152593" lon="7.3442449">
    <ele>744</ele>
</trkpt>
   <trkpt lat="48.4152555" lon="7.3442626">
    <ele>744</ele>
</trkpt>
   <trkpt lat="48.4152524" lon="7.3442805">
    <ele>744</ele>
</trkpt>
   <trkpt lat="48.4152494" lon="7.3442984">
    <ele>744</ele>
</trkpt>
   <trkpt lat="48.4152464" lon="7.3443169">
    <ele>744</ele>
</trkpt>
   <trkpt lat="48.4152435" lon="7.3443355">
    <ele>744</ele>
</trkpt>
   <trkpt lat="48.4152389" lon="7.3443525">
    <ele>745</ele>
</trkpt>
   <trkpt lat="48.4152344" lon="7.3443695">
    <ele>745</ele>
</trkpt>
   <trkpt lat="48.4152279" lon="7.3443857">
    <ele>745</ele>
</trkpt>
   <trkpt lat="48.4152214" lon="7.3444020">
    <ele>745</ele>
</trkpt>
   <trkpt lat="48.4152132" lon="7.3444174">
    <ele>745</ele>
</trkpt>
   <trkpt lat="48.4152051" lon="7.3444329">
    <ele>746</ele>
</trkpt>
   <trkpt lat="48.4151953" lon="7.3444500">
    <ele>746</ele>
</trkpt>
   <trkpt lat="48.4151856" lon="7.3444671">
    <ele>746</ele>
</trkpt>
   <trkpt lat="48.4151761" lon="7.3444857">
    <ele>746</ele>
</trkpt>
   <trkpt lat="48.4151666" lon="7.3445043">
    <ele>746</ele>
</trkpt>
   <trkpt lat="48.4151577" lon="7.3445210">
    <ele>746</ele>
</trkpt>
   <trkpt lat="48.4151489" lon="7.3445378">
    <ele>746</ele>
</trkpt>
   <trkpt lat="48.4151401" lon="7.3445495">
    <ele>746</ele>
</trkpt>
   <trkpt lat="48.4151313" lon="7.3445612">
    <ele>746</ele>
</trkpt>
   <trkpt lat="48.4151212" lon="7.3445710">
    <ele>746</ele>
</trkpt>
   <trkpt lat="48.4151112" lon="7.3445809">
    <ele>747</ele>
</trkpt>
   <trkpt lat="48.4151016" lon="7.3445909">
    <ele>747</ele>
</trkpt>
   <trkpt lat="48.4150920" lon="7.3446010">
    <ele>747</ele>
</trkpt>
   <trkpt lat="48.4150837" lon="7.3446104">
    <ele>747</ele>
</trkpt>
   <trkpt lat="48.4150754" lon="7.3446199">
    <ele>747</ele>
</trkpt>
   <trkpt lat="48.4150659" lon="7.3446291">
    <ele>748</ele>
</trkpt>
   <trkpt lat="48.4150564" lon="7.3446383">
    <ele>748</ele>
</trkpt>
   <trkpt lat="48.4150462" lon="7.3446481">
    <ele>748</ele>
</trkpt>
   <trkpt lat="48.4150361" lon="7.3446580">
    <ele>748</ele>
</trkpt>
   <trkpt lat="48.4150247" lon="7.3446670">
    <ele>748</ele>
</trkpt>
   <trkpt lat="48.4150134" lon="7.3446760">
    <ele>748</ele>
</trkpt>
   <trkpt lat="48.4150011" lon="7.3446847">
    <ele>748</ele>
</trkpt>
   <trkpt lat="48.4149889" lon="7.3446934">
    <ele>748</ele>
</trkpt>
   <trkpt lat="48.4149776" lon="7.3447033">
    <ele>748</ele>
</trkpt>
   <trkpt lat="48.4149663" lon="7.3447132">
    <ele>748</ele>
</trkpt>
   <trkpt lat="48.4149561" lon="7.3447228">
    <ele>749</ele>
</trkpt>
   <trkpt lat="48.4149459" lon="7.3447324">
    <ele>749</ele>
</trkpt>
   <trkpt lat="48.4149357" lon="7.3447404">
    <ele>749</ele>
</trkpt>
   <trkpt lat="48.4149256" lon="7.3447484">
    <ele>749</ele>
</trkpt>
   <trkpt lat="48.4149141" lon="7.3447566">
    <ele>749</ele>
</trkpt>
   <trkpt lat="48.4149026" lon="7.3447648">
    <ele>750</ele>
</trkpt>
   <trkpt lat="48.4148884" lon="7.3447739">
    <ele>750</ele>
</trkpt>
   <trkpt lat="48.4148743" lon="7.3447831">
    <ele>750</ele>
</trkpt>
   <trkpt lat="48.4148602" lon="7.3447927">
    <ele>750</ele>
</trkpt>
   <trkpt lat="48.4148461" lon="7.3448024">
    <ele>750</ele>
</trkpt>
   <trkpt lat="48.4148332" lon="7.3448129">
    <ele>750</ele>
</trkpt>
   <trkpt lat="48.4148204" lon="7.3448234">
    <ele>750</ele>
</trkpt>
   <trkpt lat="48.4148087" lon="7.3448332">
    <ele>750</ele>
</trkpt>
   <trkpt lat="48.4147971" lon="7.3448430">
    <ele>750</ele>
</trkpt>
   <trkpt lat="48.4147862" lon="7.3448504">
    <ele>750</ele>
</trkpt>
   <trkpt lat="48.4147754" lon="7.3448578">
    <ele>751</ele>
</trkpt>
   <trkpt lat="48.4147648" lon="7.3448635">
    <ele>751</ele>
</trkpt>
   <trkpt lat="48.4147543" lon="7.3448692">
    <ele>751</ele>
</trkpt>
   <trkpt lat="48.4147433" lon="7.3448771">
    <ele>751</ele>
</trkpt>
   <trkpt lat="48.4147323" lon="7.3448850">
    <ele>751</ele>
</trkpt>
   <trkpt lat="48.4147220" lon="7.3448948">
    <ele>752</ele>
</trkpt>
   <trkpt lat="48.4147117" lon="7.3449046">
    <ele>752</ele>
</trkpt>
   <trkpt lat="48.4146997" lon="7.3449154">
    <ele>752</ele>
</trkpt>
   <trkpt lat="48.4146877" lon="7.3449262">
    <ele>752</ele>
</trkpt>
   <trkpt lat="48.4146750" lon="7.3449368">
    <ele>752</ele>
</trkpt>
   <trkpt lat="48.4146624" lon="7.3449474">
    <ele>753</ele>
</trkpt>
   <trkpt lat="48.4146482" lon="7.3449571">
    <ele>753</ele>
</trkpt>
   <trkpt lat="48.4146341" lon="7.3449668">
    <ele>753</ele>
</trkpt>
   <trkpt lat="48.4146199" lon="7.3449764">
    <ele>753</ele>
</trkpt>
   <trkpt lat="48.4146058" lon="7.3449861">
    <ele>753</ele>
</trkpt>
   <trkpt lat="48.4145924" lon="7.3449955">
    <ele>753</ele>
</trkpt>
   <trkpt lat="48.4145790" lon="7.3450049">
    <ele>753</ele>
</trkpt>
   <trkpt lat="48.4145664" lon="7.3450132">
    <ele>753</ele>
</trkpt>
   <trkpt lat="48.4145538" lon="7.3450216">
    <ele>753</ele>
</trkpt>
   <trkpt lat="48.4145412" lon="7.3450309">
    <ele>753</ele>
</trkpt>
   <trkpt lat="48.4145286" lon="7.3450402">
    <ele>754</ele>
</trkpt>
   <trkpt lat="48.4145168" lon="7.3450524">
    <ele>754</ele>
</trkpt>
   <trkpt lat="48.4145050" lon="7.3450646">
    <ele>754</ele>
</trkpt>
   <trkpt lat="48.4144933" lon="7.3450768">
    <ele>754</ele>
</trkpt>
   <trkpt lat="48.4144817" lon="7.3450890">
    <ele>754</ele>
</trkpt>
   <trkpt lat="48.4144721" lon="7.3450993">
    <ele>755</ele>
</trkpt>
   <trkpt lat="48.4144625" lon="7.3451096">
    <ele>755</ele>
</trkpt>
   <trkpt lat="48.4144547" lon="7.3451217">
    <ele>755</ele>
</trkpt>
   <trkpt lat="48.4144470" lon="7.3451338">
    <ele>755</ele>
</trkpt>
   <trkpt lat="48.4144391" lon="7.3451474">
    <ele>755</ele>
</trkpt>
   <trkpt lat="48.4144312" lon="7.3451611">
    <ele>755</ele>
</trkpt>
   <trkpt lat="48.4144237" lon="7.3451752">
    <ele>755</ele>
</trkpt>
   <trkpt lat="48.4144162" lon="7.3451893">
    <ele>755</ele>
</trkpt>
   <trkpt lat="48.4144093" lon="7.3452066">
    <ele>755</ele>
</trkpt>
   <trkpt lat="48.4144025" lon="7.3452239">
    <ele>755</ele>
</trkpt>
   <trkpt lat="48.4143975" lon="7.3452411">
    <ele>756</ele>
</trkpt>
   <trkpt lat="48.4143926" lon="7.3452583">
    <ele>756</ele>
</trkpt>
   <trkpt lat="48.4143889" lon="7.3452745">
    <ele>756</ele>
</trkpt>
   <trkpt lat="48.4143852" lon="7.3452908">
    <ele>756</ele>
</trkpt>
   <trkpt lat="48.4143824" lon="7.3453091">
    <ele>756</ele>
</trkpt>
   <trkpt lat="48.4143796" lon="7.3453274">
    <ele>757</ele>
</trkpt>
   <trkpt lat="48.4143763" lon="7.3453484">
    <ele>757</ele>
</trkpt>
   <trkpt lat="48.4143731" lon="7.3453694">
    <ele>757</ele>
</trkpt>
   <trkpt lat="48.4143688" lon="7.3453904">
    <ele>757</ele>
</trkpt>
   <trkpt lat="48.4143646" lon="7.3454115">
    <ele>757</ele>
</trkpt>
   <trkpt lat="48.4143593" lon="7.3454286">
    <ele>758</ele>
</trkpt>
   <trkpt lat="48.4143540" lon="7.3454457">
    <ele>758</ele>
</trkpt>
   <trkpt lat="48.4143492" lon="7.3454628">
    <ele>758</ele>
</trkpt>
   <trkpt lat="48.4143444" lon="7.3454800">
    <ele>758</ele>
</trkpt>
   <trkpt lat="48.4143411" lon="7.3454980">
    <ele>758</ele>
</trkpt>
   <trkpt lat="48.4143379" lon="7.3455161">
    <ele>759</ele>
</trkpt>
   <trkpt lat="48.4143344" lon="7.3455342">
    <ele>759</ele>
</trkpt>
   <trkpt lat="48.4143310" lon="7.3455523">
    <ele>759</ele>
</trkpt>
   <trkpt lat="48.4143277" lon="7.3455695">
    <ele>759</ele>
</trkpt>
   <trkpt lat="48.4143244" lon="7.3455868">
    <ele>759</ele>
</trkpt>
   <trkpt lat="48.4143214" lon="7.3456052">
    <ele>759</ele>
</trkpt>
   <trkpt lat="48.4143184" lon="7.3456236">
    <ele>759</ele>
</trkpt>
   <trkpt lat="48.4143132" lon="7.3456399">
    <ele>759</ele>
</trkpt>
   <trkpt lat="48.4143081" lon="7.3456562">
    <ele>759</ele>
</trkpt>
   <trkpt lat="48.4143006" lon="7.3456675">
    <ele>759</ele>
</trkpt>
   <trkpt lat="48.4142931" lon="7.3456788">
    <ele>760</ele>
</trkpt>
   <trkpt lat="48.4142859" lon="7.3456920">
    <ele>760</ele>
</trkpt>
   <trkpt lat="48.4142787" lon="7.3457052">
    <ele>760</ele>
</trkpt>
   <trkpt lat="48.4142746" lon="7.3457253">
    <ele>760</ele>
</trkpt>
   <trkpt lat="48.4142706" lon="7.3457455">
    <ele>760</ele>
</trkpt>
   <trkpt lat="48.4142678" lon="7.3457679">
    <ele>761</ele>
</trkpt>
   <trkpt lat="48.4142651" lon="7.3457903">
    <ele>761</ele>
</trkpt>
   <trkpt lat="48.4142623" lon="7.3458088">
    <ele>761</ele>
</trkpt>
   <trkpt lat="48.4142595" lon="7.3458273">
    <ele>761</ele>
</trkpt>
   <trkpt lat="48.4142577" lon="7.3458425">
    <ele>761</ele>
</trkpt>
   <trkpt lat="48.4142559" lon="7.3458577">
    <ele>762</ele>
</trkpt>
   <trkpt lat="48.4142538" lon="7.3458741">
    <ele>762</ele>
</trkpt>
   <trkpt lat="48.4142518" lon="7.3458905">
    <ele>762</ele>
</trkpt>
   <trkpt lat="48.4142499" lon="7.3459082">
    <ele>762</ele>
</trkpt>
   <trkpt lat="48.4142480" lon="7.3459259">
    <ele>762</ele>
</trkpt>
   <trkpt lat="48.4142459" lon="7.3459452">
    <ele>763</ele>
</trkpt>
   <trkpt lat="48.4142439" lon="7.3459646">
    <ele>763</ele>
</trkpt>
   <trkpt lat="48.4142404" lon="7.3459819">
    <ele>763</ele>
</trkpt>
   <trkpt lat="48.4142370" lon="7.3459993">
    <ele>763</ele>
</trkpt>
   <trkpt lat="48.4142331" lon="7.3460182">
    <ele>763</ele>
</trkpt>
   <trkpt lat="48.4142292" lon="7.3460371">
    <ele>764</ele>
</trkpt>
   <trkpt lat="48.4142267" lon="7.3460599">
    <ele>764</ele>
</trkpt>
   <trkpt lat="48.4142243" lon="7.3460828">
    <ele>764</ele>
</trkpt>
   <trkpt lat="48.4142238" lon="7.3461081">
    <ele>765</ele>
</trkpt>
   <trkpt lat="48.4142234" lon="7.3461334">
    <ele>765</ele>
</trkpt>
   <trkpt lat="48.4142235" lon="7.3461569">
    <ele>766</ele>
</trkpt>
   <trkpt lat="48.4142237" lon="7.3461805">
    <ele>766</ele>
</trkpt>
   <trkpt lat="48.4142236" lon="7.3462014">
    <ele>766</ele>
</trkpt>
   <trkpt lat="48.4142236" lon="7.3462224">
    <ele>766</ele>
</trkpt>
   <trkpt lat="48.4142227" lon="7.3462395">
    <ele>766</ele>
</trkpt>
   <trkpt lat="48.4142218" lon="7.3462566">
    <ele>766</ele>
</trkpt>
   <trkpt lat="48.4142193" lon="7.3462715">
    <ele>766</ele>
</trkpt>
   <trkpt lat="48.4142168" lon="7.3462864">
    <ele>766</ele>
</trkpt>
   <trkpt lat="48.4142135" lon="7.3463020">
    <ele>766</ele>
</trkpt>
   <trkpt lat="48.4142103" lon="7.3463176">
    <ele>766</ele>
</trkpt>
   <trkpt lat="48.4142080" lon="7.3463337">
    <ele>767</ele>
</trkpt>
   <trkpt lat="48.4142058" lon="7.3463498">
    <ele>767</ele>
</trkpt>
   <trkpt lat="48.4142055" lon="7.3463673">
    <ele>767</ele>
</trkpt>
   <trkpt lat="48.4142053" lon="7.3463848">
    <ele>767</ele>
</trkpt>
   <trkpt lat="48.4142073" lon="7.3464043">
    <ele>767</ele>
</trkpt>
   <trkpt lat="48.4142093" lon="7.3464238">
    <ele>768</ele>
</trkpt>
   <trkpt lat="48.4142107" lon="7.3464431">
    <ele>768</ele>
</trkpt>
   <trkpt lat="48.4142121" lon="7.3464625">
    <ele>768</ele>
</trkpt>
   <trkpt lat="48.4142117" lon="7.3464811">
    <ele>768</ele>
</trkpt>
   <trkpt lat="48.4142113" lon="7.3464997">
    <ele>768</ele>
</trkpt>
   <trkpt lat="48.4142093" lon="7.3465188">
    <ele>769</ele>
</trkpt>
   <trkpt lat="48.4142074" lon="7.3465379">
    <ele>769</ele>
</trkpt>
   <trkpt lat="48.4142055" lon="7.3465569">
    <ele>769</ele>
</trkpt>
   <trkpt lat="48.4142036" lon="7.3465760">
    <ele>769</ele>
</trkpt>
   <trkpt lat="48.4142019" lon="7.3465966">
    <ele>769</ele>
</trkpt>
   <trkpt lat="48.4142003" lon="7.3466172">
    <ele>770</ele>
</trkpt>
   <trkpt lat="48.4141965" lon="7.3466364">
    <ele>770</ele>
</trkpt>
   <trkpt lat="48.4141928" lon="7.3466557">
    <ele>770</ele>
</trkpt>
   <trkpt lat="48.4141884" lon="7.3466734">
    <ele>770</ele>
</trkpt>
   <trkpt lat="48.4141840" lon="7.3466911">
    <ele>770</ele>
</trkpt>
   <trkpt lat="48.4141802" lon="7.3467095">
    <ele>771</ele>
</trkpt>
   <trkpt lat="48.4141764" lon="7.3467279">
    <ele>771</ele>
</trkpt>
   <trkpt lat="48.4141736" lon="7.3467468">
    <ele>771</ele>
</trkpt>
   <trkpt lat="48.4141708" lon="7.3467657">
    <ele>771</ele>
</trkpt>
   <trkpt lat="48.4141696" lon="7.3467843">
    <ele>771</ele>
</trkpt>
   <trkpt lat="48.4141685" lon="7.3468030">
    <ele>771</ele>
</trkpt>
   <trkpt lat="48.4141694" lon="7.3468211">
    <ele>771</ele>
</trkpt>
   <trkpt lat="48.4141703" lon="7.3468392">
    <ele>771</ele>
</trkpt>
   <trkpt lat="48.4141730" lon="7.3468574">
    <ele>771</ele>
</trkpt>
   <trkpt lat="48.4141758" lon="7.3468757">
    <ele>771</ele>
</trkpt>
   <trkpt lat="48.4141789" lon="7.3468943">
    <ele>772</ele>
</trkpt>
   <trkpt lat="48.4141820" lon="7.3469129">
    <ele>772</ele>
</trkpt>
   <trkpt lat="48.4141838" lon="7.3469327">
    <ele>772</ele>
</trkpt>
   <trkpt lat="48.4141856" lon="7.3469525">
    <ele>772</ele>
</trkpt>
   <trkpt lat="48.4141868" lon="7.3469736">
    <ele>772</ele>
</trkpt>
   <trkpt lat="48.4141880" lon="7.3469947">
    <ele>772</ele>
</trkpt>
   <trkpt lat="48.4141885" lon="7.3470142">
    <ele>772</ele>
</trkpt>
   <trkpt lat="48.4141890" lon="7.3470338">
    <ele>772</ele>
</trkpt>
   <trkpt lat="48.4141881" lon="7.3470541">
    <ele>772</ele>
</trkpt>
   <trkpt lat="48.4141873" lon="7.3470744">
    <ele>772</ele>
</trkpt>
   <trkpt lat="48.4141861" lon="7.3470940">
    <ele>772</ele>
</trkpt>
   <trkpt lat="48.4141849" lon="7.3471136">
    <ele>772</ele>
</trkpt>
   <trkpt lat="48.4141841" lon="7.3471332">
    <ele>772</ele>
</trkpt>
   <trkpt lat="48.4141834" lon="7.3471528">
    <ele>772</ele>
</trkpt>
   <trkpt lat="48.4141835" lon="7.3471719">
    <ele>772</ele>
</trkpt>
   <trkpt lat="48.4141836" lon="7.3471911">
    <ele>773</ele>
</trkpt>
   <trkpt lat="48.4141841" lon="7.3472091">
    <ele>773</ele>
</trkpt>
   <trkpt lat="48.4141847" lon="7.3472272">
    <ele>773</ele>
</trkpt>
   <trkpt lat="48.4141852" lon="7.3472442">
    <ele>773</ele>
</trkpt>
   <trkpt lat="48.4141857" lon="7.3472613">
    <ele>773</ele>
</trkpt>
   <trkpt lat="48.4141876" lon="7.3472775">
    <ele>774</ele>
</trkpt>
   <trkpt lat="48.4141895" lon="7.3472938">
    <ele>774</ele>
</trkpt>
   <trkpt lat="48.4141935" lon="7.3473108">
    <ele>774</ele>
</trkpt>
   <trkpt lat="48.4141975" lon="7.3473279">
    <ele>774</ele>
</trkpt>
   <trkpt lat="48.4142018" lon="7.3473431">
    <ele>774</ele>
</trkpt>
   <trkpt lat="48.4142061" lon="7.3473583">
    <ele>775</ele>
</trkpt>
   <trkpt lat="48.4142077" lon="7.3473733">
    <ele>775</ele>
</trkpt>
   <trkpt lat="48.4142094" lon="7.3473884">
    <ele>775</ele>
</trkpt>
   <trkpt lat="48.4142088" lon="7.3474067">
    <ele>775</ele>
</trkpt>
   <trkpt lat="48.4142083" lon="7.3474251">
    <ele>775</ele>
</trkpt>
   <trkpt lat="48.4142072" lon="7.3474479">
    <ele>776</ele>
</trkpt>
   <trkpt lat="48.4142062" lon="7.3474708">
    <ele>776</ele>
</trkpt>
   <trkpt lat="48.4142047" lon="7.3474941">
    <ele>776</ele>
</trkpt>
   <trkpt lat="48.4142033" lon="7.3475175">
    <ele>776</ele>
</trkpt>
   <trkpt lat="48.4142010" lon="7.3475414">
    <ele>776</ele>
</trkpt>
   <trkpt lat="48.4141988" lon="7.3475653">
    <ele>776</ele>
</trkpt>
   <trkpt lat="48.4141956" lon="7.3475884">
    <ele>776</ele>
</trkpt>
   <trkpt lat="48.4141924" lon="7.3476116">
    <ele>776</ele>
</trkpt>
   <trkpt lat="48.4141889" lon="7.3476325">
    <ele>776</ele>
</trkpt>
   <trkpt lat="48.4141854" lon="7.3476534">
    <ele>776</ele>
</trkpt>
   <trkpt lat="48.4141823" lon="7.3476721">
    <ele>777</ele>
</trkpt>
   <trkpt lat="48.4141792" lon="7.3476909">
    <ele>777</ele>
</trkpt>
   <trkpt lat="48.4141774" lon="7.3477083">
    <ele>777</ele>
</trkpt>
   <trkpt lat="48.4141756" lon="7.3477258">
    <ele>777</ele>
</trkpt>
   <trkpt lat="48.4141757" lon="7.3477418">
    <ele>777</ele>
</trkpt>
   <trkpt lat="48.4141758" lon="7.3477579">
    <ele>778</ele>
</trkpt>
   <trkpt lat="48.4141768" lon="7.3477721">
    <ele>778</ele>
</trkpt>
   <trkpt lat="48.4141779" lon="7.3477863">
    <ele>778</ele>
</trkpt>
   <trkpt lat="48.4141788" lon="7.3478008">
    <ele>778</ele>
</trkpt>
   <trkpt lat="48.4141797" lon="7.3478153">
    <ele>778</ele>
</trkpt>
   <trkpt lat="48.4141805" lon="7.3478314">
    <ele>779</ele>
</trkpt>
   <trkpt lat="48.4141813" lon="7.3478476">
    <ele>779</ele>
</trkpt>
   <trkpt lat="48.4141824" lon="7.3478666">
    <ele>779</ele>
</trkpt>
   <trkpt lat="48.4141835" lon="7.3478856">
    <ele>779</ele>
</trkpt>
   <trkpt lat="48.4141846" lon="7.3479067">
    <ele>779</ele>
</trkpt>
   <trkpt lat="48.4141858" lon="7.3479278">
    <ele>780</ele>
</trkpt>
   <trkpt lat="48.4141871" lon="7.3479504">
    <ele>780</ele>
</trkpt>
   <trkpt lat="48.4141884" lon="7.3479730">
    <ele>780</ele>
</trkpt>
   <trkpt lat="48.4141902" lon="7.3479956">
    <ele>780</ele>
</trkpt>
   <trkpt lat="48.4141921" lon="7.3480183">
    <ele>780</ele>
</trkpt>
   <trkpt lat="48.4141926" lon="7.3480386">
    <ele>781</ele>
</trkpt>
   <trkpt lat="48.4141932" lon="7.3480589">
    <ele>781</ele>
</trkpt>
   <trkpt lat="48.4141917" lon="7.3480751">
    <ele>781</ele>
</trkpt>
   <trkpt lat="48.4141902" lon="7.3480913">
    <ele>781</ele>
</trkpt>
   <trkpt lat="48.4141877" lon="7.3481081">
    <ele>781</ele>
</trkpt>
   <trkpt lat="48.4141852" lon="7.3481249">
    <ele>782</ele>
</trkpt>
   <trkpt lat="48.4141820" lon="7.3481460">
    <ele>782</ele>
</trkpt>
   <trkpt lat="48.4141788" lon="7.3481672">
    <ele>782</ele>
</trkpt>
   <trkpt lat="48.4141753" lon="7.3481893">
    <ele>782</ele>
</trkpt>
   <trkpt lat="48.4141719" lon="7.3482114">
    <ele>782</ele>
</trkpt>
   <trkpt lat="48.4141683" lon="7.3482334">
    <ele>783</ele>
</trkpt>
   <trkpt lat="48.4141648" lon="7.3482554">
    <ele>783</ele>
</trkpt>
   <trkpt lat="48.4141614" lon="7.3482758">
    <ele>783</ele>
</trkpt>
   <trkpt lat="48.4141580" lon="7.3482963">
    <ele>784</ele>
</trkpt>
   <trkpt lat="48.4141545" lon="7.3483169">
    <ele>784</ele>
</trkpt>
   <trkpt lat="48.4141511" lon="7.3483376">
    <ele>785</ele>
</trkpt>
   <trkpt lat="48.4141471" lon="7.3483562">
    <ele>785</ele>
</trkpt>
   <trkpt lat="48.4141431" lon="7.3483748">
    <ele>785</ele>
</trkpt>
   <trkpt lat="48.4141391" lon="7.3483926">
    <ele>785</ele>
</trkpt>
   <trkpt lat="48.4141352" lon="7.3484104">
    <ele>785</ele>
</trkpt>
   <trkpt lat="48.4141292" lon="7.3484302">
    <ele>785</ele>
</trkpt>
   <trkpt lat="48.4141232" lon="7.3484501">
    <ele>785</ele>
</trkpt>
   <trkpt lat="48.4141151" lon="7.3484704">
    <ele>785</ele>
</trkpt>
   <trkpt lat="48.4141070" lon="7.3484907">
    <ele>785</ele>
</trkpt>
   <trkpt lat="48.4140990" lon="7.3485111">
    <ele>785</ele>
</trkpt>
   <trkpt lat="48.4140911" lon="7.3485315">
    <ele>785</ele>
</trkpt>
   <trkpt lat="48.4140846" lon="7.3485545">
    <ele>785</ele>
</trkpt>
   <trkpt lat="48.4140781" lon="7.3485775">
    <ele>785</ele>
</trkpt>
   <trkpt lat="48.4140741" lon="7.3486064">
    <ele>785</ele>
</trkpt>
   <trkpt lat="48.4140701" lon="7.3486353">
    <ele>785</ele>
</trkpt>
   <trkpt lat="48.4140680" lon="7.3486670">
    <ele>785</ele>
</trkpt>
   <trkpt lat="48.4140659" lon="7.3486988">
    <ele>785</ele>
</trkpt>
   <trkpt lat="48.4140650" lon="7.3487244">
    <ele>785</ele>
</trkpt>
   <trkpt lat="48.4140641" lon="7.3487500">
    <ele>785</ele>
</trkpt>
   <trkpt lat="48.4140699" lon="7.3487616">
    <ele>785</ele>
</trkpt>
   <trkpt lat="48.4140758" lon="7.3487733">
    <ele>786</ele>
</trkpt>
   <trkpt lat="48.4140935" lon="7.3487721">
    <ele>786</ele>
</trkpt>
   <trkpt lat="48.4141113" lon="7.3487709">
    <ele>786</ele>
</trkpt>
   <trkpt lat="48.4141366" lon="7.3487636">
    <ele>786</ele>
</trkpt>
   <trkpt lat="48.4141620" lon="7.3487563">
    <ele>786</ele>
</trkpt>
   <trkpt lat="48.4141857" lon="7.3487409">
    <ele>786</ele>
</trkpt>
   <trkpt lat="48.4142095" lon="7.3487256">
    <ele>785</ele>
</trkpt>
   <trkpt lat="48.4142258" lon="7.3486960">
    <ele>785</ele>
</trkpt>
   <trkpt lat="48.4142421" lon="7.3486665">
    <ele>785</ele>
</trkpt>
   <trkpt lat="48.4142523" lon="7.3486277">
    <ele>785</ele>
</trkpt>
   <trkpt lat="48.4142626" lon="7.3485890">
    <ele>785</ele>
</trkpt>
   <trkpt lat="48.4142690" lon="7.3485480">
    <ele>785</ele>
</trkpt>
   <trkpt lat="48.4142754" lon="7.3485071">
    <ele>785</ele>
</trkpt>
   <trkpt lat="48.4142789" lon="7.3484686">
    <ele>785</ele>
</trkpt>
   <trkpt lat="48.4142824" lon="7.3484302">
    <ele>785</ele>
</trkpt>
   <trkpt lat="48.4142849" lon="7.3483959">
    <ele>785</ele>
</trkpt>
   <trkpt lat="48.4142874" lon="7.3483616">
    <ele>785</ele>
</trkpt>
   <trkpt lat="48.4142913" lon="7.3483336">
    <ele>785</ele>
</trkpt>
   <trkpt lat="48.4142953" lon="7.3483056">
    <ele>785</ele>
</trkpt>
   <trkpt lat="48.4143035" lon="7.3482786">
    <ele>785</ele>
</trkpt>
   <trkpt lat="48.4143117" lon="7.3482516">
    <ele>785</ele>
</trkpt>
   <trkpt lat="48.4143239" lon="7.3482214">
    <ele>785</ele>
</trkpt>
   <trkpt lat="48.4143361" lon="7.3481913">
    <ele>785</ele>
</trkpt>
   <trkpt lat="48.4143499" lon="7.3481583">
    <ele>785</ele>
</trkpt>
   <trkpt lat="48.4143637" lon="7.3481253">
    <ele>785</ele>
</trkpt>
   <trkpt lat="48.4143786" lon="7.3480929">
    <ele>785</ele>
</trkpt>
   <trkpt lat="48.4143936" lon="7.3480605">
    <ele>785</ele>
</trkpt>
   <trkpt lat="48.4144094" lon="7.3480296">
    <ele>785</ele>
</trkpt>
   <trkpt lat="48.4144252" lon="7.3479987">
    <ele>785</ele>
</trkpt>
   <trkpt lat="48.4144411" lon="7.3479667">
    <ele>785</ele>
</trkpt>
   <trkpt lat="48.4144571" lon="7.3479348">
    <ele>786</ele>
</trkpt>
   <trkpt lat="48.4144738" lon="7.3479020">
    <ele>786</ele>
</trkpt>
   <trkpt lat="48.4144905" lon="7.3478692">
    <ele>786</ele>
</trkpt>
   <trkpt lat="48.4145075" lon="7.3478366">
    <ele>786</ele>
</trkpt>
   <trkpt lat="48.4145245" lon="7.3478041">
    <ele>786</ele>
</trkpt>
   <trkpt lat="48.4145412" lon="7.3477720">
    <ele>786</ele>
</trkpt>
   <trkpt lat="48.4145579" lon="7.3477399">
    <ele>786</ele>
</trkpt>
   <trkpt lat="48.4145745" lon="7.3477096">
    <ele>786</ele>
</trkpt>
   <trkpt lat="48.4145912" lon="7.3476794">
    <ele>786</ele>
</trkpt>
   <trkpt lat="48.4146079" lon="7.3476481">
    <ele>786</ele>
</trkpt>
   <trkpt lat="48.4146246" lon="7.3476168">
    <ele>786</ele>
</trkpt>
   <trkpt lat="48.4146421" lon="7.3475855">
    <ele>786</ele>
</trkpt>
   <trkpt lat="48.4146597" lon="7.3475542">
    <ele>786</ele>
</trkpt>
   <trkpt lat="48.4146777" lon="7.3475236">
    <ele>786</ele>
</trkpt>
   <trkpt lat="48.4146958" lon="7.3474930">
    <ele>786</ele>
</trkpt>
   <trkpt lat="48.4147133" lon="7.3474622">
    <ele>786</ele>
</trkpt>
   <trkpt lat="48.4147309" lon="7.3474314">
    <ele>786</ele>
</trkpt>
   <trkpt lat="48.4147474" lon="7.3474017">
    <ele>786</ele>
</trkpt>
   <trkpt lat="48.4147639" lon="7.3473720">
    <ele>786</ele>
</trkpt>
   <trkpt lat="48.4147800" lon="7.3473452">
    <ele>786</ele>
</trkpt>
   <trkpt lat="48.4147961" lon="7.3473185">
    <ele>787</ele>
</trkpt>
   <trkpt lat="48.4148142" lon="7.3472956">
    <ele>787</ele>
</trkpt>
   <trkpt lat="48.4148324" lon="7.3472727">
    <ele>787</ele>
</trkpt>
   <trkpt lat="48.4148526" lon="7.3472465">
    <ele>787</ele>
</trkpt>
   <trkpt lat="48.4148728" lon="7.3472203">
    <ele>787</ele>
</trkpt>
   <trkpt lat="48.4148922" lon="7.3471905">
    <ele>787</ele>
</trkpt>
   <trkpt lat="48.4149117" lon="7.3471607">
    <ele>787</ele>
</trkpt>
   <trkpt lat="48.4149302" lon="7.3471307">
    <ele>787</ele>
</trkpt>
   <trkpt lat="48.4149488" lon="7.3471008">
    <ele>787</ele>
</trkpt>
   <trkpt lat="48.4149673" lon="7.3470718">
    <ele>787</ele>
</trkpt>
   <trkpt lat="48.4149859" lon="7.3470429">
    <ele>787</ele>
</trkpt>
   <trkpt lat="48.4150059" lon="7.3470161">
    <ele>787</ele>
</trkpt>
   <trkpt lat="48.4150260" lon="7.3469894">
    <ele>787</ele>
</trkpt>
   <trkpt lat="48.4150472" lon="7.3469664">
    <ele>787</ele>
</trkpt>
   <trkpt lat="48.4150684" lon="7.3469435">
    <ele>787</ele>
</trkpt>
   <trkpt lat="48.4150898" lon="7.3469253">
    <ele>787</ele>
</trkpt>
   <trkpt lat="48.4151112" lon="7.3469071">
    <ele>787</ele>
</trkpt>
   <trkpt lat="48.4151318" lon="7.3468936">
    <ele>787</ele>
</trkpt>
   <trkpt lat="48.4151524" lon="7.3468801">
    <ele>787</ele>
</trkpt>
   <trkpt lat="48.4151644" lon="7.3468783">
    <ele>787</ele>
</trkpt>
   <trkpt lat="48.4151764" lon="7.3468766">
    <ele>787</ele>
</trkpt>
   <trkpt lat="48.4151695" lon="7.3468894">
    <ele>787</ele>
</trkpt>
   <trkpt lat="48.4151626" lon="7.3469023">
    <ele>787</ele>
</trkpt>
   <trkpt lat="48.4151395" lon="7.3469273">
    <ele>787</ele>
</trkpt>
   <trkpt lat="48.4151165" lon="7.3469524">
    <ele>787</ele>
</trkpt>
   <trkpt lat="48.4150850" lon="7.3469867">
    <ele>787</ele>
</trkpt>
   <trkpt lat="48.4150535" lon="7.3470210">
    <ele>787</ele>
</trkpt>
   <trkpt lat="48.4150228" lon="7.3470562">
    <ele>787</ele>
</trkpt>
   <trkpt lat="48.4149921" lon="7.3470914">
    <ele>787</ele>
</trkpt>
   <trkpt lat="48.4149665" lon="7.3471252">
    <ele>787</ele>
</trkpt>
   <trkpt lat="48.4149409" lon="7.3471590">
    <ele>787</ele>
</trkpt>
   <trkpt lat="48.4149197" lon="7.3471910">
    <ele>787</ele>
</trkpt>
   <trkpt lat="48.4148986" lon="7.3472230">
    <ele>787</ele>
</trkpt>
   <trkpt lat="48.4148801" lon="7.3472534">
    <ele>787</ele>
</trkpt>
   <trkpt lat="48.4148617" lon="7.3472838">
    <ele>787</ele>
</trkpt>
   <trkpt lat="48.4148463" lon="7.3473144">
    <ele>787</ele>
</trkpt>
   <trkpt lat="48.4148309" lon="7.3473450">
    <ele>787</ele>
</trkpt>
   <trkpt lat="48.4148242" lon="7.3473778">
    <ele>787</ele>
</trkpt>
   <trkpt lat="48.4148176" lon="7.3474107">
    <ele>787</ele>
</trkpt>
   <trkpt lat="48.4148176" lon="7.3474433">
    <ele>787</ele>
</trkpt>
   <trkpt lat="48.4148176" lon="7.3474759">
    <ele>787</ele>
</trkpt>
   <trkpt lat="48.4148191" lon="7.3475009">
    <ele>787</ele>
</trkpt>
   <trkpt lat="48.4148207" lon="7.3475260">
    <ele>787</ele>
</trkpt>
   <trkpt lat="48.4148211" lon="7.3475427">
    <ele>787</ele>
</trkpt>
   <trkpt lat="48.4148216" lon="7.3475594">
    <ele>787</ele>
</trkpt>
   <trkpt lat="48.4148218" lon="7.3475742">
    <ele>787</ele>
</trkpt>
   <trkpt lat="48.4148220" lon="7.3475890">
    <ele>787</ele>
</trkpt>
   <trkpt lat="48.4148209" lon="7.3476065">
    <ele>787</ele>
</trkpt>
   <trkpt lat="48.4148198" lon="7.3476241">
    <ele>787</ele>
</trkpt>
   <trkpt lat="48.4148164" lon="7.3476429">
    <ele>787</ele>
</trkpt>
   <trkpt lat="48.4148131" lon="7.3476618">
    <ele>787</ele>
</trkpt>
   <trkpt lat="48.4148097" lon="7.3476832">
    <ele>787</ele>
</trkpt>
   <trkpt lat="48.4148064" lon="7.3477046">
    <ele>787</ele>
</trkpt>
   <trkpt lat="48.4148044" lon="7.3477262">
    <ele>787</ele>
</trkpt>
   <trkpt lat="48.4148024" lon="7.3477478">
    <ele>787</ele>
</trkpt>
   <trkpt lat="48.4148028" lon="7.3477703">
    <ele>788</ele>
</trkpt>
   <trkpt lat="48.4148032" lon="7.3477929">
    <ele>788</ele>
</trkpt>
   <trkpt lat="48.4148058" lon="7.3478164">
    <ele>788</ele>
</trkpt>
   <trkpt lat="48.4148084" lon="7.3478399">
    <ele>788</ele>
</trkpt>
   <trkpt lat="48.4148109" lon="7.3478610">
    <ele>788</ele>
</trkpt>
   <trkpt lat="48.4148135" lon="7.3478822">
    <ele>789</ele>
</trkpt>
   <trkpt lat="48.4148152" lon="7.3479007">
    <ele>789</ele>
</trkpt>
   <trkpt lat="48.4148170" lon="7.3479193">
    <ele>789</ele>
</trkpt>
   <trkpt lat="48.4148184" lon="7.3479374">
    <ele>789</ele>
</trkpt>
   <trkpt lat="48.4148199" lon="7.3479555">
    <ele>789</ele>
</trkpt>
   <trkpt lat="48.4148208" lon="7.3479739">
    <ele>789</ele>
</trkpt>
   <trkpt lat="48.4148218" lon="7.3479924">
    <ele>789</ele>
</trkpt>
   <trkpt lat="48.4148220" lon="7.3480159">
    <ele>789</ele>
</trkpt>
   <trkpt lat="48.4148223" lon="7.3480395">
    <ele>789</ele>
</trkpt>
   <trkpt lat="48.4148243" lon="7.3480705">
    <ele>789</ele>
</trkpt>
   <trkpt lat="48.4148264" lon="7.3481015">
    <ele>790</ele>
</trkpt>
   <trkpt lat="48.4148311" lon="7.3481371">
    <ele>790</ele>
</trkpt>
   <trkpt lat="48.4148358" lon="7.3481728">
    <ele>790</ele>
</trkpt>
   <trkpt lat="48.4148420" lon="7.3482098">
    <ele>790</ele>
</trkpt>
   <trkpt lat="48.4148482" lon="7.3482468">
    <ele>790</ele>
</trkpt>
   <trkpt lat="48.4148570" lon="7.3482832">
    <ele>790</ele>
</trkpt>
   <trkpt lat="48.4148659" lon="7.3483197">
    <ele>790</ele>
</trkpt>
   <trkpt lat="48.4148766" lon="7.3483546">
    <ele>790</ele>
</trkpt>
   <trkpt lat="48.4148874" lon="7.3483896">
    <ele>790</ele>
</trkpt>
   <trkpt lat="48.4148968" lon="7.3484227">
    <ele>790</ele>
</trkpt>
   <trkpt lat="48.4149063" lon="7.3484559">
    <ele>790</ele>
</trkpt>
   <trkpt lat="48.4149155" lon="7.3484861">
    <ele>790</ele>
</trkpt>
   <trkpt lat="48.4149248" lon="7.3485164">
    <ele>790</ele>
</trkpt>
   <trkpt lat="48.4149355" lon="7.3485443">
    <ele>790</ele>
</trkpt>
   <trkpt lat="48.4149462" lon="7.3485723">
    <ele>790</ele>
</trkpt>
   <trkpt lat="48.4149547" lon="7.3486037">
    <ele>791</ele>
</trkpt>
   <trkpt lat="48.4149632" lon="7.3486352">
    <ele>791</ele>
</trkpt>
   <trkpt lat="48.4149668" lon="7.3486722">
    <ele>791</ele>
</trkpt>
   <trkpt lat="48.4149705" lon="7.3487092">
    <ele>791</ele>
</trkpt>
   <trkpt lat="48.4149697" lon="7.3487456">
    <ele>791</ele>
</trkpt>
   <trkpt lat="48.4149689" lon="7.3487820">
    <ele>791</ele>
</trkpt>
   <trkpt lat="48.4149650" lon="7.3488159">
    <ele>791</ele>
</trkpt>
   <trkpt lat="48.4149612" lon="7.3488499">
    <ele>791</ele>
</trkpt>
   <trkpt lat="48.4149556" lon="7.3488846">
    <ele>791</ele>
</trkpt>
   <trkpt lat="48.4149501" lon="7.3489193">
    <ele>791</ele>
</trkpt>
   <trkpt lat="48.4149430" lon="7.3489538">
    <ele>791</ele>
</trkpt>
   <trkpt lat="48.4149359" lon="7.3489884">
    <ele>791</ele>
</trkpt>
   <trkpt lat="48.4149284" lon="7.3490243">
    <ele>791</ele>
</trkpt>
   <trkpt lat="48.4149209" lon="7.3490603">
    <ele>791</ele>
</trkpt>
   <trkpt lat="48.4149154" lon="7.3490980">
    <ele>791</ele>
</trkpt>
   <trkpt lat="48.4149099" lon="7.3491358">
    <ele>791</ele>
</trkpt>
   <trkpt lat="48.4149086" lon="7.3491749">
    <ele>791</ele>
</trkpt>
   <trkpt lat="48.4149074" lon="7.3492141">
    <ele>791</ele>
</trkpt>
   <trkpt lat="48.4149071" lon="7.3492499">
    <ele>791</ele>
</trkpt>
   <trkpt lat="48.4149068" lon="7.3492858">
    <ele>791</ele>
</trkpt>
   <trkpt lat="48.4149015" lon="7.3493212">
    <ele>791</ele>
</trkpt>
   <trkpt lat="48.4148963" lon="7.3493566">
    <ele>790</ele>
</trkpt>
   <trkpt lat="48.4148849" lon="7.3493949">
    <ele>790</ele>
</trkpt>
   <trkpt lat="48.4148735" lon="7.3494333">
    <ele>790</ele>
</trkpt>
   <trkpt lat="48.4148595" lon="7.3494739">
    <ele>790</ele>
</trkpt>
   <trkpt lat="48.4148455" lon="7.3495146">
    <ele>790</ele>
</trkpt>
   <trkpt lat="48.4148312" lon="7.3495556">
    <ele>789</ele>
</trkpt>
   <trkpt lat="48.4148169" lon="7.3495966">
    <ele>789</ele>
</trkpt>
   <trkpt lat="48.4148028" lon="7.3496374">
    <ele>789</ele>
</trkpt>
   <trkpt lat="48.4147888" lon="7.3496783">
    <ele>789</ele>
</trkpt>
   <trkpt lat="48.4147745" lon="7.3497163">
    <ele>789</ele>
</trkpt>
   <trkpt lat="48.4147602" lon="7.3497543">
    <ele>789</ele>
</trkpt>
   <trkpt lat="48.4147451" lon="7.3497906">
    <ele>789</ele>
</trkpt>
   <trkpt lat="48.4147301" lon="7.3498269">
    <ele>789</ele>
</trkpt>
   <trkpt lat="48.4147143" lon="7.3498617">
    <ele>789</ele>
</trkpt>
   <trkpt lat="48.4146986" lon="7.3498966">
    <ele>789</ele>
</trkpt>
   <trkpt lat="48.4146810" lon="7.3499298">
    <ele>788</ele>
</trkpt>
   <trkpt lat="48.4146635" lon="7.3499630">
    <ele>788</ele>
</trkpt>
   <trkpt lat="48.4146441" lon="7.3499958">
    <ele>788</ele>
</trkpt>
   <trkpt lat="48.4146247" lon="7.3500286">
    <ele>788</ele>
</trkpt>
   <trkpt lat="48.4146040" lon="7.3500582">
    <ele>788</ele>
</trkpt>
   <trkpt lat="48.4145834" lon="7.3500879">
    <ele>787</ele>
</trkpt>
   <trkpt lat="48.4145616" lon="7.3501144">
    <ele>787</ele>
</trkpt>
   <trkpt lat="48.4145399" lon="7.3501410">
    <ele>787</ele>
</trkpt>
   <trkpt lat="48.4145179" lon="7.3501676">
    <ele>787</ele>
</trkpt>
   <trkpt lat="48.4144960" lon="7.3501942">
    <ele>787</ele>
</trkpt>
   <trkpt lat="48.4144738" lon="7.3502212">
    <ele>786</ele>
</trkpt>
   <trkpt lat="48.4144516" lon="7.3502482">
    <ele>786</ele>
</trkpt>
   <trkpt lat="48.4144297" lon="7.3502765">
    <ele>786</ele>
</trkpt>
   <trkpt lat="48.4144078" lon="7.3503048">
    <ele>786</ele>
</trkpt>
   <trkpt lat="48.4143868" lon="7.3503338">
    <ele>786</ele>
</trkpt>
   <trkpt lat="48.4143658" lon="7.3503629">
    <ele>785</ele>
</trkpt>
   <trkpt lat="48.4143455" lon="7.3503905">
    <ele>785</ele>
</trkpt>
   <trkpt lat="48.4143252" lon="7.3504182">
    <ele>785</ele>
</trkpt>
   <trkpt lat="48.4143050" lon="7.3504448">
    <ele>785</ele>
</trkpt>
   <trkpt lat="48.4142848" lon="7.3504715">
    <ele>785</ele>
</trkpt>
   <trkpt lat="48.4142643" lon="7.3504977">
    <ele>784</ele>
</trkpt>
   <trkpt lat="48.4142438" lon="7.3505239">
    <ele>784</ele>
</trkpt>
   <trkpt lat="48.4142229" lon="7.3505508">
    <ele>784</ele>
</trkpt>
   <trkpt lat="48.4142021" lon="7.3505777">
    <ele>784</ele>
</trkpt>
   <trkpt lat="48.4141816" lon="7.3506024">
    <ele>784</ele>
</trkpt>
   <trkpt lat="48.4141611" lon="7.3506271">
    <ele>784</ele>
</trkpt>
   <trkpt lat="48.4141392" lon="7.3506509">
    <ele>784</ele>
</trkpt>
   <trkpt lat="48.4141173" lon="7.3506747">
    <ele>784</ele>
</trkpt>
   <trkpt lat="48.4140951" lon="7.3506977">
    <ele>784</ele>
</trkpt>
   <trkpt lat="48.4140730" lon="7.3507208">
    <ele>784</ele>
</trkpt>
   <trkpt lat="48.4140558" lon="7.3507443">
    <ele>783</ele>
</trkpt>
   <trkpt lat="48.4140387" lon="7.3507678">
    <ele>783</ele>
</trkpt>
   <trkpt lat="48.4140296" lon="7.3507968">
    <ele>783</ele>
</trkpt>
   <trkpt lat="48.4140205" lon="7.3508258">
    <ele>783</ele>
</trkpt>
   <trkpt lat="48.4140168" lon="7.3508616">
    <ele>783</ele>
</trkpt>
   <trkpt lat="48.4140131" lon="7.3508974">
    <ele>783</ele>
</trkpt>
   <trkpt lat="48.4140107" lon="7.3509364">
    <ele>783</ele>
</trkpt>
   <trkpt lat="48.4140084" lon="7.3509755">
    <ele>783</ele>
</trkpt>
   <trkpt lat="48.4140044" lon="7.3510133">
    <ele>783</ele>
</trkpt>
   <trkpt lat="48.4140005" lon="7.3510512">
    <ele>784</ele>
</trkpt>
   <trkpt lat="48.4139949" lon="7.3510885">
    <ele>784</ele>
</trkpt>
   <trkpt lat="48.4139893" lon="7.3511258">
    <ele>784</ele>
</trkpt>
   <trkpt lat="48.4139813" lon="7.3511642">
    <ele>784</ele>
</trkpt>
   <trkpt lat="48.4139733" lon="7.3512027">
    <ele>784</ele>
</trkpt>
   <trkpt lat="48.4139638" lon="7.3512410">
    <ele>785</ele>
</trkpt>
   <trkpt lat="48.4139543" lon="7.3512794">
    <ele>785</ele>
</trkpt>
   <trkpt lat="48.4139438" lon="7.3513154">
    <ele>785</ele>
</trkpt>
   <trkpt lat="48.4139333" lon="7.3513515">
    <ele>785</ele>
</trkpt>
   <trkpt lat="48.4139235" lon="7.3513847">
    <ele>785</ele>
</trkpt>
   <trkpt lat="48.4139138" lon="7.3514180">
    <ele>785</ele>
</trkpt>
   <trkpt lat="48.4139047" lon="7.3514512">
    <ele>785</ele>
</trkpt>
   <trkpt lat="48.4138957" lon="7.3514844">
    <ele>785</ele>
</trkpt>
   <trkpt lat="48.4138870" lon="7.3515198">
    <ele>785</ele>
</trkpt>
   <trkpt lat="48.4138783" lon="7.3515553">
    <ele>785</ele>
</trkpt>
   <trkpt lat="48.4138712" lon="7.3515914">
    <ele>786</ele>
</trkpt>
   <trkpt lat="48.4138642" lon="7.3516276">
    <ele>786</ele>
</trkpt>
   <trkpt lat="48.4138590" lon="7.3516628">
    <ele>786</ele>
</trkpt>
   <trkpt lat="48.4138538" lon="7.3516980">
    <ele>786</ele>
</trkpt>
   <trkpt lat="48.4138484" lon="7.3517340">
    <ele>786</ele>
</trkpt>
   <trkpt lat="48.4138430" lon="7.3517701">
    <ele>786</ele>
</trkpt>
   <trkpt lat="48.4138362" lon="7.3518081">
    <ele>786</ele>
</trkpt>
   <trkpt lat="48.4138294" lon="7.3518461">
    <ele>786</ele>
</trkpt>
   <trkpt lat="48.4138194" lon="7.3518842">
    <ele>786</ele>
</trkpt>
   <trkpt lat="48.4138095" lon="7.3519224">
    <ele>786</ele>
</trkpt>
   <trkpt lat="48.4137954" lon="7.3519582">
    <ele>786</ele>
</trkpt>
   <trkpt lat="48.4137814" lon="7.3519940">
    <ele>786</ele>
</trkpt>
   <trkpt lat="48.4137676" lon="7.3520268">
    <ele>786</ele>
</trkpt>
   <trkpt lat="48.4137539" lon="7.3520597">
    <ele>786</ele>
</trkpt>
   <trkpt lat="48.4137435" lon="7.3520932">
    <ele>786</ele>
</trkpt>
   <trkpt lat="48.4137331" lon="7.3521267">
    <ele>786</ele>
</trkpt>
   <trkpt lat="48.4137239" lon="7.3521623">
    <ele>786</ele>
</trkpt>
   <trkpt lat="48.4137148" lon="7.3521979">
    <ele>786</ele>
</trkpt>
   <trkpt lat="48.4137008" lon="7.3522334">
    <ele>786</ele>
</trkpt>
   <trkpt lat="48.4136868" lon="7.3522689">
    <ele>786</ele>
</trkpt>
   <trkpt lat="48.4136693" lon="7.3523017">
    <ele>786</ele>
</trkpt>
   <trkpt lat="48.4136519" lon="7.3523346">
    <ele>786</ele>
</trkpt>
   <trkpt lat="48.4136349" lon="7.3523670">
    <ele>786</ele>
</trkpt>
   <trkpt lat="48.4136180" lon="7.3523995">
    <ele>786</ele>
</trkpt>
   <trkpt lat="48.4135992" lon="7.3524340">
    <ele>786</ele>
</trkpt>
   <trkpt lat="48.4135805" lon="7.3524685">
    <ele>786</ele>
</trkpt>
   <trkpt lat="48.4135611" lon="7.3525016">
    <ele>785</ele>
</trkpt>
   <trkpt lat="48.4135418" lon="7.3525348">
    <ele>785</ele>
</trkpt>
   <trkpt lat="48.4135236" lon="7.3525684">
    <ele>785</ele>
</trkpt>
   <trkpt lat="48.4135055" lon="7.3526020">
    <ele>785</ele>
</trkpt>
   <trkpt lat="48.4134875" lon="7.3526374">
    <ele>785</ele>
</trkpt>
   <trkpt lat="48.4134695" lon="7.3526728">
    <ele>784</ele>
</trkpt>
   <trkpt lat="48.4134506" lon="7.3527065">
    <ele>784</ele>
</trkpt>
   <trkpt lat="48.4134318" lon="7.3527403">
    <ele>784</ele>
</trkpt>
   <trkpt lat="48.4134131" lon="7.3527745">
    <ele>784</ele>
</trkpt>
   <trkpt lat="48.4133945" lon="7.3528087">
    <ele>784</ele>
</trkpt>
   <trkpt lat="48.4133756" lon="7.3528435">
    <ele>783</ele>
</trkpt>
   <trkpt lat="48.4133568" lon="7.3528784">
    <ele>783</ele>
</trkpt>
   <trkpt lat="48.4133382" lon="7.3529135">
    <ele>783</ele>
</trkpt>
   <trkpt lat="48.4133196" lon="7.3529486">
    <ele>783</ele>
</trkpt>
   <trkpt lat="48.4133030" lon="7.3529828">
    <ele>783</ele>
</trkpt>
   <trkpt lat="48.4132864" lon="7.3530171">
    <ele>783</ele>
</trkpt>
   <trkpt lat="48.4132680" lon="7.3530482">
    <ele>783</ele>
</trkpt>
   <trkpt lat="48.4132497" lon="7.3530794">
    <ele>783</ele>
</trkpt>
   <trkpt lat="48.4132277" lon="7.3531073">
    <ele>783</ele>
</trkpt>
   <trkpt lat="48.4132057" lon="7.3531352">
    <ele>783</ele>
</trkpt>
   <trkpt lat="48.4131814" lon="7.3531614">
    <ele>782</ele>
</trkpt>
   <trkpt lat="48.4131571" lon="7.3531877">
    <ele>782</ele>
</trkpt>
   <trkpt lat="48.4131328" lon="7.3532123">
    <ele>782</ele>
</trkpt>
   <trkpt lat="48.4131086" lon="7.3532370">
    <ele>782</ele>
</trkpt>
   <trkpt lat="48.4130860" lon="7.3532604">
    <ele>782</ele>
</trkpt>
   <trkpt lat="48.4130635" lon="7.3532839">
    <ele>782</ele>
</trkpt>
   <trkpt lat="48.4130418" lon="7.3533076">
    <ele>782</ele>
</trkpt>
   <trkpt lat="48.4130202" lon="7.3533314">
    <ele>782</ele>
</trkpt>
   <trkpt lat="48.4130002" lon="7.3533581">
    <ele>782</ele>
</trkpt>
   <trkpt lat="48.4129803" lon="7.3533849">
    <ele>782</ele>
</trkpt>
   <trkpt lat="48.4129618" lon="7.3534134">
    <ele>781</ele>
</trkpt>
   <trkpt lat="48.4129434" lon="7.3534419">
    <ele>781</ele>
</trkpt>
   <trkpt lat="48.4129263" lon="7.3534712">
    <ele>781</ele>
</trkpt>
   <trkpt lat="48.4129093" lon="7.3535005">
    <ele>781</ele>
</trkpt>
   <trkpt lat="48.4128924" lon="7.3535291">
    <ele>781</ele>
</trkpt>
   <trkpt lat="48.4128756" lon="7.3535577">
    <ele>781</ele>
</trkpt>
   <trkpt lat="48.4128569" lon="7.3535844">
    <ele>781</ele>
</trkpt>
   <trkpt lat="48.4128383" lon="7.3536111">
    <ele>781</ele>
</trkpt>
   <trkpt lat="48.4128209" lon="7.3536392">
    <ele>781</ele>
</trkpt>
   <trkpt lat="48.4128036" lon="7.3536673">
    <ele>781</ele>
</trkpt>
   <trkpt lat="48.4127901" lon="7.3536994">
    <ele>780</ele>
</trkpt>
   <trkpt lat="48.4127766" lon="7.3537316">
    <ele>780</ele>
</trkpt>
   <trkpt lat="48.4127693" lon="7.3537644">
    <ele>780</ele>
</trkpt>
   <trkpt lat="48.4127621" lon="7.3537973">
    <ele>780</ele>
</trkpt>
   <trkpt lat="48.4127575" lon="7.3538318">
    <ele>780</ele>
</trkpt>
   <trkpt lat="48.4127529" lon="7.3538663">
    <ele>780</ele>
</trkpt>
   <trkpt lat="48.4127480" lon="7.3539037">
    <ele>780</ele>
</trkpt>
   <trkpt lat="48.4127432" lon="7.3539411">
    <ele>780</ele>
</trkpt>
   <trkpt lat="48.4127359" lon="7.3539793">
    <ele>780</ele>
</trkpt>
   <trkpt lat="48.4127287" lon="7.3540176">
    <ele>780</ele>
</trkpt>
   <trkpt lat="48.4127179" lon="7.3540563">
    <ele>780</ele>
</trkpt>
   <trkpt lat="48.4127072" lon="7.3540950">
    <ele>780</ele>
</trkpt>
   <trkpt lat="48.4126971" lon="7.3541321">
    <ele>780</ele>
</trkpt>
   <trkpt lat="48.4126870" lon="7.3541693">
    <ele>780</ele>
</trkpt>
   <trkpt lat="48.4126795" lon="7.3542047">
    <ele>780</ele>
</trkpt>
   <trkpt lat="48.4126721" lon="7.3542402">
    <ele>780</ele>
</trkpt>
   <trkpt lat="48.4126670" lon="7.3542761">
    <ele>780</ele>
</trkpt>
   <trkpt lat="48.4126619" lon="7.3543121">
    <ele>780</ele>
</trkpt>
   <trkpt lat="48.4126578" lon="7.3543481">
    <ele>780</ele>
</trkpt>
   <trkpt lat="48.4126538" lon="7.3543841">
    <ele>780</ele>
</trkpt>
   <trkpt lat="48.4126476" lon="7.3544219">
    <ele>780</ele>
</trkpt>
   <trkpt lat="48.4126414" lon="7.3544597">
    <ele>780</ele>
</trkpt>
   <trkpt lat="48.4126347" lon="7.3544978">
    <ele>780</ele>
</trkpt>
   <trkpt lat="48.4126280" lon="7.3545360">
    <ele>780</ele>
</trkpt>
   <trkpt lat="48.4126224" lon="7.3545729">
    <ele>780</ele>
</trkpt>
   <trkpt lat="48.4126168" lon="7.3546099">
    <ele>779</ele>
</trkpt>
   <trkpt lat="48.4126128" lon="7.3546496">
    <ele>779</ele>
</trkpt>
   <trkpt lat="48.4126089" lon="7.3546893">
    <ele>779</ele>
</trkpt>
   <trkpt lat="48.4126085" lon="7.3547302">
    <ele>779</ele>
</trkpt>
   <trkpt lat="48.4126082" lon="7.3547712">
    <ele>779</ele>
</trkpt>
   <trkpt lat="48.4126101" lon="7.3548142">
    <ele>779</ele>
</trkpt>
   <trkpt lat="48.4126121" lon="7.3548573">
    <ele>779</ele>
</trkpt>
   <trkpt lat="48.4126143" lon="7.3548992">
    <ele>779</ele>
</trkpt>
   <trkpt lat="48.4126166" lon="7.3549412">
    <ele>779</ele>
</trkpt>
   <trkpt lat="48.4126147" lon="7.3549845">
    <ele>779</ele>
</trkpt>
   <trkpt lat="48.4126129" lon="7.3550279">
    <ele>778</ele>
</trkpt>
   <trkpt lat="48.4126089" lon="7.3550697">
    <ele>778</ele>
</trkpt>
   <trkpt lat="48.4126049" lon="7.3551115">
    <ele>777</ele>
</trkpt>
   <trkpt lat="48.4125990" lon="7.3551515">
    <ele>777</ele>
</trkpt>
   <trkpt lat="48.4125931" lon="7.3551916">
    <ele>777</ele>
</trkpt>
   <trkpt lat="48.4125853" lon="7.3552336">
    <ele>776</ele>
</trkpt>
   <trkpt lat="48.4125776" lon="7.3552756">
    <ele>776</ele>
</trkpt>
   <trkpt lat="48.4125679" lon="7.3553180">
    <ele>776</ele>
</trkpt>
   <trkpt lat="48.4125583" lon="7.3553605">
    <ele>776</ele>
</trkpt>
   <trkpt lat="48.4125484" lon="7.3554011">
    <ele>776</ele>
</trkpt>
   <trkpt lat="48.4125386" lon="7.3554418">
    <ele>775</ele>
</trkpt>
   <trkpt lat="48.4125305" lon="7.3554822">
    <ele>775</ele>
</trkpt>
   <trkpt lat="48.4125225" lon="7.3555227">
    <ele>775</ele>
</trkpt>
   <trkpt lat="48.4125148" lon="7.3555625">
    <ele>775</ele>
</trkpt>
   <trkpt lat="48.4125071" lon="7.3556023">
    <ele>775</ele>
</trkpt>
   <trkpt lat="48.4124964" lon="7.3556435">
    <ele>774</ele>
</trkpt>
   <trkpt lat="48.4124857" lon="7.3556848">
    <ele>774</ele>
</trkpt>
   <trkpt lat="48.4124721" lon="7.3557268">
    <ele>773</ele>
</trkpt>
   <trkpt lat="48.4124585" lon="7.3557689">
    <ele>773</ele>
</trkpt>
   <trkpt lat="48.4124461" lon="7.3558110">
    <ele>773</ele>
</trkpt>
   <trkpt lat="48.4124338" lon="7.3558532">
    <ele>772</ele>
</trkpt>
   <trkpt lat="48.4124267" lon="7.3558955">
    <ele>772</ele>
</trkpt>
   <trkpt lat="48.4124197" lon="7.3559378">
    <ele>772</ele>
</trkpt>
   <trkpt lat="48.4124176" lon="7.3559798">
    <ele>772</ele>
</trkpt>
   <trkpt lat="48.4124155" lon="7.3560218">
    <ele>772</ele>
</trkpt>
   <trkpt lat="48.4124124" lon="7.3560632">
    <ele>772</ele>
</trkpt>
   <trkpt lat="48.4124093" lon="7.3561047">
    <ele>772</ele>
</trkpt>
   <trkpt lat="48.4124033" lon="7.3561447">
    <ele>772</ele>
</trkpt>
   <trkpt lat="48.4123973" lon="7.3561848">
    <ele>772</ele>
</trkpt>
   <trkpt lat="48.4123903" lon="7.3562236">
    <ele>772</ele>
</trkpt>
   <trkpt lat="48.4123834" lon="7.3562624">
    <ele>772</ele>
</trkpt>
   <trkpt lat="48.4123752" lon="7.3563007">
    <ele>772</ele>
</trkpt>
   <trkpt lat="48.4123671" lon="7.3563391">
    <ele>772</ele>
</trkpt>
   <trkpt lat="48.4123588" lon="7.3563787">
    <ele>772</ele>
</trkpt>
   <trkpt lat="48.4123506" lon="7.3564183">
    <ele>772</ele>
</trkpt>
   <trkpt lat="48.4123446" lon="7.3564592">
    <ele>771</ele>
</trkpt>
   <trkpt lat="48.4123387" lon="7.3565002">
    <ele>771</ele>
</trkpt>
   <trkpt lat="48.4123331" lon="7.3565419">
    <ele>771</ele>
</trkpt>
   <trkpt lat="48.4123275" lon="7.3565837">
    <ele>771</ele>
</trkpt>
   <trkpt lat="48.4123230" lon="7.3566250">
    <ele>771</ele>
</trkpt>
   <trkpt lat="48.4123186" lon="7.3566663">
    <ele>771</ele>
</trkpt>
   <trkpt lat="48.4123141" lon="7.3567099">
    <ele>771</ele>
</trkpt>
   <trkpt lat="48.4123097" lon="7.3567536">
    <ele>771</ele>
</trkpt>
   <trkpt lat="48.4123026" lon="7.3567987">
    <ele>771</ele>
</trkpt>
   <trkpt lat="48.4122956" lon="7.3568439">
    <ele>771</ele>
</trkpt>
   <trkpt lat="48.4122860" lon="7.3568891">
    <ele>770</ele>
</trkpt>
   <trkpt lat="48.4122765" lon="7.3569344">
    <ele>770</ele>
</trkpt>
   <trkpt lat="48.4122635" lon="7.3569775">
    <ele>770</ele>
</trkpt>
   <trkpt lat="48.4122506" lon="7.3570206">
    <ele>770</ele>
</trkpt>
   <trkpt lat="48.4122334" lon="7.3570606">
    <ele>770</ele>
</trkpt>
   <trkpt lat="48.4122162" lon="7.3571006">
    <ele>769</ele>
</trkpt>
   <trkpt lat="48.4121969" lon="7.3571388">
    <ele>769</ele>
</trkpt>
   <trkpt lat="48.4121776" lon="7.3571771">
    <ele>769</ele>
</trkpt>
   <trkpt lat="48.4121586" lon="7.3572100">
    <ele>769</ele>
</trkpt>
   <trkpt lat="48.4121397" lon="7.3572429">
    <ele>769</ele>
</trkpt>
   <trkpt lat="48.4121224" lon="7.3572761">
    <ele>768</ele>
</trkpt>
   <trkpt lat="48.4121051" lon="7.3573093">
    <ele>768</ele>
</trkpt>
   <trkpt lat="48.4120880" lon="7.3573450">
    <ele>768</ele>
</trkpt>
   <trkpt lat="48.4120710" lon="7.3573807">
    <ele>768</ele>
</trkpt>
   <trkpt lat="48.4120542" lon="7.3574164">
    <ele>768</ele>
</trkpt>
   <trkpt lat="48.4120375" lon="7.3574522">
    <ele>767</ele>
</trkpt>
   <trkpt lat="48.4120197" lon="7.3574843">
    <ele>767</ele>
</trkpt>
   <trkpt lat="48.4120019" lon="7.3575165">
    <ele>766</ele>
</trkpt>
   <trkpt lat="48.4119844" lon="7.3575454">
    <ele>766</ele>
</trkpt>
   <trkpt lat="48.4119670" lon="7.3575744">
    <ele>766</ele>
</trkpt>
   <trkpt lat="48.4119508" lon="7.3576026">
    <ele>765</ele>
</trkpt>
   <trkpt lat="48.4119346" lon="7.3576308">
    <ele>765</ele>
</trkpt>
   <trkpt lat="48.4119196" lon="7.3576603">
    <ele>764</ele>
</trkpt>
   <trkpt lat="48.4119046" lon="7.3576898">
    <ele>764</ele>
</trkpt>
   <trkpt lat="48.4118900" lon="7.3577238">
    <ele>764</ele>
</trkpt>
   <trkpt lat="48.4118755" lon="7.3577579">
    <ele>763</ele>
</trkpt>
   <trkpt lat="48.4118606" lon="7.3577945">
    <ele>763</ele>
</trkpt>
   <trkpt lat="48.4118457" lon="7.3578312">
    <ele>762</ele>
</trkpt>
   <trkpt lat="48.4118311" lon="7.3578698">
    <ele>762</ele>
</trkpt>
   <trkpt lat="48.4118165" lon="7.3579085">
    <ele>762</ele>
</trkpt>
   <trkpt lat="48.4118030" lon="7.3579484">
    <ele>761</ele>
</trkpt>
   <trkpt lat="48.4117895" lon="7.3579884">
    <ele>761</ele>
</trkpt>
   <trkpt lat="48.4117782" lon="7.3580254">
    <ele>761</ele>
</trkpt>
   <trkpt lat="48.4117669" lon="7.3580625">
    <ele>761</ele>
</trkpt>
   <trkpt lat="48.4117609" lon="7.3580996">
    <ele>761</ele>
</trkpt>
   <trkpt lat="48.4117549" lon="7.3581367">
    <ele>760</ele>
</trkpt>
   <trkpt lat="48.4117466" lon="7.3581742">
    <ele>760</ele>
</trkpt>
   <trkpt lat="48.4117383" lon="7.3582118">
    <ele>759</ele>
</trkpt>
   <trkpt lat="48.4117256" lon="7.3582503">
    <ele>759</ele>
</trkpt>
   <trkpt lat="48.4117129" lon="7.3582889">
    <ele>759</ele>
</trkpt>
   <trkpt lat="48.4116987" lon="7.3583282">
    <ele>758</ele>
</trkpt>
   <trkpt lat="48.4116845" lon="7.3583675">
    <ele>758</ele>
</trkpt>
   <trkpt lat="48.4116734" lon="7.3584076">
    <ele>757</ele>
</trkpt>
   <trkpt lat="48.4116623" lon="7.3584477">
    <ele>757</ele>
</trkpt>
   <trkpt lat="48.4116525" lon="7.3584881">
    <ele>757</ele>
</trkpt>
   <trkpt lat="48.4116427" lon="7.3585285">
    <ele>756</ele>
</trkpt>
   <trkpt lat="48.4116316" lon="7.3585689">
    <ele>756</ele>
</trkpt>
   <trkpt lat="48.4116206" lon="7.3586093">
    <ele>756</ele>
</trkpt>
   <trkpt lat="48.4116092" lon="7.3586475">
    <ele>756</ele>
</trkpt>
   <trkpt lat="48.4115978" lon="7.3586858">
    <ele>756</ele>
</trkpt>
   <trkpt lat="48.4115871" lon="7.3587235">
    <ele>755</ele>
</trkpt>
   <trkpt lat="48.4115764" lon="7.3587612">
    <ele>755</ele>
</trkpt>
   <trkpt lat="48.4115662" lon="7.3588019">
    <ele>755</ele>
</trkpt>
   <trkpt lat="48.4115560" lon="7.3588427">
    <ele>755</ele>
</trkpt>
   <trkpt lat="48.4115481" lon="7.3588860">
    <ele>755</ele>
</trkpt>
   <trkpt lat="48.4115402" lon="7.3589293">
    <ele>754</ele>
</trkpt>
   <trkpt lat="48.4115361" lon="7.3589717">
    <ele>754</ele>
</trkpt>
   <trkpt lat="48.4115320" lon="7.3590141">
    <ele>754</ele>
</trkpt>
   <trkpt lat="48.4115323" lon="7.3590542">
    <ele>754</ele>
</trkpt>
   <trkpt lat="48.4115327" lon="7.3590944">
    <ele>754</ele>
</trkpt>
   <trkpt lat="48.4115353" lon="7.3591329">
    <ele>753</ele>
</trkpt>
   <trkpt lat="48.4115379" lon="7.3591715">
    <ele>753</ele>
</trkpt>
   <trkpt lat="48.4115402" lon="7.3592122">
    <ele>753</ele>
</trkpt>
   <trkpt lat="48.4115425" lon="7.3592530">
    <ele>753</ele>
</trkpt>
   <trkpt lat="48.4115444" lon="7.3592961">
    <ele>753</ele>
</trkpt>
   <trkpt lat="48.4115464" lon="7.3593393">
    <ele>752</ele>
</trkpt>
   <trkpt lat="48.4115443" lon="7.3593834">
    <ele>752</ele>
</trkpt>
   <trkpt lat="48.4115423" lon="7.3594275">
    <ele>752</ele>
</trkpt>
   <trkpt lat="48.4115371" lon="7.3594679">
    <ele>752</ele>
</trkpt>
   <trkpt lat="48.4115319" lon="7.3595084">
    <ele>752</ele>
</trkpt>
   <trkpt lat="48.4115243" lon="7.3595464">
    <ele>751</ele>
</trkpt>
   <trkpt lat="48.4115167" lon="7.3595844">
    <ele>751</ele>
</trkpt>
   <trkpt lat="48.4115108" lon="7.3596252">
    <ele>750</ele>
</trkpt>
   <trkpt lat="48.4115050" lon="7.3596661">
    <ele>750</ele>
</trkpt>
   <trkpt lat="48.4115002" lon="7.3597104">
    <ele>750</ele>
</trkpt>
   <trkpt lat="48.4114954" lon="7.3597547">
    <ele>749</ele>
</trkpt>
   <trkpt lat="48.4114942" lon="7.3597998">
    <ele>749</ele>
</trkpt>
   <trkpt lat="48.4114931" lon="7.3598450">
    <ele>749</ele>
</trkpt>
   <trkpt lat="48.4114914" lon="7.3598891">
    <ele>749</ele>
</trkpt>
   <trkpt lat="48.4114897" lon="7.3599332">
    <ele>749</ele>
</trkpt>
   <trkpt lat="48.4114855" lon="7.3599760">
    <ele>749</ele>
</trkpt>
   <trkpt lat="48.4114814" lon="7.3600188">
    <ele>749</ele>
</trkpt>
   <trkpt lat="48.4114731" lon="7.3600618">
    <ele>749</ele>
</trkpt>
   <trkpt lat="48.4114649" lon="7.3601048">
    <ele>749</ele>
</trkpt>
   <trkpt lat="48.4114551" lon="7.3601485">
    <ele>749</ele>
</trkpt>
   <trkpt lat="48.4114454" lon="7.3601922">
    <ele>748</ele>
</trkpt>
   <trkpt lat="48.4114359" lon="7.3602343">
    <ele>748</ele>
</trkpt>
   <trkpt lat="48.4114265" lon="7.3602765">
    <ele>748</ele>
</trkpt>
   <trkpt lat="48.4114143" lon="7.3603142">
    <ele>748</ele>
</trkpt>
   <trkpt lat="48.4114021" lon="7.3603519">
    <ele>748</ele>
</trkpt>
   <trkpt lat="48.4113895" lon="7.3603849">
    <ele>747</ele>
</trkpt>
   <trkpt lat="48.4113769" lon="7.3604179">
    <ele>747</ele>
</trkpt>
   <trkpt lat="48.4113662" lon="7.3604526">
    <ele>747</ele>
</trkpt>
   <trkpt lat="48.4113555" lon="7.3604873">
    <ele>747</ele>
</trkpt>
   <trkpt lat="48.4113442" lon="7.3605230">
    <ele>747</ele>
</trkpt>
   <trkpt lat="48.4113330" lon="7.3605588">
    <ele>746</ele>
</trkpt>
   <trkpt lat="48.4113194" lon="7.3605964">
    <ele>746</ele>
</trkpt>
   <trkpt lat="48.4113059" lon="7.3606341">
    <ele>746</ele>
</trkpt>
   <trkpt lat="48.4112899" lon="7.3606727">
    <ele>746</ele>
</trkpt>
   <trkpt lat="48.4112740" lon="7.3607114">
    <ele>746</ele>
</trkpt>
   <trkpt lat="48.4112598" lon="7.3607520">
    <ele>745</ele>
</trkpt>
   <trkpt lat="48.4112457" lon="7.3607926">
    <ele>745</ele>
</trkpt>
   <trkpt lat="48.4112339" lon="7.3608309">
    <ele>745</ele>
</trkpt>
   <trkpt lat="48.4112222" lon="7.3608693">
    <ele>745</ele>
</trkpt>
   <trkpt lat="48.4112133" lon="7.3609051">
    <ele>745</ele>
</trkpt>
   <trkpt lat="48.4112044" lon="7.3609410">
    <ele>744</ele>
</trkpt>
   <trkpt lat="48.4111958" lon="7.3609792">
    <ele>744</ele>
</trkpt>
   <trkpt lat="48.4111872" lon="7.3610175">
    <ele>744</ele>
</trkpt>
   <trkpt lat="48.4111781" lon="7.3610570">
    <ele>744</ele>
</trkpt>
   <trkpt lat="48.4111691" lon="7.3610966">
    <ele>744</ele>
</trkpt>
   <trkpt lat="48.4111607" lon="7.3611366">
    <ele>744</ele>
</trkpt>
   <trkpt lat="48.4111523" lon="7.3611766">
    <ele>744</ele>
</trkpt>
   <trkpt lat="48.4111447" lon="7.3612163">
    <ele>744</ele>
</trkpt>
   <trkpt lat="48.4111371" lon="7.3612560">
    <ele>744</ele>
</trkpt>
   <trkpt lat="48.4111284" lon="7.3612964">
    <ele>744</ele>
</trkpt>
   <trkpt lat="48.4111197" lon="7.3613368">
    <ele>743</ele>
</trkpt>
   <trkpt lat="48.4111092" lon="7.3613773">
    <ele>743</ele>
</trkpt>
   <trkpt lat="48.4110987" lon="7.3614178">
    <ele>743</ele>
</trkpt>
   <trkpt lat="48.4110904" lon="7.3614572">
    <ele>743</ele>
</trkpt>
   <trkpt lat="48.4110822" lon="7.3614967">
    <ele>743</ele>
</trkpt>
   <trkpt lat="48.4110757" lon="7.3615375">
    <ele>742</ele>
</trkpt>
   <trkpt lat="48.4110692" lon="7.3615783">
    <ele>742</ele>
</trkpt>
   <trkpt lat="48.4110638" lon="7.3616214">
    <ele>741</ele>
</trkpt>
   <trkpt lat="48.4110585" lon="7.3616645">
    <ele>741</ele>
</trkpt>
   <trkpt lat="48.4110537" lon="7.3617075">
    <ele>741</ele>
</trkpt>
   <trkpt lat="48.4110489" lon="7.3617506">
    <ele>740</ele>
</trkpt>
   <trkpt lat="48.4110448" lon="7.3617906">
    <ele>740</ele>
</trkpt>
   <trkpt lat="48.4110408" lon="7.3618307">
    <ele>739</ele>
</trkpt>
   <trkpt lat="48.4110392" lon="7.3618681">
    <ele>739</ele>
</trkpt>
   <trkpt lat="48.4110376" lon="7.3619055">
    <ele>739</ele>
</trkpt>
   <trkpt lat="48.4110378" lon="7.3619431">
    <ele>738</ele>
</trkpt>
   <trkpt lat="48.4110381" lon="7.3619807">
    <ele>738</ele>
</trkpt>
   <trkpt lat="48.4110378" lon="7.3620183">
    <ele>737</ele>
</trkpt>
   <trkpt lat="48.4110376" lon="7.3620559">
    <ele>737</ele>
</trkpt>
   <trkpt lat="48.4110360" lon="7.3620953">
    <ele>737</ele>
</trkpt>
   <trkpt lat="48.4110344" lon="7.3621348">
    <ele>736</ele>
</trkpt>
   <trkpt lat="48.4110303" lon="7.3621764">
    <ele>736</ele>
</trkpt>
   <trkpt lat="48.4110263" lon="7.3622180">
    <ele>736</ele>
</trkpt>
   <trkpt lat="48.4110190" lon="7.3622592">
    <ele>736</ele>
</trkpt>
   <trkpt lat="48.4110117" lon="7.3623004">
    <ele>736</ele>
</trkpt>
   <trkpt lat="48.4110011" lon="7.3623398">
    <ele>735</ele>
</trkpt>
   <trkpt lat="48.4109906" lon="7.3623793">
    <ele>735</ele>
</trkpt>
   <trkpt lat="48.4109773" lon="7.3624152">
    <ele>734</ele>
</trkpt>
   <trkpt lat="48.4109641" lon="7.3624512">
    <ele>734</ele>
</trkpt>
   <trkpt lat="48.4109522" lon="7.3624872">
    <ele>734</ele>
</trkpt>
   <trkpt lat="48.4109403" lon="7.3625232">
    <ele>733</ele>
</trkpt>
   <trkpt lat="48.4109288" lon="7.3625591">
    <ele>733</ele>
</trkpt>
   <trkpt lat="48.4109174" lon="7.3625951">
    <ele>733</ele>
</trkpt>
   <trkpt lat="48.4109042" lon="7.3626329">
    <ele>733</ele>
</trkpt>
   <trkpt lat="48.4108911" lon="7.3626707">
    <ele>733</ele>
</trkpt>
   <trkpt lat="48.4108753" lon="7.3627030">
    <ele>732</ele>
</trkpt>
   <trkpt lat="48.4108595" lon="7.3627353">
    <ele>732</ele>
</trkpt>
   <trkpt lat="48.4108445" lon="7.3627663">
    <ele>732</ele>
</trkpt>
   <trkpt lat="48.4108296" lon="7.3627974">
    <ele>732</ele>
</trkpt>
   <trkpt lat="48.4108163" lon="7.3628294">
    <ele>732</ele>
</trkpt>
   <trkpt lat="48.4108030" lon="7.3628614">
    <ele>732</ele>
</trkpt>
   <trkpt lat="48.4107890" lon="7.3628942">
    <ele>732</ele>
</trkpt>
   <trkpt lat="48.4107751" lon="7.3629271">
    <ele>732</ele>
</trkpt>
   <trkpt lat="48.4107599" lon="7.3629631">
    <ele>732</ele>
</trkpt>
   <trkpt lat="48.4107448" lon="7.3629991">
    <ele>732</ele>
</trkpt>
   <trkpt lat="48.4107309" lon="7.3630389">
    <ele>731</ele>
</trkpt>
   <trkpt lat="48.4107170" lon="7.3630788">
    <ele>731</ele>
</trkpt>
   <trkpt lat="48.4107053" lon="7.3631190">
    <ele>730</ele>
</trkpt>
   <trkpt lat="48.4106936" lon="7.3631593">
    <ele>730</ele>
</trkpt>
   <trkpt lat="48.4106852" lon="7.3631984">
    <ele>730</ele>
</trkpt>
   <trkpt lat="48.4106768" lon="7.3632376">
    <ele>729</ele>
</trkpt>
   <trkpt lat="48.4106698" lon="7.3632766">
    <ele>729</ele>
</trkpt>
   <trkpt lat="48.4106628" lon="7.3633157">
    <ele>728</ele>
</trkpt>
   <trkpt lat="48.4106542" lon="7.3633560">
    <ele>728</ele>
</trkpt>
   <trkpt lat="48.4106457" lon="7.3633963">
    <ele>728</ele>
</trkpt>
   <trkpt lat="48.4106347" lon="7.3634352">
    <ele>727</ele>
</trkpt>
   <trkpt lat="48.4106237" lon="7.3634741">
    <ele>727</ele>
</trkpt>
   <trkpt lat="48.4106121" lon="7.3635118">
    <ele>727</ele>
</trkpt>
   <trkpt lat="48.4106005" lon="7.3635496">
    <ele>727</ele>
</trkpt>
   <trkpt lat="48.4105903" lon="7.3635871">
    <ele>727</ele>
</trkpt>
   <trkpt lat="48.4105801" lon="7.3636246">
    <ele>726</ele>
</trkpt>
   <trkpt lat="48.4105723" lon="7.3636608">
    <ele>726</ele>
</trkpt>
   <trkpt lat="48.4105646" lon="7.3636970">
    <ele>726</ele>
</trkpt>
   <trkpt lat="48.4105593" lon="7.3637367">
    <ele>726</ele>
</trkpt>
   <trkpt lat="48.4105541" lon="7.3637765">
    <ele>726</ele>
</trkpt>
   <trkpt lat="48.4105486" lon="7.3638177">
    <ele>725</ele>
</trkpt>
   <trkpt lat="48.4105432" lon="7.3638590">
    <ele>725</ele>
</trkpt>
   <trkpt lat="48.4105338" lon="7.3638979">
    <ele>725</ele>
</trkpt>
   <trkpt lat="48.4105244" lon="7.3639369">
    <ele>725</ele>
</trkpt>
   <trkpt lat="48.4105172" lon="7.3639763">
    <ele>725</ele>
</trkpt>
   <trkpt lat="48.4105100" lon="7.3640158">
    <ele>724</ele>
</trkpt>
   <trkpt lat="48.4105035" lon="7.3640558">
    <ele>724</ele>
</trkpt>
   <trkpt lat="48.4104970" lon="7.3640959">
    <ele>724</ele>
</trkpt>
   <trkpt lat="48.4104943" lon="7.3641362">
    <ele>724</ele>
</trkpt>
   <trkpt lat="48.4104916" lon="7.3641766">
    <ele>724</ele>
</trkpt>
   <trkpt lat="48.4104914" lon="7.3642179">
    <ele>723</ele>
</trkpt>
   <trkpt lat="48.4104913" lon="7.3642592">
    <ele>723</ele>
</trkpt>
   <trkpt lat="48.4104921" lon="7.3643059">
    <ele>723</ele>
</trkpt>
   <trkpt lat="48.4104929" lon="7.3643526">
    <ele>723</ele>
</trkpt>
   <trkpt lat="48.4104943" lon="7.3644016">
    <ele>723</ele>
</trkpt>
   <trkpt lat="48.4104958" lon="7.3644506">
    <ele>723</ele>
</trkpt>
   <trkpt lat="48.4104971" lon="7.3644948">
    <ele>723</ele>
</trkpt>
   <trkpt lat="48.4104985" lon="7.3645390">
    <ele>723</ele>
</trkpt>
   <trkpt lat="48.4104984" lon="7.3645810">
    <ele>723</ele>
</trkpt>
   <trkpt lat="48.4104984" lon="7.3646230">
    <ele>723</ele>
</trkpt>
   <trkpt lat="48.4104979" lon="7.3646641">
    <ele>722</ele>
</trkpt>
   <trkpt lat="48.4104975" lon="7.3647052">
    <ele>722</ele>
</trkpt>
   <trkpt lat="48.4105006" lon="7.3647467">
    <ele>722</ele>
</trkpt>
   <trkpt lat="48.4105037" lon="7.3647882">
    <ele>722</ele>
</trkpt>
   <trkpt lat="48.4105098" lon="7.3648289">
    <ele>722</ele>
</trkpt>
   <trkpt lat="48.4105159" lon="7.3648696">
    <ele>721</ele>
</trkpt>
   <trkpt lat="48.4105233" lon="7.3649113">
    <ele>721</ele>
</trkpt>
   <trkpt lat="48.4105308" lon="7.3649531">
    <ele>721</ele>
</trkpt>
   <trkpt lat="48.4105384" lon="7.3649940">
    <ele>721</ele>
</trkpt>
   <trkpt lat="48.4105461" lon="7.3650350">
    <ele>721</ele>
</trkpt>
   <trkpt lat="48.4105536" lon="7.3650753">
    <ele>720</ele>
</trkpt>
   <trkpt lat="48.4105611" lon="7.3651156">
    <ele>720</ele>
</trkpt>
   <trkpt lat="48.4105671" lon="7.3651530">
    <ele>720</ele>
</trkpt>
   <trkpt lat="48.4105731" lon="7.3651904">
    <ele>720</ele>
</trkpt>
   <trkpt lat="48.4105781" lon="7.3652262">
    <ele>720</ele>
</trkpt>
   <trkpt lat="48.4105832" lon="7.3652620">
    <ele>719</ele>
</trkpt>
   <trkpt lat="48.4105857" lon="7.3652989">
    <ele>719</ele>
</trkpt>
   <trkpt lat="48.4105882" lon="7.3653359">
    <ele>718</ele>
</trkpt>
   <trkpt lat="48.4105912" lon="7.3653764">
    <ele>718</ele>
</trkpt>
   <trkpt lat="48.4105943" lon="7.3654170">
    <ele>718</ele>
</trkpt>
   <trkpt lat="48.4106010" lon="7.3654605">
    <ele>717</ele>
</trkpt>
   <trkpt lat="48.4106078" lon="7.3655041">
    <ele>717</ele>
</trkpt>
   <trkpt lat="48.4106169" lon="7.3655502">
    <ele>717</ele>
</trkpt>
   <trkpt lat="48.4106260" lon="7.3655963">
    <ele>717</ele>
</trkpt>
   <trkpt lat="48.4106353" lon="7.3656415">
    <ele>717</ele>
</trkpt>
   <trkpt lat="48.4106446" lon="7.3656868">
    <ele>717</ele>
</trkpt>
   <trkpt lat="48.4106518" lon="7.3657297">
    <ele>717</ele>
</trkpt>
   <trkpt lat="48.4106591" lon="7.3657727">
    <ele>717</ele>
</trkpt>
   <trkpt lat="48.4106638" lon="7.3658146">
    <ele>717</ele>
</trkpt>
   <trkpt lat="48.4106686" lon="7.3658565">
    <ele>717</ele>
</trkpt>
   <trkpt lat="48.4106728" lon="7.3658995">
    <ele>716</ele>
</trkpt>
   <trkpt lat="48.4106771" lon="7.3659425">
    <ele>716</ele>
</trkpt>
   <trkpt lat="48.4106826" lon="7.3659850">
    <ele>716</ele>
</trkpt>
   <trkpt lat="48.4106881" lon="7.3660276">
    <ele>716</ele>
</trkpt>
   <trkpt lat="48.4106940" lon="7.3660687">
    <ele>716</ele>
</trkpt>
   <trkpt lat="48.4107000" lon="7.3661098">
    <ele>716</ele>
</trkpt>
   <trkpt lat="48.4107056" lon="7.3661499">
    <ele>716</ele>
</trkpt>
   <trkpt lat="48.4107113" lon="7.3661901">
    <ele>716</ele>
</trkpt>
   <trkpt lat="48.4107180" lon="7.3662311">
    <ele>716</ele>
</trkpt>
   <trkpt lat="48.4107247" lon="7.3662721">
    <ele>716</ele>
</trkpt>
   <trkpt lat="48.4107336" lon="7.3663147">
    <ele>715</ele>
</trkpt>
   <trkpt lat="48.4107425" lon="7.3663573">
    <ele>715</ele>
</trkpt>
   <trkpt lat="48.4107533" lon="7.3663982">
    <ele>715</ele>
</trkpt>
   <trkpt lat="48.4107642" lon="7.3664392">
    <ele>715</ele>
</trkpt>
   <trkpt lat="48.4107741" lon="7.3664773">
    <ele>715</ele>
</trkpt>
   <trkpt lat="48.4107841" lon="7.3665154">
    <ele>714</ele>
</trkpt>
   <trkpt lat="48.4107954" lon="7.3665546">
    <ele>714</ele>
</trkpt>
   <trkpt lat="48.4108067" lon="7.3665939">
    <ele>714</ele>
</trkpt>
   <trkpt lat="48.4108191" lon="7.3666333">
    <ele>714</ele>
</trkpt>
   <trkpt lat="48.4108316" lon="7.3666728">
    <ele>714</ele>
</trkpt>
   <trkpt lat="48.4108435" lon="7.3667101">
    <ele>714</ele>
</trkpt>
   <trkpt lat="48.4108555" lon="7.3667475">
    <ele>714</ele>
</trkpt>
   <trkpt lat="48.4108674" lon="7.3667799">
    <ele>714</ele>
</trkpt>
   <trkpt lat="48.4108793" lon="7.3668123">
    <ele>714</ele>
</trkpt>
   <trkpt lat="48.4108901" lon="7.3668450">
    <ele>714</ele>
</trkpt>
   <trkpt lat="48.4109009" lon="7.3668777">
    <ele>714</ele>
</trkpt>
   <trkpt lat="48.4109101" lon="7.3669136">
    <ele>714</ele>
</trkpt>
   <trkpt lat="48.4109194" lon="7.3669496">
    <ele>714</ele>
</trkpt>
   <trkpt lat="48.4109270" lon="7.3669902">
    <ele>714</ele>
</trkpt>
   <trkpt lat="48.4109346" lon="7.3670308">
    <ele>714</ele>
</trkpt>
   <trkpt lat="48.4109400" lon="7.3670731">
    <ele>713</ele>
</trkpt>
   <trkpt lat="48.4109455" lon="7.3671155">
    <ele>713</ele>
</trkpt>
   <trkpt lat="48.4109476" lon="7.3671585">
    <ele>713</ele>
</trkpt>
   <trkpt lat="48.4109497" lon="7.3672016">
    <ele>713</ele>
</trkpt>
   <trkpt lat="48.4109510" lon="7.3672452">
    <ele>713</ele>
</trkpt>
   <trkpt lat="48.4109523" lon="7.3672888">
    <ele>712</ele>
</trkpt>
   <trkpt lat="48.4109529" lon="7.3673326">
    <ele>712</ele>
</trkpt>
   <trkpt lat="48.4109535" lon="7.3673764">
    <ele>712</ele>
</trkpt>
   <trkpt lat="48.4109521" lon="7.3674199">
    <ele>712</ele>
</trkpt>
   <trkpt lat="48.4109508" lon="7.3674634">
    <ele>712</ele>
</trkpt>
   <trkpt lat="48.4109446" lon="7.3675059">
    <ele>711</ele>
</trkpt>
   <trkpt lat="48.4109385" lon="7.3675484">
    <ele>711</ele>
</trkpt>
   <trkpt lat="48.4109284" lon="7.3675908">
    <ele>710</ele>
</trkpt>
   <trkpt lat="48.4109184" lon="7.3676333">
    <ele>710</ele>
</trkpt>
   <trkpt lat="48.4109076" lon="7.3676744">
    <ele>710</ele>
</trkpt>
   <trkpt lat="48.4108969" lon="7.3677155">
    <ele>710</ele>
</trkpt>
   <trkpt lat="48.4108872" lon="7.3677543">
    <ele>710</ele>
</trkpt>
   <trkpt lat="48.4108776" lon="7.3677932">
    <ele>710</ele>
</trkpt>
   <trkpt lat="48.4108700" lon="7.3678294">
    <ele>710</ele>
</trkpt>
   <trkpt lat="48.4108624" lon="7.3678657">
    <ele>710</ele>
</trkpt>
   <trkpt lat="48.4108552" lon="7.3679038">
    <ele>709</ele>
</trkpt>
   <trkpt lat="48.4108480" lon="7.3679419">
    <ele>709</ele>
</trkpt>
   <trkpt lat="48.4108393" lon="7.3679834">
    <ele>709</ele>
</trkpt>
   <trkpt lat="48.4108306" lon="7.3680249">
    <ele>709</ele>
</trkpt>
   <trkpt lat="48.4108212" lon="7.3680657">
    <ele>709</ele>
</trkpt>
   <trkpt lat="48.4108119" lon="7.3681065">
    <ele>709</ele>
</trkpt>
   <trkpt lat="48.4108027" lon="7.3681435">
    <ele>709</ele>
</trkpt>
   <trkpt lat="48.4107935" lon="7.3681805">
    <ele>709</ele>
</trkpt>
   <trkpt lat="48.4107844" lon="7.3682159">
    <ele>709</ele>
</trkpt>
   <trkpt lat="48.4107754" lon="7.3682513">
    <ele>709</ele>
</trkpt>
   <trkpt lat="48.4107668" lon="7.3682906">
    <ele>709</ele>
</trkpt>
   <trkpt lat="48.4107582" lon="7.3683300">
    <ele>709</ele>
</trkpt>
   <trkpt lat="48.4107517" lon="7.3683718">
    <ele>709</ele>
</trkpt>
   <trkpt lat="48.4107452" lon="7.3684137">
    <ele>709</ele>
</trkpt>
   <trkpt lat="48.4107412" lon="7.3684554">
    <ele>709</ele>
</trkpt>
   <trkpt lat="48.4107372" lon="7.3684972">
    <ele>708</ele>
</trkpt>
   <trkpt lat="48.4107333" lon="7.3685395">
    <ele>708</ele>
</trkpt>
   <trkpt lat="48.4107295" lon="7.3685819">
    <ele>708</ele>
</trkpt>
   <trkpt lat="48.4107271" lon="7.3686191">
    <ele>708</ele>
</trkpt>
   <trkpt lat="48.4107248" lon="7.3686564">
    <ele>708</ele>
</trkpt>
   <trkpt lat="48.4107205" lon="7.3686920">
    <ele>708</ele>
</trkpt>
   <trkpt lat="48.4107162" lon="7.3687276">
    <ele>708</ele>
</trkpt>
   <trkpt lat="48.4107081" lon="7.3687655">
    <ele>708</ele>
</trkpt>
   <trkpt lat="48.4107001" lon="7.3688035">
    <ele>708</ele>
</trkpt>
   <trkpt lat="48.4106897" lon="7.3688439">
    <ele>708</ele>
</trkpt>
   <trkpt lat="48.4106793" lon="7.3688843">
    <ele>708</ele>
</trkpt>
   <trkpt lat="48.4106684" lon="7.3689245">
    <ele>708</ele>
</trkpt>
   <trkpt lat="48.4106575" lon="7.3689648">
    <ele>708</ele>
</trkpt>
   <trkpt lat="48.4106466" lon="7.3690035">
    <ele>708</ele>
</trkpt>
   <trkpt lat="48.4106358" lon="7.3690422">
    <ele>708</ele>
</trkpt>
   <trkpt lat="48.4106245" lon="7.3690801">
    <ele>708</ele>
</trkpt>
   <trkpt lat="48.4106133" lon="7.3691181">
    <ele>708</ele>
</trkpt>
   <trkpt lat="48.4106011" lon="7.3691557">
    <ele>708</ele>
</trkpt>
   <trkpt lat="48.4105889" lon="7.3691934">
    <ele>708</ele>
</trkpt>
   <trkpt lat="48.4105754" lon="7.3692306">
    <ele>708</ele>
</trkpt>
   <trkpt lat="48.4105620" lon="7.3692678">
    <ele>708</ele>
</trkpt>
   <trkpt lat="48.4105485" lon="7.3693052">
    <ele>708</ele>
</trkpt>
   <trkpt lat="48.4105350" lon="7.3693426">
    <ele>708</ele>
</trkpt>
   <trkpt lat="48.4105205" lon="7.3693801">
    <ele>708</ele>
</trkpt>
   <trkpt lat="48.4105060" lon="7.3694176">
    <ele>708</ele>
</trkpt>
   <trkpt lat="48.4104898" lon="7.3694547">
    <ele>707</ele>
</trkpt>
   <trkpt lat="48.4104736" lon="7.3694918">
    <ele>707</ele>
</trkpt>
   <trkpt lat="48.4104581" lon="7.3695276">
    <ele>707</ele>
</trkpt>
   <trkpt lat="48.4104427" lon="7.3695635">
    <ele>707</ele>
</trkpt>
   <trkpt lat="48.4104283" lon="7.3695992">
    <ele>707</ele>
</trkpt>
   <trkpt lat="48.4104139" lon="7.3696350">
    <ele>707</ele>
</trkpt>
   <trkpt lat="48.4103989" lon="7.3696701">
    <ele>707</ele>
</trkpt>
   <trkpt lat="48.4103839" lon="7.3697052">
    <ele>707</ele>
</trkpt>
   <trkpt lat="48.4103673" lon="7.3697406">
    <ele>707</ele>
</trkpt>
   <trkpt lat="48.4103508" lon="7.3697760">
    <ele>707</ele>
</trkpt>
   <trkpt lat="48.4103360" lon="7.3698103">
    <ele>706</ele>
</trkpt>
   <trkpt lat="48.4103213" lon="7.3698446">
    <ele>706</ele>
</trkpt>
   <trkpt lat="48.4103072" lon="7.3698768">
    <ele>706</ele>
</trkpt>
   <trkpt lat="48.4102932" lon="7.3699091">
    <ele>706</ele>
</trkpt>
   <trkpt lat="48.4102788" lon="7.3699409">
    <ele>706</ele>
</trkpt>
   <trkpt lat="48.4102644" lon="7.3699728">
    <ele>706</ele>
</trkpt>
   <trkpt lat="48.4102511" lon="7.3700060">
    <ele>706</ele>
</trkpt>
   <trkpt lat="48.4102378" lon="7.3700392">
    <ele>706</ele>
</trkpt>
   <trkpt lat="48.4102266" lon="7.3700749">
    <ele>706</ele>
</trkpt>
   <trkpt lat="48.4102155" lon="7.3701106">
    <ele>706</ele>
</trkpt>
   <trkpt lat="48.4102095" lon="7.3701454">
    <ele>705</ele>
</trkpt>
   <trkpt lat="48.4102035" lon="7.3701803">
    <ele>705</ele>
</trkpt>
   <trkpt lat="48.4102024" lon="7.3702171">
    <ele>705</ele>
</trkpt>
   <trkpt lat="48.4102013" lon="7.3702539">
    <ele>705</ele>
</trkpt>
   <trkpt lat="48.4102001" lon="7.3702925">
    <ele>705</ele>
</trkpt>
   <trkpt lat="48.4101989" lon="7.3703311">
    <ele>704</ele>
</trkpt>
   <trkpt lat="48.4101959" lon="7.3703685">
    <ele>704</ele>
</trkpt>
   <trkpt lat="48.4101929" lon="7.3704059">
    <ele>704</ele>
</trkpt>
   <trkpt lat="48.4101877" lon="7.3704452">
    <ele>704</ele>
</trkpt>
   <trkpt lat="48.4101826" lon="7.3704846">
    <ele>704</ele>
</trkpt>
   <trkpt lat="48.4101757" lon="7.3705288">
    <ele>703</ele>
</trkpt>
   <trkpt lat="48.4101688" lon="7.3705731">
    <ele>703</ele>
</trkpt>
   <trkpt lat="48.4101609" lon="7.3706190">
    <ele>703</ele>
</trkpt>
   <trkpt lat="48.4101531" lon="7.3706650">
    <ele>703</ele>
</trkpt>
   <trkpt lat="48.4101453" lon="7.3707102">
    <ele>703</ele>
</trkpt>
   <trkpt lat="48.4101375" lon="7.3707554">
    <ele>702</ele>
</trkpt>
   <trkpt lat="48.4101296" lon="7.3707977">
    <ele>702</ele>
</trkpt>
   <trkpt lat="48.4101218" lon="7.3708401">
    <ele>701</ele>
</trkpt>
   <trkpt lat="48.4101154" lon="7.3708819">
    <ele>701</ele>
</trkpt>
   <trkpt lat="48.4101091" lon="7.3709238">
    <ele>701</ele>
</trkpt>
   <trkpt lat="48.4101030" lon="7.3709646">
    <ele>700</ele>
</trkpt>
   <trkpt lat="48.4100970" lon="7.3710055">
    <ele>700</ele>
</trkpt>
   <trkpt lat="48.4100904" lon="7.3710464">
    <ele>699</ele>
</trkpt>
   <trkpt lat="48.4100838" lon="7.3710873">
    <ele>699</ele>
</trkpt>
   <trkpt lat="48.4100765" lon="7.3711292">
    <ele>699</ele>
</trkpt>
   <trkpt lat="48.4100693" lon="7.3711712">
    <ele>698</ele>
</trkpt>
   <trkpt lat="48.4100619" lon="7.3712134">
    <ele>698</ele>
</trkpt>
   <trkpt lat="48.4100545" lon="7.3712557">
    <ele>697</ele>
</trkpt>
   <trkpt lat="48.4100475" lon="7.3712989">
    <ele>697</ele>
</trkpt>
   <trkpt lat="48.4100405" lon="7.3713422">
    <ele>697</ele>
</trkpt>
   <trkpt lat="48.4100343" lon="7.3713855">
    <ele>696</ele>
</trkpt>
   <trkpt lat="48.4100282" lon="7.3714289">
    <ele>696</ele>
</trkpt>
   <trkpt lat="48.4100227" lon="7.3714721">
    <ele>696</ele>
</trkpt>
   <trkpt lat="48.4100172" lon="7.3715154">
    <ele>696</ele>
</trkpt>
   <trkpt lat="48.4100110" lon="7.3715568">
    <ele>696</ele>
</trkpt>
   <trkpt lat="48.4100048" lon="7.3715983">
    <ele>695</ele>
</trkpt>
   <trkpt lat="48.4099967" lon="7.3716381">
    <ele>695</ele>
</trkpt>
   <trkpt lat="48.4099887" lon="7.3716780">
    <ele>694</ele>
</trkpt>
   <trkpt lat="48.4099808" lon="7.3717203">
    <ele>694</ele>
</trkpt>
   <trkpt lat="48.4099729" lon="7.3717627">
    <ele>694</ele>
</trkpt>
   <trkpt lat="48.4099668" lon="7.3718084">
    <ele>693</ele>
</trkpt>
   <trkpt lat="48.4099607" lon="7.3718542">
    <ele>693</ele>
</trkpt>
   <trkpt lat="48.4099567" lon="7.3718989">
    <ele>692</ele>
</trkpt>
   <trkpt lat="48.4099527" lon="7.3719436">
    <ele>692</ele>
</trkpt>
   <trkpt lat="48.4099482" lon="7.3719870">
    <ele>692</ele>
</trkpt>
   <trkpt lat="48.4099438" lon="7.3720305">
    <ele>691</ele>
</trkpt>
   <trkpt lat="48.4099359" lon="7.3720739">
    <ele>691</ele>
</trkpt>
   <trkpt lat="48.4099281" lon="7.3721174">
    <ele>690</ele>
</trkpt>
   <trkpt lat="48.4099179" lon="7.3721622">
    <ele>690</ele>
</trkpt>
   <trkpt lat="48.4099078" lon="7.3722070">
    <ele>690</ele>
</trkpt>
   <trkpt lat="48.4098966" lon="7.3722533">
    <ele>689</ele>
</trkpt>
   <trkpt lat="48.4098855" lon="7.3722996">
    <ele>689</ele>
</trkpt>
   <trkpt lat="48.4098713" lon="7.3723436">
    <ele>688</ele>
</trkpt>
   <trkpt lat="48.4098572" lon="7.3723877">
    <ele>688</ele>
</trkpt>
   <trkpt lat="48.4098384" lon="7.3724278">
    <ele>688</ele>
</trkpt>
   <trkpt lat="48.4098197" lon="7.3724680">
    <ele>687</ele>
</trkpt>
   <trkpt lat="48.4097965" lon="7.3725018">
    <ele>687</ele>
</trkpt>
   <trkpt lat="48.4097734" lon="7.3725357">
    <ele>686</ele>
</trkpt>
   <trkpt lat="48.4097477" lon="7.3725636">
    <ele>686</ele>
</trkpt>
   <trkpt lat="48.4097220" lon="7.3725916">
    <ele>686</ele>
</trkpt>
   <trkpt lat="48.4096948" lon="7.3726195">
    <ele>685</ele>
</trkpt>
   <trkpt lat="48.4096677" lon="7.3726474">
    <ele>685</ele>
</trkpt>
   <trkpt lat="48.4096418" lon="7.3726761">
    <ele>684</ele>
</trkpt>
   <trkpt lat="48.4096160" lon="7.3727048">
    <ele>684</ele>
</trkpt>
   <trkpt lat="48.4095943" lon="7.3727344">
    <ele>684</ele>
</trkpt>
   <trkpt lat="48.4095727" lon="7.3727640">
    <ele>683</ele>
</trkpt>
   <trkpt lat="48.4095554" lon="7.3727946">
    <ele>683</ele>
</trkpt>
   <trkpt lat="48.4095382" lon="7.3728252">
    <ele>682</ele>
</trkpt>
   <trkpt lat="48.4095196" lon="7.3728583">
    <ele>682</ele>
</trkpt>
   <trkpt lat="48.4095011" lon="7.3728914">
    <ele>682</ele>
</trkpt>
   <trkpt lat="48.4094817" lon="7.3729259">
    <ele>681</ele>
</trkpt>
   <trkpt lat="48.4094624" lon="7.3729605">
    <ele>681</ele>
</trkpt>
   <trkpt lat="48.4094434" lon="7.3729960">
    <ele>680</ele>
</trkpt>
   <trkpt lat="48.4094244" lon="7.3730315">
    <ele>680</ele>
</trkpt>
   <trkpt lat="48.4094068" lon="7.3730682">
    <ele>680</ele>
</trkpt>
   <trkpt lat="48.4093893" lon="7.3731050">
    <ele>679</ele>
</trkpt>
   <trkpt lat="48.4093745" lon="7.3731436">
    <ele>679</ele>
</trkpt>
   <trkpt lat="48.4093598" lon="7.3731822">
    <ele>678</ele>
</trkpt>
   <trkpt lat="48.4093462" lon="7.3732221">
    <ele>678</ele>
</trkpt>
   <trkpt lat="48.4093326" lon="7.3732620">
    <ele>678</ele>
</trkpt>
   <trkpt lat="48.4093194" lon="7.3733020">
    <ele>677</ele>
</trkpt>
   <trkpt lat="48.4093063" lon="7.3733421">
    <ele>677</ele>
</trkpt>
   <trkpt lat="48.4092941" lon="7.3733826">
    <ele>677</ele>
</trkpt>
   <trkpt lat="48.4092819" lon="7.3734231">
    <ele>677</ele>
</trkpt>
   <trkpt lat="48.4092700" lon="7.3734621">
    <ele>677</ele>
</trkpt>
   <trkpt lat="48.4092581" lon="7.3735012">
    <ele>676</ele>
</trkpt>
   <trkpt lat="48.4092460" lon="7.3735425">
    <ele>676</ele>
</trkpt>
   <trkpt lat="48.4092339" lon="7.3735838">
    <ele>675</ele>
</trkpt>
   <trkpt lat="48.4092218" lon="7.3736274">
    <ele>675</ele>
</trkpt>
   <trkpt lat="48.4092097" lon="7.3736710">
    <ele>675</ele>
</trkpt>
   <trkpt lat="48.4091980" lon="7.3737126">
    <ele>674</ele>
</trkpt>
   <trkpt lat="48.4091863" lon="7.3737542">
    <ele>674</ele>
</trkpt>
   <trkpt lat="48.4091760" lon="7.3737949">
    <ele>674</ele>
</trkpt>
   <trkpt lat="48.4091658" lon="7.3738356">
    <ele>674</ele>
</trkpt>
   <trkpt lat="48.4091562" lon="7.3738761">
    <ele>674</ele>
</trkpt>
   <trkpt lat="48.4091467" lon="7.3739167">
    <ele>673</ele>
</trkpt>
   <trkpt lat="48.4091381" lon="7.3739585">
    <ele>673</ele>
</trkpt>
   <trkpt lat="48.4091296" lon="7.3740003">
    <ele>673</ele>
</trkpt>
   <trkpt lat="48.4091228" lon="7.3740434">
    <ele>673</ele>
</trkpt>
   <trkpt lat="48.4091161" lon="7.3740866">
    <ele>673</ele>
</trkpt>
   <trkpt lat="48.4091101" lon="7.3741283">
    <ele>672</ele>
</trkpt>
   <trkpt lat="48.4091042" lon="7.3741701">
    <ele>672</ele>
</trkpt>
   <trkpt lat="48.4090990" lon="7.3742118">
    <ele>671</ele>
</trkpt>
   <trkpt lat="48.4090939" lon="7.3742536">
    <ele>671</ele>
</trkpt>
   <trkpt lat="48.4090879" lon="7.3742982">
    <ele>671</ele>
</trkpt>
   <trkpt lat="48.4090819" lon="7.3743429">
    <ele>670</ele>
</trkpt>
   <trkpt lat="48.4090769" lon="7.3743887">
    <ele>670</ele>
</trkpt>
   <trkpt lat="48.4090719" lon="7.3744345">
    <ele>670</ele>
</trkpt>
   <trkpt lat="48.4090675" lon="7.3744785">
    <ele>670</ele>
</trkpt>
   <trkpt lat="48.4090632" lon="7.3745226">
    <ele>670</ele>
</trkpt>
   <trkpt lat="48.4090584" lon="7.3745649">
    <ele>669</ele>
</trkpt>
   <trkpt lat="48.4090536" lon="7.3746072">
    <ele>669</ele>
</trkpt>
   <trkpt lat="48.4090513" lon="7.3746506">
    <ele>668</ele>
</trkpt>
   <trkpt lat="48.4090490" lon="7.3746940">
    <ele>668</ele>
</trkpt>
   <trkpt lat="48.4090491" lon="7.3747374">
    <ele>668</ele>
</trkpt>
   <trkpt lat="48.4090493" lon="7.3747808">
    <ele>667</ele>
</trkpt>
   <trkpt lat="48.4090492" lon="7.3748257">
    <ele>667</ele>
</trkpt>
   <trkpt lat="48.4090491" lon="7.3748707">
    <ele>666</ele>
</trkpt>
   <trkpt lat="48.4090472" lon="7.3749173">
    <ele>666</ele>
</trkpt>
   <trkpt lat="48.4090453" lon="7.3749639">
    <ele>666</ele>
</trkpt>
   <trkpt lat="48.4090432" lon="7.3750106">
    <ele>665</ele>
</trkpt>
   <trkpt lat="48.4090412" lon="7.3750574">
    <ele>665</ele>
</trkpt>
   <trkpt lat="48.4090416" lon="7.3751046">
    <ele>664</ele>
</trkpt>
   <trkpt lat="48.4090421" lon="7.3751519">
    <ele>664</ele>
</trkpt>
   <trkpt lat="48.4090443" lon="7.3751991">
    <ele>664</ele>
</trkpt>
   <trkpt lat="48.4090465" lon="7.3752464">
    <ele>663</ele>
</trkpt>
   <trkpt lat="48.4090481" lon="7.3752932">
    <ele>663</ele>
</trkpt>
   <trkpt lat="48.4090497" lon="7.3753401">
    <ele>662</ele>
</trkpt>
   <trkpt lat="48.4090483" lon="7.3753863">
    <ele>662</ele>
</trkpt>
   <trkpt lat="48.4090470" lon="7.3754326">
    <ele>662</ele>
</trkpt>
   <trkpt lat="48.4090445" lon="7.3754797">
    <ele>661</ele>
</trkpt>
   <trkpt lat="48.4090421" lon="7.3755268">
    <ele>661</ele>
</trkpt>
   <trkpt lat="48.4090387" lon="7.3755736">
    <ele>661</ele>
</trkpt>
   <trkpt lat="48.4090354" lon="7.3756204">
    <ele>661</ele>
</trkpt>
   <trkpt lat="48.4090297" lon="7.3756663">
    <ele>661</ele>
</trkpt>
   <trkpt lat="48.4090240" lon="7.3757122">
    <ele>660</ele>
</trkpt>
   <trkpt lat="48.4090125" lon="7.3757558">
    <ele>660</ele>
</trkpt>
   <trkpt lat="48.4090010" lon="7.3757995">
    <ele>659</ele>
</trkpt>
   <trkpt lat="48.4089822" lon="7.3758404">
    <ele>659</ele>
</trkpt>
   <trkpt lat="48.4089634" lon="7.3758813">
    <ele>659</ele>
</trkpt>
   <trkpt lat="48.4089390" lon="7.3759179">
    <ele>658</ele>
</trkpt>
   <trkpt lat="48.4089147" lon="7.3759545">
    <ele>658</ele>
</trkpt>
   <trkpt lat="48.4088889" lon="7.3759844">
    <ele>657</ele>
</trkpt>
   <trkpt lat="48.4088632" lon="7.3760143">
    <ele>657</ele>
</trkpt>
   <trkpt lat="48.4088380" lon="7.3760395">
    <ele>657</ele>
</trkpt>
   <trkpt lat="48.4088129" lon="7.3760647">
    <ele>656</ele>
</trkpt>
   <trkpt lat="48.4087899" lon="7.3760929">
    <ele>656</ele>
</trkpt>
   <trkpt lat="48.4087669" lon="7.3761212">
    <ele>655</ele>
</trkpt>
   <trkpt lat="48.4087482" lon="7.3761557">
    <ele>655</ele>
</trkpt>
   <trkpt lat="48.4087296" lon="7.3761902">
    <ele>655</ele>
</trkpt>
   <trkpt lat="48.4087192" lon="7.3762310">
    <ele>654</ele>
</trkpt>
   <trkpt lat="48.4087088" lon="7.3762719">
    <ele>653</ele>
</trkpt>
   <trkpt lat="48.4087078" lon="7.3763172">
    <ele>653</ele>
</trkpt>
   <trkpt lat="48.4087068" lon="7.3763626">
    <ele>652</ele>
</trkpt>
   <trkpt lat="48.4087128" lon="7.3764080">
    <ele>652</ele>
</trkpt>
   <trkpt lat="48.4087188" lon="7.3764535">
    <ele>651</ele>
</trkpt>
   <trkpt lat="48.4087288" lon="7.3764962">
    <ele>651</ele>
</trkpt>
   <trkpt lat="48.4087389" lon="7.3765390">
    <ele>651</ele>
</trkpt>
   <trkpt lat="48.4087509" lon="7.3765791">
    <ele>651</ele>
</trkpt>
   <trkpt lat="48.4087630" lon="7.3766193">
    <ele>651</ele>
</trkpt>
   <trkpt lat="48.4087761" lon="7.3766595">
    <ele>650</ele>
</trkpt>
   <trkpt lat="48.4087893" lon="7.3766998">
    <ele>650</ele>
</trkpt>
   <trkpt lat="48.4088029" lon="7.3767414">
    <ele>649</ele>
</trkpt>
   <trkpt lat="48.4088165" lon="7.3767831">
    <ele>649</ele>
</trkpt>
   <trkpt lat="48.4088261" lon="7.3768254">
    <ele>649</ele>
</trkpt>
   <trkpt lat="48.4088357" lon="7.3768677">
    <ele>648</ele>
</trkpt>
   <trkpt lat="48.4088365" lon="7.3769100">
    <ele>648</ele>
</trkpt>
   <trkpt lat="48.4088374" lon="7.3769523">
    <ele>648</ele>
</trkpt>
   <trkpt lat="48.4088303" lon="7.3769941">
    <ele>648</ele>
</trkpt>
   <trkpt lat="48.4088233" lon="7.3770359">
    <ele>648</ele>
</trkpt>
   <trkpt lat="48.4088139" lon="7.3770775">
    <ele>647</ele>
</trkpt>
   <trkpt lat="48.4088045" lon="7.3771191">
    <ele>647</ele>
</trkpt>
   <trkpt lat="48.4087984" lon="7.3771605">
    <ele>647</ele>
</trkpt>
   <trkpt lat="48.4087923" lon="7.3772019">
    <ele>647</ele>
</trkpt>
   <trkpt lat="48.4087931" lon="7.3772421">
    <ele>647</ele>
</trkpt>
   <trkpt lat="48.4087940" lon="7.3772823">
    <ele>647</ele>
</trkpt>
   <trkpt lat="48.4088010" lon="7.3773215">
    <ele>647</ele>
</trkpt>
   <trkpt lat="48.4088081" lon="7.3773608">
    <ele>647</ele>
</trkpt>
   <trkpt lat="48.4088193" lon="7.3773959">
    <ele>647</ele>
</trkpt>
   <trkpt lat="48.4088305" lon="7.3774311">
    <ele>647</ele>
</trkpt>
   <trkpt lat="48.4088386" lon="7.3774579">
    <ele>646</ele>
</trkpt>
   <trkpt lat="48.4088468" lon="7.3774848">
    <ele>646</ele>
</trkpt>
   <trkpt lat="48.4088514" lon="7.3775093">
    <ele>646</ele>
</trkpt>
   <trkpt lat="48.4088560" lon="7.3775338">
    <ele>646</ele>
</trkpt>
   <trkpt lat="48.4088613" lon="7.3775647">
    <ele>646</ele>
</trkpt>
   <trkpt lat="48.4088666" lon="7.3775956">
    <ele>646</ele>
</trkpt>
   <trkpt lat="48.4088707" lon="7.3776322">
    <ele>646</ele>
</trkpt>
   <trkpt lat="48.4088748" lon="7.3776688">
    <ele>646</ele>
</trkpt>
   <trkpt lat="48.4088788" lon="7.3777080">
    <ele>646</ele>
</trkpt>
   <trkpt lat="48.4088829" lon="7.3777472">
    <ele>646</ele>
</trkpt>
   <trkpt lat="48.4088867" lon="7.3777890">
    <ele>646</ele>
</trkpt>
   <trkpt lat="48.4088906" lon="7.3778308">
    <ele>646</ele>
</trkpt>
   <trkpt lat="48.4088923" lon="7.3778730">
    <ele>646</ele>
</trkpt>
   <trkpt lat="48.4088940" lon="7.3779153">
    <ele>646</ele>
</trkpt>
   <trkpt lat="48.4088949" lon="7.3779552">
    <ele>646</ele>
</trkpt>
   <trkpt lat="48.4088958" lon="7.3779952">
    <ele>646</ele>
</trkpt>
   <trkpt lat="48.4088982" lon="7.3780321">
    <ele>646</ele>
</trkpt>
   <trkpt lat="48.4089007" lon="7.3780690">
    <ele>646</ele>
</trkpt>
   <trkpt lat="48.4089025" lon="7.3781044">
    <ele>646</ele>
</trkpt>
   <trkpt lat="48.4089043" lon="7.3781399">
    <ele>647</ele>
</trkpt>
   <trkpt lat="48.4089036" lon="7.3781753">
    <ele>647</ele>
</trkpt>
   <trkpt lat="48.4089029" lon="7.3782108">
    <ele>647</ele>
</trkpt>
   <trkpt lat="48.4089008" lon="7.3782497">
    <ele>647</ele>
</trkpt>
   <trkpt lat="48.4088987" lon="7.3782887">
    <ele>647</ele>
</trkpt>
   <trkpt lat="48.4088968" lon="7.3783306">
    <ele>647</ele>
</trkpt>
   <trkpt lat="48.4088950" lon="7.3783726">
    <ele>647</ele>
</trkpt>
   <trkpt lat="48.4088963" lon="7.3784131">
    <ele>647</ele>
</trkpt>
   <trkpt lat="48.4088976" lon="7.3784536">
    <ele>647</ele>
</trkpt>
   <trkpt lat="48.4089015" lon="7.3784914">
    <ele>647</ele>
</trkpt>
   <trkpt lat="48.4089055" lon="7.3785292">
    <ele>647</ele>
</trkpt>
   <trkpt lat="48.4089095" lon="7.3785660">
    <ele>647</ele>
</trkpt>
   <trkpt lat="48.4089135" lon="7.3786029">
    <ele>647</ele>
</trkpt>
   <trkpt lat="48.4089169" lon="7.3786400">
    <ele>647</ele>
</trkpt>
   <trkpt lat="48.4089204" lon="7.3786771">
    <ele>647</ele>
</trkpt>
   <trkpt lat="48.4089242" lon="7.3787146">
    <ele>648</ele>
</trkpt>
   <trkpt lat="48.4089281" lon="7.3787521">
    <ele>648</ele>
</trkpt>
   <trkpt lat="48.4089350" lon="7.3787891">
    <ele>648</ele>
</trkpt>
   <trkpt lat="48.4089419" lon="7.3788262">
    <ele>648</ele>
</trkpt>
   <trkpt lat="48.4089499" lon="7.3788643">
    <ele>648</ele>
</trkpt>
   <trkpt lat="48.4089579" lon="7.3789025">
    <ele>648</ele>
</trkpt>
   <trkpt lat="48.4089657" lon="7.3789424">
    <ele>647</ele>
</trkpt>
   <trkpt lat="48.4089735" lon="7.3789823">
    <ele>647</ele>
</trkpt>
   <trkpt lat="48.4089809" lon="7.3790232">
    <ele>647</ele>
</trkpt>
   <trkpt lat="48.4089884" lon="7.3790642">
    <ele>647</ele>
</trkpt>
   <trkpt lat="48.4089953" lon="7.3791025">
    <ele>647</ele>
</trkpt>
   <trkpt lat="48.4090022" lon="7.3791409">
    <ele>647</ele>
</trkpt>
   <trkpt lat="48.4090081" lon="7.3791780">
    <ele>647</ele>
</trkpt>
   <trkpt lat="48.4090141" lon="7.3792152">
    <ele>647</ele>
</trkpt>
   <trkpt lat="48.4090203" lon="7.3792520">
    <ele>647</ele>
</trkpt>
   <trkpt lat="48.4090265" lon="7.3792889">
    <ele>647</ele>
</trkpt>
   <trkpt lat="48.4090331" lon="7.3793249">
    <ele>647</ele>
</trkpt>
   <trkpt lat="48.4090397" lon="7.3793610">
    <ele>647</ele>
</trkpt>
   <trkpt lat="48.4090457" lon="7.3793984">
    <ele>647</ele>
</trkpt>
   <trkpt lat="48.4090517" lon="7.3794358">
    <ele>647</ele>
</trkpt>
   <trkpt lat="48.4090577" lon="7.3794743">
    <ele>647</ele>
</trkpt>
   <trkpt lat="48.4090637" lon="7.3795129">
    <ele>647</ele>
</trkpt>
   <trkpt lat="48.4090671" lon="7.3795532">
    <ele>647</ele>
</trkpt>
   <trkpt lat="48.4090705" lon="7.3795935">
    <ele>647</ele>
</trkpt>
   <trkpt lat="48.4090729" lon="7.3796347">
    <ele>647</ele>
</trkpt>
   <trkpt lat="48.4090753" lon="7.3796760">
    <ele>648</ele>
</trkpt>
   <trkpt lat="48.4090787" lon="7.3797176">
    <ele>648</ele>
</trkpt>
   <trkpt lat="48.4090822" lon="7.3797593">
    <ele>648</ele>
</trkpt>
   <trkpt lat="48.4090871" lon="7.3798017">
    <ele>648</ele>
</trkpt>
   <trkpt lat="48.4090920" lon="7.3798441">
    <ele>648</ele>
</trkpt>
   <trkpt lat="48.4090976" lon="7.3798829">
    <ele>649</ele>
</trkpt>
   <trkpt lat="48.4091032" lon="7.3799217">
    <ele>649</ele>
</trkpt>
   <trkpt lat="48.4091087" lon="7.3799581">
    <ele>649</ele>
</trkpt>
   <trkpt lat="48.4091142" lon="7.3799946">
    <ele>649</ele>
</trkpt>
   <trkpt lat="48.4091183" lon="7.3800319">
    <ele>649</ele>
</trkpt>
   <trkpt lat="48.4091225" lon="7.3800693">
    <ele>649</ele>
</trkpt>
   <trkpt lat="48.4091265" lon="7.3801080">
    <ele>648</ele>
</trkpt>
   <trkpt lat="48.4091306" lon="7.3801468">
    <ele>648</ele>
</trkpt>
   <trkpt lat="48.4091345" lon="7.3801859">
    <ele>648</ele>
</trkpt>
   <trkpt lat="48.4091384" lon="7.3802250">
    <ele>648</ele>
</trkpt>
   <trkpt lat="48.4091425" lon="7.3802628">
    <ele>648</ele>
</trkpt>
   <trkpt lat="48.4091467" lon="7.3803006">
    <ele>648</ele>
</trkpt>
   <trkpt lat="48.4091528" lon="7.3803383">
    <ele>648</ele>
</trkpt>
   <trkpt lat="48.4091590" lon="7.3803761">
    <ele>648</ele>
</trkpt>
   <trkpt lat="48.4091656" lon="7.3804132">
    <ele>648</ele>
</trkpt>
   <trkpt lat="48.4091722" lon="7.3804504">
    <ele>649</ele>
</trkpt>
   <trkpt lat="48.4091783" lon="7.3804870">
    <ele>649</ele>
</trkpt>
   <trkpt lat="48.4091845" lon="7.3805237">
    <ele>649</ele>
</trkpt>
   <trkpt lat="48.4091904" lon="7.3805584">
    <ele>649</ele>
</trkpt>
   <trkpt lat="48.4091963" lon="7.3805931">
    <ele>649</ele>
</trkpt>
   <trkpt lat="48.4092032" lon="7.3806275">
    <ele>650</ele>
</trkpt>
   <trkpt lat="48.4092101" lon="7.3806620">
    <ele>650</ele>
</trkpt>
   <trkpt lat="48.4092182" lon="7.3806988">
    <ele>650</ele>
</trkpt>
   <trkpt lat="48.4092264" lon="7.3807357">
    <ele>650</ele>
</trkpt>
   <trkpt lat="48.4092333" lon="7.3807702">
    <ele>650</ele>
</trkpt>
   <trkpt lat="48.4092403" lon="7.3808048">
    <ele>650</ele>
</trkpt>
   <trkpt lat="48.4092431" lon="7.3808312">
    <ele>650</ele>
</trkpt>
   <trkpt lat="48.4092460" lon="7.3808576">
    <ele>650</ele>
</trkpt>
   <trkpt lat="48.4092437" lon="7.3808814">
    <ele>650</ele>
</trkpt>
   <trkpt lat="48.4092414" lon="7.3809053">
    <ele>650</ele>
</trkpt>
   <trkpt lat="48.4092389" lon="7.3809266">
    <ele>651</ele>
</trkpt>
   <trkpt lat="48.4092364" lon="7.3809480">
    <ele>651</ele>
</trkpt>
   <trkpt lat="48.4092345" lon="7.3809676">
    <ele>651</ele>
</trkpt>
   <trkpt lat="48.4092327" lon="7.3809872">
    <ele>651</ele>
</trkpt>
   <trkpt lat="48.4092316" lon="7.3810057">
    <ele>651</ele>
</trkpt>
   <trkpt lat="48.4092306" lon="7.3810243">
    <ele>652</ele>
</trkpt>
   <trkpt lat="48.4092313" lon="7.3810437">
    <ele>652</ele>
</trkpt>
   <trkpt lat="48.4092320" lon="7.3810632">
    <ele>652</ele>
</trkpt>
   <trkpt lat="48.4092333" lon="7.3810822">
    <ele>652</ele>
</trkpt>
   <trkpt lat="48.4092347" lon="7.3811012">
    <ele>652</ele>
</trkpt>
   <trkpt lat="48.4092360" lon="7.3811198">
    <ele>652</ele>
</trkpt>
   <trkpt lat="48.4092374" lon="7.3811385">
    <ele>652</ele>
</trkpt>
   <trkpt lat="48.4092373" lon="7.3811577">
    <ele>652</ele>
</trkpt>
   <trkpt lat="48.4092373" lon="7.3811769">
    <ele>652</ele>
</trkpt>
   <trkpt lat="48.4092364" lon="7.3811970">
    <ele>652</ele>
</trkpt>
   <trkpt lat="48.4092355" lon="7.3812171">
    <ele>653</ele>
</trkpt>
   <trkpt lat="48.4092330" lon="7.3812369">
    <ele>653</ele>
</trkpt>
   <trkpt lat="48.4092305" lon="7.3812568">
    <ele>653</ele>
</trkpt>
   <trkpt lat="48.4092267" lon="7.3812770">
    <ele>653</ele>
</trkpt>
   <trkpt lat="48.4092229" lon="7.3812972">
    <ele>653</ele>
</trkpt>
   <trkpt lat="48.4092162" lon="7.3813185">
    <ele>653</ele>
</trkpt>
   <trkpt lat="48.4092095" lon="7.3813399">
    <ele>652</ele>
</trkpt>
   <trkpt lat="48.4092030" lon="7.3813607">
    <ele>652</ele>
</trkpt>
   <trkpt lat="48.4091965" lon="7.3813816">
    <ele>652</ele>
</trkpt>
   <trkpt lat="48.4091933" lon="7.3814025">
    <ele>652</ele>
</trkpt>
   <trkpt lat="48.4091902" lon="7.3814235">
    <ele>652</ele>
</trkpt>
   <trkpt lat="48.4091879" lon="7.3814432">
    <ele>652</ele>
</trkpt>
   <trkpt lat="48.4091856" lon="7.3814630">
    <ele>652</ele>
</trkpt>
   <trkpt lat="48.4091801" lon="7.3814821">
    <ele>652</ele>
</trkpt>
   <trkpt lat="48.4091747" lon="7.3815012">
    <ele>652</ele>
</trkpt>
   <trkpt lat="48.4091674" lon="7.3815215">
    <ele>652</ele>
</trkpt>
   <trkpt lat="48.4091601" lon="7.3815419">
    <ele>652</ele>
</trkpt>
   <trkpt lat="48.4091543" lon="7.3815651">
    <ele>652</ele>
</trkpt>
   <trkpt lat="48.4091485" lon="7.3815883">
    <ele>652</ele>
</trkpt>
   <trkpt lat="48.4091448" lon="7.3816130">
    <ele>652</ele>
</trkpt>
   <trkpt lat="48.4091411" lon="7.3816378">
    <ele>653</ele>
</trkpt>
   <trkpt lat="48.4091378" lon="7.3816611">
    <ele>653</ele>
</trkpt>
   <trkpt lat="48.4091345" lon="7.3816845">
    <ele>653</ele>
</trkpt>
   <trkpt lat="48.4091318" lon="7.3817063">
    <ele>653</ele>
</trkpt>
   <trkpt lat="48.4091292" lon="7.3817281">
    <ele>653</ele>
</trkpt>
   <trkpt lat="48.4091259" lon="7.3817481">
    <ele>653</ele>
</trkpt>
   <trkpt lat="48.4091226" lon="7.3817681">
    <ele>653</ele>
</trkpt>
   <trkpt lat="48.4091193" lon="7.3817884">
    <ele>653</ele>
</trkpt>
   <trkpt lat="48.4091160" lon="7.3818087">
    <ele>653</ele>
</trkpt>
   <trkpt lat="48.4091135" lon="7.3818317">
    <ele>653</ele>
</trkpt>
   <trkpt lat="48.4091110" lon="7.3818547">
    <ele>653</ele>
</trkpt>
   <trkpt lat="48.4091082" lon="7.3818775">
    <ele>653</ele>
</trkpt>
   <trkpt lat="48.4091054" lon="7.3819004">
    <ele>653</ele>
</trkpt>
   <trkpt lat="48.4091027" lon="7.3819229">
    <ele>653</ele>
</trkpt>
   <trkpt lat="48.4091001" lon="7.3819454">
    <ele>653</ele>
</trkpt>
   <trkpt lat="48.4090977" lon="7.3819701">
    <ele>654</ele>
</trkpt>
   <trkpt lat="48.4090953" lon="7.3819949">
    <ele>653</ele>
</trkpt>
   <trkpt lat="48.4090925" lon="7.3820263">
    <ele>653</ele>
</trkpt>
   <trkpt lat="48.4090897" lon="7.3820578">
    <ele>653</ele>
</trkpt>
   <trkpt lat="48.4090851" lon="7.3820975">
    <ele>653</ele>
</trkpt>
   <trkpt lat="48.4090806" lon="7.3821373">
    <ele>653</ele>
</trkpt>
   <trkpt lat="48.4090748" lon="7.3821809">
    <ele>652</ele>
</trkpt>
   <trkpt lat="48.4090690" lon="7.3822246">
    <ele>652</ele>
</trkpt>
   <trkpt lat="48.4090615" lon="7.3822688">
    <ele>652</ele>
</trkpt>
   <trkpt lat="48.4090540" lon="7.3823131">
    <ele>652</ele>
</trkpt>
   <trkpt lat="48.4090444" lon="7.3823572">
    <ele>652</ele>
</trkpt>
   <trkpt lat="48.4090348" lon="7.3824014">
    <ele>652</ele>
</trkpt>
   <trkpt lat="48.4090232" lon="7.3824434">
    <ele>652</ele>
</trkpt>
   <trkpt lat="48.4090117" lon="7.3824854">
    <ele>652</ele>
</trkpt>
   <trkpt lat="48.4089976" lon="7.3825258">
    <ele>652</ele>
</trkpt>
   <trkpt lat="48.4089835" lon="7.3825663">
    <ele>652</ele>
</trkpt>
   <trkpt lat="48.4089695" lon="7.3826039">
    <ele>652</ele>
</trkpt>
   <trkpt lat="48.4089555" lon="7.3826415">
    <ele>652</ele>
</trkpt>
   <trkpt lat="48.4089441" lon="7.3826795">
    <ele>652</ele>
</trkpt>
   <trkpt lat="48.4089327" lon="7.3827176">
    <ele>652</ele>
</trkpt>
   <trkpt lat="48.4089246" lon="7.3827576">
    <ele>652</ele>
</trkpt>
   <trkpt lat="48.4089165" lon="7.3827976">
    <ele>652</ele>
</trkpt>
   <trkpt lat="48.4089123" lon="7.3828363">
    <ele>652</ele>
</trkpt>
   <trkpt lat="48.4089082" lon="7.3828751">
    <ele>652</ele>
</trkpt>
   <trkpt lat="48.4089059" lon="7.3829127">
    <ele>652</ele>
</trkpt>
   <trkpt lat="48.4089036" lon="7.3829504">
    <ele>652</ele>
</trkpt>
   <trkpt lat="48.4088995" lon="7.3829892">
    <ele>651</ele>
</trkpt>
   <trkpt lat="48.4088954" lon="7.3830280">
    <ele>651</ele>
</trkpt>
   <trkpt lat="48.4088868" lon="7.3830693">
    <ele>651</ele>
</trkpt>
   <trkpt lat="48.4088782" lon="7.3831106">
    <ele>651</ele>
</trkpt>
   <trkpt lat="48.4088671" lon="7.3831521">
    <ele>651</ele>
</trkpt>
   <trkpt lat="48.4088561" lon="7.3831936">
    <ele>650</ele>
</trkpt>
   <trkpt lat="48.4088447" lon="7.3832312">
    <ele>650</ele>
</trkpt>
   <trkpt lat="48.4088333" lon="7.3832689">
    <ele>650</ele>
</trkpt>
   <trkpt lat="48.4088212" lon="7.3833064">
    <ele>650</ele>
</trkpt>
   <trkpt lat="48.4088092" lon="7.3833440">
    <ele>650</ele>
</trkpt>
   <trkpt lat="48.4087977" lon="7.3833832">
    <ele>649</ele>
</trkpt>
   <trkpt lat="48.4087863" lon="7.3834224">
    <ele>649</ele>
</trkpt>
   <trkpt lat="48.4087774" lon="7.3834598">
    <ele>649</ele>
</trkpt>
   <trkpt lat="48.4087685" lon="7.3834972">
    <ele>649</ele>
</trkpt>
   <trkpt lat="48.4087618" lon="7.3835346">
    <ele>649</ele>
</trkpt>
   <trkpt lat="48.4087551" lon="7.3835720">
    <ele>648</ele>
</trkpt>
   <trkpt lat="48.4087491" lon="7.3836131">
    <ele>647</ele>
</trkpt>
   <trkpt lat="48.4087432" lon="7.3836543">
    <ele>647</ele>
</trkpt>
   <trkpt lat="48.4087358" lon="7.3836982">
    <ele>646</ele>
</trkpt>
   <trkpt lat="48.4087285" lon="7.3837422">
    <ele>646</ele>
</trkpt>
   <trkpt lat="48.4087193" lon="7.3837872">
    <ele>645</ele>
</trkpt>
   <trkpt lat="48.4087102" lon="7.3838323">
    <ele>645</ele>
</trkpt>
   <trkpt lat="48.4086993" lon="7.3838720">
    <ele>645</ele>
</trkpt>
   <trkpt lat="48.4086884" lon="7.3839117">
    <ele>645</ele>
</trkpt>
   <trkpt lat="48.4086756" lon="7.3839491">
    <ele>645</ele>
</trkpt>
   <trkpt lat="48.4086628" lon="7.3839865">
    <ele>644</ele>
</trkpt>
   <trkpt lat="48.4086472" lon="7.3840276">
    <ele>644</ele>
</trkpt>
   <trkpt lat="48.4086317" lon="7.3840688">
    <ele>644</ele>
</trkpt>
   <trkpt lat="48.4086155" lon="7.3841103">
    <ele>644</ele>
</trkpt>
   <trkpt lat="48.4085994" lon="7.3841519">
    <ele>644</ele>
</trkpt>
   <trkpt lat="48.4085853" lon="7.3841919">
    <ele>643</ele>
</trkpt>
   <trkpt lat="48.4085713" lon="7.3842319">
    <ele>643</ele>
</trkpt>
   <trkpt lat="48.4085561" lon="7.3842713">
    <ele>643</ele>
</trkpt>
   <trkpt lat="48.4085410" lon="7.3843108">
    <ele>643</ele>
</trkpt>
   <trkpt lat="48.4085262" lon="7.3843468">
    <ele>643</ele>
</trkpt>
   <trkpt lat="48.4085114" lon="7.3843828">
    <ele>642</ele>
</trkpt>
   <trkpt lat="48.4084971" lon="7.3844167">
    <ele>642</ele>
</trkpt>
   <trkpt lat="48.4084828" lon="7.3844507">
    <ele>642</ele>
</trkpt>
   <trkpt lat="48.4084676" lon="7.3844868">
    <ele>642</ele>
</trkpt>
   <trkpt lat="48.4084525" lon="7.3845230">
    <ele>642</ele>
</trkpt>
   <trkpt lat="48.4084386" lon="7.3845578">
    <ele>641</ele>
</trkpt>
   <trkpt lat="48.4084248" lon="7.3845926">
    <ele>641</ele>
</trkpt>
   <trkpt lat="48.4084101" lon="7.3846272">
    <ele>640</ele>
</trkpt>
   <trkpt lat="48.4083955" lon="7.3846619">
    <ele>640</ele>
</trkpt>
   <trkpt lat="48.4083823" lon="7.3846992">
    <ele>640</ele>
</trkpt>
   <trkpt lat="48.4083692" lon="7.3847365">
    <ele>639</ele>
</trkpt>
   <trkpt lat="48.4083601" lon="7.3847748">
    <ele>639</ele>
</trkpt>
   <trkpt lat="48.4083510" lon="7.3848132">
    <ele>639</ele>
</trkpt>
   <trkpt lat="48.4083431" lon="7.3848520">
    <ele>639</ele>
</trkpt>
   <trkpt lat="48.4083353" lon="7.3848908">
    <ele>639</ele>
</trkpt>
   <trkpt lat="48.4083293" lon="7.3849308">
    <ele>638</ele>
</trkpt>
   <trkpt lat="48.4083234" lon="7.3849709">
    <ele>638</ele>
</trkpt>
   <trkpt lat="48.4083195" lon="7.3850116">
    <ele>637</ele>
</trkpt>
   <trkpt lat="48.4083157" lon="7.3850523">
    <ele>637</ele>
</trkpt>
   <trkpt lat="48.4083116" lon="7.3850916">
    <ele>637</ele>
</trkpt>
   <trkpt lat="48.4083076" lon="7.3851310">
    <ele>636</ele>
</trkpt>
   <trkpt lat="48.4083021" lon="7.3851702">
    <ele>636</ele>
</trkpt>
   <trkpt lat="48.4082966" lon="7.3852095">
    <ele>635</ele>
</trkpt>
   <trkpt lat="48.4082911" lon="7.3852480">
    <ele>635</ele>
</trkpt>
   <trkpt lat="48.4082857" lon="7.3852866">
    <ele>635</ele>
</trkpt>
   <trkpt lat="48.4082818" lon="7.3853275">
    <ele>634</ele>
</trkpt>
   <trkpt lat="48.4082779" lon="7.3853684">
    <ele>633</ele>
</trkpt>
   <trkpt lat="48.4082750" lon="7.3854134">
    <ele>633</ele>
</trkpt>
   <trkpt lat="48.4082722" lon="7.3854585">
    <ele>632</ele>
</trkpt>
   <trkpt lat="48.4082665" lon="7.3855040">
    <ele>632</ele>
</trkpt>
   <trkpt lat="48.4082609" lon="7.3855496">
    <ele>631</ele>
</trkpt>
   <trkpt lat="48.4082529" lon="7.3855907">
    <ele>631</ele>
</trkpt>
   <trkpt lat="48.4082449" lon="7.3856319">
    <ele>630</ele>
</trkpt>
   <trkpt lat="48.4082377" lon="7.3856704">
    <ele>630</ele>
</trkpt>
   <trkpt lat="48.4082305" lon="7.3857089">
    <ele>630</ele>
</trkpt>
   <trkpt lat="48.4082238" lon="7.3857485">
    <ele>629</ele>
</trkpt>
   <trkpt lat="48.4082171" lon="7.3857882">
    <ele>628</ele>
</trkpt>
   <trkpt lat="48.4082103" lon="7.3858298">
    <ele>628</ele>
</trkpt>
   <trkpt lat="48.4082036" lon="7.3858715">
    <ele>627</ele>
</trkpt>
   <trkpt lat="48.4081957" lon="7.3859129">
    <ele>627</ele>
</trkpt>
   <trkpt lat="48.4081879" lon="7.3859544">
    <ele>626</ele>
</trkpt>
   <trkpt lat="48.4081784" lon="7.3859961">
    <ele>625</ele>
</trkpt>
   <trkpt lat="48.4081690" lon="7.3860379">
    <ele>625</ele>
</trkpt>
   <trkpt lat="48.4081573" lon="7.3860789">
    <ele>624</ele>
</trkpt>
   <trkpt lat="48.4081457" lon="7.3861200">
    <ele>624</ele>
</trkpt>
   <trkpt lat="48.4081366" lon="7.3861580">
    <ele>623</ele>
</trkpt>
   <trkpt lat="48.4081275" lon="7.3861960">
    <ele>623</ele>
</trkpt>
   <trkpt lat="48.4081208" lon="7.3862340">
    <ele>623</ele>
</trkpt>
   <trkpt lat="48.4081142" lon="7.3862721">
    <ele>623</ele>
</trkpt>
   <trkpt lat="48.4081088" lon="7.3863129">
    <ele>623</ele>
</trkpt>
   <trkpt lat="48.4081034" lon="7.3863537">
    <ele>622</ele>
</trkpt>
   <trkpt lat="48.4080985" lon="7.3863975">
    <ele>622</ele>
</trkpt>
   <trkpt lat="48.4080937" lon="7.3864414">
    <ele>622</ele>
</trkpt>
   <trkpt lat="48.4080913" lon="7.3864849">
    <ele>622</ele>
</trkpt>
   <trkpt lat="48.4080890" lon="7.3865284">
    <ele>622</ele>
</trkpt>
   <trkpt lat="48.4080878" lon="7.3865702">
    <ele>622</ele>
</trkpt>
   <trkpt lat="48.4080867" lon="7.3866121">
    <ele>622</ele>
</trkpt>
   <trkpt lat="48.4080838" lon="7.3866551">
    <ele>622</ele>
</trkpt>
   <trkpt lat="48.4080810" lon="7.3866982">
    <ele>622</ele>
</trkpt>
   <trkpt lat="48.4080759" lon="7.3867417">
    <ele>622</ele>
</trkpt>
   <trkpt lat="48.4080709" lon="7.3867852">
    <ele>621</ele>
</trkpt>
   <trkpt lat="48.4080623" lon="7.3868269">
    <ele>621</ele>
</trkpt>
   <trkpt lat="48.4080538" lon="7.3868687">
    <ele>620</ele>
</trkpt>
   <trkpt lat="48.4080420" lon="7.3869098">
    <ele>620</ele>
</trkpt>
   <trkpt lat="48.4080303" lon="7.3869509">
    <ele>620</ele>
</trkpt>
   <trkpt lat="48.4080162" lon="7.3869895">
    <ele>619</ele>
</trkpt>
   <trkpt lat="48.4080021" lon="7.3870282">
    <ele>619</ele>
</trkpt>
   <trkpt lat="48.4079860" lon="7.3870650">
    <ele>619</ele>
</trkpt>
   <trkpt lat="48.4079699" lon="7.3871018">
    <ele>619</ele>
</trkpt>
   <trkpt lat="48.4079545" lon="7.3871369">
    <ele>619</ele>
</trkpt>
   <trkpt lat="48.4079391" lon="7.3871721">
    <ele>618</ele>
</trkpt>
   <trkpt lat="48.4079236" lon="7.3872069">
    <ele>618</ele>
</trkpt>
   <trkpt lat="48.4079081" lon="7.3872417">
    <ele>617</ele>
</trkpt>
   <trkpt lat="48.4078893" lon="7.3872755">
    <ele>617</ele>
</trkpt>
   <trkpt lat="48.4078706" lon="7.3873094">
    <ele>617</ele>
</trkpt>
   <trkpt lat="48.4078494" lon="7.3873422">
    <ele>616</ele>
</trkpt>
   <trkpt lat="48.4078283" lon="7.3873750">
    <ele>616</ele>
</trkpt>
   <trkpt lat="48.4078061" lon="7.3874051">
    <ele>616</ele>
</trkpt>
   <trkpt lat="48.4077840" lon="7.3874352">
    <ele>616</ele>
</trkpt>
   <trkpt lat="48.4077610" lon="7.3874636">
    <ele>616</ele>
</trkpt>
   <trkpt lat="48.4077381" lon="7.3874920">
    <ele>615</ele>
</trkpt>
   <trkpt lat="48.4077141" lon="7.3875168">
    <ele>615</ele>
</trkpt>
   <trkpt lat="48.4076902" lon="7.3875416">
    <ele>615</ele>
</trkpt>
   <trkpt lat="48.4076636" lon="7.3875622">
    <ele>615</ele>
</trkpt>
   <trkpt lat="48.4076370" lon="7.3875829">
    <ele>615</ele>
</trkpt>
   <trkpt lat="48.4076107" lon="7.3876026">
    <ele>614</ele>
</trkpt>
   <trkpt lat="48.4075844" lon="7.3876223">
    <ele>614</ele>
</trkpt>
   <trkpt lat="48.4075633" lon="7.3876495">
    <ele>614</ele>
</trkpt>
   <trkpt lat="48.4075423" lon="7.3876768">
    <ele>614</ele>
</trkpt>
   <trkpt lat="48.4075269" lon="7.3877113">
    <ele>614</ele>
</trkpt>
   <trkpt lat="48.4075116" lon="7.3877459">
    <ele>614</ele>
</trkpt>
   <trkpt lat="48.4074966" lon="7.3877827">
    <ele>614</ele>
</trkpt>
   <trkpt lat="48.4074817" lon="7.3878196">
    <ele>614</ele>
</trkpt>
   <trkpt lat="48.4074630" lon="7.3878531">
    <ele>614</ele>
</trkpt>
   <trkpt lat="48.4074443" lon="7.3878866">
    <ele>614</ele>
</trkpt>
   <trkpt lat="48.4074226" lon="7.3879129">
    <ele>613</ele>
</trkpt>
   <trkpt lat="48.4074010" lon="7.3879393">
    <ele>613</ele>
</trkpt>
   <trkpt lat="48.4073780" lon="7.3879594">
    <ele>613</ele>
</trkpt>
   <trkpt lat="48.4073550" lon="7.3879796">
    <ele>613</ele>
</trkpt>
   <trkpt lat="48.4073326" lon="7.3879963">
    <ele>613</ele>
</trkpt>
   <trkpt lat="48.4073102" lon="7.3880131">
    <ele>612</ele>
</trkpt>
   <trkpt lat="48.4072880" lon="7.3880234">
    <ele>612</ele>
</trkpt>
   <trkpt lat="48.4072658" lon="7.3880337">
    <ele>611</ele>
</trkpt>
   <trkpt lat="48.4072449" lon="7.3880407">
    <ele>611</ele>
</trkpt>
   <trkpt lat="48.4072240" lon="7.3880478">
    <ele>611</ele>
</trkpt>
   <trkpt lat="48.4072053" lon="7.3880616">
    <ele>610</ele>
</trkpt>
   <trkpt lat="48.4071867" lon="7.3880755">
    <ele>609</ele>
</trkpt>
   <trkpt lat="48.4071714" lon="7.3880992">
    <ele>609</ele>
</trkpt>
   <trkpt lat="48.4071562" lon="7.3881229">
    <ele>608</ele>
</trkpt>
   <trkpt lat="48.4071456" lon="7.3881579">
    <ele>608</ele>
</trkpt>
   <trkpt lat="48.4071350" lon="7.3881929">
    <ele>607</ele>
</trkpt>
   <trkpt lat="48.4071291" lon="7.3882373">
    <ele>607</ele>
</trkpt>
   <trkpt lat="48.4071232" lon="7.3882817">
    <ele>606</ele>
</trkpt>
   <trkpt lat="48.4071234" lon="7.3883265">
    <ele>606</ele>
</trkpt>
   <trkpt lat="48.4071236" lon="7.3883714">
    <ele>606</ele>
</trkpt>
   <trkpt lat="48.4071289" lon="7.3884114">
    <ele>605</ele>
</trkpt>
   <trkpt lat="48.4071343" lon="7.3884514">
    <ele>604</ele>
</trkpt>
   <trkpt lat="48.4071420" lon="7.3884873">
    <ele>604</ele>
</trkpt>
   <trkpt lat="48.4071497" lon="7.3885233">
    <ele>603</ele>
</trkpt>
   <trkpt lat="48.4071538" lon="7.3885609">
    <ele>603</ele>
</trkpt>
   <trkpt lat="48.4071580" lon="7.3885985">
    <ele>602</ele>
</trkpt>
   <trkpt lat="48.4071597" lon="7.3886398">
    <ele>602</ele>
</trkpt>
   <trkpt lat="48.4071614" lon="7.3886811">
    <ele>601</ele>
</trkpt>
   <trkpt lat="48.4071624" lon="7.3887241">
    <ele>601</ele>
</trkpt>
   <trkpt lat="48.4071634" lon="7.3887672">
    <ele>601</ele>
</trkpt>
   <trkpt lat="48.4071688" lon="7.3888082">
    <ele>600</ele>
</trkpt>
   <trkpt lat="48.4071743" lon="7.3888492">
    <ele>600</ele>
</trkpt>
   <trkpt lat="48.4071842" lon="7.3888899">
    <ele>599</ele>
</trkpt>
   <trkpt lat="48.4071942" lon="7.3889306">
    <ele>599</ele>
</trkpt>
   <trkpt lat="48.4072054" lon="7.3889720">
    <ele>599</ele>
</trkpt>
   <trkpt lat="48.4072166" lon="7.3890134">
    <ele>598</ele>
</trkpt>
   <trkpt lat="48.4072228" lon="7.3890581">
    <ele>598</ele>
</trkpt>
   <trkpt lat="48.4072291" lon="7.3891029">
    <ele>597</ele>
</trkpt>
   <trkpt lat="48.4072282" lon="7.3891495">
    <ele>597</ele>
</trkpt>
   <trkpt lat="48.4072273" lon="7.3891961">
    <ele>597</ele>
</trkpt>
   <trkpt lat="48.4072179" lon="7.3892421">
    <ele>597</ele>
</trkpt>
   <trkpt lat="48.4072086" lon="7.3892882">
    <ele>597</ele>
</trkpt>
   <trkpt lat="48.4071930" lon="7.3893290">
    <ele>597</ele>
</trkpt>
   <trkpt lat="48.4071774" lon="7.3893698">
    <ele>597</ele>
</trkpt>
   <trkpt lat="48.4071560" lon="7.3894030">
    <ele>597</ele>
</trkpt>
   <trkpt lat="48.4071346" lon="7.3894363">
    <ele>596</ele>
</trkpt>
   <trkpt lat="48.4071082" lon="7.3894617">
    <ele>596</ele>
</trkpt>
   <trkpt lat="48.4070819" lon="7.3894871">
    <ele>596</ele>
</trkpt>
   <trkpt lat="48.4070518" lon="7.3895062">
    <ele>596</ele>
</trkpt>
   <trkpt lat="48.4070217" lon="7.3895253">
    <ele>596</ele>
</trkpt>
   <trkpt lat="48.4069908" lon="7.3895354">
    <ele>595</ele>
</trkpt>
   <trkpt lat="48.4069599" lon="7.3895456">
    <ele>595</ele>
</trkpt>
   <trkpt lat="48.4069305" lon="7.3895502">
    <ele>594</ele>
</trkpt>
   <trkpt lat="48.4069011" lon="7.3895548">
    <ele>594</ele>
</trkpt>
   <trkpt lat="48.4068748" lon="7.3895605">
    <ele>594</ele>
</trkpt>
   <trkpt lat="48.4068486" lon="7.3895662">
    <ele>593</ele>
</trkpt>
   <trkpt lat="48.4068281" lon="7.3895789">
    <ele>593</ele>
</trkpt>
   <trkpt lat="48.4068077" lon="7.3895917">
    <ele>592</ele>
</trkpt>
   <trkpt lat="48.4067956" lon="7.3896077">
    <ele>592</ele>
</trkpt>
   <trkpt lat="48.4067835" lon="7.3896238">
    <ele>592</ele>
</trkpt>
   <trkpt lat="48.4067798" lon="7.3896326">
    <ele>591</ele>
</trkpt>
   <trkpt lat="48.4067762" lon="7.3896414">
    <ele>591</ele>
</trkpt>
   <trkpt lat="48.4067747" lon="7.3896602">
    <ele>590</ele>
</trkpt>
   <trkpt lat="48.4067733" lon="7.3896791">
    <ele>590</ele>
</trkpt>
   <trkpt lat="48.4067763" lon="7.3897052">
    <ele>590</ele>
</trkpt>
   <trkpt lat="48.4067793" lon="7.3897313">
    <ele>589</ele>
</trkpt>
   <trkpt lat="48.4067853" lon="7.3897615">
    <ele>589</ele>
</trkpt>
   <trkpt lat="48.4067914" lon="7.3897918">
    <ele>588</ele>
</trkpt>
   <trkpt lat="48.4068005" lon="7.3898190">
    <ele>588</ele>
</trkpt>
   <trkpt lat="48.4068096" lon="7.3898463">
    <ele>588</ele>
</trkpt>
   <trkpt lat="48.4068190" lon="7.3898726">
    <ele>587</ele>
</trkpt>
   <trkpt lat="48.4068285" lon="7.3898989">
    <ele>586</ele>
</trkpt>
   <trkpt lat="48.4068361" lon="7.3899277">
    <ele>586</ele>
</trkpt>
   <trkpt lat="48.4068437" lon="7.3899566">
    <ele>585</ele>
</trkpt>
   <trkpt lat="48.4068503" lon="7.3899891">
    <ele>585</ele>
</trkpt>
   <trkpt lat="48.4068569" lon="7.3900216">
    <ele>584</ele>
</trkpt>
   <trkpt lat="48.4068643" lon="7.3900566">
    <ele>583</ele>
</trkpt>
   <trkpt lat="48.4068718" lon="7.3900917">
    <ele>583</ele>
</trkpt>
   <trkpt lat="48.4068770" lon="7.3901291">
    <ele>582</ele>
</trkpt>
   <trkpt lat="48.4068823" lon="7.3901665">
    <ele>582</ele>
</trkpt>
   <trkpt lat="48.4068850" lon="7.3902038">
    <ele>581</ele>
</trkpt>
   <trkpt lat="48.4068877" lon="7.3902411">
    <ele>580</ele>
</trkpt>
   <trkpt lat="48.4068890" lon="7.3902782">
    <ele>580</ele>
</trkpt>
   <trkpt lat="48.4068904" lon="7.3903154">
    <ele>579</ele>
</trkpt>
   <trkpt lat="48.4068909" lon="7.3903556">
    <ele>579</ele>
</trkpt>
   <trkpt lat="48.4068914" lon="7.3903959">
    <ele>578</ele>
</trkpt>
   <trkpt lat="48.4068908" lon="7.3904373">
    <ele>577</ele>
</trkpt>
   <trkpt lat="48.4068902" lon="7.3904787">
    <ele>577</ele>
</trkpt>
   <trkpt lat="48.4068903" lon="7.3905184">
    <ele>576</ele>
</trkpt>
   <trkpt lat="48.4068905" lon="7.3905582">
    <ele>576</ele>
</trkpt>
   <trkpt lat="48.4068910" lon="7.3905987">
    <ele>575</ele>
</trkpt>
   <trkpt lat="48.4068916" lon="7.3906393">
    <ele>574</ele>
</trkpt>
   <trkpt lat="48.4068932" lon="7.3906803">
    <ele>573</ele>
</trkpt>
   <trkpt lat="48.4068948" lon="7.3907213">
    <ele>572</ele>
</trkpt>
   <trkpt lat="48.4068956" lon="7.3907621">
    <ele>572</ele>
</trkpt>
   <trkpt lat="48.4068964" lon="7.3908029">
    <ele>571</ele>
</trkpt>
   <trkpt lat="48.4068969" lon="7.3908464">
    <ele>571</ele>
</trkpt>
   <trkpt lat="48.4068975" lon="7.3908899">
    <ele>570</ele>
</trkpt>
   <trkpt lat="48.4068981" lon="7.3909327">
    <ele>570</ele>
</trkpt>
   <trkpt lat="48.4068987" lon="7.3909756">
    <ele>570</ele>
</trkpt>
   <trkpt lat="48.4068982" lon="7.3910167">
    <ele>569</ele>
</trkpt>
   <trkpt lat="48.4068978" lon="7.3910578">
    <ele>568</ele>
</trkpt>
   <trkpt lat="48.4068970" lon="7.3910957">
    <ele>568</ele>
</trkpt>
   <trkpt lat="48.4068963" lon="7.3911336">
    <ele>567</ele>
</trkpt>
   <trkpt lat="48.4068929" lon="7.3911685">
    <ele>567</ele>
</trkpt>
   <trkpt lat="48.4068896" lon="7.3912035">
    <ele>566</ele>
</trkpt>
   <trkpt lat="48.4068862" lon="7.3912408">
    <ele>566</ele>
</trkpt>
   <trkpt lat="48.4068829" lon="7.3912781">
    <ele>565</ele>
</trkpt>
   <trkpt lat="48.4068816" lon="7.3913182">
    <ele>565</ele>
</trkpt>
   <trkpt lat="48.4068804" lon="7.3913584">
    <ele>565</ele>
</trkpt>
   <trkpt lat="48.4068828" lon="7.3913974">
    <ele>564</ele>
</trkpt>
   <trkpt lat="48.4068853" lon="7.3914364">
    <ele>563</ele>
</trkpt>
   <trkpt lat="48.4068916" lon="7.3914740">
    <ele>563</ele>
</trkpt>
   <trkpt lat="48.4068979" lon="7.3915116">
    <ele>562</ele>
</trkpt>
   <trkpt lat="48.4069079" lon="7.3915462">
    <ele>562</ele>
</trkpt>
   <trkpt lat="48.4069180" lon="7.3915808">
    <ele>561</ele>
</trkpt>
   <trkpt lat="48.4069318" lon="7.3916149">
    <ele>561</ele>
</trkpt>
   <trkpt lat="48.4069457" lon="7.3916490">
    <ele>560</ele>
</trkpt>
   <trkpt lat="48.4069611" lon="7.3916844">
    <ele>560</ele>
</trkpt>
   <trkpt lat="48.4069765" lon="7.3917198">
    <ele>560</ele>
</trkpt>
   <trkpt lat="48.4069933" lon="7.3917568">
    <ele>559</ele>
</trkpt>
   <trkpt lat="48.4070101" lon="7.3917938">
    <ele>559</ele>
</trkpt>
   <trkpt lat="48.4070288" lon="7.3918299">
    <ele>558</ele>
</trkpt>
   <trkpt lat="48.4070475" lon="7.3918660">
    <ele>558</ele>
</trkpt>
   <trkpt lat="48.4070674" lon="7.3919003">
    <ele>558</ele>
</trkpt>
   <trkpt lat="48.4070874" lon="7.3919346">
    <ele>557</ele>
</trkpt>
   <trkpt lat="48.4071064" lon="7.3919690">
    <ele>557</ele>
</trkpt>
   <trkpt lat="48.4071255" lon="7.3920035">
    <ele>556</ele>
</trkpt>
   <trkpt lat="48.4071437" lon="7.3920369">
    <ele>556</ele>
</trkpt>
   <trkpt lat="48.4071619" lon="7.3920703">
    <ele>556</ele>
</trkpt>
   <trkpt lat="48.4071787" lon="7.3921072">
    <ele>555</ele>
</trkpt>
   <trkpt lat="48.4071956" lon="7.3921441">
    <ele>555</ele>
</trkpt>
   <trkpt lat="48.4072101" lon="7.3921833">
    <ele>554</ele>
</trkpt>
   <trkpt lat="48.4072247" lon="7.3922225">
    <ele>554</ele>
</trkpt>
   <trkpt lat="48.4072393" lon="7.3922615">
    <ele>554</ele>
</trkpt>
   <trkpt lat="48.4072539" lon="7.3923006">
    <ele>553</ele>
</trkpt>
   <trkpt lat="48.4072684" lon="7.3923417">
    <ele>553</ele>
</trkpt>
   <trkpt lat="48.4072830" lon="7.3923828">
    <ele>552</ele>
</trkpt>
   <trkpt lat="48.4072952" lon="7.3924254">
    <ele>552</ele>
</trkpt>
   <trkpt lat="48.4073074" lon="7.3924681">
    <ele>552</ele>
</trkpt>
   <trkpt lat="48.4073138" lon="7.3925111">
    <ele>551</ele>
</trkpt>
   <trkpt lat="48.4073202" lon="7.3925542">
    <ele>551</ele>
</trkpt>
   <trkpt lat="48.4073206" lon="7.3925993">
    <ele>551</ele>
</trkpt>
   <trkpt lat="48.4073210" lon="7.3926445">
    <ele>551</ele>
</trkpt>
   <trkpt lat="48.4073192" lon="7.3926892">
    <ele>551</ele>
</trkpt>
   <trkpt lat="48.4073175" lon="7.3927340">
    <ele>550</ele>
</trkpt>
   <trkpt lat="48.4073201" lon="7.3927752">
    <ele>550</ele>
</trkpt>
   <trkpt lat="48.4073227" lon="7.3928165">
    <ele>550</ele>
</trkpt>
   <trkpt lat="48.4073327" lon="7.3928517">
    <ele>550</ele>
</trkpt>
   <trkpt lat="48.4073427" lon="7.3928869">
    <ele>550</ele>
</trkpt>
   <trkpt lat="48.4073600" lon="7.3929174">
    <ele>549</ele>
</trkpt>
   <trkpt lat="48.4073774" lon="7.3929479">
    <ele>549</ele>
</trkpt>
   <trkpt lat="48.4073982" lon="7.3929791">
    <ele>548</ele>
</trkpt>
   <trkpt lat="48.4074190" lon="7.3930104">
    <ele>548</ele>
</trkpt>
   <trkpt lat="48.4074351" lon="7.3930450">
    <ele>548</ele>
</trkpt>
   <trkpt lat="48.4074513" lon="7.3930797">
    <ele>547</ele>
</trkpt>
   <trkpt lat="48.4074590" lon="7.3931191">
    <ele>547</ele>
</trkpt>
   <trkpt lat="48.4074667" lon="7.3931586">
    <ele>547</ele>
</trkpt>
   <trkpt lat="48.4074707" lon="7.3932000">
    <ele>547</ele>
</trkpt>
   <trkpt lat="48.4074747" lon="7.3932415">
    <ele>547</ele>
</trkpt>
   <trkpt lat="48.4074823" lon="7.3932829">
    <ele>546</ele>
</trkpt>
   <trkpt lat="48.4074899" lon="7.3933243">
    <ele>546</ele>
</trkpt>
   <trkpt lat="48.4075013" lon="7.3933621">
    <ele>546</ele>
</trkpt>
   <trkpt lat="48.4075127" lon="7.3934000">
    <ele>546</ele>
</trkpt>
   <trkpt lat="48.4075264" lon="7.3934372">
    <ele>546</ele>
</trkpt>
   <trkpt lat="48.4075402" lon="7.3934744">
    <ele>545</ele>
</trkpt>
   <trkpt lat="48.4075531" lon="7.3935149">
    <ele>545</ele>
</trkpt>
   <trkpt lat="48.4075660" lon="7.3935554">
    <ele>545</ele>
</trkpt>
   <trkpt lat="48.4075773" lon="7.3935977">
    <ele>545</ele>
</trkpt>
   <trkpt lat="48.4075886" lon="7.3936401">
    <ele>545</ele>
</trkpt>
   <trkpt lat="48.4075992" lon="7.3936811">
    <ele>544</ele>
</trkpt>
   <trkpt lat="48.4076098" lon="7.3937221">
    <ele>544</ele>
</trkpt>
   <trkpt lat="48.4076185" lon="7.3937629">
    <ele>543</ele>
</trkpt>
   <trkpt lat="48.4076273" lon="7.3938037">
    <ele>543</ele>
</trkpt>
   <trkpt lat="48.4076357" lon="7.3938444">
    <ele>543</ele>
</trkpt>
   <trkpt lat="48.4076441" lon="7.3938852">
    <ele>542</ele>
</trkpt>
   <trkpt lat="48.4076507" lon="7.3939273">
    <ele>542</ele>
</trkpt>
   <trkpt lat="48.4076574" lon="7.3939695">
    <ele>542</ele>
</trkpt>
   <trkpt lat="48.4076619" lon="7.3940110">
    <ele>542</ele>
</trkpt>
   <trkpt lat="48.4076665" lon="7.3940525">
    <ele>542</ele>
</trkpt>
   <trkpt lat="48.4076685" lon="7.3940938">
    <ele>542</ele>
</trkpt>
   <trkpt lat="48.4076706" lon="7.3941351">
    <ele>542</ele>
</trkpt>
   <trkpt lat="48.4076722" lon="7.3941761">
    <ele>542</ele>
</trkpt>
   <trkpt lat="48.4076738" lon="7.3942171">
    <ele>542</ele>
</trkpt>
   <trkpt lat="48.4076734" lon="7.3942574">
    <ele>542</ele>
</trkpt>
   <trkpt lat="48.4076730" lon="7.3942977">
    <ele>541</ele>
</trkpt>
   <trkpt lat="48.4076680" lon="7.3943383">
    <ele>541</ele>
</trkpt>
   <trkpt lat="48.4076631" lon="7.3943790">
    <ele>540</ele>
</trkpt>
   <trkpt lat="48.4076550" lon="7.3944199">
    <ele>540</ele>
</trkpt>
   <trkpt lat="48.4076470" lon="7.3944609">
    <ele>540</ele>
</trkpt>
   <trkpt lat="48.4076367" lon="7.3945002">
    <ele>539</ele>
</trkpt>
   <trkpt lat="48.4076265" lon="7.3945395">
    <ele>539</ele>
</trkpt>
   <trkpt lat="48.4076147" lon="7.3945753">
    <ele>538</ele>
</trkpt>
   <trkpt lat="48.4076029" lon="7.3946111">
    <ele>538</ele>
</trkpt>
   <trkpt lat="48.4075915" lon="7.3946453">
    <ele>538</ele>
</trkpt>
   <trkpt lat="48.4075801" lon="7.3946796">
    <ele>537</ele>
</trkpt>
   <trkpt lat="48.4075679" lon="7.3947143">
    <ele>537</ele>
</trkpt>
   <trkpt lat="48.4075558" lon="7.3947491">
    <ele>536</ele>
</trkpt>
   <trkpt lat="48.4075417" lon="7.3947852">
    <ele>536</ele>
</trkpt>
   <trkpt lat="48.4075276" lon="7.3948213">
    <ele>536</ele>
</trkpt>
   <trkpt lat="48.4075135" lon="7.3948585">
    <ele>535</ele>
</trkpt>
   <trkpt lat="48.4074994" lon="7.3948958">
    <ele>535</ele>
</trkpt>
   <trkpt lat="48.4074850" lon="7.3949335">
    <ele>535</ele>
</trkpt>
   <trkpt lat="48.4074706" lon="7.3949713">
    <ele>535</ele>
</trkpt>
   <trkpt lat="48.4074531" lon="7.3950078">
    <ele>535</ele>
</trkpt>
   <trkpt lat="48.4074356" lon="7.3950443">
    <ele>534</ele>
</trkpt>
   <trkpt lat="48.4074160" lon="7.3950803">
    <ele>534</ele>
</trkpt>
   <trkpt lat="48.4073965" lon="7.3951164">
    <ele>533</ele>
</trkpt>
   <trkpt lat="48.4073759" lon="7.3951501">
    <ele>533</ele>
</trkpt>
   <trkpt lat="48.4073553" lon="7.3951839">
    <ele>533</ele>
</trkpt>
   <trkpt lat="48.4073342" lon="7.3952153">
    <ele>532</ele>
</trkpt>
   <trkpt lat="48.4073132" lon="7.3952467">
    <ele>532</ele>
</trkpt>
   <trkpt lat="48.4072926" lon="7.3952763">
    <ele>532</ele>
</trkpt>
   <trkpt lat="48.4072721" lon="7.3953060">
    <ele>532</ele>
</trkpt>
   <trkpt lat="48.4072529" lon="7.3953394">
    <ele>532</ele>
</trkpt>
   <trkpt lat="48.4072338" lon="7.3953729">
    <ele>531</ele>
</trkpt>
   <trkpt lat="48.4072148" lon="7.3954048">
    <ele>531</ele>
</trkpt>
   <trkpt lat="48.4071959" lon="7.3954368">
    <ele>531</ele>
</trkpt>
   <trkpt lat="48.4071764" lon="7.3954678">
    <ele>531</ele>
</trkpt>
   <trkpt lat="48.4071569" lon="7.3954988">
    <ele>531</ele>
</trkpt>
   <trkpt lat="48.4071374" lon="7.3955298">
    <ele>530</ele>
</trkpt>
   <trkpt lat="48.4071179" lon="7.3955609">
    <ele>530</ele>
</trkpt>
   <trkpt lat="48.4070972" lon="7.3955887">
    <ele>529</ele>
</trkpt>
   <trkpt lat="48.4070766" lon="7.3956166">
    <ele>529</ele>
</trkpt>
   <trkpt lat="48.4070555" lon="7.3956422">
    <ele>529</ele>
</trkpt>
   <trkpt lat="48.4070344" lon="7.3956679">
    <ele>528</ele>
</trkpt>
   <trkpt lat="48.4070146" lon="7.3956923">
    <ele>528</ele>
</trkpt>
   <trkpt lat="48.4069949" lon="7.3957168">
    <ele>527</ele>
</trkpt>
   <trkpt lat="48.4069769" lon="7.3957422">
    <ele>527</ele>
</trkpt>
   <trkpt lat="48.4069590" lon="7.3957677">
    <ele>527</ele>
</trkpt>
   <trkpt lat="48.4069422" lon="7.3957949">
    <ele>526</ele>
</trkpt>
   <trkpt lat="48.4069255" lon="7.3958222">
    <ele>526</ele>
</trkpt>
   <trkpt lat="48.4069038" lon="7.3958480">
    <ele>525</ele>
</trkpt>
   <trkpt lat="48.4068821" lon="7.3958738">
    <ele>525</ele>
</trkpt>
   <trkpt lat="48.4068562" lon="7.3958952">
    <ele>525</ele>
</trkpt>
   <trkpt lat="48.4068303" lon="7.3959167">
    <ele>524</ele>
</trkpt>
   <trkpt lat="48.4068105" lon="7.3959398">
    <ele>524</ele>
</trkpt>
   <trkpt lat="48.4067907" lon="7.3959630">
    <ele>523</ele>
</trkpt>
   <trkpt lat="48.4067762" lon="7.3959872">
    <ele>523</ele>
</trkpt>
   <trkpt lat="48.4067618" lon="7.3960114">
    <ele>523</ele>
</trkpt>
   <trkpt lat="48.4067457" lon="7.3960335">
    <ele>522</ele>
</trkpt>
   <trkpt lat="48.4067297" lon="7.3960557">
    <ele>522</ele>
</trkpt>
   <trkpt lat="48.4067139" lon="7.3960781">
    <ele>521</ele>
</trkpt>
   <trkpt lat="48.4066981" lon="7.3961005">
    <ele>521</ele>
</trkpt>
   <trkpt lat="48.4066858" lon="7.3961261">
    <ele>521</ele>
</trkpt>
   <trkpt lat="48.4066735" lon="7.3961517">
    <ele>520</ele>
</trkpt>
   <trkpt lat="48.4066654" lon="7.3961817">
    <ele>519</ele>
</trkpt>
   <trkpt lat="48.4066573" lon="7.3962118">
    <ele>519</ele>
</trkpt>
   <trkpt lat="48.4066482" lon="7.3962398">
    <ele>518</ele>
</trkpt>
   <trkpt lat="48.4066391" lon="7.3962678">
    <ele>518</ele>
</trkpt>
   <trkpt lat="48.4066277" lon="7.3962952">
    <ele>517</ele>
</trkpt>
   <trkpt lat="48.4066164" lon="7.3963226">
    <ele>516</ele>
</trkpt>
   <trkpt lat="48.4066006" lon="7.3963490">
    <ele>516</ele>
</trkpt>
   <trkpt lat="48.4065848" lon="7.3963754">
    <ele>515</ele>
</trkpt>
   <trkpt lat="48.4065688" lon="7.3963965">
    <ele>515</ele>
</trkpt>
   <trkpt lat="48.4065528" lon="7.3964176">
    <ele>514</ele>
</trkpt>
   <trkpt lat="48.4065377" lon="7.3964367">
    <ele>514</ele>
</trkpt>
   <trkpt lat="48.4065226" lon="7.3964558">
    <ele>513</ele>
</trkpt>
   <trkpt lat="48.4065084" lon="7.3964777">
    <ele>513</ele>
</trkpt>
   <trkpt lat="48.4064942" lon="7.3964996">
    <ele>513</ele>
</trkpt>
   <trkpt lat="48.4064821" lon="7.3965255">
    <ele>512</ele>
</trkpt>
   <trkpt lat="48.4064700" lon="7.3965514">
    <ele>512</ele>
</trkpt>
   <trkpt lat="48.4064577" lon="7.3965809">
    <ele>511</ele>
</trkpt>
   <trkpt lat="48.4064454" lon="7.3966104">
    <ele>511</ele>
</trkpt>
   <trkpt lat="48.4064342" lon="7.3966411">
    <ele>511</ele>
</trkpt>
   <trkpt lat="48.4064230" lon="7.3966719">
    <ele>510</ele>
</trkpt>
   <trkpt lat="48.4064109" lon="7.3967054">
    <ele>510</ele>
</trkpt>
   <trkpt lat="48.4063988" lon="7.3967389">
    <ele>509</ele>
</trkpt>
   <trkpt lat="48.4063856" lon="7.3967743">
    <ele>509</ele>
</trkpt>
   <trkpt lat="48.4063725" lon="7.3968097">
    <ele>509</ele>
</trkpt>
   <trkpt lat="48.4063583" lon="7.3968442">
    <ele>508</ele>
</trkpt>
   <trkpt lat="48.4063441" lon="7.3968788">
    <ele>508</ele>
</trkpt>
   <trkpt lat="48.4063299" lon="7.3969124">
    <ele>507</ele>
</trkpt>
   <trkpt lat="48.4063158" lon="7.3969461">
    <ele>507</ele>
</trkpt>
   <trkpt lat="48.4063000" lon="7.3969720">
    <ele>507</ele>
</trkpt>
   <trkpt lat="48.4062842" lon="7.3969980">
    <ele>506</ele>
</trkpt>
   <trkpt lat="48.4062719" lon="7.3970257">
    <ele>506</ele>
</trkpt>
   <trkpt lat="48.4062597" lon="7.3970534">
    <ele>505</ele>
</trkpt>
   <trkpt lat="48.4062473" lon="7.3970875">
    <ele>505</ele>
</trkpt>
   <trkpt lat="48.4062350" lon="7.3971216">
    <ele>505</ele>
</trkpt>
   <trkpt lat="48.4062204" lon="7.3971544">
    <ele>504</ele>
</trkpt>
   <trkpt lat="48.4062058" lon="7.3971873">
    <ele>504</ele>
</trkpt>
   <trkpt lat="48.4061912" lon="7.3972214">
    <ele>503</ele>
</trkpt>
   <trkpt lat="48.4061766" lon="7.3972555">
    <ele>503</ele>
</trkpt>
   <trkpt lat="48.4061620" lon="7.3972898">
    <ele>503</ele>
</trkpt>
   <trkpt lat="48.4061474" lon="7.3973242">
    <ele>502</ele>
</trkpt>
   <trkpt lat="48.4061336" lon="7.3973544">
    <ele>502</ele>
</trkpt>
   <trkpt lat="48.4061198" lon="7.3973847">
    <ele>501</ele>
</trkpt>
   <trkpt lat="48.4061061" lon="7.3974112">
    <ele>501</ele>
</trkpt>
   <trkpt lat="48.4060924" lon="7.3974377">
    <ele>501</ele>
</trkpt>
   <trkpt lat="48.4060778" lon="7.3974635">
    <ele>500</ele>
</trkpt>
   <trkpt lat="48.4060633" lon="7.3974894">
    <ele>500</ele>
</trkpt>
   <trkpt lat="48.4060468" lon="7.3975181">
    <ele>499</ele>
</trkpt>
   <trkpt lat="48.4060303" lon="7.3975468">
    <ele>499</ele>
</trkpt>
   <trkpt lat="48.4060142" lon="7.3975784">
    <ele>499</ele>
</trkpt>
   <trkpt lat="48.4059981" lon="7.3976100">
    <ele>498</ele>
</trkpt>
   <trkpt lat="48.4059853" lon="7.3976341">
    <ele>498</ele>
</trkpt>
   <trkpt lat="48.4059725" lon="7.3976582">
    <ele>497</ele>
</trkpt>
   <trkpt lat="48.4059619" lon="7.3976718">
    <ele>497</ele>
</trkpt>
   <trkpt lat="48.4059513" lon="7.3976855">
    <ele>497</ele>
</trkpt>
   <trkpt lat="48.4059419" lon="7.3976952">
    <ele>496</ele>
</trkpt>
   <trkpt lat="48.4059326" lon="7.3977050">
    <ele>496</ele>
</trkpt>
   <trkpt lat="48.4059249" lon="7.3977211">
    <ele>495</ele>
</trkpt>
   <trkpt lat="48.4059173" lon="7.3977373">
    <ele>495</ele>
</trkpt>
   <trkpt lat="48.4059059" lon="7.3977633">
    <ele>495</ele>
</trkpt>
   <trkpt lat="48.4058946" lon="7.3977893">
    <ele>494</ele>
</trkpt>
   <trkpt lat="48.4058752" lon="7.3978175">
    <ele>494</ele>
</trkpt>
   <trkpt lat="48.4058559" lon="7.3978458">
    <ele>493</ele>
</trkpt>
   <trkpt lat="48.4058308" lon="7.3978725">
    <ele>493</ele>
</trkpt>
   <trkpt lat="48.4058058" lon="7.3978993">
    <ele>493</ele>
</trkpt>
   <trkpt lat="48.4057816" lon="7.3979276">
    <ele>492</ele>
</trkpt>
   <trkpt lat="48.4057575" lon="7.3979559">
    <ele>492</ele>
</trkpt>
   <trkpt lat="48.4057380" lon="7.3979878">
    <ele>492</ele>
</trkpt>
   <trkpt lat="48.4057185" lon="7.3980197">
    <ele>492</ele>
</trkpt>
   <trkpt lat="48.4057048" lon="7.3980562">
    <ele>492</ele>
</trkpt>
   <trkpt lat="48.4056911" lon="7.3980927">
    <ele>492</ele>
</trkpt>
   <trkpt lat="48.4056821" lon="7.3981331">
    <ele>492</ele>
</trkpt>
   <trkpt lat="48.4056731" lon="7.3981735">
    <ele>492</ele>
</trkpt>
   <trkpt lat="48.4056665" lon="7.3982137">
    <ele>492</ele>
</trkpt>
   <trkpt lat="48.4056599" lon="7.3982539">
    <ele>492</ele>
</trkpt>
   <trkpt lat="48.4056519" lon="7.3982930">
    <ele>491</ele>
</trkpt>
   <trkpt lat="48.4056439" lon="7.3983321">
    <ele>491</ele>
</trkpt>
   <trkpt lat="48.4056331" lon="7.3983704">
    <ele>490</ele>
</trkpt>
   <trkpt lat="48.4056223" lon="7.3984088">
    <ele>490</ele>
</trkpt>
   <trkpt lat="48.4056126" lon="7.3984490">
    <ele>490</ele>
</trkpt>
   <trkpt lat="48.4056029" lon="7.3984892">
    <ele>489</ele>
</trkpt>
   <trkpt lat="48.4055951" lon="7.3985299">
    <ele>489</ele>
</trkpt>
   <trkpt lat="48.4055874" lon="7.3985706">
    <ele>489</ele>
</trkpt>
   <trkpt lat="48.4055794" lon="7.3986107">
    <ele>489</ele>
</trkpt>
   <trkpt lat="48.4055714" lon="7.3986509">
    <ele>489</ele>
</trkpt>
   <trkpt lat="48.4055601" lon="7.3986886">
    <ele>488</ele>
</trkpt>
   <trkpt lat="48.4055488" lon="7.3987264">
    <ele>488</ele>
</trkpt>
   <trkpt lat="48.4055364" lon="7.3987554">
    <ele>487</ele>
</trkpt>
   <trkpt lat="48.4055240" lon="7.3987844">
    <ele>487</ele>
</trkpt>
   <trkpt lat="48.4055161" lon="7.3987939">
    <ele>487</ele>
</trkpt>
   <trkpt lat="48.4055083" lon="7.3988034">
    <ele>486</ele>
</trkpt>
   <trkpt lat="48.4055069" lon="7.3987932">
    <ele>486</ele>
</trkpt>
   <trkpt lat="48.4055056" lon="7.3987830">
    <ele>486</ele>
</trkpt>
   <trkpt lat="48.4055088" lon="7.3987635">
    <ele>486</ele>
</trkpt>
   <trkpt lat="48.4055120" lon="7.3987440">
    <ele>486</ele>
</trkpt>
   <trkpt lat="48.4055164" lon="7.3987248">
    <ele>486</ele>
</trkpt>
   <trkpt lat="48.4055209" lon="7.3987056">
    <ele>486</ele>
</trkpt>
   <trkpt lat="48.4055273" lon="7.3986858">
    <ele>486</ele>
</trkpt>
   <trkpt lat="48.4055337" lon="7.3986660">
    <ele>486</ele>
</trkpt>
   <trkpt lat="48.4055400" lon="7.3986456">
    <ele>486</ele>
</trkpt>
   <trkpt lat="48.4055463" lon="7.3986253">
    <ele>486</ele>
</trkpt>
   <trkpt lat="48.4055515" lon="7.3986036">
    <ele>486</ele>
</trkpt>
   <trkpt lat="48.4055568" lon="7.3985819">
    <ele>486</ele>
</trkpt>
   <trkpt lat="48.4055615" lon="7.3985615">
    <ele>486</ele>
</trkpt>
   <trkpt lat="48.4055662" lon="7.3985411">
    <ele>486</ele>
</trkpt>
   <trkpt lat="48.4055711" lon="7.3985234">
    <ele>486</ele>
</trkpt>
   <trkpt lat="48.4055761" lon="7.3985057">
    <ele>486</ele>
</trkpt>
   <trkpt lat="48.4055816" lon="7.3984893">
    <ele>486</ele>
</trkpt>
   <trkpt lat="48.4055872" lon="7.3984729">
    <ele>486</ele>
</trkpt>
   <trkpt lat="48.4055909" lon="7.3984569">
    <ele>486</ele>
</trkpt>
   <trkpt lat="48.4055947" lon="7.3984410">
    <ele>486</ele>
</trkpt>
   <trkpt lat="48.4055939" lon="7.3984348">
    <ele>486</ele>
</trkpt>
   <trkpt lat="48.4055932" lon="7.3984287">
    <ele>486</ele>
</trkpt>
   <trkpt lat="48.4055870" lon="7.3984304">
    <ele>486</ele>
</trkpt>
   <trkpt lat="48.4055808" lon="7.3984322">
    <ele>487</ele>
</trkpt>
   <trkpt lat="48.4055734" lon="7.3984340">
    <ele>486</ele>
</trkpt>
   <trkpt lat="48.4055660" lon="7.3984359">
    <ele>486</ele>
</trkpt>
   <trkpt lat="48.4055561" lon="7.3984406">
    <ele>486</ele>
</trkpt>
   <trkpt lat="48.4055462" lon="7.3984454">
    <ele>486</ele>
</trkpt>
   <trkpt lat="48.4055358" lon="7.3984498">
    <ele>486</ele>
</trkpt>
   <trkpt lat="48.4055254" lon="7.3984542">
    <ele>485</ele>
</trkpt>
   <trkpt lat="48.4055157" lon="7.3984542">
    <ele>485</ele>
</trkpt>
   <trkpt lat="48.4055194" lon="7.3984528">
    <ele>485</ele>
</trkpt>
   <trkpt lat="48.4055232" lon="7.3984515">
    <ele>485</ele>
</trkpt>
   <trkpt lat="48.4055322" lon="7.3984511">
    <ele>485</ele>
</trkpt>
   <trkpt lat="48.4055413" lon="7.3984508">
    <ele>485</ele>
</trkpt>
   <trkpt lat="48.4055526" lon="7.3984466">
    <ele>485</ele>
</trkpt>
   <trkpt lat="48.4055639" lon="7.3984425">
    <ele>485</ele>
</trkpt>
   <trkpt lat="48.4055726" lon="7.3984293">
    <ele>485</ele>
</trkpt>
   <trkpt lat="48.4055813" lon="7.3984161">
    <ele>486</ele>
</trkpt>
   <trkpt lat="48.4055847" lon="7.3983954">
    <ele>486</ele>
</trkpt>
   <trkpt lat="48.4055881" lon="7.3983747">
    <ele>486</ele>
</trkpt>
   <trkpt lat="48.4055854" lon="7.3983568">
    <ele>486</ele>
</trkpt>
   <trkpt lat="48.4055828" lon="7.3983389">
    <ele>486</ele>
</trkpt>
   <trkpt lat="48.4055701" lon="7.3983271">
    <ele>487</ele>
</trkpt>
   <trkpt lat="48.4055574" lon="7.3983153">
    <ele>487</ele>
</trkpt>
   <trkpt lat="48.4055402" lon="7.3983077">
    <ele>487</ele>
</trkpt>
   <trkpt lat="48.4055231" lon="7.3983002">
    <ele>487</ele>
</trkpt>
   <trkpt lat="48.4055058" lon="7.3982952">
    <ele>487</ele>
</trkpt>
   <trkpt lat="48.4054885" lon="7.3982903">
    <ele>487</ele>
</trkpt>
   <trkpt lat="48.4054724" lon="7.3982852">
    <ele>487</ele>
</trkpt>
   <trkpt lat="48.4054563" lon="7.3982801">
    <ele>487</ele>
</trkpt>
   <trkpt lat="48.4054414" lon="7.3982745">
    <ele>487</ele>
</trkpt>
   <trkpt lat="48.4054266" lon="7.3982689">
    <ele>487</ele>
</trkpt>
   <trkpt lat="48.4054126" lon="7.3982626">
    <ele>488</ele>
</trkpt>
   <trkpt lat="48.4053986" lon="7.3982564">
    <ele>488</ele>
</trkpt>
   <trkpt lat="48.4053848" lon="7.3982484">
    <ele>488</ele>
</trkpt>
   <trkpt lat="48.4053710" lon="7.3982404">
    <ele>488</ele>
</trkpt>
   <trkpt lat="48.4053572" lon="7.3982309">
    <ele>488</ele>
</trkpt>
   <trkpt lat="48.4053435" lon="7.3982214">
    <ele>488</ele>
</trkpt>
   <trkpt lat="48.4053300" lon="7.3982099">
    <ele>488</ele>
</trkpt>
   <trkpt lat="48.4053165" lon="7.3981985">
    <ele>488</ele>
</trkpt>
   <trkpt lat="48.4053034" lon="7.3981856">
    <ele>488</ele>
</trkpt>
   <trkpt lat="48.4052903" lon="7.3981727">
    <ele>488</ele>
</trkpt>
   <trkpt lat="48.4052773" lon="7.3981616">
    <ele>489</ele>
</trkpt>
   <trkpt lat="48.4052643" lon="7.3981505">
    <ele>489</ele>
</trkpt>
   <trkpt lat="48.4052504" lon="7.3981406">
    <ele>489</ele>
</trkpt>
   <trkpt lat="48.4052366" lon="7.3981308">
    <ele>489</ele>
</trkpt>
   <trkpt lat="48.4052227" lon="7.3981224">
    <ele>489</ele>
</trkpt>
   <trkpt lat="48.4052089" lon="7.3981140">
    <ele>490</ele>
</trkpt>
   <trkpt lat="48.4051952" lon="7.3981072">
    <ele>489</ele>
</trkpt>
   <trkpt lat="48.4051816" lon="7.3981005">
    <ele>489</ele>
</trkpt>
   <trkpt lat="48.4051677" lon="7.3980914">
    <ele>489</ele>
</trkpt>
   <trkpt lat="48.4051538" lon="7.3980824">
    <ele>489</ele>
</trkpt>
   <trkpt lat="48.4051396" lon="7.3980723">
    <ele>489</ele>
</trkpt>
   <trkpt lat="48.4051254" lon="7.3980622">
    <ele>489</ele>
</trkpt>
   <trkpt lat="48.4051118" lon="7.3980526">
    <ele>489</ele>
</trkpt>
   <trkpt lat="48.4050982" lon="7.3980431">
    <ele>489</ele>
</trkpt>
   <trkpt lat="48.4050843" lon="7.3980319">
    <ele>489</ele>
</trkpt>
   <trkpt lat="48.4050705" lon="7.3980207">
    <ele>489</ele>
</trkpt>
   <trkpt lat="48.4050581" lon="7.3980066">
    <ele>489</ele>
</trkpt>
   <trkpt lat="48.4050457" lon="7.3979926">
    <ele>489</ele>
</trkpt>
   <trkpt lat="48.4050342" lon="7.3979767">
    <ele>489</ele>
</trkpt>
   <trkpt lat="48.4050227" lon="7.3979608">
    <ele>489</ele>
</trkpt>
   <trkpt lat="48.4050105" lon="7.3979456">
    <ele>490</ele>
</trkpt>
   <trkpt lat="48.4049984" lon="7.3979304">
    <ele>490</ele>
</trkpt>
   <trkpt lat="48.4049872" lon="7.3979162">
    <ele>490</ele>
</trkpt>
   <trkpt lat="48.4049761" lon="7.3979021">
    <ele>490</ele>
</trkpt>
   <trkpt lat="48.4049638" lon="7.3978903">
    <ele>490</ele>
</trkpt>
   <trkpt lat="48.4049516" lon="7.3978786">
    <ele>490</ele>
</trkpt>
   <trkpt lat="48.4049390" lon="7.3978676">
    <ele>490</ele>
</trkpt>
   <trkpt lat="48.4049264" lon="7.3978566">
    <ele>490</ele>
</trkpt>
   <trkpt lat="48.4049163" lon="7.3978462">
    <ele>490</ele>
</trkpt>
   <trkpt lat="48.4049063" lon="7.3978359">
    <ele>490</ele>
</trkpt>
   <trkpt lat="48.4048958" lon="7.3978249">
    <ele>490</ele>
</trkpt>
   <trkpt lat="48.4048854" lon="7.3978139">
    <ele>490</ele>
</trkpt>
   <trkpt lat="48.4048704" lon="7.3978028">
    <ele>490</ele>
</trkpt>
   <trkpt lat="48.4048554" lon="7.3977917">
    <ele>490</ele>
</trkpt>
   <trkpt lat="48.4048374" lon="7.3977803">
    <ele>490</ele>
</trkpt>
   <trkpt lat="48.4048195" lon="7.3977689">
    <ele>490</ele>
</trkpt>
   <trkpt lat="48.4048022" lon="7.3977563">
    <ele>490</ele>
</trkpt>
   <trkpt lat="48.4047850" lon="7.3977437">
    <ele>490</ele>
</trkpt>
   <trkpt lat="48.4047716" lon="7.3977298">
    <ele>490</ele>
</trkpt>
   <trkpt lat="48.4047582" lon="7.3977159">
    <ele>490</ele>
</trkpt>
   <trkpt lat="48.4047466" lon="7.3977033">
    <ele>490</ele>
</trkpt>
   <trkpt lat="48.4047351" lon="7.3976907">
    <ele>490</ele>
</trkpt>
   <trkpt lat="48.4047233" lon="7.3976780">
    <ele>490</ele>
</trkpt>
   <trkpt lat="48.4047116" lon="7.3976654">
    <ele>490</ele>
</trkpt>
   <trkpt lat="48.4046987" lon="7.3976523">
    <ele>490</ele>
</trkpt>
   <trkpt lat="48.4046859" lon="7.3976393">
    <ele>490</ele>
</trkpt>
   <trkpt lat="48.4046729" lon="7.3976271">
    <ele>490</ele>
</trkpt>
   <trkpt lat="48.4046600" lon="7.3976150">
    <ele>490</ele>
</trkpt>
   <trkpt lat="48.4046475" lon="7.3976037">
    <ele>490</ele>
</trkpt>
   <trkpt lat="48.4046351" lon="7.3975924">
    <ele>490</ele>
</trkpt>
   <trkpt lat="48.4046222" lon="7.3975812">
    <ele>490</ele>
</trkpt>
   <trkpt lat="48.4046093" lon="7.3975701">
    <ele>490</ele>
</trkpt>
   <trkpt lat="48.4045971" lon="7.3975589">
    <ele>490</ele>
</trkpt>
   <trkpt lat="48.4045849" lon="7.3975477">
    <ele>490</ele>
</trkpt>
   <trkpt lat="48.4045730" lon="7.3975358">
    <ele>490</ele>
</trkpt>
   <trkpt lat="48.4045612" lon="7.3975239">
    <ele>490</ele>
</trkpt>
   <trkpt lat="48.4045488" lon="7.3975115">
    <ele>490</ele>
</trkpt>
   <trkpt lat="48.4045365" lon="7.3974992">
    <ele>490</ele>
</trkpt>
   <trkpt lat="48.4045237" lon="7.3974866">
    <ele>490</ele>
</trkpt>
   <trkpt lat="48.4045109" lon="7.3974740">
    <ele>490</ele>
</trkpt>
   <trkpt lat="48.4044975" lon="7.3974611">
    <ele>491</ele>
</trkpt>
   <trkpt lat="48.4044842" lon="7.3974483">
    <ele>491</ele>
</trkpt>
   <trkpt lat="48.4044714" lon="7.3974340">
    <ele>491</ele>
</trkpt>
   <trkpt lat="48.4044587" lon="7.3974198">
    <ele>491</ele>
</trkpt>
   <trkpt lat="48.4044460" lon="7.3974043">
    <ele>491</ele>
</trkpt>
   <trkpt lat="48.4044333" lon="7.3973889">
    <ele>491</ele>
</trkpt>
   <trkpt lat="48.4044196" lon="7.3973732">
    <ele>491</ele>
</trkpt>
   <trkpt lat="48.4044060" lon="7.3973576">
    <ele>491</ele>
</trkpt>
   <trkpt lat="48.4043920" lon="7.3973437">
    <ele>491</ele>
</trkpt>
   <trkpt lat="48.4043781" lon="7.3973299">
    <ele>491</ele>
</trkpt>
   <trkpt lat="48.4043643" lon="7.3973188">
    <ele>492</ele>
</trkpt>
   <trkpt lat="48.4043505" lon="7.3973077">
    <ele>492</ele>
</trkpt>
   <trkpt lat="48.4043364" lon="7.3972986">
    <ele>492</ele>
</trkpt>
   <trkpt lat="48.4043224" lon="7.3972896">
    <ele>492</ele>
</trkpt>
   <trkpt lat="48.4043084" lon="7.3972796">
    <ele>492</ele>
</trkpt>
   <trkpt lat="48.4042945" lon="7.3972697">
    <ele>492</ele>
</trkpt>
   <trkpt lat="48.4042805" lon="7.3972595">
    <ele>492</ele>
</trkpt>
   <trkpt lat="48.4042666" lon="7.3972493">
    <ele>492</ele>
</trkpt>
   <trkpt lat="48.4042519" lon="7.3972373">
    <ele>492</ele>
</trkpt>
   <trkpt lat="48.4042372" lon="7.3972254">
    <ele>492</ele>
</trkpt>
   <trkpt lat="48.4042230" lon="7.3972114">
    <ele>492</ele>
</trkpt>
   <trkpt lat="48.4042088" lon="7.3971975">
    <ele>492</ele>
</trkpt>
   <trkpt lat="48.4041965" lon="7.3971838">
    <ele>492</ele>
</trkpt>
   <trkpt lat="48.4041842" lon="7.3971701">
    <ele>492</ele>
</trkpt>
   <trkpt lat="48.4041737" lon="7.3971547">
    <ele>492</ele>
</trkpt>
   <trkpt lat="48.4041633" lon="7.3971394">
    <ele>492</ele>
</trkpt>
   <trkpt lat="48.4041551" lon="7.3971206">
    <ele>491</ele>
</trkpt>
   <trkpt lat="48.4041469" lon="7.3971018">
    <ele>491</ele>
</trkpt>
   <trkpt lat="48.4041400" lon="7.3970828">
    <ele>491</ele>
</trkpt>
   <trkpt lat="48.4041331" lon="7.3970638">
    <ele>491</ele>
</trkpt>
   <trkpt lat="48.4041282" lon="7.3970573">
    <ele>487</ele>
</trkpt>
   <trkpt lat="48.4041236" lon="7.3970539">
    <ele>487</ele>
</trkpt>
   <trkpt lat="48.4041191" lon="7.3970505">
    <ele>487</ele>
</trkpt>
   <trkpt lat="48.4041128" lon="7.3970486">
    <ele>487</ele>
</trkpt>
   <trkpt lat="48.4041065" lon="7.3970467">
    <ele>488</ele>
</trkpt>
   <trkpt lat="48.4041029" lon="7.3970479">
    <ele>488</ele>
</trkpt>
   <trkpt lat="48.4040994" lon="7.3970492">
    <ele>488</ele>
</trkpt>
   <trkpt lat="48.4040959" lon="7.3970504">
    <ele>488</ele>
</trkpt>
   <trkpt lat="48.4040924" lon="7.3970517">
    <ele>488</ele>
</trkpt>
   <trkpt lat="48.4040870" lon="7.3970530">
    <ele>488</ele>
</trkpt>
   <trkpt lat="48.4040817" lon="7.3970543">
    <ele>487</ele>
</trkpt>
   <trkpt lat="48.4040742" lon="7.3970512">
    <ele>487</ele>
</trkpt>
   <trkpt lat="48.4040668" lon="7.3970481">
    <ele>487</ele>
</trkpt>
   <trkpt lat="48.4040557" lon="7.3970430">
    <ele>487</ele>
</trkpt>
   <trkpt lat="48.4040446" lon="7.3970380">
    <ele>487</ele>
</trkpt>
   <trkpt lat="48.4040274" lon="7.3970314">
    <ele>486</ele>
</trkpt>
   <trkpt lat="48.4040103" lon="7.3970249">
    <ele>486</ele>
</trkpt>
   <trkpt lat="48.4039885" lon="7.3970161">
    <ele>486</ele>
</trkpt>
   <trkpt lat="48.4039668" lon="7.3970074">
    <ele>486</ele>
</trkpt>
   <trkpt lat="48.4039440" lon="7.3969993">
    <ele>486</ele>
</trkpt>
   <trkpt lat="48.4039213" lon="7.3969913">
    <ele>486</ele>
</trkpt>
   <trkpt lat="48.4038962" lon="7.3969810">
    <ele>486</ele>
</trkpt>
   <trkpt lat="48.4038712" lon="7.3969708">
    <ele>486</ele>
</trkpt>
   <trkpt lat="48.4038457" lon="7.3969529">
    <ele>486</ele>
</trkpt>
   <trkpt lat="48.4038202" lon="7.3969350">
    <ele>486</ele>
</trkpt>
   <trkpt lat="48.4037975" lon="7.3969071">
    <ele>485</ele>
</trkpt>
   <trkpt lat="48.4037748" lon="7.3968793">
    <ele>485</ele>
</trkpt>
   <trkpt lat="48.4037523" lon="7.3968481">
    <ele>485</ele>
</trkpt>
   <trkpt lat="48.4037299" lon="7.3968170">
    <ele>485</ele>
</trkpt>
   <trkpt lat="48.4037036" lon="7.3967930">
    <ele>485</ele>
</trkpt>
   <trkpt lat="48.4036774" lon="7.3967690">
    <ele>485</ele>
</trkpt>
   <trkpt lat="48.4036488" lon="7.3967563">
    <ele>485</ele>
</trkpt>
   <trkpt lat="48.4036202" lon="7.3967437">
    <ele>485</ele>
</trkpt>
   <trkpt lat="48.4035896" lon="7.3967406">
    <ele>485</ele>
</trkpt>
   <trkpt lat="48.4035591" lon="7.3967376">
    <ele>485</ele>
</trkpt>
   <trkpt lat="48.4035267" lon="7.3967399">
    <ele>484</ele>
</trkpt>
   <trkpt lat="48.4034944" lon="7.3967422">
    <ele>484</ele>
</trkpt>
   <trkpt lat="48.4034613" lon="7.3967483">
    <ele>484</ele>
</trkpt>
   <trkpt lat="48.4034283" lon="7.3967545">
    <ele>484</ele>
</trkpt>
   <trkpt lat="48.4033959" lon="7.3967591">
    <ele>484</ele>
</trkpt>
   <trkpt lat="48.4033635" lon="7.3967638">
    <ele>484</ele>
</trkpt>
   <trkpt lat="48.4033324" lon="7.3967678">
    <ele>484</ele>
</trkpt>
   <trkpt lat="48.4033014" lon="7.3967719">
    <ele>484</ele>
</trkpt>
   <trkpt lat="48.4032736" lon="7.3967758">
    <ele>484</ele>
</trkpt>
   <trkpt lat="48.4032459" lon="7.3967797">
    <ele>484</ele>
</trkpt>
   <trkpt lat="48.4032197" lon="7.3967861">
    <ele>483</ele>
</trkpt>
   <trkpt lat="48.4031935" lon="7.3967926">
    <ele>483</ele>
</trkpt>
   <trkpt lat="48.4031679" lon="7.3968040">
    <ele>483</ele>
</trkpt>
   <trkpt lat="48.4031423" lon="7.3968154">
    <ele>483</ele>
</trkpt>
   <trkpt lat="48.4031157" lon="7.3968288">
    <ele>483</ele>
</trkpt>
   <trkpt lat="48.4030892" lon="7.3968422">
    <ele>482</ele>
</trkpt>
   <trkpt lat="48.4030629" lon="7.3968584">
    <ele>482</ele>
</trkpt>
   <trkpt lat="48.4030366" lon="7.3968746">
    <ele>482</ele>
</trkpt>
   <trkpt lat="48.4030103" lon="7.3968933">
    <ele>482</ele>
</trkpt>
   <trkpt lat="48.4029840" lon="7.3969120">
    <ele>482</ele>
</trkpt>
   <trkpt lat="48.4029580" lon="7.3969327">
    <ele>481</ele>
</trkpt>
   <trkpt lat="48.4029321" lon="7.3969534">
    <ele>481</ele>
</trkpt>
   <trkpt lat="48.4029086" lon="7.3969753">
    <ele>481</ele>
</trkpt>
   <trkpt lat="48.4028852" lon="7.3969973">
    <ele>481</ele>
</trkpt>
   <trkpt lat="48.4028632" lon="7.3970219">
    <ele>481</ele>
</trkpt>
   <trkpt lat="48.4028413" lon="7.3970465">
    <ele>480</ele>
</trkpt>
   <trkpt lat="48.4028186" lon="7.3970745">
    <ele>480</ele>
</trkpt>
   <trkpt lat="48.4027960" lon="7.3971025">
    <ele>479</ele>
</trkpt>
   <trkpt lat="48.4027728" lon="7.3971316">
    <ele>479</ele>
</trkpt>
   <trkpt lat="48.4027497" lon="7.3971608">
    <ele>479</ele>
</trkpt>
   <trkpt lat="48.4027275" lon="7.3971898">
    <ele>478</ele>
</trkpt>
   <trkpt lat="48.4027054" lon="7.3972189">
    <ele>478</ele>
</trkpt>
   <trkpt lat="48.4026838" lon="7.3972485">
    <ele>477</ele>
</trkpt>
   <trkpt lat="48.4026622" lon="7.3972782">
    <ele>477</ele>
</trkpt>
   <trkpt lat="48.4026399" lon="7.3973080">
    <ele>477</ele>
</trkpt>
   <trkpt lat="48.4026177" lon="7.3973378">
    <ele>476</ele>
</trkpt>
   <trkpt lat="48.4025957" lon="7.3973688">
    <ele>475</ele>
</trkpt>
   <trkpt lat="48.4025738" lon="7.3973999">
    <ele>475</ele>
</trkpt>
   <trkpt lat="48.4025520" lon="7.3974325">
    <ele>474</ele>
</trkpt>
   <trkpt lat="48.4025303" lon="7.3974652">
    <ele>474</ele>
</trkpt>
   <trkpt lat="48.4025115" lon="7.3974981">
    <ele>473</ele>
</trkpt>
   <trkpt lat="48.4024928" lon="7.3975310">
    <ele>472</ele>
</trkpt>
   <trkpt lat="48.4024764" lon="7.3975591">
    <ele>472</ele>
</trkpt>
   <trkpt lat="48.4024601" lon="7.3975872">
    <ele>471</ele>
</trkpt>
   <trkpt lat="48.4024511" lon="7.3976045">
    <ele>471</ele>
</trkpt>
   <trkpt lat="48.4024421" lon="7.3976219">
    <ele>470</ele>
</trkpt>
   <trkpt lat="48.4024442" lon="7.3976269">
    <ele>469</ele>
</trkpt>
   <trkpt lat="48.4024464" lon="7.3976320">
    <ele>469</ele>
</trkpt>
   <trkpt lat="48.4024599" lon="7.3976331">
    <ele>468</ele>
</trkpt>
   <trkpt lat="48.4024734" lon="7.3976342">
    <ele>468</ele>
</trkpt>
   <trkpt lat="48.4024918" lon="7.3976338">
    <ele>467</ele>
</trkpt>
   <trkpt lat="48.4025103" lon="7.3976335">
    <ele>467</ele>
</trkpt>
   <trkpt lat="48.4025339" lon="7.3976294">
    <ele>466</ele>
</trkpt>
   <trkpt lat="48.4025576" lon="7.3976253">
    <ele>466</ele>
</trkpt>
   <trkpt lat="48.4025849" lon="7.3976166">
    <ele>466</ele>
</trkpt>
   <trkpt lat="48.4026123" lon="7.3976080">
    <ele>465</ele>
</trkpt>
   <trkpt lat="48.4026418" lon="7.3975964">
    <ele>465</ele>
</trkpt>
   <trkpt lat="48.4026713" lon="7.3975848">
    <ele>465</ele>
</trkpt>
   <trkpt lat="48.4027019" lon="7.3975736">
    <ele>465</ele>
</trkpt>
   <trkpt lat="48.4027325" lon="7.3975624">
    <ele>465</ele>
</trkpt>
   <trkpt lat="48.4027619" lon="7.3975553">
    <ele>464</ele>
</trkpt>
   <trkpt lat="48.4027914" lon="7.3975482">
    <ele>464</ele>
</trkpt>
   <trkpt lat="48.4028193" lon="7.3975437">
    <ele>464</ele>
</trkpt>
   <trkpt lat="48.4028473" lon="7.3975393">
    <ele>464</ele>
</trkpt>
   <trkpt lat="48.4028750" lon="7.3975398">
    <ele>464</ele>
</trkpt>
   <trkpt lat="48.4029028" lon="7.3975403">
    <ele>463</ele>
</trkpt>
   <trkpt lat="48.4029319" lon="7.3975472">
    <ele>463</ele>
</trkpt>
   <trkpt lat="48.4029610" lon="7.3975541">
    <ele>463</ele>
</trkpt>
   <trkpt lat="48.4029905" lon="7.3975683">
    <ele>463</ele>
</trkpt>
   <trkpt lat="48.4030200" lon="7.3975825">
    <ele>463</ele>
</trkpt>
   <trkpt lat="48.4030470" lon="7.3976005">
    <ele>462</ele>
</trkpt>
   <trkpt lat="48.4030741" lon="7.3976185">
    <ele>462</ele>
</trkpt>
   <trkpt lat="48.4030997" lon="7.3976391">
    <ele>462</ele>
</trkpt>
   <trkpt lat="48.4031254" lon="7.3976598">
    <ele>462</ele>
</trkpt>
   <trkpt lat="48.4031517" lon="7.3976823">
    <ele>462</ele>
</trkpt>
   <trkpt lat="48.4031780" lon="7.3977049">
    <ele>461</ele>
</trkpt>
   <trkpt lat="48.4032038" lon="7.3977307">
    <ele>460</ele>
</trkpt>
   <trkpt lat="48.4032297" lon="7.3977566">
    <ele>460</ele>
</trkpt>
   <trkpt lat="48.4032538" lon="7.3977877">
    <ele>459</ele>
</trkpt>
   <trkpt lat="48.4032780" lon="7.3978189">
    <ele>459</ele>
</trkpt>
   <trkpt lat="48.4032960" lon="7.3978524">
    <ele>458</ele>
</trkpt>
   <trkpt lat="48.4033141" lon="7.3978860">
    <ele>458</ele>
</trkpt>
   <trkpt lat="48.4033276" lon="7.3979204">
    <ele>457</ele>
</trkpt>
   <trkpt lat="48.4033411" lon="7.3979549">
    <ele>457</ele>
</trkpt>
   <trkpt lat="48.4033556" lon="7.3979887">
    <ele>457</ele>
</trkpt>
   <trkpt lat="48.4033701" lon="7.3980225">
    <ele>456</ele>
</trkpt>
   <trkpt lat="48.4033826" lon="7.3980614">
    <ele>456</ele>
</trkpt>
   <trkpt lat="48.4033952" lon="7.3981003">
    <ele>455</ele>
</trkpt>
   <trkpt lat="48.4034041" lon="7.3981420">
    <ele>455</ele>
</trkpt>
   <trkpt lat="48.4034130" lon="7.3981838">
    <ele>455</ele>
</trkpt>
   <trkpt lat="48.4034221" lon="7.3982265">
    <ele>454</ele>
</trkpt>
   <trkpt lat="48.4034312" lon="7.3982692">
    <ele>454</ele>
</trkpt>
   <trkpt lat="48.4034435" lon="7.3983129">
    <ele>453</ele>
</trkpt>
   <trkpt lat="48.4034559" lon="7.3983566">
    <ele>453</ele>
</trkpt>
   <trkpt lat="48.4034710" lon="7.3983960">
    <ele>453</ele>
</trkpt>
   <trkpt lat="48.4034861" lon="7.3984355">
    <ele>452</ele>
</trkpt>
   <trkpt lat="48.4035039" lon="7.3984679">
    <ele>452</ele>
</trkpt>
   <trkpt lat="48.4035218" lon="7.3985003">
    <ele>452</ele>
</trkpt>
   <trkpt lat="48.4035419" lon="7.3985295">
    <ele>452</ele>
</trkpt>
   <trkpt lat="48.4035620" lon="7.3985588">
    <ele>452</ele>
</trkpt>
   <trkpt lat="48.4035807" lon="7.3985882">
    <ele>451</ele>
</trkpt>
   <trkpt lat="48.4035995" lon="7.3986177">
    <ele>451</ele>
</trkpt>
   <trkpt lat="48.4036153" lon="7.3986497">
    <ele>451</ele>
</trkpt>
   <trkpt lat="48.4036311" lon="7.3986817">
    <ele>451</ele>
</trkpt>
   <trkpt lat="48.4036475" lon="7.3987148">
    <ele>451</ele>
</trkpt>
   <trkpt lat="48.4036640" lon="7.3987480">
    <ele>451</ele>
</trkpt>
   <trkpt lat="48.4036802" lon="7.3987822">
    <ele>451</ele>
</trkpt>
   <trkpt lat="48.4036964" lon="7.3988165">
    <ele>451</ele>
</trkpt>
   <trkpt lat="48.4037127" lon="7.3988501">
    <ele>451</ele>
</trkpt>
   <trkpt lat="48.4037291" lon="7.3988837">
    <ele>451</ele>
</trkpt>
   <trkpt lat="48.4037498" lon="7.3989144">
    <ele>451</ele>
</trkpt>
   <trkpt lat="48.4037706" lon="7.3989451">
    <ele>451</ele>
</trkpt>
   <trkpt lat="48.4037923" lon="7.3989743">
    <ele>451</ele>
</trkpt>
   <trkpt lat="48.4038141" lon="7.3990035">
    <ele>451</ele>
</trkpt>
   <trkpt lat="48.4038332" lon="7.3990335">
    <ele>451</ele>
</trkpt>
   <trkpt lat="48.4038524" lon="7.3990635">
    <ele>451</ele>
</trkpt>
   <trkpt lat="48.4038677" lon="7.3990961">
    <ele>451</ele>
</trkpt>
   <trkpt lat="48.4038831" lon="7.3991287">
    <ele>451</ele>
</trkpt>
   <trkpt lat="48.4038962" lon="7.3991654">
    <ele>451</ele>
</trkpt>
   <trkpt lat="48.4039094" lon="7.3992022">
    <ele>451</ele>
</trkpt>
   <trkpt lat="48.4039200" lon="7.3992425">
    <ele>451</ele>
</trkpt>
   <trkpt lat="48.4039307" lon="7.3992828">
    <ele>451</ele>
</trkpt>
   <trkpt lat="48.4039387" lon="7.3993221">
    <ele>451</ele>
</trkpt>
   <trkpt lat="48.4039468" lon="7.3993614">
    <ele>451</ele>
</trkpt>
   <trkpt lat="48.4039502" lon="7.3994000">
    <ele>451</ele>
</trkpt>
   <trkpt lat="48.4039537" lon="7.3994386">
    <ele>451</ele>
</trkpt>
   <trkpt lat="48.4039492" lon="7.3994777">
    <ele>451</ele>
</trkpt>
   <trkpt lat="48.4039448" lon="7.3995169">
    <ele>451</ele>
</trkpt>
   <trkpt lat="48.4039348" lon="7.3995559">
    <ele>451</ele>
</trkpt>
   <trkpt lat="48.4039248" lon="7.3995950">
    <ele>451</ele>
</trkpt>
   <trkpt lat="48.4039124" lon="7.3996347">
    <ele>451</ele>
</trkpt>
   <trkpt lat="48.4039001" lon="7.3996744">
    <ele>451</ele>
</trkpt>
   <trkpt lat="48.4038881" lon="7.3997141">
    <ele>451</ele>
</trkpt>
   <trkpt lat="48.4038761" lon="7.3997538">
    <ele>451</ele>
</trkpt>
   <trkpt lat="48.4038647" lon="7.3997942">
    <ele>451</ele>
</trkpt>
   <trkpt lat="48.4038534" lon="7.3998347">
    <ele>450</ele>
</trkpt>
   <trkpt lat="48.4038401" lon="7.3998723">
    <ele>450</ele>
</trkpt>
   <trkpt lat="48.4038269" lon="7.3999099">
    <ele>450</ele>
</trkpt>
   <trkpt lat="48.4038119" lon="7.3999419">
    <ele>450</ele>
</trkpt>
   <trkpt lat="48.4037969" lon="7.3999740">
    <ele>450</ele>
</trkpt>
   <trkpt lat="48.4037827" lon="7.4000097">
    <ele>450</ele>
</trkpt>
   <trkpt lat="48.4037685" lon="7.4000454">
    <ele>450</ele>
</trkpt>
   <trkpt lat="48.4037546" lon="7.4000813">
    <ele>450</ele>
</trkpt>
   <trkpt lat="48.4037407" lon="7.4001172">
    <ele>450</ele>
</trkpt>
   <trkpt lat="48.4037270" lon="7.4001528">
    <ele>450</ele>
</trkpt>
   <trkpt lat="48.4037133" lon="7.4001884">
    <ele>449</ele>
</trkpt>
   <trkpt lat="48.4036989" lon="7.4002251">
    <ele>449</ele>
</trkpt>
   <trkpt lat="48.4036846" lon="7.4002619">
    <ele>449</ele>
</trkpt>
   <trkpt lat="48.4036722" lon="7.4002990">
    <ele>449</ele>
</trkpt>
   <trkpt lat="48.4036599" lon="7.4003362">
    <ele>449</ele>
</trkpt>
   <trkpt lat="48.4036478" lon="7.4003749">
    <ele>449</ele>
</trkpt>
   <trkpt lat="48.4036357" lon="7.4004137">
    <ele>449</ele>
</trkpt>
   <trkpt lat="48.4036226" lon="7.4004517">
    <ele>449</ele>
</trkpt>
   <trkpt lat="48.4036096" lon="7.4004898">
    <ele>449</ele>
</trkpt>
   <trkpt lat="48.4035966" lon="7.4005275">
    <ele>449</ele>
</trkpt>
   <trkpt lat="48.4035837" lon="7.4005653">
    <ele>448</ele>
</trkpt>
   <trkpt lat="48.4035715" lon="7.4006042">
    <ele>448</ele>
</trkpt>
   <trkpt lat="48.4035593" lon="7.4006432">
    <ele>448</ele>
</trkpt>
   <trkpt lat="48.4035477" lon="7.4006800">
    <ele>448</ele>
</trkpt>
   <trkpt lat="48.4035361" lon="7.4007168">
    <ele>448</ele>
</trkpt>
   <trkpt lat="48.4035214" lon="7.4007501">
    <ele>447</ele>
</trkpt>
   <trkpt lat="48.4035068" lon="7.4007835">
    <ele>447</ele>
</trkpt>
   <trkpt lat="48.4034904" lon="7.4008182">
    <ele>447</ele>
</trkpt>
   <trkpt lat="48.4034740" lon="7.4008529">
    <ele>447</ele>
</trkpt>
   <trkpt lat="48.4034572" lon="7.4008919">
    <ele>447</ele>
</trkpt>
   <trkpt lat="48.4034405" lon="7.4009310">
    <ele>446</ele>
</trkpt>
   <trkpt lat="48.4034225" lon="7.4009685">
    <ele>446</ele>
</trkpt>
   <trkpt lat="48.4034046" lon="7.4010060">
    <ele>445</ele>
</trkpt>
   <trkpt lat="48.4033863" lon="7.4010413">
    <ele>445</ele>
</trkpt>
   <trkpt lat="48.4033680" lon="7.4010767">
    <ele>445</ele>
</trkpt>
   <trkpt lat="48.4033497" lon="7.4011059">
    <ele>444</ele>
</trkpt>
   <trkpt lat="48.4033314" lon="7.4011351">
    <ele>444</ele>
</trkpt>
   <trkpt lat="48.4033123" lon="7.4011638">
    <ele>443</ele>
</trkpt>
   <trkpt lat="48.4032933" lon="7.4011925">
    <ele>443</ele>
</trkpt>
   <trkpt lat="48.4032783" lon="7.4012267">
    <ele>443</ele>
</trkpt>
   <trkpt lat="48.4032633" lon="7.4012609">
    <ele>442</ele>
</trkpt>
   <trkpt lat="48.4032552" lon="7.4013014">
    <ele>441</ele>
</trkpt>
   <trkpt lat="48.4032472" lon="7.4013419">
    <ele>441</ele>
</trkpt>
   <trkpt lat="48.4032452" lon="7.4013850">
    <ele>440</ele>
</trkpt>
   <trkpt lat="48.4032432" lon="7.4014281">
    <ele>440</ele>
</trkpt>
   <trkpt lat="48.4032429" lon="7.4014704">
    <ele>439</ele>
</trkpt>
   <trkpt lat="48.4032427" lon="7.4015128">
    <ele>439</ele>
</trkpt>
   <trkpt lat="48.4032426" lon="7.4015537">
    <ele>439</ele>
</trkpt>
   <trkpt lat="48.4032425" lon="7.4015946">
    <ele>439</ele>
</trkpt>
   <trkpt lat="48.4032434" lon="7.4016343">
    <ele>439</ele>
</trkpt>
   <trkpt lat="48.4032443" lon="7.4016740">
    <ele>438</ele>
</trkpt>
   <trkpt lat="48.4032448" lon="7.4017143">
    <ele>438</ele>
</trkpt>
   <trkpt lat="48.4032454" lon="7.4017547">
    <ele>438</ele>
</trkpt>
   <trkpt lat="48.4032441" lon="7.4017966">
    <ele>438</ele>
</trkpt>
   <trkpt lat="48.4032429" lon="7.4018386">
    <ele>438</ele>
</trkpt>
   <trkpt lat="48.4032386" lon="7.4018798">
    <ele>438</ele>
</trkpt>
   <trkpt lat="48.4032344" lon="7.4019210">
    <ele>438</ele>
</trkpt>
   <trkpt lat="48.4032276" lon="7.4019584">
    <ele>438</ele>
</trkpt>
   <trkpt lat="48.4032209" lon="7.4019959">
    <ele>438</ele>
</trkpt>
   <trkpt lat="48.4032147" lon="7.4020301">
    <ele>438</ele>
</trkpt>
   <trkpt lat="48.4032085" lon="7.4020644">
    <ele>438</ele>
</trkpt>
   <trkpt lat="48.4032036" lon="7.4020910">
    <ele>438</ele>
</trkpt>
   <trkpt lat="48.4031988" lon="7.4021176">
    <ele>438</ele>
</trkpt>
   <trkpt lat="48.4031928" lon="7.4021346">
    <ele>438</ele>
</trkpt>
   <trkpt lat="48.4031868" lon="7.4021517">
    <ele>439</ele>
</trkpt>
   <trkpt lat="48.4031788" lon="7.4021648">
    <ele>439</ele>
</trkpt>
   <trkpt lat="48.4031709" lon="7.4021780">
    <ele>439</ele>
</trkpt>
   <trkpt lat="48.4031614" lon="7.4021903">
    <ele>439</ele>
</trkpt>
   <trkpt lat="48.4031519" lon="7.4022027">
    <ele>439</ele>
</trkpt>
   <trkpt lat="48.4031427" lon="7.4022186">
    <ele>439</ele>
</trkpt>
   <trkpt lat="48.4031336" lon="7.4022345">
    <ele>439</ele>
</trkpt>
   <trkpt lat="48.4031220" lon="7.4022534">
    <ele>439</ele>
</trkpt>
   <trkpt lat="48.4031105" lon="7.4022724">
    <ele>439</ele>
</trkpt>
   <trkpt lat="48.4030966" lon="7.4022927">
    <ele>439</ele>
</trkpt>
   <trkpt lat="48.4030827" lon="7.4023131">
    <ele>439</ele>
</trkpt>
   <trkpt lat="48.4030676" lon="7.4023376">
    <ele>438</ele>
</trkpt>
   <trkpt lat="48.4030526" lon="7.4023622">
    <ele>438</ele>
</trkpt>
   <trkpt lat="48.4030386" lon="7.4023906">
    <ele>438</ele>
</trkpt>
   <trkpt lat="48.4030247" lon="7.4024190">
    <ele>438</ele>
</trkpt>
   <trkpt lat="48.4030145" lon="7.4024519">
    <ele>438</ele>
</trkpt>
   <trkpt lat="48.4030043" lon="7.4024848">
    <ele>437</ele>
</trkpt>
   <trkpt lat="48.4030001" lon="7.4025223">
    <ele>437</ele>
</trkpt>
   <trkpt lat="48.4029959" lon="7.4025598">
    <ele>437</ele>
</trkpt>
   <trkpt lat="48.4029962" lon="7.4026008">
    <ele>437</ele>
</trkpt>
   <trkpt lat="48.4029965" lon="7.4026418">
    <ele>437</ele>
</trkpt>
   <trkpt lat="48.4029974" lon="7.4026861">
    <ele>436</ele>
</trkpt>
   <trkpt lat="48.4029983" lon="7.4027304">
    <ele>436</ele>
</trkpt>
   <trkpt lat="48.4029964" lon="7.4027772">
    <ele>435</ele>
</trkpt>
   <trkpt lat="48.4029945" lon="7.4028240">
    <ele>435</ele>
</trkpt>
   <trkpt lat="48.4029888" lon="7.4028703">
    <ele>435</ele>
</trkpt>
   <trkpt lat="48.4029831" lon="7.4029166">
    <ele>434</ele>
</trkpt>
   <trkpt lat="48.4029731" lon="7.4029608">
    <ele>434</ele>
</trkpt>
   <trkpt lat="48.4029632" lon="7.4030051">
    <ele>433</ele>
</trkpt>
   <trkpt lat="48.4029497" lon="7.4030470">
    <ele>433</ele>
</trkpt>
   <trkpt lat="48.4029363" lon="7.4030890">
    <ele>433</ele>
</trkpt>
   <trkpt lat="48.4029212" lon="7.4031277">
    <ele>432</ele>
</trkpt>
   <trkpt lat="48.4029062" lon="7.4031665">
    <ele>432</ele>
</trkpt>
   <trkpt lat="48.4028902" lon="7.4032026">
    <ele>432</ele>
</trkpt>
   <trkpt lat="48.4028743" lon="7.4032387">
    <ele>432</ele>
</trkpt>
   <trkpt lat="48.4028585" lon="7.4032744">
    <ele>432</ele>
</trkpt>
   <trkpt lat="48.4028428" lon="7.4033101">
    <ele>431</ele>
</trkpt>
   <trkpt lat="48.4028251" lon="7.4033469">
    <ele>431</ele>
</trkpt>
   <trkpt lat="48.4028075" lon="7.4033838">
    <ele>430</ele>
</trkpt>
   <trkpt lat="48.4027873" lon="7.4034205">
    <ele>430</ele>
</trkpt>
   <trkpt lat="48.4027672" lon="7.4034572">
    <ele>430</ele>
</trkpt>
   <trkpt lat="48.4027452" lon="7.4034922">
    <ele>429</ele>
</trkpt>
   <trkpt lat="48.4027233" lon="7.4035273">
    <ele>429</ele>
</trkpt>
   <trkpt lat="48.4027024" lon="7.4035588">
    <ele>429</ele>
</trkpt>
   <trkpt lat="48.4026815" lon="7.4035903">
    <ele>429</ele>
</trkpt>
   <trkpt lat="48.4026601" lon="7.4036214">
    <ele>429</ele>
</trkpt>
   <trkpt lat="48.4026387" lon="7.4036526">
    <ele>428</ele>
</trkpt>
   <trkpt lat="48.4026158" lon="7.4036835">
    <ele>427</ele>
</trkpt>
   <trkpt lat="48.4025929" lon="7.4037145">
    <ele>427</ele>
</trkpt>
   <trkpt lat="48.4025684" lon="7.4037444">
    <ele>426</ele>
</trkpt>
   <trkpt lat="48.4025440" lon="7.4037744">
    <ele>426</ele>
</trkpt>
   <trkpt lat="48.4025201" lon="7.4038045">
    <ele>425</ele>
</trkpt>
   <trkpt lat="48.4024962" lon="7.4038346">
    <ele>425</ele>
</trkpt>
   <trkpt lat="48.4024733" lon="7.4038629">
    <ele>424</ele>
</trkpt>
   <trkpt lat="48.4024505" lon="7.4038913">
    <ele>424</ele>
</trkpt>
   <trkpt lat="48.4024292" lon="7.4039187">
    <ele>424</ele>
</trkpt>
   <trkpt lat="48.4024079" lon="7.4039462">
    <ele>423</ele>
</trkpt>
   <trkpt lat="48.4023877" lon="7.4039737">
    <ele>423</ele>
</trkpt>
   <trkpt lat="48.4023676" lon="7.4040012">
    <ele>423</ele>
</trkpt>
   <trkpt lat="48.4023474" lon="7.4040284">
    <ele>423</ele>
</trkpt>
   <trkpt lat="48.4023273" lon="7.4040556">
    <ele>423</ele>
</trkpt>
   <trkpt lat="48.4023096" lon="7.4040843">
    <ele>422</ele>
</trkpt>
   <trkpt lat="48.4022919" lon="7.4041130">
    <ele>422</ele>
</trkpt>
   <trkpt lat="48.4022777" lon="7.4041461">
    <ele>422</ele>
</trkpt>
   <trkpt lat="48.4022636" lon="7.4041792">
    <ele>422</ele>
</trkpt>
   <trkpt lat="48.4022514" lon="7.4042133">
    <ele>422</ele>
</trkpt>
   <trkpt lat="48.4022393" lon="7.4042474">
    <ele>421</ele>
</trkpt>
   <trkpt lat="48.4022301" lon="7.4042819">
    <ele>421</ele>
</trkpt>
   <trkpt lat="48.4022209" lon="7.4043164">
    <ele>421</ele>
</trkpt>
   <trkpt lat="48.4022147" lon="7.4043536">
    <ele>421</ele>
</trkpt>
   <trkpt lat="48.4022086" lon="7.4043908">
    <ele>421</ele>
</trkpt>
   <trkpt lat="48.4022025" lon="7.4044308">
    <ele>421</ele>
</trkpt>
   <trkpt lat="48.4021965" lon="7.4044708">
    <ele>421</ele>
</trkpt>
   <trkpt lat="48.4021889" lon="7.4045085">
    <ele>421</ele>
</trkpt>
   <trkpt lat="48.4021814" lon="7.4045462">
    <ele>421</ele>
</trkpt>
   <trkpt lat="48.4021696" lon="7.4045817">
    <ele>421</ele>
</trkpt>
   <trkpt lat="48.4021579" lon="7.4046172">
    <ele>420</ele>
</trkpt>
   <trkpt lat="48.4021435" lon="7.4046501">
    <ele>420</ele>
</trkpt>
   <trkpt lat="48.4021291" lon="7.4046830">
    <ele>420</ele>
</trkpt>
   <trkpt lat="48.4021172" lon="7.4047156">
    <ele>420</ele>
</trkpt>
   <trkpt lat="48.4021054" lon="7.4047483">
    <ele>420</ele>
</trkpt>
   <trkpt lat="48.4020939" lon="7.4047874">
    <ele>420</ele>
</trkpt>
   <trkpt lat="48.4020824" lon="7.4048266">
    <ele>420</ele>
</trkpt>
   <trkpt lat="48.4020723" lon="7.4048674">
    <ele>420</ele>
</trkpt>
   <trkpt lat="48.4020623" lon="7.4049083">
    <ele>420</ele>
</trkpt>
   <trkpt lat="48.4020539" lon="7.4049491">
    <ele>420</ele>
</trkpt>
   <trkpt lat="48.4020456" lon="7.4049900">
    <ele>420</ele>
</trkpt>
   <trkpt lat="48.4020387" lon="7.4050290">
    <ele>420</ele>
</trkpt>
   <trkpt lat="48.4020319" lon="7.4050680">
    <ele>420</ele>
</trkpt>
   <trkpt lat="48.4020282" lon="7.4051043">
    <ele>420</ele>
</trkpt>
   <trkpt lat="48.4020245" lon="7.4051406">
    <ele>421</ele>
</trkpt>
   <trkpt lat="48.4020226" lon="7.4051717">
    <ele>421</ele>
</trkpt>
   <trkpt lat="48.4020208" lon="7.4052029">
    <ele>421</ele>
</trkpt>
   <trkpt lat="48.4020208" lon="7.4052353">
    <ele>421</ele>
</trkpt>
   <trkpt lat="48.4020208" lon="7.4052677">
    <ele>421</ele>
</trkpt>
   <trkpt lat="48.4020231" lon="7.4053047">
    <ele>421</ele>
</trkpt>
   <trkpt lat="48.4020255" lon="7.4053417">
    <ele>421</ele>
</trkpt>
   <trkpt lat="48.4020276" lon="7.4053813">
    <ele>421</ele>
</trkpt>
   <trkpt lat="48.4020297" lon="7.4054210">
    <ele>421</ele>
</trkpt>
   <trkpt lat="48.4020335" lon="7.4054594">
    <ele>421</ele>
</trkpt>
   <trkpt lat="48.4020374" lon="7.4054979">
    <ele>421</ele>
</trkpt>
   <trkpt lat="48.4020409" lon="7.4055340">
    <ele>421</ele>
</trkpt>
   <trkpt lat="48.4020444" lon="7.4055702">
    <ele>421</ele>
</trkpt>
   <trkpt lat="48.4020495" lon="7.4056034">
    <ele>421</ele>
</trkpt>
   <trkpt lat="48.4020546" lon="7.4056366">
    <ele>421</ele>
</trkpt>
   <trkpt lat="48.4020623" lon="7.4056692">
    <ele>422</ele>
</trkpt>
   <trkpt lat="48.4020701" lon="7.4057019">
    <ele>422</ele>
</trkpt>
   <trkpt lat="48.4020771" lon="7.4057367">
    <ele>422</ele>
</trkpt>
   <trkpt lat="48.4020842" lon="7.4057716">
    <ele>422</ele>
</trkpt>
   <trkpt lat="48.4020909" lon="7.4058042">
    <ele>422</ele>
</trkpt>
   <trkpt lat="48.4020977" lon="7.4058368">
    <ele>423</ele>
</trkpt>
   <trkpt lat="48.4021055" lon="7.4058651">
    <ele>423</ele>
</trkpt>
   <trkpt lat="48.4021133" lon="7.4058934">
    <ele>423</ele>
</trkpt>
   <trkpt lat="48.4021240" lon="7.4059192">
    <ele>423</ele>
</trkpt>
   <trkpt lat="48.4021348" lon="7.4059450">
    <ele>423</ele>
</trkpt>
   <trkpt lat="48.4021450" lon="7.4059666">
    <ele>423</ele>
</trkpt>
   <trkpt lat="48.4021552" lon="7.4059882">
    <ele>423</ele>
</trkpt>
   <trkpt lat="48.4021620" lon="7.4060051">
    <ele>423</ele>
</trkpt>
   <trkpt lat="48.4021688" lon="7.4060221">
    <ele>423</ele>
</trkpt>
   <trkpt lat="48.4021751" lon="7.4060352">
    <ele>423</ele>
</trkpt>
   <trkpt lat="48.4021815" lon="7.4060483">
    <ele>423</ele>
</trkpt>
   <trkpt lat="48.4021895" lon="7.4060601">
    <ele>423</ele>
</trkpt>
   <trkpt lat="48.4021975" lon="7.4060720">
    <ele>423</ele>
</trkpt>
   <trkpt lat="48.4022078" lon="7.4060833">
    <ele>423</ele>
</trkpt>
   <trkpt lat="48.4022181" lon="7.4060947">
    <ele>423</ele>
</trkpt>
   <trkpt lat="48.4022289" lon="7.4061057">
    <ele>423</ele>
</trkpt>
   <trkpt lat="48.4022398" lon="7.4061167">
    <ele>423</ele>
</trkpt>
   <trkpt lat="48.4022500" lon="7.4061262">
    <ele>423</ele>
</trkpt>
   <trkpt lat="48.4022603" lon="7.4061358">
    <ele>423</ele>
</trkpt>
   <trkpt lat="48.4022696" lon="7.4061484">
    <ele>423</ele>
</trkpt>
   <trkpt lat="48.4022789" lon="7.4061610">
    <ele>423</ele>
</trkpt>
   <trkpt lat="48.4022888" lon="7.4061746">
    <ele>423</ele>
</trkpt>
   <trkpt lat="48.4022987" lon="7.4061882">
    <ele>423</ele>
</trkpt>
   <trkpt lat="48.4023094" lon="7.4062006">
    <ele>423</ele>
</trkpt>
   <trkpt lat="48.4023202" lon="7.4062130">
    <ele>423</ele>
</trkpt>
   <trkpt lat="48.4023290" lon="7.4062263">
    <ele>424</ele>
</trkpt>
   <trkpt lat="48.4023379" lon="7.4062397">
    <ele>424</ele>
</trkpt>
   <trkpt lat="48.4023477" lon="7.4062510">
    <ele>424</ele>
</trkpt>
   <trkpt lat="48.4023576" lon="7.4062623">
    <ele>424</ele>
</trkpt>
   <trkpt lat="48.4023685" lon="7.4062717">
    <ele>424</ele>
</trkpt>
   <trkpt lat="48.4023795" lon="7.4062811">
    <ele>424</ele>
</trkpt>
   <trkpt lat="48.4023903" lon="7.4062897">
    <ele>424</ele>
</trkpt>
   <trkpt lat="48.4024011" lon="7.4062984">
    <ele>424</ele>
</trkpt>
   <trkpt lat="48.4024106" lon="7.4063058">
    <ele>424</ele>
</trkpt>
   <trkpt lat="48.4024202" lon="7.4063132">
    <ele>424</ele>
</trkpt>
   <trkpt lat="48.4024283" lon="7.4063227">
    <ele>425</ele>
</trkpt>
   <trkpt lat="48.4024365" lon="7.4063322">
    <ele>425</ele>
</trkpt>
   <trkpt lat="48.4024444" lon="7.4063445">
    <ele>425</ele>
</trkpt>
   <trkpt lat="48.4024524" lon="7.4063568">
    <ele>425</ele>
</trkpt>
   <trkpt lat="48.4024617" lon="7.4063716">
    <ele>425</ele>
</trkpt>
   <trkpt lat="48.4024710" lon="7.4063865">
    <ele>425</ele>
</trkpt>
   <trkpt lat="48.4024818" lon="7.4063999">
    <ele>425</ele>
</trkpt>
   <trkpt lat="48.4024926" lon="7.4064134">
    <ele>425</ele>
</trkpt>
   <trkpt lat="48.4025041" lon="7.4064251">
    <ele>425</ele>
</trkpt>
   <trkpt lat="48.4025157" lon="7.4064369">
    <ele>425</ele>
</trkpt>
   <trkpt lat="48.4025270" lon="7.4064470">
    <ele>426</ele>
</trkpt>
   <trkpt lat="48.4025384" lon="7.4064572">
    <ele>426</ele>
</trkpt>
   <trkpt lat="48.4025497" lon="7.4064641">
    <ele>426</ele>
</trkpt>
   <trkpt lat="48.4025610" lon="7.4064711">
    <ele>426</ele>
</trkpt>
   <trkpt lat="48.4025729" lon="7.4064759">
    <ele>426</ele>
</trkpt>
   <trkpt lat="48.4025848" lon="7.4064807">
    <ele>427</ele>
</trkpt>
   <trkpt lat="48.4025977" lon="7.4064835">
    <ele>427</ele>
</trkpt>
   <trkpt lat="48.4026106" lon="7.4064863">
    <ele>427</ele>
</trkpt>
   <trkpt lat="48.4026231" lon="7.4064877">
    <ele>427</ele>
</trkpt>
   <trkpt lat="48.4026356" lon="7.4064892">
    <ele>427</ele>
</trkpt>
   <trkpt lat="48.4026477" lon="7.4064944">
    <ele>428</ele>
</trkpt>
   <trkpt lat="48.4026598" lon="7.4064997">
    <ele>428</ele>
</trkpt>
   <trkpt lat="48.4026711" lon="7.4065073">
    <ele>428</ele>
</trkpt>
   <trkpt lat="48.4026825" lon="7.4065149">
    <ele>428</ele>
</trkpt>
   <trkpt lat="48.4026936" lon="7.4065230">
    <ele>428</ele>
</trkpt>
   <trkpt lat="48.4027048" lon="7.4065311">
    <ele>429</ele>
</trkpt>
   <trkpt lat="48.4027164" lon="7.4065405">
    <ele>429</ele>
</trkpt>
   <trkpt lat="48.4027280" lon="7.4065500">
    <ele>429</ele>
</trkpt>
   <trkpt lat="48.4027388" lon="7.4065615">
    <ele>429</ele>
</trkpt>
   <trkpt lat="48.4027497" lon="7.4065730">
    <ele>429</ele>
</trkpt>
   <trkpt lat="48.4027584" lon="7.4065839">
    <ele>430</ele>
</trkpt>
   <trkpt lat="48.4027671" lon="7.4065949">
    <ele>430</ele>
</trkpt>
   <trkpt lat="48.4027750" lon="7.4066063">
    <ele>430</ele>
</trkpt>
   <trkpt lat="48.4027829" lon="7.4066177">
    <ele>430</ele>
</trkpt>
   <trkpt lat="48.4027932" lon="7.4066291">
    <ele>430</ele>
</trkpt>
   <trkpt lat="48.4028036" lon="7.4066406">
    <ele>431</ele>
</trkpt>
   <trkpt lat="48.4028153" lon="7.4066525">
    <ele>431</ele>
</trkpt>
   <trkpt lat="48.4028271" lon="7.4066645">
    <ele>431</ele>
</trkpt>
   <trkpt lat="48.4028368" lon="7.4066757">
    <ele>431</ele>
</trkpt>
   <trkpt lat="48.4028466" lon="7.4066869">
    <ele>431</ele>
</trkpt>
   <trkpt lat="48.4028550" lon="7.4066979">
    <ele>432</ele>
</trkpt>
   <trkpt lat="48.4028634" lon="7.4067089">
    <ele>432</ele>
</trkpt>
   <trkpt lat="48.4028718" lon="7.4067211">
    <ele>432</ele>
</trkpt>
   <trkpt lat="48.4028803" lon="7.4067334">
    <ele>432</ele>
</trkpt>
   <trkpt lat="48.4028910" lon="7.4067481">
    <ele>432</ele>
</trkpt>
   <trkpt lat="48.4029017" lon="7.4067629">
    <ele>433</ele>
</trkpt>
   <trkpt lat="48.4029131" lon="7.4067802">
    <ele>433</ele>
</trkpt>
   <trkpt lat="48.4029246" lon="7.4067976">
    <ele>433</ele>
</trkpt>
   <trkpt lat="48.4029360" lon="7.4068157">
    <ele>433</ele>
</trkpt>
   <trkpt lat="48.4029475" lon="7.4068338">
    <ele>433</ele>
</trkpt>
   <trkpt lat="48.4029589" lon="7.4068504">
    <ele>433</ele>
</trkpt>
   <trkpt lat="48.4029704" lon="7.4068671">
    <ele>433</ele>
</trkpt>
   <trkpt lat="48.4029811" lon="7.4068820">
    <ele>433</ele>
</trkpt>
   <trkpt lat="48.4029918" lon="7.4068970">
    <ele>433</ele>
</trkpt>
   <trkpt lat="48.4030014" lon="7.4069106">
    <ele>433</ele>
</trkpt>
   <trkpt lat="48.4030110" lon="7.4069243">
    <ele>434</ele>
</trkpt>
   <trkpt lat="48.4030176" lon="7.4069399">
    <ele>434</ele>
</trkpt>
   <trkpt lat="48.4030243" lon="7.4069555">
    <ele>434</ele>
</trkpt>
   <trkpt lat="48.4030320" lon="7.4069710">
    <ele>434</ele>
</trkpt>
   <trkpt lat="48.4030397" lon="7.4069865">
    <ele>434</ele>
</trkpt>
   <trkpt lat="48.4030485" lon="7.4069980">
    <ele>434</ele>
</trkpt>
   <trkpt lat="48.4030573" lon="7.4070096">
    <ele>434</ele>
</trkpt>
   <trkpt lat="48.4030670" lon="7.4070201">
    <ele>434</ele>
</trkpt>
   <trkpt lat="48.4030768" lon="7.4070306">
    <ele>434</ele>
</trkpt>
   <trkpt lat="48.4030880" lon="7.4070414">
    <ele>434</ele>
</trkpt>
   <trkpt lat="48.4030992" lon="7.4070523">
    <ele>434</ele>
</trkpt>
   <trkpt lat="48.4031127" lon="7.4070704">
    <ele>434</ele>
</trkpt>
   <trkpt lat="48.4031262" lon="7.4070885">
    <ele>434</ele>
</trkpt>
   <trkpt lat="48.4031385" lon="7.4071205">
    <ele>434</ele>
</trkpt>
   <trkpt lat="48.4031508" lon="7.4071526">
    <ele>434</ele>
</trkpt>
   <trkpt lat="48.4031554" lon="7.4071947">
    <ele>434</ele>
</trkpt>
   <trkpt lat="48.4031601" lon="7.4072369">
    <ele>434</ele>
</trkpt>
   <trkpt lat="48.4031595" lon="7.4072829">
    <ele>434</ele>
</trkpt>
   <trkpt lat="48.4031590" lon="7.4073289">
    <ele>434</ele>
</trkpt>
   <trkpt lat="48.4031554" lon="7.4073723">
    <ele>434</ele>
</trkpt>
   <trkpt lat="48.4031518" lon="7.4074158">
    <ele>434</ele>
</trkpt>
   <trkpt lat="48.4031457" lon="7.4074582">
    <ele>434</ele>
</trkpt>
   <trkpt lat="48.4031396" lon="7.4075006">
    <ele>434</ele>
</trkpt>
   <trkpt lat="48.4031333" lon="7.4075377">
    <ele>434</ele>
</trkpt>
   <trkpt lat="48.4031271" lon="7.4075749">
    <ele>434</ele>
</trkpt>
   <trkpt lat="48.4031245" lon="7.4076086">
    <ele>434</ele>
</trkpt>
   <trkpt lat="48.4031219" lon="7.4076424">
    <ele>434</ele>
</trkpt>
   <trkpt lat="48.4031207" lon="7.4076753">
    <ele>434</ele>
</trkpt>
   <trkpt lat="48.4031196" lon="7.4077083">
    <ele>434</ele>
</trkpt>
   <trkpt lat="48.4031175" lon="7.4077445">
    <ele>434</ele>
</trkpt>
   <trkpt lat="48.4031155" lon="7.4077808">
    <ele>434</ele>
</trkpt>
   <trkpt lat="48.4031113" lon="7.4078222">
    <ele>434</ele>
</trkpt>
   <trkpt lat="48.4031071" lon="7.4078636">
    <ele>434</ele>
</trkpt>
   <trkpt lat="48.4031022" lon="7.4079065">
    <ele>434</ele>
</trkpt>
   <trkpt lat="48.4030973" lon="7.4079495">
    <ele>434</ele>
</trkpt>
   <trkpt lat="48.4030926" lon="7.4079905">
    <ele>434</ele>
</trkpt>
   <trkpt lat="48.4030880" lon="7.4080316">
    <ele>434</ele>
</trkpt>
   <trkpt lat="48.4030841" lon="7.4080715">
    <ele>434</ele>
</trkpt>
   <trkpt lat="48.4030803" lon="7.4081114">
    <ele>434</ele>
</trkpt>
   <trkpt lat="48.4030769" lon="7.4081513">
    <ele>434</ele>
</trkpt>
   <trkpt lat="48.4030735" lon="7.4081913">
    <ele>434</ele>
</trkpt>
   <trkpt lat="48.4030678" lon="7.4082292">
    <ele>434</ele>
</trkpt>
   <trkpt lat="48.4030622" lon="7.4082671">
    <ele>434</ele>
</trkpt>
   <trkpt lat="48.4030499" lon="7.4083024">
    <ele>434</ele>
</trkpt>
   <trkpt lat="48.4030377" lon="7.4083377">
    <ele>434</ele>
</trkpt>
   <trkpt lat="48.4030163" lon="7.4083736">
    <ele>435</ele>
</trkpt>
   <trkpt lat="48.4029950" lon="7.4084095">
    <ele>434</ele>
</trkpt>
   <trkpt lat="48.4029690" lon="7.4084444">
    <ele>434</ele>
</trkpt>
   <trkpt lat="48.4029430" lon="7.4084793">
    <ele>434</ele>
</trkpt>
   <trkpt lat="48.4029173" lon="7.4085118">
    <ele>434</ele>
</trkpt>
   <trkpt lat="48.4028917" lon="7.4085444">
    <ele>434</ele>
</trkpt>
   <trkpt lat="48.4028696" lon="7.4085754">
    <ele>434</ele>
</trkpt>
   <trkpt lat="48.4028476" lon="7.4086064">
    <ele>434</ele>
</trkpt>
   <trkpt lat="48.4028277" lon="7.4086315">
    <ele>434</ele>
</trkpt>
   <trkpt lat="48.4028078" lon="7.4086567">
    <ele>434</ele>
</trkpt>
   <trkpt lat="48.4027898" lon="7.4086798">
    <ele>434</ele>
</trkpt>
   <trkpt lat="48.4027719" lon="7.4087030">
    <ele>434</ele>
</trkpt>
   <trkpt lat="48.4027582" lon="7.4087296">
    <ele>434</ele>
</trkpt>
   <trkpt lat="48.4027445" lon="7.4087563">
    <ele>434</ele>
</trkpt>
   <trkpt lat="48.4027360" lon="7.4087881">
    <ele>434</ele>
</trkpt>
   <trkpt lat="48.4027275" lon="7.4088200">
    <ele>435</ele>
</trkpt>
   <trkpt lat="48.4027222" lon="7.4088569">
    <ele>434</ele>
</trkpt>
   <trkpt lat="48.4027170" lon="7.4088938">
    <ele>434</ele>
</trkpt>
   <trkpt lat="48.4027105" lon="7.4089304">
    <ele>434</ele>
</trkpt>
   <trkpt lat="48.4027041" lon="7.4089670">
    <ele>434</ele>
</trkpt>
   <trkpt lat="48.4026968" lon="7.4090049">
    <ele>434</ele>
</trkpt>
   <trkpt lat="48.4026896" lon="7.4090428">
    <ele>434</ele>
</trkpt>
   <trkpt lat="48.4026826" lon="7.4090816">
    <ele>434</ele>
</trkpt>
   <trkpt lat="48.4026756" lon="7.4091205">
    <ele>434</ele>
</trkpt>
   <trkpt lat="48.4026653" lon="7.4091573">
    <ele>434</ele>
</trkpt>
   <trkpt lat="48.4026551" lon="7.4091942">
    <ele>434</ele>
</trkpt>
   <trkpt lat="48.4026401" lon="7.4092300">
    <ele>434</ele>
</trkpt>
   <trkpt lat="48.4026251" lon="7.4092659">
    <ele>434</ele>
</trkpt>
   <trkpt lat="48.4026049" lon="7.4092978">
    <ele>434</ele>
</trkpt>
   <trkpt lat="48.4025848" lon="7.4093297">
    <ele>434</ele>
</trkpt>
   <trkpt lat="48.4025580" lon="7.4093500">
    <ele>434</ele>
</trkpt>
   <trkpt lat="48.4025313" lon="7.4093703">
    <ele>433</ele>
</trkpt>
   <trkpt lat="48.4025000" lon="7.4093828">
    <ele>433</ele>
</trkpt>
   <trkpt lat="48.4024688" lon="7.4093954">
    <ele>433</ele>
</trkpt>
   <trkpt lat="48.4024356" lon="7.4094008">
    <ele>433</ele>
</trkpt>
   <trkpt lat="48.4024024" lon="7.4094063">
    <ele>433</ele>
</trkpt>
   <trkpt lat="48.4023717" lon="7.4094101">
    <ele>432</ele>
</trkpt>
   <trkpt lat="48.4023410" lon="7.4094139">
    <ele>432</ele>
</trkpt>
   <trkpt lat="48.4023141" lon="7.4094243">
    <ele>432</ele>
</trkpt>
   <trkpt lat="48.4022872" lon="7.4094347">
    <ele>432</ele>
</trkpt>
   <trkpt lat="48.4022635" lon="7.4094549">
    <ele>432</ele>
</trkpt>
   <trkpt lat="48.4022399" lon="7.4094752">
    <ele>431</ele>
</trkpt>
   <trkpt lat="48.4022192" lon="7.4095042">
    <ele>431</ele>
</trkpt>
   <trkpt lat="48.4021986" lon="7.4095332">
    <ele>430</ele>
</trkpt>
   <trkpt lat="48.4021794" lon="7.4095673">
    <ele>430</ele>
</trkpt>
   <trkpt lat="48.4021602" lon="7.4096014">
    <ele>430</ele>
</trkpt>
   <trkpt lat="48.4021381" lon="7.4096354">
    <ele>429</ele>
</trkpt>
   <trkpt lat="48.4021160" lon="7.4096694">
    <ele>429</ele>
</trkpt>
   <trkpt lat="48.4020937" lon="7.4097002">
    <ele>429</ele>
</trkpt>
   <trkpt lat="48.4020714" lon="7.4097310">
    <ele>429</ele>
</trkpt>
   <trkpt lat="48.4020523" lon="7.4097582">
    <ele>429</ele>
</trkpt>
   <trkpt lat="48.4020332" lon="7.4097855">
    <ele>429</ele>
</trkpt>
   <trkpt lat="48.4020176" lon="7.4098091">
    <ele>429</ele>
</trkpt>
   <trkpt lat="48.4020020" lon="7.4098328">
    <ele>429</ele>
</trkpt>
   <trkpt lat="48.4019901" lon="7.4098536">
    <ele>429</ele>
</trkpt>
   <trkpt lat="48.4019783" lon="7.4098745">
    <ele>429</ele>
</trkpt>
   <trkpt lat="48.4019693" lon="7.4098887">
    <ele>429</ele>
</trkpt>
   <trkpt lat="48.4019603" lon="7.4099029">
    <ele>429</ele>
</trkpt>
   <trkpt lat="48.4019546" lon="7.4099122">
    <ele>429</ele>
</trkpt>
   <trkpt lat="48.4019489" lon="7.4099215">
    <ele>429</ele>
</trkpt>
   <trkpt lat="48.4019438" lon="7.4099318">
    <ele>430</ele>
</trkpt>
   <trkpt lat="48.4019388" lon="7.4099422">
    <ele>430</ele>
</trkpt>
   <trkpt lat="48.4019337" lon="7.4099561">
    <ele>430</ele>
</trkpt>
   <trkpt lat="48.4019287" lon="7.4099700">
    <ele>430</ele>
</trkpt>
   <trkpt lat="48.4019227" lon="7.4099865">
    <ele>430</ele>
</trkpt>
   <trkpt lat="48.4019168" lon="7.4100030">
    <ele>431</ele>
</trkpt>
   <trkpt lat="48.4019117" lon="7.4100201">
    <ele>431</ele>
</trkpt>
   <trkpt lat="48.4019067" lon="7.4100373">
    <ele>431</ele>
</trkpt>
   <trkpt lat="48.4019016" lon="7.4100557">
    <ele>431</ele>
</trkpt>
   <trkpt lat="48.4018965" lon="7.4100742">
    <ele>431</ele>
</trkpt>
   <trkpt lat="48.4018888" lon="7.4100896">
    <ele>431</ele>
</trkpt>
   <trkpt lat="48.4018811" lon="7.4101050">
    <ele>431</ele>
</trkpt>
   <trkpt lat="48.4018728" lon="7.4101212">
    <ele>431</ele>
</trkpt>
   <trkpt lat="48.4018646" lon="7.4101375">
    <ele>431</ele>
</trkpt>
   <trkpt lat="48.4018570" lon="7.4101552">
    <ele>431</ele>
</trkpt>
   <trkpt lat="48.4018494" lon="7.4101730">
    <ele>432</ele>
</trkpt>
   <trkpt lat="48.4018437" lon="7.4101907">
    <ele>431</ele>
</trkpt>
   <trkpt lat="48.4018380" lon="7.4102084">
    <ele>431</ele>
</trkpt>
   <trkpt lat="48.4018325" lon="7.4102256">
    <ele>431</ele>
</trkpt>
   <trkpt lat="48.4018271" lon="7.4102428">
    <ele>431</ele>
</trkpt>
   <trkpt lat="48.4018207" lon="7.4102586">
    <ele>431</ele>
</trkpt>
   <trkpt lat="48.4018143" lon="7.4102745">
    <ele>431</ele>
</trkpt>
   <trkpt lat="48.4018089" lon="7.4102880">
    <ele>431</ele>
</trkpt>
   <trkpt lat="48.4018036" lon="7.4103015">
    <ele>431</ele>
</trkpt>
   <trkpt lat="48.4017999" lon="7.4103182">
    <ele>431</ele>
</trkpt>
   <trkpt lat="48.4017962" lon="7.4103350">
    <ele>431</ele>
</trkpt>
   <trkpt lat="48.4017920" lon="7.4103546">
    <ele>431</ele>
</trkpt>
   <trkpt lat="48.4017878" lon="7.4103743">
    <ele>431</ele>
</trkpt>
   <trkpt lat="48.4017813" lon="7.4103938">
    <ele>432</ele>
</trkpt>
   <trkpt lat="48.4017749" lon="7.4104133">
    <ele>432</ele>
</trkpt>
   <trkpt lat="48.4017655" lon="7.4104312">
    <ele>433</ele>
</trkpt>
   <trkpt lat="48.4017561" lon="7.4104491">
    <ele>433</ele>
</trkpt>
   <trkpt lat="48.4017486" lon="7.4104668">
    <ele>433</ele>
</trkpt>
   <trkpt lat="48.4017412" lon="7.4104846">
    <ele>433</ele>
</trkpt>
   <trkpt lat="48.4017371" lon="7.4105018">
    <ele>433</ele>
</trkpt>
   <trkpt lat="48.4017331" lon="7.4105190">
    <ele>434</ele>
</trkpt>
   <trkpt lat="48.4017296" lon="7.4105354">
    <ele>434</ele>
</trkpt>
   <trkpt lat="48.4017262" lon="7.4105519">
    <ele>434</ele>
</trkpt>
   <trkpt lat="48.4017224" lon="7.4105692">
    <ele>434</ele>
</trkpt>
   <trkpt lat="48.4017187" lon="7.4105866">
    <ele>434</ele>
</trkpt>
   <trkpt lat="48.4017146" lon="7.4106049">
    <ele>435</ele>
</trkpt>
   <trkpt lat="48.4017106" lon="7.4106233">
    <ele>435</ele>
</trkpt>
   <trkpt lat="48.4017080" lon="7.4106418">
    <ele>435</ele>
</trkpt>
   <trkpt lat="48.4017055" lon="7.4106604">
    <ele>436</ele>
</trkpt>
   <trkpt lat="48.4017017" lon="7.4106807">
    <ele>436</ele>
</trkpt>
   <trkpt lat="48.4016980" lon="7.4107010">
    <ele>437</ele>
</trkpt>
   <trkpt lat="48.4016943" lon="7.4107157">
    <ele>437</ele>
</trkpt>
   <trkpt lat="48.4016907" lon="7.4107304">
    <ele>437</ele>
</trkpt>
   <trkpt lat="48.4016871" lon="7.4107451">
    <ele>437</ele>
</trkpt>
   <trkpt lat="48.4016811" lon="7.4107631">
    <ele>437</ele>
</trkpt>
   <trkpt lat="48.4016751" lon="7.4107811">
    <ele>438</ele>
</trkpt>
   <trkpt lat="48.4016668" lon="7.4107966">
    <ele>438</ele>
</trkpt>
   <trkpt lat="48.4016585" lon="7.4108121">
    <ele>438</ele>
</trkpt>
   <trkpt lat="48.4016477" lon="7.4108267">
    <ele>438</ele>
</trkpt>
   <trkpt lat="48.4016369" lon="7.4108413">
    <ele>438</ele>
</trkpt>
   <trkpt lat="48.4016258" lon="7.4108562">
    <ele>439</ele>
</trkpt>
   <trkpt lat="48.4016148" lon="7.4108711">
    <ele>439</ele>
</trkpt>
   <trkpt lat="48.4016045" lon="7.4108852">
    <ele>439</ele>
</trkpt>
   <trkpt lat="48.4015943" lon="7.4108993">
    <ele>439</ele>
</trkpt>
   <trkpt lat="48.4015858" lon="7.4109119">
    <ele>439</ele>
</trkpt>
   <trkpt lat="48.4015774" lon="7.4109245">
    <ele>439</ele>
</trkpt>
   <trkpt lat="48.4015704" lon="7.4109368">
    <ele>439</ele>
</trkpt>
   <trkpt lat="48.4015634" lon="7.4109491">
    <ele>439</ele>
</trkpt>
   <trkpt lat="48.4015565" lon="7.4109615">
    <ele>439</ele>
</trkpt>
   <trkpt lat="48.4015496" lon="7.4109739">
    <ele>439</ele>
</trkpt>
   <trkpt lat="48.4015423" lon="7.4109888">
    <ele>440</ele>
</trkpt>
   <trkpt lat="48.4015351" lon="7.4110038">
    <ele>440</ele>
</trkpt>
   <trkpt lat="48.4015278" lon="7.4110194">
    <ele>440</ele>
</trkpt>
   <trkpt lat="48.4015206" lon="7.4110351">
    <ele>440</ele>
</trkpt>
   <trkpt lat="48.4015141" lon="7.4110501">
    <ele>440</ele>
</trkpt>
   <trkpt lat="48.4015076" lon="7.4110651">
    <ele>441</ele>
</trkpt>
   <trkpt lat="48.4015050" lon="7.4110819">
    <ele>441</ele>
</trkpt>
   <trkpt lat="48.4015024" lon="7.4110987">
    <ele>441</ele>
</trkpt>
   <trkpt lat="48.4014985" lon="7.4111187">
    <ele>441</ele>
</trkpt>
   <trkpt lat="48.4014946" lon="7.4111387">
    <ele>441</ele>
</trkpt>
   <trkpt lat="48.4014899" lon="7.4111604">
    <ele>441</ele>
</trkpt>
   <trkpt lat="48.4014852" lon="7.4111822">
    <ele>441</ele>
</trkpt>
   <trkpt lat="48.4014807" lon="7.4112068">
    <ele>441</ele>
</trkpt>
   <trkpt lat="48.4014763" lon="7.4112314">
    <ele>441</ele>
</trkpt>
   <trkpt lat="48.4014697" lon="7.4112569">
    <ele>441</ele>
</trkpt>
   <trkpt lat="48.4014631" lon="7.4112824">
    <ele>441</ele>
</trkpt>
   <trkpt lat="48.4014534" lon="7.4113051">
    <ele>441</ele>
</trkpt>
   <trkpt lat="48.4014437" lon="7.4113278">
    <ele>441</ele>
</trkpt>
   <trkpt lat="48.4014308" lon="7.4113458">
    <ele>441</ele>
</trkpt>
   <trkpt lat="48.4014179" lon="7.4113639">
    <ele>441</ele>
</trkpt>
   <trkpt lat="48.4013987" lon="7.4113771">
    <ele>441</ele>
</trkpt>
   <trkpt lat="48.4013796" lon="7.4113904">
    <ele>441</ele>
</trkpt>
   <trkpt lat="48.4013534" lon="7.4113943">
    <ele>441</ele>
</trkpt>
   <trkpt lat="48.4013273" lon="7.4113982">
    <ele>441</ele>
</trkpt>
   <trkpt lat="48.4012989" lon="7.4113906">
    <ele>441</ele>
</trkpt>
   <trkpt lat="48.4012706" lon="7.4113830">
    <ele>441</ele>
</trkpt>
   <trkpt lat="48.4012437" lon="7.4113669">
    <ele>441</ele>
</trkpt>
   <trkpt lat="48.4012168" lon="7.4113509">
    <ele>441</ele>
</trkpt>
   <trkpt lat="48.4011934" lon="7.4113274">
    <ele>441</ele>
</trkpt>
   <trkpt lat="48.4011701" lon="7.4113039">
    <ele>441</ele>
</trkpt>
   <trkpt lat="48.4011479" lon="7.4112789">
    <ele>441</ele>
</trkpt>
   <trkpt lat="48.4011258" lon="7.4112539">
    <ele>441</ele>
</trkpt>
   <trkpt lat="48.4011010" lon="7.4112366">
    <ele>441</ele>
</trkpt>
   <trkpt lat="48.4010762" lon="7.4112193">
    <ele>441</ele>
</trkpt>
   <trkpt lat="48.4010502" lon="7.4112168">
    <ele>441</ele>
</trkpt>
   <trkpt lat="48.4010242" lon="7.4112143">
    <ele>442</ele>
</trkpt>
   <trkpt lat="48.4010020" lon="7.4112274">
    <ele>442</ele>
</trkpt>
   <trkpt lat="48.4009799" lon="7.4112406">
    <ele>442</ele>
</trkpt>
   <trkpt lat="48.4009632" lon="7.4112653">
    <ele>442</ele>
</trkpt>
   <trkpt lat="48.4009466" lon="7.4112900">
    <ele>442</ele>
</trkpt>
   <trkpt lat="48.4009287" lon="7.4113167">
    <ele>442</ele>
</trkpt>
   <trkpt lat="48.4009109" lon="7.4113435">
    <ele>442</ele>
</trkpt>
   <trkpt lat="48.4008865" lon="7.4113638">
    <ele>442</ele>
</trkpt>
   <trkpt lat="48.4008621" lon="7.4113841">
    <ele>442</ele>
</trkpt>
   <trkpt lat="48.4008335" lon="7.4113906">
    <ele>442</ele>
</trkpt>
   <trkpt lat="48.4008049" lon="7.4113972">
    <ele>443</ele>
</trkpt>
   <trkpt lat="48.4007772" lon="7.4113906">
    <ele>442</ele>
</trkpt>
   <trkpt lat="48.4007495" lon="7.4113841">
    <ele>442</ele>
</trkpt>
   <trkpt lat="48.4007229" lon="7.4113744">
    <ele>442</ele>
</trkpt>
   <trkpt lat="48.4006963" lon="7.4113647">
    <ele>442</ele>
</trkpt>
   <trkpt lat="48.4006719" lon="7.4113681">
    <ele>442</ele>
</trkpt>
   <trkpt lat="48.4006475" lon="7.4113715">
    <ele>442</ele>
</trkpt>
   <trkpt lat="48.4006261" lon="7.4113949">
    <ele>442</ele>
</trkpt>
   <trkpt lat="48.4006048" lon="7.4114183">
    <ele>442</ele>
</trkpt>
   <trkpt lat="48.4005850" lon="7.4114531">
    <ele>442</ele>
</trkpt>
   <trkpt lat="48.4005652" lon="7.4114880">
    <ele>442</ele>
</trkpt>
   <trkpt lat="48.4005465" lon="7.4115247">
    <ele>441</ele>
</trkpt>
   <trkpt lat="48.4005278" lon="7.4115614">
    <ele>441</ele>
</trkpt>
   <trkpt lat="48.4005077" lon="7.4115950">
    <ele>441</ele>
</trkpt>
   <trkpt lat="48.4004877" lon="7.4116286">
    <ele>441</ele>
</trkpt>
   <trkpt lat="48.4004662" lon="7.4116563">
    <ele>441</ele>
</trkpt>
   <trkpt lat="48.4004447" lon="7.4116840">
    <ele>440</ele>
</trkpt>
   <trkpt lat="48.4004216" lon="7.4117086">
    <ele>440</ele>
</trkpt>
   <trkpt lat="48.4003985" lon="7.4117332">
    <ele>440</ele>
</trkpt>
   <trkpt lat="48.4003738" lon="7.4117596">
    <ele>440</ele>
</trkpt>
   <trkpt lat="48.4003492" lon="7.4117860">
    <ele>440</ele>
</trkpt>
   <trkpt lat="48.4003242" lon="7.4118113">
    <ele>439</ele>
</trkpt>
   <trkpt lat="48.4002992" lon="7.4118367">
    <ele>439</ele>
</trkpt>
   <trkpt lat="48.4002761" lon="7.4118607">
    <ele>439</ele>
</trkpt>
   <trkpt lat="48.4002531" lon="7.4118847">
    <ele>439</ele>
</trkpt>
   <trkpt lat="48.4002377" lon="7.4119093">
    <ele>439</ele>
</trkpt>
   <trkpt lat="48.4002223" lon="7.4119339">
    <ele>438</ele>
</trkpt>
   <trkpt lat="48.4002152" lon="7.4119591">
    <ele>438</ele>
</trkpt>
   <trkpt lat="48.4002082" lon="7.4119844">
    <ele>438</ele>
</trkpt>
   <trkpt lat="48.4002038" lon="7.4120140">
    <ele>438</ele>
</trkpt>
   <trkpt lat="48.4001995" lon="7.4120437">
    <ele>438</ele>
</trkpt>
   <trkpt lat="48.4001919" lon="7.4120761">
    <ele>437</ele>
</trkpt>
   <trkpt lat="48.4001844" lon="7.4121086">
    <ele>437</ele>
</trkpt>
   <trkpt lat="48.4001749" lon="7.4121268">
    <ele>436</ele>
</trkpt>
   <trkpt lat="48.4001654" lon="7.4121451">
    <ele>436</ele>
</trkpt>
   <trkpt lat="48.4001531" lon="7.4121383">
    <ele>436</ele>
</trkpt>
   <trkpt lat="48.4001408" lon="7.4121316">
    <ele>435</ele>
</trkpt>
   <trkpt lat="48.4001222" lon="7.4121062">
    <ele>435</ele>
</trkpt>
   <trkpt lat="48.4001037" lon="7.4120809">
    <ele>434</ele>
</trkpt>
   <trkpt lat="48.4000814" lon="7.4120495">
    <ele>434</ele>
</trkpt>
   <trkpt lat="48.4000591" lon="7.4120181">
    <ele>434</ele>
</trkpt>
   <trkpt lat="48.4000352" lon="7.4119914">
    <ele>433</ele>
</trkpt>
   <trkpt lat="48.4000113" lon="7.4119648">
    <ele>433</ele>
</trkpt>
   <trkpt lat="48.3999852" lon="7.4119490">
    <ele>432</ele>
</trkpt>
   <trkpt lat="48.3999591" lon="7.4119332">
    <ele>432</ele>
</trkpt>
   <trkpt lat="48.3999340" lon="7.4119286">
    <ele>432</ele>
</trkpt>
   <trkpt lat="48.3999089" lon="7.4119241">
    <ele>431</ele>
</trkpt>
   <trkpt lat="48.3998854" lon="7.4119295">
    <ele>430</ele>
</trkpt>
   <trkpt lat="48.3998619" lon="7.4119349">
    <ele>430</ele>
</trkpt>
   <trkpt lat="48.3998387" lon="7.4119472">
    <ele>429</ele>
</trkpt>
   <trkpt lat="48.3998155" lon="7.4119596">
    <ele>429</ele>
</trkpt>
   <trkpt lat="48.3997911" lon="7.4119716">
    <ele>428</ele>
</trkpt>
   <trkpt lat="48.3997668" lon="7.4119837">
    <ele>428</ele>
</trkpt>
   <trkpt lat="48.3997412" lon="7.4119947">
    <ele>427</ele>
</trkpt>
   <trkpt lat="48.3997157" lon="7.4120058">
    <ele>427</ele>
</trkpt>
   <trkpt lat="48.3996925" lon="7.4120231">
    <ele>427</ele>
</trkpt>
   <trkpt lat="48.3996693" lon="7.4120405">
    <ele>426</ele>
</trkpt>
   <trkpt lat="48.3996473" lon="7.4120630">
    <ele>425</ele>
</trkpt>
   <trkpt lat="48.3996254" lon="7.4120855">
    <ele>425</ele>
</trkpt>
   <trkpt lat="48.3995998" lon="7.4121077">
    <ele>424</ele>
</trkpt>
   <trkpt lat="48.3995743" lon="7.4121300">
    <ele>424</ele>
</trkpt>
   <trkpt lat="48.3995486" lon="7.4121506">
    <ele>423</ele>
</trkpt>
   <trkpt lat="48.3995229" lon="7.4121713">
    <ele>423</ele>
</trkpt>
   <trkpt lat="48.3995008" lon="7.4121921">
    <ele>422</ele>
</trkpt>
   <trkpt lat="48.3994787" lon="7.4122129">
    <ele>422</ele>
</trkpt>
   <trkpt lat="48.3994590" lon="7.4122371">
    <ele>422</ele>
</trkpt>
   <trkpt lat="48.3994393" lon="7.4122614">
    <ele>421</ele>
</trkpt>
   <trkpt lat="48.3994216" lon="7.4122906">
    <ele>421</ele>
</trkpt>
   <trkpt lat="48.3994040" lon="7.4123199">
    <ele>420</ele>
</trkpt>
   <trkpt lat="48.3993908" lon="7.4123533">
    <ele>420</ele>
</trkpt>
   <trkpt lat="48.3993777" lon="7.4123867">
    <ele>420</ele>
</trkpt>
   <trkpt lat="48.3993686" lon="7.4124241">
    <ele>419</ele>
</trkpt>
   <trkpt lat="48.3993596" lon="7.4124615">
    <ele>419</ele>
</trkpt>
   <trkpt lat="48.3993497" lon="7.4124973">
    <ele>418</ele>
</trkpt>
   <trkpt lat="48.3993399" lon="7.4125332">
    <ele>418</ele>
</trkpt>
   <trkpt lat="48.3993212" lon="7.4125620">
    <ele>418</ele>
</trkpt>
   <trkpt lat="48.3993025" lon="7.4125909">
    <ele>417</ele>
</trkpt>
   <trkpt lat="48.3992798" lon="7.4126111">
    <ele>417</ele>
</trkpt>
   <trkpt lat="48.3992571" lon="7.4126314">
    <ele>417</ele>
</trkpt>
   <trkpt lat="48.3992362" lon="7.4126419">
    <ele>417</ele>
</trkpt>
   <trkpt lat="48.3992154" lon="7.4126525">
    <ele>417</ele>
</trkpt>
   <trkpt lat="48.3991985" lon="7.4126553">
    <ele>417</ele>
</trkpt>
   <trkpt lat="48.3991817" lon="7.4126582">
    <ele>417</ele>
</trkpt>
   <trkpt lat="48.3991682" lon="7.4126553">
    <ele>417</ele>
</trkpt>
   <trkpt lat="48.3991548" lon="7.4126525">
    <ele>417</ele>
</trkpt>
   <trkpt lat="48.3991450" lon="7.4126482">
    <ele>417</ele>
</trkpt>
   <trkpt lat="48.3991352" lon="7.4126439">
    <ele>417</ele>
</trkpt>
   <trkpt lat="48.3991261" lon="7.4126407">
    <ele>417</ele>
</trkpt>
   <trkpt lat="48.3991171" lon="7.4126376">
    <ele>417</ele>
</trkpt>
   <trkpt lat="48.3991054" lon="7.4126343">
    <ele>417</ele>
</trkpt>
   <trkpt lat="48.3990937" lon="7.4126311">
    <ele>417</ele>
</trkpt>
   <trkpt lat="48.3990814" lon="7.4126299">
    <ele>417</ele>
</trkpt>
   <trkpt lat="48.3990692" lon="7.4126288">
    <ele>417</ele>
</trkpt>
   <trkpt lat="48.3990590" lon="7.4126269">
    <ele>417</ele>
</trkpt>
   <trkpt lat="48.3990489" lon="7.4126251">
    <ele>417</ele>
</trkpt>
   <trkpt lat="48.3990397" lon="7.4126228">
    <ele>417</ele>
</trkpt>
   <trkpt lat="48.3990305" lon="7.4126206">
    <ele>417</ele>
</trkpt>
   <trkpt lat="48.3990208" lon="7.4126198">
    <ele>417</ele>
</trkpt>
   <trkpt lat="48.3990111" lon="7.4126191">
    <ele>417</ele>
</trkpt>
   <trkpt lat="48.3989993" lon="7.4126188">
    <ele>417</ele>
</trkpt>
   <trkpt lat="48.3989876" lon="7.4126185">
    <ele>418</ele>
</trkpt>
   <trkpt lat="48.3989736" lon="7.4126206">
    <ele>418</ele>
</trkpt>
   <trkpt lat="48.3989597" lon="7.4126227">
    <ele>418</ele>
</trkpt>
   <trkpt lat="48.3989460" lon="7.4126252">
    <ele>418</ele>
</trkpt>
   <trkpt lat="48.3989323" lon="7.4126278">
    <ele>418</ele>
</trkpt>
   <trkpt lat="48.3989190" lon="7.4126284">
    <ele>419</ele>
</trkpt>
   <trkpt lat="48.3989057" lon="7.4126290">
    <ele>419</ele>
</trkpt>
   <trkpt lat="48.3988930" lon="7.4126290">
    <ele>419</ele>
</trkpt>
   <trkpt lat="48.3988804" lon="7.4126290">
    <ele>419</ele>
</trkpt>
   <trkpt lat="48.3988674" lon="7.4126277">
    <ele>419</ele>
</trkpt>
   <trkpt lat="48.3988545" lon="7.4126264">
    <ele>420</ele>
</trkpt>
   <trkpt lat="48.3988417" lon="7.4126235">
    <ele>420</ele>
</trkpt>
   <trkpt lat="48.3988289" lon="7.4126206">
    <ele>420</ele>
</trkpt>
   <trkpt lat="48.3988174" lon="7.4126147">
    <ele>420</ele>
</trkpt>
   <trkpt lat="48.3988060" lon="7.4126089">
    <ele>420</ele>
</trkpt>
   <trkpt lat="48.3987944" lon="7.4126013">
    <ele>421</ele>
</trkpt>
   <trkpt lat="48.3987828" lon="7.4125937">
    <ele>421</ele>
</trkpt>
   <trkpt lat="48.3987690" lon="7.4125870">
    <ele>421</ele>
</trkpt>
   <trkpt lat="48.3987552" lon="7.4125804">
    <ele>421</ele>
</trkpt>
   <trkpt lat="48.3987414" lon="7.4125710">
    <ele>421</ele>
</trkpt>
   <trkpt lat="48.3987276" lon="7.4125616">
    <ele>421</ele>
</trkpt>
   <trkpt lat="48.3987151" lon="7.4125496">
    <ele>421</ele>
</trkpt>
   <trkpt lat="48.3987027" lon="7.4125376">
    <ele>421</ele>
</trkpt>
   <trkpt lat="48.3986924" lon="7.4125244">
    <ele>421</ele>
</trkpt>
   <trkpt lat="48.3986821" lon="7.4125113">
    <ele>421</ele>
</trkpt>
   <trkpt lat="48.3986718" lon="7.4124983">
    <ele>421</ele>
</trkpt>
   <trkpt lat="48.3986616" lon="7.4124853">
    <ele>421</ele>
</trkpt>
   <trkpt lat="48.3986503" lon="7.4124709">
    <ele>421</ele>
</trkpt>
   <trkpt lat="48.3986390" lon="7.4124565">
    <ele>421</ele>
</trkpt>
   <trkpt lat="48.3986262" lon="7.4124421">
    <ele>421</ele>
</trkpt>
   <trkpt lat="48.3986134" lon="7.4124278">
    <ele>422</ele>
</trkpt>
   <trkpt lat="48.3986002" lon="7.4124136">
    <ele>422</ele>
</trkpt>
   <trkpt lat="48.3985870" lon="7.4123995">
    <ele>422</ele>
</trkpt>
   <trkpt lat="48.3985736" lon="7.4123869">
    <ele>422</ele>
</trkpt>
   <trkpt lat="48.3985603" lon="7.4123744">
    <ele>422</ele>
</trkpt>
   <trkpt lat="48.3985490" lon="7.4123601">
    <ele>422</ele>
</trkpt>
   <trkpt lat="48.3985378" lon="7.4123459">
    <ele>422</ele>
</trkpt>
   <trkpt lat="48.3985268" lon="7.4123328">
    <ele>422</ele>
</trkpt>
   <trkpt lat="48.3985158" lon="7.4123198">
    <ele>422</ele>
</trkpt>
   <trkpt lat="48.3985046" lon="7.4123063">
    <ele>422</ele>
</trkpt>
   <trkpt lat="48.3984935" lon="7.4122928">
    <ele>422</ele>
</trkpt>
   <trkpt lat="48.3984822" lon="7.4122809">
    <ele>422</ele>
</trkpt>
   <trkpt lat="48.3984709" lon="7.4122690">
    <ele>422</ele>
</trkpt>
   <trkpt lat="48.3984585" lon="7.4122592">
    <ele>422</ele>
</trkpt>
   <trkpt lat="48.3984461" lon="7.4122494">
    <ele>422</ele>
</trkpt>
   <trkpt lat="48.3984330" lon="7.4122434">
    <ele>423</ele>
</trkpt>
   <trkpt lat="48.3984200" lon="7.4122375">
    <ele>423</ele>
</trkpt>
   <trkpt lat="48.3984070" lon="7.4122336">
    <ele>423</ele>
</trkpt>
   <trkpt lat="48.3983941" lon="7.4122298">
    <ele>423</ele>
</trkpt>
   <trkpt lat="48.3983804" lon="7.4122278">
    <ele>423</ele>
</trkpt>
   <trkpt lat="48.3983668" lon="7.4122258">
    <ele>423</ele>
</trkpt>
   <trkpt lat="48.3983533" lon="7.4122252">
    <ele>423</ele>
</trkpt>
   <trkpt lat="48.3983398" lon="7.4122246">
    <ele>423</ele>
</trkpt>
   <trkpt lat="48.3983245" lon="7.4122208">
    <ele>423</ele>
</trkpt>
   <trkpt lat="48.3983093" lon="7.4122170">
    <ele>423</ele>
</trkpt>
   <trkpt lat="48.3982887" lon="7.4122088">
    <ele>423</ele>
</trkpt>
   <trkpt lat="48.3982681" lon="7.4122007">
    <ele>423</ele>
</trkpt>
   <trkpt lat="48.3982432" lon="7.4121889">
    <ele>423</ele>
</trkpt>
   <trkpt lat="48.3982184" lon="7.4121772">
    <ele>423</ele>
</trkpt>
   <trkpt lat="48.3981925" lon="7.4121666">
    <ele>423</ele>
</trkpt>
   <trkpt lat="48.3981666" lon="7.4121561">
    <ele>423</ele>
</trkpt>
   <trkpt lat="48.3981403" lon="7.4121480">
    <ele>422</ele>
</trkpt>
   <trkpt lat="48.3981141" lon="7.4121400">
    <ele>422</ele>
</trkpt>
   <trkpt lat="48.3980861" lon="7.4121331">
    <ele>422</ele>
</trkpt>
   <trkpt lat="48.3980582" lon="7.4121263">
    <ele>422</ele>
</trkpt>
   <trkpt lat="48.3980296" lon="7.4121250">
    <ele>422</ele>
</trkpt>
   <trkpt lat="48.3980011" lon="7.4121237">
    <ele>421</ele>
</trkpt>
   <trkpt lat="48.3979744" lon="7.4121334">
    <ele>421</ele>
</trkpt>
   <trkpt lat="48.3979477" lon="7.4121432">
    <ele>420</ele>
</trkpt>
   <trkpt lat="48.3979216" lon="7.4121620">
    <ele>420</ele>
</trkpt>
   <trkpt lat="48.3978955" lon="7.4121808">
    <ele>420</ele>
</trkpt>
   <trkpt lat="48.3978678" lon="7.4122003">
    <ele>420</ele>
</trkpt>
   <trkpt lat="48.3978401" lon="7.4122199">
    <ele>420</ele>
</trkpt>
   <trkpt lat="48.3978128" lon="7.4122355">
    <ele>420</ele>
</trkpt>
   <trkpt lat="48.3977856" lon="7.4122511">
    <ele>420</ele>
</trkpt>
   <trkpt lat="48.3977604" lon="7.4122638">
    <ele>420</ele>
</trkpt>
   <trkpt lat="48.3977352" lon="7.4122766">
    <ele>420</ele>
</trkpt>
   <trkpt lat="48.3977118" lon="7.4122854">
    <ele>420</ele>
</trkpt>
   <trkpt lat="48.3976885" lon="7.4122943">
    <ele>420</ele>
</trkpt>
   <trkpt lat="48.3976668" lon="7.4123006">
    <ele>420</ele>
</trkpt>
   <trkpt lat="48.3976451" lon="7.4123070">
    <ele>420</ele>
</trkpt>
   <trkpt lat="48.3976243" lon="7.4123142">
    <ele>420</ele>
</trkpt>
   <trkpt lat="48.3976036" lon="7.4123214">
    <ele>420</ele>
</trkpt>
   <trkpt lat="48.3975850" lon="7.4123369">
    <ele>420</ele>
</trkpt>
   <trkpt lat="48.3975664" lon="7.4123525">
    <ele>420</ele>
</trkpt>
   <trkpt lat="48.3975524" lon="7.4123784">
    <ele>420</ele>
</trkpt>
   <trkpt lat="48.3975384" lon="7.4124043">
    <ele>420</ele>
</trkpt>
   <trkpt lat="48.3975270" lon="7.4124358">
    <ele>420</ele>
</trkpt>
   <trkpt lat="48.3975157" lon="7.4124673">
    <ele>420</ele>
</trkpt>
   <trkpt lat="48.3975054" lon="7.4124977">
    <ele>420</ele>
</trkpt>
   <trkpt lat="48.3974951" lon="7.4125281">
    <ele>420</ele>
</trkpt>
   <trkpt lat="48.3974858" lon="7.4125585">
    <ele>420</ele>
</trkpt>
   <trkpt lat="48.3974765" lon="7.4125889">
    <ele>420</ele>
</trkpt>
   <trkpt lat="48.3974654" lon="7.4126250">
    <ele>420</ele>
</trkpt>
   <trkpt lat="48.3974543" lon="7.4126611">
    <ele>420</ele>
</trkpt>
   <trkpt lat="48.3974421" lon="7.4126959">
    <ele>421</ele>
</trkpt>
   <trkpt lat="48.3974299" lon="7.4127308">
    <ele>421</ele>
</trkpt>
   <trkpt lat="48.3974163" lon="7.4127602">
    <ele>421</ele>
</trkpt>
   <trkpt lat="48.3974027" lon="7.4127897">
    <ele>421</ele>
</trkpt>
   <trkpt lat="48.3973872" lon="7.4128183">
    <ele>421</ele>
</trkpt>
   <trkpt lat="48.3973717" lon="7.4128469">
    <ele>422</ele>
</trkpt>
   <trkpt lat="48.3973543" lon="7.4128744">
    <ele>422</ele>
</trkpt>
   <trkpt lat="48.3973369" lon="7.4129020">
    <ele>422</ele>
</trkpt>
   <trkpt lat="48.3973157" lon="7.4129231">
    <ele>422</ele>
</trkpt>
   <trkpt lat="48.3972945" lon="7.4129442">
    <ele>422</ele>
</trkpt>
   <trkpt lat="48.3972712" lon="7.4129605">
    <ele>423</ele>
</trkpt>
   <trkpt lat="48.3972479" lon="7.4129769">
    <ele>423</ele>
</trkpt>
   <trkpt lat="48.3972243" lon="7.4129916">
    <ele>423</ele>
</trkpt>
   <trkpt lat="48.3972007" lon="7.4130063">
    <ele>423</ele>
</trkpt>
   <trkpt lat="48.3971769" lon="7.4130172">
    <ele>423</ele>
</trkpt>
   <trkpt lat="48.3971531" lon="7.4130282">
    <ele>424</ele>
</trkpt>
   <trkpt lat="48.3971297" lon="7.4130359">
    <ele>423</ele>
</trkpt>
   <trkpt lat="48.3971064" lon="7.4130436">
    <ele>423</ele>
</trkpt>
   <trkpt lat="48.3970862" lon="7.4130579">
    <ele>423</ele>
</trkpt>
   <trkpt lat="48.3970661" lon="7.4130723">
    <ele>423</ele>
</trkpt>
   <trkpt lat="48.3970521" lon="7.4130981">
    <ele>423</ele>
</trkpt>
   <trkpt lat="48.3970381" lon="7.4131240">
    <ele>423</ele>
</trkpt>
   <trkpt lat="48.3970285" lon="7.4131549">
    <ele>423</ele>
</trkpt>
   <trkpt lat="48.3970189" lon="7.4131858">
    <ele>423</ele>
</trkpt>
   <trkpt lat="48.3970152" lon="7.4132202">
    <ele>423</ele>
</trkpt>
   <trkpt lat="48.3970116" lon="7.4132546">
    <ele>423</ele>
</trkpt>
   <trkpt lat="48.3970127" lon="7.4132894">
    <ele>423</ele>
</trkpt>
   <trkpt lat="48.3970139" lon="7.4133242">
    <ele>423</ele>
</trkpt>
   <trkpt lat="48.3970164" lon="7.4133554">
    <ele>423</ele>
</trkpt>
   <trkpt lat="48.3970189" lon="7.4133867">
    <ele>423</ele>
</trkpt>
   <trkpt lat="48.3970177" lon="7.4134178">
    <ele>423</ele>
</trkpt>
   <trkpt lat="48.3970166" lon="7.4134489">
    <ele>423</ele>
</trkpt>
   <trkpt lat="48.3970111" lon="7.4134813">
    <ele>423</ele>
</trkpt>
   <trkpt lat="48.3970056" lon="7.4135137">
    <ele>423</ele>
</trkpt>
   <trkpt lat="48.3969956" lon="7.4135468">
    <ele>423</ele>
</trkpt>
   <trkpt lat="48.3969857" lon="7.4135800">
    <ele>424</ele>
</trkpt>
   <trkpt lat="48.3969695" lon="7.4136101">
    <ele>424</ele>
</trkpt>
   <trkpt lat="48.3969534" lon="7.4136402">
    <ele>424</ele>
</trkpt>
   <trkpt lat="48.3969322" lon="7.4136653">
    <ele>424</ele>
</trkpt>
   <trkpt lat="48.3969110" lon="7.4136904">
    <ele>424</ele>
</trkpt>
   <trkpt lat="48.3968863" lon="7.4137124">
    <ele>425</ele>
</trkpt>
   <trkpt lat="48.3968616" lon="7.4137344">
    <ele>425</ele>
</trkpt>
   <trkpt lat="48.3968370" lon="7.4137538">
    <ele>425</ele>
</trkpt>
   <trkpt lat="48.3968125" lon="7.4137732">
    <ele>425</ele>
</trkpt>
   <trkpt lat="48.3967930" lon="7.4137954">
    <ele>425</ele>
</trkpt>
   <trkpt lat="48.3967735" lon="7.4138176">
    <ele>425</ele>
</trkpt>
   <trkpt lat="48.3967568" lon="7.4138443">
    <ele>425</ele>
</trkpt>
   <trkpt lat="48.3967401" lon="7.4138710">
    <ele>425</ele>
</trkpt>
   <trkpt lat="48.3967247" lon="7.4138972">
    <ele>425</ele>
</trkpt>
   <trkpt lat="48.3967093" lon="7.4139234">
    <ele>425</ele>
</trkpt>
   <trkpt lat="48.3966929" lon="7.4139484">
    <ele>425</ele>
</trkpt>
   <trkpt lat="48.3966765" lon="7.4139735">
    <ele>425</ele>
</trkpt>
   <trkpt lat="48.3966605" lon="7.4139979">
    <ele>425</ele>
</trkpt>
   <trkpt lat="48.3966445" lon="7.4140224">
    <ele>425</ele>
</trkpt>
   <trkpt lat="48.3966310" lon="7.4140458">
    <ele>425</ele>
</trkpt>
   <trkpt lat="48.3966176" lon="7.4140692">
    <ele>426</ele>
</trkpt>
   <trkpt lat="48.3966042" lon="7.4140926">
    <ele>426</ele>
</trkpt>
   <trkpt lat="48.3965909" lon="7.4141160">
    <ele>426</ele>
</trkpt>
   <trkpt lat="48.3965729" lon="7.4141410">
    <ele>426</ele>
</trkpt>
   <trkpt lat="48.3965550" lon="7.4141660">
    <ele>426</ele>
</trkpt>
   <trkpt lat="48.3965311" lon="7.4141839">
    <ele>426</ele>
</trkpt>
   <trkpt lat="48.3965072" lon="7.4142018">
    <ele>426</ele>
</trkpt>
   <trkpt lat="48.3964824" lon="7.4142076">
    <ele>426</ele>
</trkpt>
   <trkpt lat="48.3964577" lon="7.4142135">
    <ele>426</ele>
</trkpt>
   <trkpt lat="48.3964347" lon="7.4142211">
    <ele>426</ele>
</trkpt>
   <trkpt lat="48.3964118" lon="7.4142288">
    <ele>427</ele>
</trkpt>
   <trkpt lat="48.3963924" lon="7.4142445">
    <ele>427</ele>
</trkpt>
   <trkpt lat="48.3963731" lon="7.4142603">
    <ele>427</ele>
</trkpt>
   <trkpt lat="48.3963589" lon="7.4142841">
    <ele>427</ele>
</trkpt>
   <trkpt lat="48.3963448" lon="7.4143080">
    <ele>427</ele>
</trkpt>
   <trkpt lat="48.3963334" lon="7.4143300">
    <ele>427</ele>
</trkpt>
   <trkpt lat="48.3963221" lon="7.4143521">
    <ele>427</ele>
</trkpt>
   <trkpt lat="48.3963087" lon="7.4143680">
    <ele>427</ele>
</trkpt>
   <trkpt lat="48.3962954" lon="7.4143840">
    <ele>427</ele>
</trkpt>
   <trkpt lat="48.3962789" lon="7.4143921">
    <ele>427</ele>
</trkpt>
   <trkpt lat="48.3962624" lon="7.4144003">
    <ele>427</ele>
</trkpt>
   <trkpt lat="48.3962406" lon="7.4144045">
    <ele>426</ele>
</trkpt>
   <trkpt lat="48.3962188" lon="7.4144088">
    <ele>426</ele>
</trkpt>
   <trkpt lat="48.3961948" lon="7.4144069">
    <ele>426</ele>
</trkpt>
   <trkpt lat="48.3961708" lon="7.4144051">
    <ele>426</ele>
</trkpt>
   <trkpt lat="48.3961477" lon="7.4143871">
    <ele>426</ele>
</trkpt>
   <trkpt lat="48.3961247" lon="7.4143692">
    <ele>425</ele>
</trkpt>
   <trkpt lat="48.3961036" lon="7.4143419">
    <ele>425</ele>
</trkpt>
   <trkpt lat="48.3960825" lon="7.4143147">
    <ele>425</ele>
</trkpt>
   <trkpt lat="48.3960620" lon="7.4142831">
    <ele>425</ele>
</trkpt>
   <trkpt lat="48.3960415" lon="7.4142516">
    <ele>425</ele>
</trkpt>
   <trkpt lat="48.3960220" lon="7.4142186">
    <ele>424</ele>
</trkpt>
   <trkpt lat="48.3960026" lon="7.4141856">
    <ele>424</ele>
</trkpt>
   <trkpt lat="48.3959841" lon="7.4141620">
    <ele>423</ele>
</trkpt>
   <trkpt lat="48.3959657" lon="7.4141385">
    <ele>423</ele>
</trkpt>
   <trkpt lat="48.3959515" lon="7.4141373">
    <ele>423</ele>
</trkpt>
   <trkpt lat="48.3959374" lon="7.4141362">
    <ele>422</ele>
</trkpt>
   <trkpt lat="48.3959284" lon="7.4141588">
    <ele>422</ele>
</trkpt>
   <trkpt lat="48.3959195" lon="7.4141815">
    <ele>422</ele>
</trkpt>
   <trkpt lat="48.3959168" lon="7.4142166">
    <ele>422</ele>
</trkpt>
   <trkpt lat="48.3959141" lon="7.4142517">
    <ele>422</ele>
</trkpt>
   <trkpt lat="48.3959156" lon="7.4142903">
    <ele>422</ele>
</trkpt>
   <trkpt lat="48.3959171" lon="7.4143290">
    <ele>422</ele>
</trkpt>
   <trkpt lat="48.3959196" lon="7.4143705">
    <ele>422</ele>
</trkpt>
   <trkpt lat="48.3959222" lon="7.4144120">
    <ele>422</ele>
</trkpt>
   <trkpt lat="48.3959224" lon="7.4144549">
    <ele>423</ele>
</trkpt>
   <trkpt lat="48.3959226" lon="7.4144978">
    <ele>423</ele>
</trkpt>
   <trkpt lat="48.3959174" lon="7.4145401">
    <ele>423</ele>
</trkpt>
   <trkpt lat="48.3959122" lon="7.4145825">
    <ele>423</ele>
</trkpt>
   <trkpt lat="48.3959055" lon="7.4146237">
    <ele>423</ele>
</trkpt>
   <trkpt lat="48.3958989" lon="7.4146649">
    <ele>423</ele>
</trkpt>
   <trkpt lat="48.3958955" lon="7.4147062">
    <ele>423</ele>
</trkpt>
   <trkpt lat="48.3958922" lon="7.4147476">
    <ele>423</ele>
</trkpt>
   <trkpt lat="48.3958923" lon="7.4147886">
    <ele>423</ele>
</trkpt>
   <trkpt lat="48.3958925" lon="7.4148296">
    <ele>423</ele>
</trkpt>
   <trkpt lat="48.3958937" lon="7.4148713">
    <ele>423</ele>
</trkpt>
   <trkpt lat="48.3958949" lon="7.4149131">
    <ele>423</ele>
</trkpt>
   <trkpt lat="48.3958962" lon="7.4149558">
    <ele>423</ele>
</trkpt>
   <trkpt lat="48.3958976" lon="7.4149986">
    <ele>423</ele>
</trkpt>
   <trkpt lat="48.3959008" lon="7.4150403">
    <ele>423</ele>
</trkpt>
   <trkpt lat="48.3959040" lon="7.4150820">
    <ele>423</ele>
</trkpt>
   <trkpt lat="48.3959074" lon="7.4151204">
    <ele>422</ele>
</trkpt>
   <trkpt lat="48.3959109" lon="7.4151589">
    <ele>422</ele>
</trkpt>
   <trkpt lat="48.3959147" lon="7.4151946">
    <ele>422</ele>
</trkpt>
   <trkpt lat="48.3959185" lon="7.4152304">
    <ele>422</ele>
</trkpt>
   <trkpt lat="48.3959247" lon="7.4152657">
    <ele>422</ele>
</trkpt>
   <trkpt lat="48.3959309" lon="7.4153010">
    <ele>421</ele>
</trkpt>
   <trkpt lat="48.3959400" lon="7.4153378">
    <ele>421</ele>
</trkpt>
   <trkpt lat="48.3959492" lon="7.4153746">
    <ele>421</ele>
</trkpt>
   <trkpt lat="48.3959586" lon="7.4154116">
    <ele>421</ele>
</trkpt>
   <trkpt lat="48.3959681" lon="7.4154486">
    <ele>421</ele>
</trkpt>
   <trkpt lat="48.3959789" lon="7.4154845">
    <ele>421</ele>
</trkpt>
   <trkpt lat="48.3959898" lon="7.4155204">
    <ele>421</ele>
</trkpt>
   <trkpt lat="48.3960020" lon="7.4155534">
    <ele>421</ele>
</trkpt>
   <trkpt lat="48.3960143" lon="7.4155865">
    <ele>421</ele>
</trkpt>
   <trkpt lat="48.3960273" lon="7.4156184">
    <ele>421</ele>
</trkpt>
   <trkpt lat="48.3960403" lon="7.4156503">
    <ele>420</ele>
</trkpt>
   <trkpt lat="48.3960551" lon="7.4156816">
    <ele>420</ele>
</trkpt>
   <trkpt lat="48.3960699" lon="7.4157130">
    <ele>420</ele>
</trkpt>
   <trkpt lat="48.3960844" lon="7.4157453">
    <ele>420</ele>
</trkpt>
   <trkpt lat="48.3960990" lon="7.4157776">
    <ele>420</ele>
</trkpt>
   <trkpt lat="48.3961146" lon="7.4158148">
    <ele>419</ele>
</trkpt>
   <trkpt lat="48.3961303" lon="7.4158520">
    <ele>419</ele>
</trkpt>
   <trkpt lat="48.3961473" lon="7.4158908">
    <ele>419</ele>
</trkpt>
   <trkpt lat="48.3961643" lon="7.4159296">
    <ele>419</ele>
</trkpt>
   <trkpt lat="48.3961814" lon="7.4159701">
    <ele>419</ele>
</trkpt>
   <trkpt lat="48.3961985" lon="7.4160107">
    <ele>419</ele>
</trkpt>
   <trkpt lat="48.3962141" lon="7.4160521">
    <ele>419</ele>
</trkpt>
   <trkpt lat="48.3962297" lon="7.4160935">
    <ele>419</ele>
</trkpt>
   <trkpt lat="48.3962461" lon="7.4161346">
    <ele>419</ele>
</trkpt>
   <trkpt lat="48.3962626" lon="7.4161758">
    <ele>419</ele>
</trkpt>
   <trkpt lat="48.3962768" lon="7.4162178">
    <ele>418</ele>
</trkpt>
   <trkpt lat="48.3962911" lon="7.4162599">
    <ele>418</ele>
</trkpt>
   <trkpt lat="48.3963035" lon="7.4163024">
    <ele>418</ele>
</trkpt>
   <trkpt lat="48.3963159" lon="7.4163450">
    <ele>418</ele>
</trkpt>
   <trkpt lat="48.3963247" lon="7.4163844">
    <ele>418</ele>
</trkpt>
   <trkpt lat="48.3963336" lon="7.4164238">
    <ele>418</ele>
</trkpt>
   <trkpt lat="48.3963365" lon="7.4164618">
    <ele>418</ele>
</trkpt>
   <trkpt lat="48.3963394" lon="7.4164999">
    <ele>418</ele>
</trkpt>
   <trkpt lat="48.3963421" lon="7.4165394">
    <ele>418</ele>
</trkpt>
   <trkpt lat="48.3963449" lon="7.4165789">
    <ele>418</ele>
</trkpt>
   <trkpt lat="48.3963503" lon="7.4166216">
    <ele>417</ele>
</trkpt>
   <trkpt lat="48.3963558" lon="7.4166643">
    <ele>417</ele>
</trkpt>
   <trkpt lat="48.3963624" lon="7.4167107">
    <ele>417</ele>
</trkpt>
   <trkpt lat="48.3963691" lon="7.4167572">
    <ele>417</ele>
</trkpt>
   <trkpt lat="48.3963750" lon="7.4168032">
    <ele>417</ele>
</trkpt>
   <trkpt lat="48.3963810" lon="7.4168492">
    <ele>416</ele>
</trkpt>
   <trkpt lat="48.3963863" lon="7.4168925">
    <ele>416</ele>
</trkpt>
   <trkpt lat="48.3963917" lon="7.4169358">
    <ele>415</ele>
</trkpt>
   <trkpt lat="48.3963961" lon="7.4169750">
    <ele>415</ele>
</trkpt>
   <trkpt lat="48.3964006" lon="7.4170143">
    <ele>415</ele>
</trkpt>
   <trkpt lat="48.3964072" lon="7.4170507">
    <ele>414</ele>
</trkpt>
   <trkpt lat="48.3964138" lon="7.4170871">
    <ele>414</ele>
</trkpt>
   <trkpt lat="48.3964207" lon="7.4171223">
    <ele>413</ele>
</trkpt>
   <trkpt lat="48.3964277" lon="7.4171575">
    <ele>413</ele>
</trkpt>
   <trkpt lat="48.3964338" lon="7.4171924">
    <ele>413</ele>
</trkpt>
   <trkpt lat="48.3964399" lon="7.4172274">
    <ele>412</ele>
</trkpt>
   <trkpt lat="48.3964464" lon="7.4172623">
    <ele>411</ele>
</trkpt>
   <trkpt lat="48.3964529" lon="7.4172973">
    <ele>411</ele>
</trkpt>
   <trkpt lat="48.3964623" lon="7.4173344">
    <ele>410</ele>
</trkpt>
   <trkpt lat="48.3964718" lon="7.4173716">
    <ele>410</ele>
</trkpt>
   <trkpt lat="48.3964766" lon="7.4174135">
    <ele>409</ele>
</trkpt>
   <trkpt lat="48.3964814" lon="7.4174554">
    <ele>408</ele>
</trkpt>
   <trkpt lat="48.3964817" lon="7.4175002">
    <ele>408</ele>
</trkpt>
   <trkpt lat="48.3964820" lon="7.4175451">
    <ele>407</ele>
</trkpt>
   <trkpt lat="48.3964805" lon="7.4175905">
    <ele>407</ele>
</trkpt>
   <trkpt lat="48.3964790" lon="7.4176360">
    <ele>406</ele>
</trkpt>
   <trkpt lat="48.3964775" lon="7.4176802">
    <ele>405</ele>
</trkpt>
   <trkpt lat="48.3964760" lon="7.4177245">
    <ele>405</ele>
</trkpt>
   <trkpt lat="48.3964729" lon="7.4177688">
    <ele>404</ele>
</trkpt>
   <trkpt lat="48.3964698" lon="7.4178132">
    <ele>404</ele>
</trkpt>
   <trkpt lat="48.3964648" lon="7.4178594">
    <ele>403</ele>
</trkpt>
   <trkpt lat="48.3964598" lon="7.4179057">
    <ele>402</ele>
</trkpt>
   <trkpt lat="48.3964545" lon="7.4179523">
    <ele>402</ele>
</trkpt>
   <trkpt lat="48.3964492" lon="7.4179990">
    <ele>401</ele>
</trkpt>
   <trkpt lat="48.3964444" lon="7.4180445">
    <ele>401</ele>
</trkpt>
   <trkpt lat="48.3964396" lon="7.4180900">
    <ele>400</ele>
</trkpt>
   <trkpt lat="48.3964371" lon="7.4181368">
    <ele>400</ele>
</trkpt>
   <trkpt lat="48.3964346" lon="7.4181837">
    <ele>399</ele>
</trkpt>
   <trkpt lat="48.3964356" lon="7.4182302">
    <ele>399</ele>
</trkpt>
   <trkpt lat="48.3964366" lon="7.4182768">
    <ele>399</ele>
</trkpt>
   <trkpt lat="48.3964377" lon="7.4183204">
    <ele>398</ele>
</trkpt>
   <trkpt lat="48.3964389" lon="7.4183641">
    <ele>398</ele>
</trkpt>
   <trkpt lat="48.3964403" lon="7.4184048">
    <ele>397</ele>
</trkpt>
   <trkpt lat="48.3964418" lon="7.4184455">
    <ele>397</ele>
</trkpt>
   <trkpt lat="48.3964450" lon="7.4184853">
    <ele>397</ele>
</trkpt>
   <trkpt lat="48.3964483" lon="7.4185252">
    <ele>396</ele>
</trkpt>
   <trkpt lat="48.3964540" lon="7.4185662">
    <ele>395</ele>
</trkpt>
   <trkpt lat="48.3964597" lon="7.4186073">
    <ele>395</ele>
</trkpt>
   <trkpt lat="48.3964649" lon="7.4186526">
    <ele>394</ele>
</trkpt>
   <trkpt lat="48.3964701" lon="7.4186979">
    <ele>394</ele>
</trkpt>
   <trkpt lat="48.3964729" lon="7.4187437">
    <ele>393</ele>
</trkpt>
   <trkpt lat="48.3964757" lon="7.4187895">
    <ele>392</ele>
</trkpt>
   <trkpt lat="48.3964783" lon="7.4188335">
    <ele>391</ele>
</trkpt>
   <trkpt lat="48.3964809" lon="7.4188775">
    <ele>390</ele>
</trkpt>
   <trkpt lat="48.3964898" lon="7.4189186">
    <ele>390</ele>
</trkpt>
   <trkpt lat="48.3964987" lon="7.4189597">
    <ele>389</ele>
</trkpt>
   <trkpt lat="48.3965142" lon="7.4189985">
    <ele>389</ele>
</trkpt>
   <trkpt lat="48.3965298" lon="7.4190374">
    <ele>388</ele>
</trkpt>
   <trkpt lat="48.3965496" lon="7.4190736">
    <ele>388</ele>
</trkpt>
   <trkpt lat="48.3965694" lon="7.4191098">
    <ele>388</ele>
</trkpt>
   <trkpt lat="48.3965892" lon="7.4191456">
    <ele>387</ele>
</trkpt>
   <trkpt lat="48.3966091" lon="7.4191814">
    <ele>387</ele>
</trkpt>
   <trkpt lat="48.3966266" lon="7.4192174">
    <ele>387</ele>
</trkpt>
   <trkpt lat="48.3966441" lon="7.4192535">
    <ele>387</ele>
</trkpt>
   <trkpt lat="48.3966602" lon="7.4192912">
    <ele>387</ele>
</trkpt>
   <trkpt lat="48.3966763" lon="7.4193290">
    <ele>387</ele>
</trkpt>
   <trkpt lat="48.3966820" lon="7.4193710">
    <ele>387</ele>
</trkpt>
   <trkpt lat="48.3966878" lon="7.4194131">
    <ele>387</ele>
</trkpt>
   <trkpt lat="48.3966764" lon="7.4194445">
    <ele>387</ele>
</trkpt>
   <trkpt lat="48.3966650" lon="7.4194760">
    <ele>387</ele>
</trkpt>
   <trkpt lat="48.3966386" lon="7.4194846">
    <ele>386</ele>
</trkpt>
   <trkpt lat="48.3966122" lon="7.4194933">
    <ele>386</ele>
</trkpt>
   <trkpt lat="48.3965804" lon="7.4194894">
    <ele>385</ele>
</trkpt>
   <trkpt lat="48.3965486" lon="7.4194855">
    <ele>385</ele>
</trkpt>
   <trkpt lat="48.3965178" lon="7.4194853">
    <ele>385</ele>
</trkpt>
   <trkpt lat="48.3964871" lon="7.4194852">
    <ele>384</ele>
</trkpt>
   <trkpt lat="48.3964591" lon="7.4194959">
    <ele>384</ele>
</trkpt>
   <trkpt lat="48.3964311" lon="7.4195066">
    <ele>383</ele>
</trkpt>
   <trkpt lat="48.3964049" lon="7.4195235">
    <ele>383</ele>
</trkpt>
   <trkpt lat="48.3963787" lon="7.4195404">
    <ele>383</ele>
</trkpt>
   <trkpt lat="48.3963556" lon="7.4195580">
    <ele>382</ele>
</trkpt>
   <trkpt lat="48.3963325" lon="7.4195756">
    <ele>381</ele>
</trkpt>
   <trkpt lat="48.3963116" lon="7.4195925">
    <ele>381</ele>
</trkpt>
   <trkpt lat="48.3962907" lon="7.4196095">
    <ele>380</ele>
</trkpt>
   <trkpt lat="48.3962719" lon="7.4196267">
    <ele>380</ele>
</trkpt>
   <trkpt lat="48.3962532" lon="7.4196440">
    <ele>379</ele>
</trkpt>
   <trkpt lat="48.3962354" lon="7.4196606">
    <ele>379</ele>
</trkpt>
   <trkpt lat="48.3962177" lon="7.4196773">
    <ele>378</ele>
</trkpt>
   <trkpt lat="48.3961990" lon="7.4196950">
    <ele>378</ele>
</trkpt>
   <trkpt lat="48.3961803" lon="7.4197127">
    <ele>378</ele>
</trkpt>
   <trkpt lat="48.3961614" lon="7.4197345">
    <ele>377</ele>
</trkpt>
   <trkpt lat="48.3961425" lon="7.4197564">
    <ele>376</ele>
</trkpt>
   <trkpt lat="48.3961230" lon="7.4197775">
    <ele>376</ele>
</trkpt>
   <trkpt lat="48.3961036" lon="7.4197987">
    <ele>375</ele>
</trkpt>
   <trkpt lat="48.3960831" lon="7.4198205">
    <ele>375</ele>
</trkpt>
   <trkpt lat="48.3960627" lon="7.4198423">
    <ele>374</ele>
</trkpt>
   <trkpt lat="48.3960401" lon="7.4198653">
    <ele>374</ele>
</trkpt>
   <trkpt lat="48.3960175" lon="7.4198884">
    <ele>373</ele>
</trkpt>
   <trkpt lat="48.3959929" lon="7.4199090">
    <ele>373</ele>
</trkpt>
   <trkpt lat="48.3959684" lon="7.4199296">
    <ele>373</ele>
</trkpt>
   <trkpt lat="48.3959428" lon="7.4199451">
    <ele>372</ele>
</trkpt>
   <trkpt lat="48.3959173" lon="7.4199606">
    <ele>372</ele>
</trkpt>
   <trkpt lat="48.3958930" lon="7.4199733">
    <ele>371</ele>
</trkpt>
   <trkpt lat="48.3958688" lon="7.4199861">
    <ele>371</ele>
</trkpt>
   <trkpt lat="48.3958451" lon="7.4200003">
    <ele>371</ele>
</trkpt>
   <trkpt lat="48.3958215" lon="7.4200146">
    <ele>370</ele>
</trkpt>
   <trkpt lat="48.3957990" lon="7.4200301">
    <ele>369</ele>
</trkpt>
   <trkpt lat="48.3957766" lon="7.4200456">
    <ele>369</ele>
</trkpt>
   <trkpt lat="48.3957552" lon="7.4200598">
    <ele>368</ele>
</trkpt>
   <trkpt lat="48.3957338" lon="7.4200741">
    <ele>368</ele>
</trkpt>
   <trkpt lat="48.3957118" lon="7.4200862">
    <ele>367</ele>
</trkpt>
   <trkpt lat="48.3956899" lon="7.4200983">
    <ele>367</ele>
</trkpt>
   <trkpt lat="48.3956668" lon="7.4201097">
    <ele>366</ele>
</trkpt>
   <trkpt lat="48.3956438" lon="7.4201211">
    <ele>366</ele>
</trkpt>
   <trkpt lat="48.3956198" lon="7.4201296">
    <ele>366</ele>
</trkpt>
   <trkpt lat="48.3955959" lon="7.4201381">
    <ele>365</ele>
</trkpt>
   <trkpt lat="48.3955718" lon="7.4201427">
    <ele>365</ele>
</trkpt>
   <trkpt lat="48.3955477" lon="7.4201473">
    <ele>364</ele>
</trkpt>
   <trkpt lat="48.3955236" lon="7.4201515">
    <ele>364</ele>
</trkpt>
   <trkpt lat="48.3954995" lon="7.4201557">
    <ele>364</ele>
</trkpt>
   <trkpt lat="48.3954755" lon="7.4201593">
    <ele>363</ele>
</trkpt>
   <trkpt lat="48.3954516" lon="7.4201630">
    <ele>362</ele>
</trkpt>
   <trkpt lat="48.3954293" lon="7.4201612">
    <ele>361</ele>
</trkpt>
   <trkpt lat="48.3954070" lon="7.4201594">
    <ele>360</ele>
</trkpt>
   <trkpt lat="48.3953876" lon="7.4201600">
    <ele>360</ele>
</trkpt>
   <trkpt lat="48.3953683" lon="7.4201606">
    <ele>359</ele>
</trkpt>
   <trkpt lat="48.3953488" lon="7.4201663">
    <ele>358</ele>
</trkpt>
   <trkpt lat="48.3953293" lon="7.4201720">
    <ele>358</ele>
</trkpt>
   <trkpt lat="48.3953068" lon="7.4201806">
    <ele>357</ele>
</trkpt>
   <trkpt lat="48.3952843" lon="7.4201892">
    <ele>357</ele>
</trkpt>
   <trkpt lat="48.3952610" lon="7.4201967">
    <ele>356</ele>
</trkpt>
   <trkpt lat="48.3952378" lon="7.4202042">
    <ele>356</ele>
</trkpt>
   <trkpt lat="48.3952188" lon="7.4202120">
    <ele>355</ele>
</trkpt>
   <trkpt lat="48.3951998" lon="7.4202199">
    <ele>355</ele>
</trkpt>
   <trkpt lat="48.3951822" lon="7.4202304">
    <ele>355</ele>
</trkpt>
   <trkpt lat="48.3951647" lon="7.4202410">
    <ele>354</ele>
</trkpt>
   <trkpt lat="48.3951437" lon="7.4202515">
    <ele>353</ele>
</trkpt>
   <trkpt lat="48.3951228" lon="7.4202621">
    <ele>353</ele>
</trkpt>
   <trkpt lat="48.3950986" lon="7.4202712">
    <ele>352</ele>
</trkpt>
   <trkpt lat="48.3950744" lon="7.4202804">
    <ele>352</ele>
</trkpt>
   <trkpt lat="48.3950530" lon="7.4202916">
    <ele>351</ele>
</trkpt>
   <trkpt lat="48.3950317" lon="7.4203028">
    <ele>350</ele>
</trkpt>
   <trkpt lat="48.3950144" lon="7.4203165">
    <ele>350</ele>
</trkpt>
   <trkpt lat="48.3949971" lon="7.4203303">
    <ele>349</ele>
</trkpt>
   <trkpt lat="48.3949806" lon="7.4203446">
    <ele>349</ele>
</trkpt>
   <trkpt lat="48.3949641" lon="7.4203590">
    <ele>348</ele>
</trkpt>
   <trkpt lat="48.3949440" lon="7.4203709">
    <ele>347</ele>
</trkpt>
   <trkpt lat="48.3949239" lon="7.4203829">
    <ele>347</ele>
</trkpt>
   <trkpt lat="48.3949013" lon="7.4203911">
    <ele>346</ele>
</trkpt>
   <trkpt lat="48.3948787" lon="7.4203993">
    <ele>346</ele>
</trkpt>
   <trkpt lat="48.3948550" lon="7.4204069">
    <ele>345</ele>
</trkpt>
   <trkpt lat="48.3948314" lon="7.4204146">
    <ele>345</ele>
</trkpt>
   <trkpt lat="48.3948085" lon="7.4204194">
    <ele>344</ele>
</trkpt>
   <trkpt lat="48.3947856" lon="7.4204242">
    <ele>344</ele>
</trkpt>
   <trkpt lat="48.3947608" lon="7.4204213">
    <ele>344</ele>
</trkpt>
   <trkpt lat="48.3947361" lon="7.4204184">
    <ele>343</ele>
</trkpt>
   <trkpt lat="48.3947079" lon="7.4204107">
    <ele>343</ele>
</trkpt>
   <trkpt lat="48.3946798" lon="7.4204030">
    <ele>342</ele>
</trkpt>
   <trkpt lat="48.3946503" lon="7.4203948">
    <ele>342</ele>
</trkpt>
   <trkpt lat="48.3946208" lon="7.4203867">
    <ele>342</ele>
</trkpt>
   <trkpt lat="48.3945949" lon="7.4203824">
    <ele>341</ele>
</trkpt>
   <trkpt lat="48.3945690" lon="7.4203781">
    <ele>340</ele>
</trkpt>
   <trkpt lat="48.3945457" lon="7.4203732">
    <ele>340</ele>
</trkpt>
   <trkpt lat="48.3945225" lon="7.4203683">
    <ele>339</ele>
</trkpt>
   <trkpt lat="48.3944974" lon="7.4203651">
    <ele>339</ele>
</trkpt>
   <trkpt lat="48.3944724" lon="7.4203619">
    <ele>338</ele>
</trkpt>
   <trkpt lat="48.3944470" lon="7.4203577">
    <ele>338</ele>
</trkpt>
   <trkpt lat="48.3944216" lon="7.4203536">
    <ele>337</ele>
</trkpt>
   <trkpt lat="48.3943960" lon="7.4203499">
    <ele>337</ele>
</trkpt>
   <trkpt lat="48.3943705" lon="7.4203463">
    <ele>337</ele>
</trkpt>
   <trkpt lat="48.3943446" lon="7.4203455">
    <ele>336</ele>
</trkpt>
   <trkpt lat="48.3943188" lon="7.4203447">
    <ele>336</ele>
</trkpt>
   <trkpt lat="48.3942929" lon="7.4203450">
    <ele>335</ele>
</trkpt>
   <trkpt lat="48.3942670" lon="7.4203453">
    <ele>335</ele>
</trkpt>
   <trkpt lat="48.3942413" lon="7.4203390">
    <ele>335</ele>
</trkpt>
   <trkpt lat="48.3942156" lon="7.4203328">
    <ele>334</ele>
</trkpt>
   <trkpt lat="48.3941912" lon="7.4203225">
    <ele>334</ele>
</trkpt>
   <trkpt lat="48.3941668" lon="7.4203122">
    <ele>334</ele>
</trkpt>
   <trkpt lat="48.3941417" lon="7.4203020">
    <ele>334</ele>
</trkpt>
   <trkpt lat="48.3941166" lon="7.4202919">
    <ele>334</ele>
</trkpt>
   <trkpt lat="48.3940909" lon="7.4202827">
    <ele>333</ele>
</trkpt>
   <trkpt lat="48.3940652" lon="7.4202735">
    <ele>333</ele>
</trkpt>
   <trkpt lat="48.3940378" lon="7.4202622">
    <ele>332</ele>
</trkpt>
   <trkpt lat="48.3940104" lon="7.4202510">
    <ele>332</ele>
</trkpt>
   <trkpt lat="48.3939822" lon="7.4202387">
    <ele>332</ele>
</trkpt>
   <trkpt lat="48.3939540" lon="7.4202265">
    <ele>331</ele>
</trkpt>
   <trkpt lat="48.3939247" lon="7.4202174">
    <ele>331</ele>
</trkpt>
   <trkpt lat="48.3938955" lon="7.4202084">
    <ele>331</ele>
</trkpt>
   <trkpt lat="48.3938662" lon="7.4202024">
    <ele>331</ele>
</trkpt>
   <trkpt lat="48.3938370" lon="7.4201965">
    <ele>331</ele>
</trkpt>
   <trkpt lat="48.3938087" lon="7.4201950">
    <ele>330</ele>
</trkpt>
   <trkpt lat="48.3937805" lon="7.4201935">
    <ele>330</ele>
</trkpt>
   <trkpt lat="48.3937518" lon="7.4201969">
    <ele>329</ele>
</trkpt>
   <trkpt lat="48.3937231" lon="7.4202004">
    <ele>329</ele>
</trkpt>
   <trkpt lat="48.3936947" lon="7.4202051">
    <ele>329</ele>
</trkpt>
   <trkpt lat="48.3936664" lon="7.4202099">
    <ele>328</ele>
</trkpt>
   <trkpt lat="48.3936379" lon="7.4202168">
    <ele>328</ele>
</trkpt>
   <trkpt lat="48.3936095" lon="7.4202237">
    <ele>327</ele>
</trkpt>
   <trkpt lat="48.3935801" lon="7.4202351">
    <ele>327</ele>
</trkpt>
   <trkpt lat="48.3935507" lon="7.4202465">
    <ele>327</ele>
</trkpt>
   <trkpt lat="48.3935232" lon="7.4202635">
    <ele>326</ele>
</trkpt>
   <trkpt lat="48.3934957" lon="7.4202805">
    <ele>326</ele>
</trkpt>
   <trkpt lat="48.3934711" lon="7.4202989">
    <ele>325</ele>
</trkpt>
   <trkpt lat="48.3934466" lon="7.4203174">
    <ele>325</ele>
</trkpt>
   <trkpt lat="48.3934226" lon="7.4203371">
    <ele>325</ele>
</trkpt>
   <trkpt lat="48.3933986" lon="7.4203568">
    <ele>324</ele>
</trkpt>
   <trkpt lat="48.3933729" lon="7.4203785">
    <ele>324</ele>
</trkpt>
   <trkpt lat="48.3933473" lon="7.4204002">
    <ele>323</ele>
</trkpt>
   <trkpt lat="48.3933205" lon="7.4204224">
    <ele>323</ele>
</trkpt>
   <trkpt lat="48.3932938" lon="7.4204447">
    <ele>323</ele>
</trkpt>
   <trkpt lat="48.3932660" lon="7.4204677">
    <ele>322</ele>
</trkpt>
   <trkpt lat="48.3932383" lon="7.4204908">
    <ele>322</ele>
</trkpt>
   <trkpt lat="48.3932101" lon="7.4205133">
    <ele>321</ele>
</trkpt>
   <trkpt lat="48.3931819" lon="7.4205358">
    <ele>321</ele>
</trkpt>
   <trkpt lat="48.3931535" lon="7.4205568">
    <ele>321</ele>
</trkpt>
   <trkpt lat="48.3931251" lon="7.4205778">
    <ele>320</ele>
</trkpt>
   <trkpt lat="48.3930977" lon="7.4205946">
    <ele>320</ele>
</trkpt>
   <trkpt lat="48.3930704" lon="7.4206115">
    <ele>320</ele>
</trkpt>
   <trkpt lat="48.3930437" lon="7.4206261">
    <ele>320</ele>
</trkpt>
   <trkpt lat="48.3930171" lon="7.4206408">
    <ele>320</ele>
</trkpt>
   <trkpt lat="48.3929903" lon="7.4206541">
    <ele>319</ele>
</trkpt>
   <trkpt lat="48.3929636" lon="7.4206674">
    <ele>319</ele>
</trkpt>
   <trkpt lat="48.3929364" lon="7.4206813">
    <ele>319</ele>
</trkpt>
   <trkpt lat="48.3929093" lon="7.4206952">
    <ele>319</ele>
</trkpt>
   <trkpt lat="48.3928808" lon="7.4207081">
    <ele>319</ele>
</trkpt>
   <trkpt lat="48.3928524" lon="7.4207210">
    <ele>318</ele>
</trkpt>
   <trkpt lat="48.3928238" lon="7.4207301">
    <ele>318</ele>
</trkpt>
   <trkpt lat="48.3927953" lon="7.4207393">
    <ele>317</ele>
</trkpt>
   <trkpt lat="48.3927665" lon="7.4207468">
    <ele>317</ele>
</trkpt>
   <trkpt lat="48.3927378" lon="7.4207543">
    <ele>317</ele>
</trkpt>
   <trkpt lat="48.3927097" lon="7.4207625">
    <ele>316</ele>
</trkpt>
   <trkpt lat="48.3926816" lon="7.4207708">
    <ele>316</ele>
</trkpt>
   <trkpt lat="48.3926533" lon="7.4207815">
    <ele>316</ele>
</trkpt>
   <trkpt lat="48.3926251" lon="7.4207923">
    <ele>316</ele>
</trkpt>
   <trkpt lat="48.3925965" lon="7.4208021">
    <ele>316</ele>
</trkpt>
   <trkpt lat="48.3925680" lon="7.4208120">
    <ele>315</ele>
</trkpt>
   <trkpt lat="48.3925386" lon="7.4208177">
    <ele>314</ele>
</trkpt>
   <trkpt lat="48.3925092" lon="7.4208234">
    <ele>314</ele>
</trkpt>
   <trkpt lat="48.3924789" lon="7.4208245">
    <ele>313</ele>
</trkpt>
   <trkpt lat="48.3924487" lon="7.4208257">
    <ele>313</ele>
</trkpt>
   <trkpt lat="48.3924188" lon="7.4208257">
    <ele>312</ele>
</trkpt>
   <trkpt lat="48.3923890" lon="7.4208258">
    <ele>312</ele>
</trkpt>
   <trkpt lat="48.3923587" lon="7.4208251">
    <ele>312</ele>
</trkpt>
   <trkpt lat="48.3923284" lon="7.4208245">
    <ele>312</ele>
</trkpt>
   <trkpt lat="48.3922989" lon="7.4208216">
    <ele>312</ele>
</trkpt>
   <trkpt lat="48.3922695" lon="7.4208187">
    <ele>311</ele>
</trkpt>
   <trkpt lat="48.3922408" lon="7.4208155">
    <ele>311</ele>
</trkpt>
   <trkpt lat="48.3922121" lon="7.4208123">
    <ele>310</ele>
</trkpt>
   <trkpt lat="48.3921839" lon="7.4208089">
    <ele>310</ele>
</trkpt>
   <trkpt lat="48.3921557" lon="7.4208056">
    <ele>310</ele>
</trkpt>
   <trkpt lat="48.3921281" lon="7.4208033">
    <ele>309</ele>
</trkpt>
   <trkpt lat="48.3921005" lon="7.4208011">
    <ele>309</ele>
</trkpt>
   <trkpt lat="48.3920731" lon="7.4208012">
    <ele>308</ele>
</trkpt>
   <trkpt lat="48.3920457" lon="7.4208013">
    <ele>308</ele>
</trkpt>
   <trkpt lat="48.3920175" lon="7.4208045">
    <ele>308</ele>
</trkpt>
   <trkpt lat="48.3919894" lon="7.4208078">
    <ele>307</ele>
</trkpt>
   <trkpt lat="48.3919606" lon="7.4208143">
    <ele>307</ele>
</trkpt>
   <trkpt lat="48.3919319" lon="7.4208208">
    <ele>306</ele>
</trkpt>
   <trkpt lat="48.3919035" lon="7.4208295">
    <ele>306</ele>
</trkpt>
   <trkpt lat="48.3918751" lon="7.4208382">
    <ele>306</ele>
</trkpt>
   <trkpt lat="48.3918483" lon="7.4208461">
    <ele>305</ele>
</trkpt>
   <trkpt lat="48.3918216" lon="7.4208540">
    <ele>305</ele>
</trkpt>
   <trkpt lat="48.3918007" lon="7.4208582">
    <ele>304</ele>
</trkpt>
   <trkpt lat="48.3917798" lon="7.4208624">
    <ele>304</ele>
</trkpt>
   <trkpt lat="48.3917636" lon="7.4208639">
    <ele>304</ele>
</trkpt>
   <trkpt lat="48.3917475" lon="7.4208655">
    <ele>303</ele>
</trkpt>
   <trkpt lat="48.3917350" lon="7.4208642">
    <ele>303</ele>
</trkpt>
   <trkpt lat="48.3917226" lon="7.4208630">
    <ele>302</ele>
</trkpt>
   <trkpt lat="48.3917144" lon="7.4208557">
    <ele>302</ele>
</trkpt>
   <trkpt lat="48.3917062" lon="7.4208485">
    <ele>302</ele>
</trkpt>
   <trkpt lat="48.3917007" lon="7.4208303">
    <ele>301</ele>
</trkpt>
   <trkpt lat="48.3916953" lon="7.4208122">
    <ele>301</ele>
</trkpt>
   <trkpt lat="48.3916917" lon="7.4207836">
    <ele>300</ele>
</trkpt>
   <trkpt lat="48.3916881" lon="7.4207551">
    <ele>300</ele>
</trkpt>
   <trkpt lat="48.3916847" lon="7.4207209">
    <ele>300</ele>
</trkpt>
   <trkpt lat="48.3916814" lon="7.4206867">
    <ele>299</ele>
</trkpt>
   <trkpt lat="48.3916781" lon="7.4206508">
    <ele>299</ele>
</trkpt>
   <trkpt lat="48.3916749" lon="7.4206150">
    <ele>298</ele>
</trkpt>
   <trkpt lat="48.3916713" lon="7.4205792">
    <ele>298</ele>
</trkpt>
   <trkpt lat="48.3916678" lon="7.4205435">
    <ele>298</ele>
</trkpt>
   <trkpt lat="48.3916632" lon="7.4205082">
    <ele>297</ele>
</trkpt>
   <trkpt lat="48.3916587" lon="7.4204729">
    <ele>296</ele>
</trkpt>
   <trkpt lat="48.3916530" lon="7.4204399">
    <ele>296</ele>
</trkpt>
   <trkpt lat="48.3916474" lon="7.4204070">
    <ele>295</ele>
</trkpt>
   <trkpt lat="48.3916417" lon="7.4203738">
    <ele>295</ele>
</trkpt>
   <trkpt lat="48.3916360" lon="7.4203407">
    <ele>294</ele>
</trkpt>
   <trkpt lat="48.3916299" lon="7.4203034">
    <ele>293</ele>
</trkpt>
   <trkpt lat="48.3916239" lon="7.4202662">
    <ele>293</ele>
</trkpt>
   <trkpt lat="48.3916143" lon="7.4202286">
    <ele>292</ele>
</trkpt>
   <trkpt lat="48.3916048" lon="7.4201911">
    <ele>292</ele>
</trkpt>
   <trkpt lat="48.3915894" lon="7.4201547">
    <ele>291</ele>
</trkpt>
   <trkpt lat="48.3915741" lon="7.4201184">
    <ele>291</ele>
</trkpt>
   <trkpt lat="48.3915580" lon="7.4200834">
    <ele>290</ele>
</trkpt>
   <trkpt lat="48.3915420" lon="7.4200484">
    <ele>290</ele>
</trkpt>
   <trkpt lat="48.3915315" lon="7.4200190">
    <ele>290</ele>
</trkpt>
   <trkpt lat="48.3915211" lon="7.4199896">
    <ele>289</ele>
</trkpt>
   <trkpt lat="48.3915150" lon="7.4199685">
    <ele>289</ele>
</trkpt>
   <trkpt lat="48.3915090" lon="7.4199474">
    <ele>289</ele>
</trkpt>
   <trkpt lat="48.3915041" lon="7.4199310">
    <ele>289</ele>
</trkpt>
   <trkpt lat="48.3914993" lon="7.4199147">
    <ele>289</ele>
</trkpt>
   <trkpt lat="48.3914929" lon="7.4199016">
    <ele>289</ele>
</trkpt>
   <trkpt lat="48.3914865" lon="7.4198886">
    <ele>289</ele>
</trkpt>
   <trkpt lat="48.3914788" lon="7.4198765">
    <ele>289</ele>
</trkpt>
   <trkpt lat="48.3914712" lon="7.4198645">
    <ele>289</ele>
</trkpt>
   <trkpt lat="48.3914621" lon="7.4198499">
    <ele>289</ele>
</trkpt>
   <trkpt lat="48.3914530" lon="7.4198353">
    <ele>289</ele>
</trkpt>
   <trkpt lat="48.3914433" lon="7.4198178">
    <ele>289</ele>
</trkpt>
   <trkpt lat="48.3914337" lon="7.4198003">
    <ele>289</ele>
</trkpt>
   <trkpt lat="48.3914241" lon="7.4197828">
    <ele>289</ele>
</trkpt>
   <trkpt lat="48.3914146" lon="7.4197654">
    <ele>290</ele>
</trkpt>
   <trkpt lat="48.3914047" lon="7.4197505">
    <ele>290</ele>
</trkpt>
   <trkpt lat="48.3913949" lon="7.4197356">
    <ele>290</ele>
</trkpt>
   <trkpt lat="48.3913853" lon="7.4197224">
    <ele>290</ele>
</trkpt>
   <trkpt lat="48.3913757" lon="7.4197093">
    <ele>290</ele>
</trkpt>
   <trkpt lat="48.3913670" lon="7.4196967">
    <ele>290</ele>
</trkpt>
   <trkpt lat="48.3913583" lon="7.4196842">
    <ele>290</ele>
</trkpt>
   <trkpt lat="48.3913493" lon="7.4196712">
    <ele>290</ele>
</trkpt>
   <trkpt lat="48.3913403" lon="7.4196582">
    <ele>290</ele>
</trkpt>
   <trkpt lat="48.3913313" lon="7.4196446">
    <ele>290</ele>
</trkpt>
   <trkpt lat="48.3913224" lon="7.4196311">
    <ele>290</ele>
</trkpt>
   <trkpt lat="48.3913138" lon="7.4196161">
    <ele>290</ele>
</trkpt>
   <trkpt lat="48.3913052" lon="7.4196011">
    <ele>290</ele>
</trkpt>
   <trkpt lat="48.3912962" lon="7.4195849">
    <ele>290</ele>
</trkpt>
   <trkpt lat="48.3912872" lon="7.4195688">
    <ele>290</ele>
</trkpt>
   <trkpt lat="48.3912769" lon="7.4195514">
    <ele>291</ele>
</trkpt>
   <trkpt lat="48.3912667" lon="7.4195341">
    <ele>291</ele>
</trkpt>
   <trkpt lat="48.3912566" lon="7.4195191">
    <ele>291</ele>
</trkpt>
   <trkpt lat="48.3912466" lon="7.4195042">
    <ele>291</ele>
</trkpt>
   <trkpt lat="48.3912388" lon="7.4194905">
    <ele>291</ele>
</trkpt>
   <trkpt lat="48.3912311" lon="7.4194768">
    <ele>292</ele>
</trkpt>
   <trkpt lat="48.3912242" lon="7.4194608">
    <ele>292</ele>
</trkpt>
   <trkpt lat="48.3912173" lon="7.4194449">
    <ele>292</ele>
</trkpt>
   <trkpt lat="48.3912113" lon="7.4194271">
    <ele>292</ele>
</trkpt>
   <trkpt lat="48.3912054" lon="7.4194093">
    <ele>292</ele>
</trkpt>
   <trkpt lat="48.3911996" lon="7.4193913">
    <ele>293</ele>
</trkpt>
   <trkpt lat="48.3911938" lon="7.4193734">
    <ele>293</ele>
</trkpt>
   <trkpt lat="48.3911879" lon="7.4193554">
    <ele>293</ele>
</trkpt>
   <trkpt lat="48.3911820" lon="7.4193374">
    <ele>293</ele>
</trkpt>
   <trkpt lat="48.3911756" lon="7.4193207">
    <ele>293</ele>
</trkpt>
   <trkpt lat="48.3911693" lon="7.4193041">
    <ele>293</ele>
</trkpt>
   <trkpt lat="48.3911628" lon="7.4192888">
    <ele>293</ele>
</trkpt>
   <trkpt lat="48.3911563" lon="7.4192736">
    <ele>293</ele>
</trkpt>
   <trkpt lat="48.3911499" lon="7.4192579">
    <ele>293</ele>
</trkpt>
   <trkpt lat="48.3911435" lon="7.4192423">
    <ele>293</ele>
</trkpt>
   <trkpt lat="48.3911372" lon="7.4192239">
    <ele>294</ele>
</trkpt>
   <trkpt lat="48.3911309" lon="7.4192055">
    <ele>294</ele>
</trkpt>
   <trkpt lat="48.3911243" lon="7.4191858">
    <ele>294</ele>
</trkpt>
   <trkpt lat="48.3911178" lon="7.4191661">
    <ele>294</ele>
</trkpt>
   <trkpt lat="48.3911117" lon="7.4191465">
    <ele>294</ele>
</trkpt>
   <trkpt lat="48.3911057" lon="7.4191269">
    <ele>294</ele>
</trkpt>
   <trkpt lat="48.3911008" lon="7.4191073">
    <ele>294</ele>
</trkpt>
   <trkpt lat="48.3910959" lon="7.4190878">
    <ele>294</ele>
</trkpt>
   <trkpt lat="48.3910927" lon="7.4190685">
    <ele>295</ele>
</trkpt>
   <trkpt lat="48.3910895" lon="7.4190492">
    <ele>295</ele>
</trkpt>
   <trkpt lat="48.3910869" lon="7.4190306">
    <ele>296</ele>
</trkpt>
   <trkpt lat="48.3910843" lon="7.4190120">
    <ele>296</ele>
</trkpt>
   <trkpt lat="48.3910813" lon="7.4189934">
    <ele>296</ele>
</trkpt>
   <trkpt lat="48.3910784" lon="7.4189748">
    <ele>296</ele>
</trkpt>
   <trkpt lat="48.3910739" lon="7.4189552">
    <ele>296</ele>
</trkpt>
   <trkpt lat="48.3910695" lon="7.4189357">
    <ele>296</ele>
</trkpt>
   <trkpt lat="48.3910645" lon="7.4189139">
    <ele>296</ele>
</trkpt>
   <trkpt lat="48.3910595" lon="7.4188921">
    <ele>296</ele>
</trkpt>
   <trkpt lat="48.3910575" lon="7.4188816">
    <ele>296</ele>
</trkpt>
   <trkpt lat="48.3910556" lon="7.4188711">
    <ele>296</ele>
</trkpt>
   <trkpt lat="48.3910524" lon="7.4188575">
    <ele>296</ele>
</trkpt>
   <trkpt lat="48.3910493" lon="7.4188440">
    <ele>296</ele>
</trkpt>
   <trkpt lat="48.3910474" lon="7.4188336">
    <ele>296</ele>
</trkpt>
   <trkpt lat="48.3910455" lon="7.4188232">
    <ele>296</ele>
</trkpt>
   <trkpt lat="48.3910440" lon="7.4188109">
    <ele>296</ele>
</trkpt>
   <trkpt lat="48.3910425" lon="7.4187987">
    <ele>297</ele>
</trkpt>
   <trkpt lat="48.3910398" lon="7.4187825">
    <ele>297</ele>
</trkpt>
   <trkpt lat="48.3910371" lon="7.4187663">
    <ele>297</ele>
</trkpt>
   <trkpt lat="48.3910335" lon="7.4187457">
    <ele>297</ele>
</trkpt>
   <trkpt lat="48.3910300" lon="7.4187251">
    <ele>297</ele>
</trkpt>
   <trkpt lat="48.3910265" lon="7.4187033">
    <ele>298</ele>
</trkpt>
   <trkpt lat="48.3910231" lon="7.4186816">
    <ele>298</ele>
</trkpt>
   <trkpt lat="48.3910192" lon="7.4186611">
    <ele>298</ele>
</trkpt>
   <trkpt lat="48.3910153" lon="7.4186407">
    <ele>299</ele>
</trkpt>
   <trkpt lat="48.3910105" lon="7.4186217">
    <ele>299</ele>
</trkpt>
   <trkpt lat="48.3910058" lon="7.4186027">
    <ele>300</ele>
</trkpt>
   <trkpt lat="48.3910013" lon="7.4185834">
    <ele>300</ele>
</trkpt>
   <trkpt lat="48.3909969" lon="7.4185641">
    <ele>300</ele>
</trkpt>
   <trkpt lat="48.3909928" lon="7.4185435">
    <ele>301</ele>
</trkpt>
   <trkpt lat="48.3909887" lon="7.4185230">
    <ele>301</ele>
</trkpt>
   <trkpt lat="48.3909852" lon="7.4185007">
    <ele>302</ele>
</trkpt>
   <trkpt lat="48.3909818" lon="7.4184785">
    <ele>302</ele>
</trkpt>
   <trkpt lat="48.3909786" lon="7.4184570">
    <ele>302</ele>
</trkpt>
   <trkpt lat="48.3909754" lon="7.4184356">
    <ele>302</ele>
</trkpt>
   <trkpt lat="48.3909727" lon="7.4184150">
    <ele>302</ele>
</trkpt>
   <trkpt lat="48.3909701" lon="7.4183944">
    <ele>303</ele>
</trkpt>
   <trkpt lat="48.3909674" lon="7.4183743">
    <ele>303</ele>
</trkpt>
   <trkpt lat="48.3909648" lon="7.4183543">
    <ele>303</ele>
</trkpt>
   <trkpt lat="48.3909601" lon="7.4183371">
    <ele>303</ele>
</trkpt>
   <trkpt lat="48.3909554" lon="7.4183200">
    <ele>303</ele>
</trkpt>
   <trkpt lat="48.3909493" lon="7.4183040">
    <ele>304</ele>
</trkpt>
   <trkpt lat="48.3909433" lon="7.4182881">
    <ele>304</ele>
</trkpt>
   <trkpt lat="48.3909379" lon="7.4182708">
    <ele>304</ele>
</trkpt>
   <trkpt lat="48.3909325" lon="7.4182536">
    <ele>304</ele>
</trkpt>
   <trkpt lat="48.3909286" lon="7.4182343">
    <ele>304</ele>
</trkpt>
   <trkpt lat="48.3909248" lon="7.4182150">
    <ele>305</ele>
</trkpt>
   <trkpt lat="48.3909209" lon="7.4181949">
    <ele>304</ele>
</trkpt>
   <trkpt lat="48.3909171" lon="7.4181748">
    <ele>304</ele>
</trkpt>
   <trkpt lat="48.3909127" lon="7.4181535">
    <ele>304</ele>
</trkpt>
   <trkpt lat="48.3909083" lon="7.4181322">
    <ele>304</ele>
</trkpt>
   <trkpt lat="48.3909038" lon="7.4181125">
    <ele>304</ele>
</trkpt>
   <trkpt lat="48.3908993" lon="7.4180929">
    <ele>304</ele>
</trkpt>
   <trkpt lat="48.3908934" lon="7.4180769">
    <ele>304</ele>
</trkpt>
   <trkpt lat="48.3908875" lon="7.4180610">
    <ele>304</ele>
</trkpt>
   <trkpt lat="48.3908796" lon="7.4180482">
    <ele>304</ele>
</trkpt>
   <trkpt lat="48.3908718" lon="7.4180354">
    <ele>305</ele>
</trkpt>
   <trkpt lat="48.3908622" lon="7.4180233">
    <ele>305</ele>
</trkpt>
   <trkpt lat="48.3908526" lon="7.4180113">
    <ele>305</ele>
</trkpt>
   <trkpt lat="48.3908421" lon="7.4179988">
    <ele>305</ele>
</trkpt>
   <trkpt lat="48.3908316" lon="7.4179863">
    <ele>305</ele>
</trkpt>
   <trkpt lat="48.3908205" lon="7.4179723">
    <ele>306</ele>
</trkpt>
   <trkpt lat="48.3908094" lon="7.4179584">
    <ele>306</ele>
</trkpt>
   <trkpt lat="48.3907979" lon="7.4179454">
    <ele>306</ele>
</trkpt>
   <trkpt lat="48.3907864" lon="7.4179324">
    <ele>306</ele>
</trkpt>
   <trkpt lat="48.3907755" lon="7.4179200">
    <ele>306</ele>
</trkpt>
   <trkpt lat="48.3907647" lon="7.4179076">
    <ele>307</ele>
</trkpt>
   <trkpt lat="48.3907545" lon="7.4178962">
    <ele>307</ele>
</trkpt>
   <trkpt lat="48.3907444" lon="7.4178848">
    <ele>307</ele>
</trkpt>
   <trkpt lat="48.3907332" lon="7.4178731">
    <ele>307</ele>
</trkpt>
   <trkpt lat="48.3907221" lon="7.4178615">
    <ele>307</ele>
</trkpt>
   <trkpt lat="48.3907109" lon="7.4178480">
    <ele>307</ele>
</trkpt>
   <trkpt lat="48.3906997" lon="7.4178346">
    <ele>307</ele>
</trkpt>
   <trkpt lat="48.3906893" lon="7.4178200">
    <ele>307</ele>
</trkpt>
   <trkpt lat="48.3906790" lon="7.4178054">
    <ele>307</ele>
</trkpt>
   <trkpt lat="48.3906694" lon="7.4177899">
    <ele>307</ele>
</trkpt>
   <trkpt lat="48.3906598" lon="7.4177745">
    <ele>308</ele>
</trkpt>
   <trkpt lat="48.3906490" lon="7.4177581">
    <ele>308</ele>
</trkpt>
   <trkpt lat="48.3906382" lon="7.4177417">
    <ele>308</ele>
</trkpt>
   <trkpt lat="48.3906279" lon="7.4177257">
    <ele>308</ele>
</trkpt>
   <trkpt lat="48.3906177" lon="7.4177098">
    <ele>308</ele>
</trkpt>
   <trkpt lat="48.3906078" lon="7.4176931">
    <ele>309</ele>
</trkpt>
   <trkpt lat="48.3905979" lon="7.4176764">
    <ele>309</ele>
</trkpt>
   <trkpt lat="48.3905884" lon="7.4176597">
    <ele>309</ele>
</trkpt>
   <trkpt lat="48.3905790" lon="7.4176431">
    <ele>309</ele>
</trkpt>
   <trkpt lat="48.3905698" lon="7.4176268">
    <ele>309</ele>
</trkpt>
   <trkpt lat="48.3905606" lon="7.4176106">
    <ele>309</ele>
</trkpt>
   <trkpt lat="48.3905511" lon="7.4175949">
    <ele>309</ele>
</trkpt>
   <trkpt lat="48.3905416" lon="7.4175792">
    <ele>309</ele>
</trkpt>
   <trkpt lat="48.3905316" lon="7.4175643">
    <ele>309</ele>
</trkpt>
   <trkpt lat="48.3905217" lon="7.4175495">
    <ele>309</ele>
</trkpt>
   <trkpt lat="48.3905120" lon="7.4175356">
    <ele>310</ele>
</trkpt>
   <trkpt lat="48.3905023" lon="7.4175218">
    <ele>310</ele>
</trkpt>
   <trkpt lat="48.3904919" lon="7.4175081">
    <ele>310</ele>
</trkpt>
   <trkpt lat="48.3904816" lon="7.4174944">
    <ele>310</ele>
</trkpt>
   <trkpt lat="48.3904707" lon="7.4174799">
    <ele>310</ele>
</trkpt>
   <trkpt lat="48.3904599" lon="7.4174654">
    <ele>310</ele>
</trkpt>
   <trkpt lat="48.3904491" lon="7.4174515">
    <ele>310</ele>
</trkpt>
   <trkpt lat="48.3904383" lon="7.4174377">
    <ele>310</ele>
</trkpt>
   <trkpt lat="48.3904288" lon="7.4174250">
    <ele>310</ele>
</trkpt>
   <trkpt lat="48.3904193" lon="7.4174124">
    <ele>310</ele>
</trkpt>
   <trkpt lat="48.3904099" lon="7.4173990">
    <ele>310</ele>
</trkpt>
   <trkpt lat="48.3904005" lon="7.4173856">
    <ele>310</ele>
</trkpt>
   <trkpt lat="48.3903903" lon="7.4173714">
    <ele>310</ele>
</trkpt>
   <trkpt lat="48.3903801" lon="7.4173573">
    <ele>310</ele>
</trkpt>
   <trkpt lat="48.3903690" lon="7.4173416">
    <ele>310</ele>
</trkpt>
   <trkpt lat="48.3903580" lon="7.4173259">
    <ele>311</ele>
</trkpt>
   <trkpt lat="48.3903464" lon="7.4173112">
    <ele>311</ele>
</trkpt>
   <trkpt lat="48.3903349" lon="7.4172965">
    <ele>311</ele>
</trkpt>
   <trkpt lat="48.3903232" lon="7.4172828">
    <ele>311</ele>
</trkpt>
   <trkpt lat="48.3903116" lon="7.4172691">
    <ele>311</ele>
</trkpt>
   <trkpt lat="48.3903006" lon="7.4172564">
    <ele>311</ele>
</trkpt>
   <trkpt lat="48.3902896" lon="7.4172438">
    <ele>311</ele>
</trkpt>
   <trkpt lat="48.3902779" lon="7.4172324">
    <ele>311</ele>
</trkpt>
   <trkpt lat="48.3902662" lon="7.4172210">
    <ele>311</ele>
</trkpt>
   <trkpt lat="48.3902536" lon="7.4172095">
    <ele>311</ele>
</trkpt>
   <trkpt lat="48.3902410" lon="7.4171980">
    <ele>311</ele>
</trkpt>
   <trkpt lat="48.3902284" lon="7.4171881">
    <ele>311</ele>
</trkpt>
   <trkpt lat="48.3902159" lon="7.4171782">
    <ele>311</ele>
</trkpt>
   <trkpt lat="48.3902028" lon="7.4171699">
    <ele>311</ele>
</trkpt>
   <trkpt lat="48.3901897" lon="7.4171616">
    <ele>311</ele>
</trkpt>
   <trkpt lat="48.3901758" lon="7.4171532">
    <ele>311</ele>
</trkpt>
   <trkpt lat="48.3901619" lon="7.4171448">
    <ele>311</ele>
</trkpt>
   <trkpt lat="48.3901473" lon="7.4171360">
    <ele>311</ele>
</trkpt>
   <trkpt lat="48.3901327" lon="7.4171272">
    <ele>311</ele>
</trkpt>
   <trkpt lat="48.3901189" lon="7.4171176">
    <ele>311</ele>
</trkpt>
   <trkpt lat="48.3901051" lon="7.4171081">
    <ele>312</ele>
</trkpt>
   <trkpt lat="48.3900916" lon="7.4170992">
    <ele>312</ele>
</trkpt>
   <trkpt lat="48.3900782" lon="7.4170903">
    <ele>312</ele>
</trkpt>
   <trkpt lat="48.3900646" lon="7.4170831">
    <ele>312</ele>
</trkpt>
   <trkpt lat="48.3900511" lon="7.4170760">
    <ele>312</ele>
</trkpt>
   <trkpt lat="48.3900372" lon="7.4170700">
    <ele>313</ele>
</trkpt>
   <trkpt lat="48.3900233" lon="7.4170641">
    <ele>313</ele>
</trkpt>
   <trkpt lat="48.3900099" lon="7.4170573">
    <ele>313</ele>
</trkpt>
   <trkpt lat="48.3899965" lon="7.4170506">
    <ele>313</ele>
</trkpt>
   <trkpt lat="48.3899830" lon="7.4170418">
    <ele>313</ele>
</trkpt>
   <trkpt lat="48.3899695" lon="7.4170331">
    <ele>313</ele>
</trkpt>
   <trkpt lat="48.3899567" lon="7.4170229">
    <ele>313</ele>
</trkpt>
   <trkpt lat="48.3899439" lon="7.4170128">
    <ele>313</ele>
</trkpt>
   <trkpt lat="48.3899326" lon="7.4170022">
    <ele>313</ele>
</trkpt>
   <trkpt lat="48.3899213" lon="7.4169917">
    <ele>313</ele>
</trkpt>
   <trkpt lat="48.3899105" lon="7.4169826">
    <ele>313</ele>
</trkpt>
   <trkpt lat="48.3898998" lon="7.4169735">
    <ele>313</ele>
</trkpt>
   <trkpt lat="48.3898876" lon="7.4169655">
    <ele>313</ele>
</trkpt>
   <trkpt lat="48.3898754" lon="7.4169576">
    <ele>313</ele>
</trkpt>
   <trkpt lat="48.3898603" lon="7.4169487">
    <ele>313</ele>
</trkpt>
   <trkpt lat="48.3898452" lon="7.4169398">
    <ele>313</ele>
</trkpt>
   <trkpt lat="48.3898292" lon="7.4169306">
    <ele>313</ele>
</trkpt>
   <trkpt lat="48.3898133" lon="7.4169215">
    <ele>313</ele>
</trkpt>
   <trkpt lat="48.3897991" lon="7.4169151">
    <ele>313</ele>
</trkpt>
   <trkpt lat="48.3897849" lon="7.4169087">
    <ele>313</ele>
</trkpt>
   <trkpt lat="48.3897718" lon="7.4169027">
    <ele>313</ele>
</trkpt>
   <trkpt lat="48.3897587" lon="7.4168968">
    <ele>313</ele>
</trkpt>
   <trkpt lat="48.3897469" lon="7.4168893">
    <ele>313</ele>
</trkpt>
   <trkpt lat="48.3897352" lon="7.4168818">
    <ele>313</ele>
</trkpt>
   <trkpt lat="48.3897242" lon="7.4168731">
    <ele>313</ele>
</trkpt>
   <trkpt lat="48.3897132" lon="7.4168644">
    <ele>313</ele>
</trkpt>
   <trkpt lat="48.3897019" lon="7.4168556">
    <ele>313</ele>
</trkpt>
   <trkpt lat="48.3896906" lon="7.4168469">
    <ele>313</ele>
</trkpt>
   <trkpt lat="48.3896767" lon="7.4168363">
    <ele>313</ele>
</trkpt>
   <trkpt lat="48.3896629" lon="7.4168258">
    <ele>313</ele>
</trkpt>
   <trkpt lat="48.3896435" lon="7.4168135">
    <ele>314</ele>
</trkpt>
   <trkpt lat="48.3896241" lon="7.4168012">
    <ele>313</ele>
</trkpt>
   <trkpt lat="48.3895998" lon="7.4167883">
    <ele>313</ele>
</trkpt>
   <trkpt lat="48.3895755" lon="7.4167755">
    <ele>313</ele>
</trkpt>
   <trkpt lat="48.3895494" lon="7.4167674">
    <ele>313</ele>
</trkpt>
   <trkpt lat="48.3895233" lon="7.4167593">
    <ele>313</ele>
</trkpt>
   <trkpt lat="48.3894973" lon="7.4167668">
    <ele>313</ele>
</trkpt>
   <trkpt lat="48.3894713" lon="7.4167744">
    <ele>313</ele>
</trkpt>
   <trkpt lat="48.3894475" lon="7.4167960">
    <ele>313</ele>
</trkpt>
   <trkpt lat="48.3894238" lon="7.4168176">
    <ele>313</ele>
</trkpt>
   <trkpt lat="48.3894025" lon="7.4168469">
    <ele>313</ele>
</trkpt>
   <trkpt lat="48.3893813" lon="7.4168763">
    <ele>312</ele>
</trkpt>
   <trkpt lat="48.3893619" lon="7.4169057">
    <ele>312</ele>
</trkpt>
   <trkpt lat="48.3893425" lon="7.4169351">
    <ele>311</ele>
</trkpt>
   <trkpt lat="48.3893247" lon="7.4169636">
    <ele>311</ele>
</trkpt>
   <trkpt lat="48.3893069" lon="7.4169922">
    <ele>311</ele>
</trkpt>
   <trkpt lat="48.3892893" lon="7.4170200">
    <ele>310</ele>
</trkpt>
   <trkpt lat="48.3892717" lon="7.4170478">
    <ele>310</ele>
</trkpt>
   <trkpt lat="48.3892528" lon="7.4170747">
    <ele>309</ele>
</trkpt>
   <trkpt lat="48.3892339" lon="7.4171016">
    <ele>309</ele>
</trkpt>
   <trkpt lat="48.3892135" lon="7.4171283">
    <ele>309</ele>
</trkpt>
   <trkpt lat="48.3891931" lon="7.4171551">
    <ele>308</ele>
</trkpt>
   <trkpt lat="48.3891729" lon="7.4171827">
    <ele>307</ele>
</trkpt>
   <trkpt lat="48.3891528" lon="7.4172103">
    <ele>307</ele>
</trkpt>
   <trkpt lat="48.3891329" lon="7.4172376">
    <ele>306</ele>
</trkpt>
   <trkpt lat="48.3891131" lon="7.4172650">
    <ele>306</ele>
</trkpt>
   <trkpt lat="48.3890943" lon="7.4172923">
    <ele>305</ele>
</trkpt>
   <trkpt lat="48.3890755" lon="7.4173197">
    <ele>304</ele>
</trkpt>
   <trkpt lat="48.3890575" lon="7.4173481">
    <ele>303</ele>
</trkpt>
   <trkpt lat="48.3890396" lon="7.4173765">
    <ele>302</ele>
</trkpt>
   <trkpt lat="48.3890230" lon="7.4174046">
    <ele>302</ele>
</trkpt>
   <trkpt lat="48.3890065" lon="7.4174327">
    <ele>301</ele>
</trkpt>
   <trkpt lat="48.3889913" lon="7.4174588">
    <ele>301</ele>
</trkpt>
   <trkpt lat="48.3889761" lon="7.4174849">
    <ele>300</ele>
</trkpt>
   <trkpt lat="48.3889639" lon="7.4175057">
    <ele>300</ele>
</trkpt>
   <trkpt lat="48.3889518" lon="7.4175265">
    <ele>300</ele>
</trkpt>
   <trkpt lat="48.3889416" lon="7.4175405">
    <ele>299</ele>
</trkpt>
   <trkpt lat="48.3889314" lon="7.4175546">
    <ele>299</ele>
</trkpt>
   <trkpt lat="48.3889225" lon="7.4175535">
    <ele>298</ele>
</trkpt>
   <trkpt lat="48.3889137" lon="7.4175525">
    <ele>298</ele>
</trkpt>
   <trkpt lat="48.3889084" lon="7.4175319">
    <ele>298</ele>
</trkpt>
   <trkpt lat="48.3889031" lon="7.4175113">
    <ele>297</ele>
</trkpt>
   <trkpt lat="48.3888991" lon="7.4174769">
    <ele>297</ele>
</trkpt>
   <trkpt lat="48.3888952" lon="7.4174426">
    <ele>296</ele>
</trkpt>
   <trkpt lat="48.3888933" lon="7.4173996">
    <ele>296</ele>
</trkpt>
   <trkpt lat="48.3888915" lon="7.4173566">
    <ele>296</ele>
</trkpt>
   <trkpt lat="48.3888912" lon="7.4173127">
    <ele>295</ele>
</trkpt>
   <trkpt lat="48.3888910" lon="7.4172688">
    <ele>294</ele>
</trkpt>
   <trkpt lat="48.3888900" lon="7.4172288">
    <ele>293</ele>
</trkpt>
   <trkpt lat="48.3888890" lon="7.4171889">
    <ele>292</ele>
</trkpt>
   <trkpt lat="48.3888805" lon="7.4171637">
    <ele>292</ele>
</trkpt>
   <trkpt lat="48.3888721" lon="7.4171385">
    <ele>291</ele>
</trkpt>
   <trkpt lat="48.3888591" lon="7.4171455">
    <ele>291</ele>
</trkpt>
   <trkpt lat="48.3888462" lon="7.4171525">
    <ele>290</ele>
</trkpt>
   <trkpt lat="48.3888328" lon="7.4171854">
    <ele>290</ele>
</trkpt>
   <trkpt lat="48.3888195" lon="7.4172184">
    <ele>290</ele>
</trkpt>
   <trkpt lat="48.3888072" lon="7.4172597">
    <ele>289</ele>
</trkpt>
   <trkpt lat="48.3887949" lon="7.4173010">
    <ele>288</ele>
</trkpt>
   <trkpt lat="48.3887811" lon="7.4173375">
    <ele>288</ele>
</trkpt>
   <trkpt lat="48.3887674" lon="7.4173740">
    <ele>287</ele>
</trkpt>
   <trkpt lat="48.3887516" lon="7.4173998">
    <ele>287</ele>
</trkpt>
   <trkpt lat="48.3887359" lon="7.4174257">
    <ele>286</ele>
</trkpt>
   <trkpt lat="48.3887211" lon="7.4174284">
    <ele>286</ele>
</trkpt>
   <trkpt lat="48.3887064" lon="7.4174312">
    <ele>286</ele>
</trkpt>
   <trkpt lat="48.3886981" lon="7.4174199">
    <ele>286</ele>
</trkpt>
   <trkpt lat="48.3886898" lon="7.4174086">
    <ele>286</ele>
</trkpt>
   <trkpt lat="48.3886866" lon="7.4173928">
    <ele>286</ele>
</trkpt>
   <trkpt lat="48.3886834" lon="7.4173771">
    <ele>286</ele>
</trkpt>
   <trkpt lat="48.3886829" lon="7.4173624">
    <ele>286</ele>
</trkpt>
   <trkpt lat="48.3886825" lon="7.4173477">
    <ele>286</ele>
</trkpt>
   <trkpt lat="48.3886835" lon="7.4173337">
    <ele>286</ele>
</trkpt>
   <trkpt lat="48.3886845" lon="7.4173198">
    <ele>286</ele>
</trkpt>
   <trkpt lat="48.3886859" lon="7.4173083">
    <ele>286</ele>
</trkpt>
   <trkpt lat="48.3886873" lon="7.4172969">
    <ele>286</ele>
</trkpt>
   <trkpt lat="48.3886889" lon="7.4172853">
    <ele>286</ele>
</trkpt>
   <trkpt lat="48.3886905" lon="7.4172738">
    <ele>286</ele>
</trkpt>
   <trkpt lat="48.3886923" lon="7.4172584">
    <ele>285</ele>
</trkpt>
   <trkpt lat="48.3886941" lon="7.4172431">
    <ele>285</ele>
</trkpt>
   <trkpt lat="48.3886917" lon="7.4172252">
    <ele>284</ele>
</trkpt>
   <trkpt lat="48.3886894" lon="7.4172073">
    <ele>284</ele>
</trkpt>
   <trkpt lat="48.3886819" lon="7.4172057">
    <ele>284</ele>
</trkpt>
   <trkpt lat="48.3886745" lon="7.4172042">
    <ele>283</ele>
</trkpt>
   <trkpt lat="48.3886653" lon="7.4172269">
    <ele>282</ele>
</trkpt>
   <trkpt lat="48.3886562" lon="7.4172497">
    <ele>282</ele>
</trkpt>
   <trkpt lat="48.3886449" lon="7.4172868">
    <ele>281</ele>
</trkpt>
   <trkpt lat="48.3886336" lon="7.4173239">
    <ele>281</ele>
</trkpt>
   <trkpt lat="48.3886203" lon="7.4173620">
    <ele>280</ele>
</trkpt>
   <trkpt lat="48.3886071" lon="7.4174002">
    <ele>280</ele>
</trkpt>
   <trkpt lat="48.3885915" lon="7.4174279">
    <ele>279</ele>
</trkpt>
   <trkpt lat="48.3885759" lon="7.4174557">
    <ele>279</ele>
</trkpt>
   <trkpt lat="48.3885626" lon="7.4174573">
    <ele>279</ele>
</trkpt>
   <trkpt lat="48.3885494" lon="7.4174590">
    <ele>278</ele>
</trkpt>
   <trkpt lat="48.3885443" lon="7.4174328">
    <ele>278</ele>
</trkpt>
   <trkpt lat="48.3885392" lon="7.4174067">
    <ele>278</ele>
</trkpt>
   <trkpt lat="48.3885416" lon="7.4173655">
    <ele>278</ele>
</trkpt>
   <trkpt lat="48.3885441" lon="7.4173244">
    <ele>278</ele>
</trkpt>
   <trkpt lat="48.3885495" lon="7.4172842">
    <ele>277</ele>
</trkpt>
   <trkpt lat="48.3885550" lon="7.4172440">
    <ele>277</ele>
</trkpt>
   <trkpt lat="48.3885563" lon="7.4172182">
    <ele>276</ele>
</trkpt>
   <trkpt lat="48.3885576" lon="7.4171924">
    <ele>276</ele>
</trkpt>
   <trkpt lat="48.3885540" lon="7.4171956">
    <ele>276</ele>
</trkpt>
   <trkpt lat="48.3885505" lon="7.4171989">
    <ele>275</ele>
</trkpt>
   <trkpt lat="48.3885411" lon="7.4172275">
    <ele>275</ele>
</trkpt>
   <trkpt lat="48.3885318" lon="7.4172562">
    <ele>274</ele>
</trkpt>
   <trkpt lat="48.3885207" lon="7.4172952">
    <ele>274</ele>
</trkpt>
   <trkpt lat="48.3885096" lon="7.4173343">
    <ele>274</ele>
</trkpt>
   <trkpt lat="48.3884979" lon="7.4173680">
    <ele>273</ele>
</trkpt>
   <trkpt lat="48.3884862" lon="7.4174018">
    <ele>273</ele>
</trkpt>
   <trkpt lat="48.3884759" lon="7.4174195">
    <ele>273</ele>
</trkpt>
   <trkpt lat="48.3884656" lon="7.4174373">
    <ele>273</ele>
</trkpt>
   <trkpt lat="48.3884559" lon="7.4174392">
    <ele>273</ele>
</trkpt>
   <trkpt lat="48.3884463" lon="7.4174411">
    <ele>272</ele>
</trkpt>
   <trkpt lat="48.3884383" lon="7.4174267">
    <ele>272</ele>
</trkpt>
   <trkpt lat="48.3884303" lon="7.4174124">
    <ele>271</ele>
</trkpt>
   <trkpt lat="48.3884290" lon="7.4173831">
    <ele>271</ele>
</trkpt>
   <trkpt lat="48.3884278" lon="7.4173538">
    <ele>271</ele>
</trkpt>
   <trkpt lat="48.3884318" lon="7.4173185">
    <ele>270</ele>
</trkpt>
   <trkpt lat="48.3884359" lon="7.4172832">
    <ele>270</ele>
</trkpt>
   <trkpt lat="48.3884401" lon="7.4172498">
    <ele>269</ele>
</trkpt>
   <trkpt lat="48.3884443" lon="7.4172164">
    <ele>269</ele>
</trkpt>
   <trkpt lat="48.3884420" lon="7.4171922">
    <ele>269</ele>
</trkpt>
   <trkpt lat="48.3884398" lon="7.4171680">
    <ele>268</ele>
</trkpt>
   <trkpt lat="48.3884313" lon="7.4171668">
    <ele>268</ele>
</trkpt>
   <trkpt lat="48.3884229" lon="7.4171656">
    <ele>267</ele>
</trkpt>
   <trkpt lat="48.3884112" lon="7.4171885">
    <ele>267</ele>
</trkpt>
   <trkpt lat="48.3883995" lon="7.4172114">
    <ele>267</ele>
</trkpt>
   <trkpt lat="48.3883850" lon="7.4172476">
    <ele>266</ele>
</trkpt>
   <trkpt lat="48.3883705" lon="7.4172839">
    <ele>266</ele>
</trkpt>
   <trkpt lat="48.3883528" lon="7.4173238">
    <ele>265</ele>
</trkpt>
   <trkpt lat="48.3883352" lon="7.4173638">
    <ele>265</ele>
</trkpt>
   <trkpt lat="48.3883172" lon="7.4173932">
    <ele>265</ele>
</trkpt>
   <trkpt lat="48.3882993" lon="7.4174227">
    <ele>264</ele>
</trkpt>
   <trkpt lat="48.3882846" lon="7.4174254">
    <ele>264</ele>
</trkpt>
   <trkpt lat="48.3882700" lon="7.4174281">
    <ele>263</ele>
</trkpt>
   <trkpt lat="48.3882635" lon="7.4174051">
    <ele>263</ele>
</trkpt>
   <trkpt lat="48.3882571" lon="7.4173821">
    <ele>263</ele>
</trkpt>
   <trkpt lat="48.3882576" lon="7.4173460">
    <ele>262</ele>
</trkpt>
   <trkpt lat="48.3882581" lon="7.4173100">
    <ele>261</ele>
</trkpt>
   <trkpt lat="48.3882602" lon="7.4172749">
    <ele>261</ele>
</trkpt>
   <trkpt lat="48.3882624" lon="7.4172399">
    <ele>260</ele>
</trkpt>
   <trkpt lat="48.3882632" lon="7.4172165">
    <ele>260</ele>
</trkpt>
   <trkpt lat="48.3882641" lon="7.4171931">
    <ele>259</ele>
</trkpt>
   <trkpt lat="48.3882589" lon="7.4171889">
    <ele>259</ele>
</trkpt>
   <trkpt lat="48.3882537" lon="7.4171847">
    <ele>258</ele>
</trkpt>
   <trkpt lat="48.3882423" lon="7.4171988">
    <ele>258</ele>
</trkpt>
   <trkpt lat="48.3882310" lon="7.4172129">
    <ele>258</ele>
</trkpt>
   <trkpt lat="48.3882171" lon="7.4172345">
    <ele>257</ele>
</trkpt>
   <trkpt lat="48.3882032" lon="7.4172562">
    <ele>257</ele>
</trkpt>
   <trkpt lat="48.3881872" lon="7.4172778">
    <ele>256</ele>
</trkpt>
   <trkpt lat="48.3881712" lon="7.4172994">
    <ele>256</ele>
</trkpt>
   <trkpt lat="48.3881549" lon="7.4173048">
    <ele>256</ele>
</trkpt>
   <trkpt lat="48.3881386" lon="7.4173103">
    <ele>255</ele>
</trkpt>
   <trkpt lat="48.3881300" lon="7.4172953">
    <ele>255</ele>
</trkpt>
   <trkpt lat="48.3881214" lon="7.4172803">
    <ele>254</ele>
</trkpt>
   <trkpt lat="48.3881199" lon="7.4172535">
    <ele>254</ele>
</trkpt>
   <trkpt lat="48.3881184" lon="7.4172267">
    <ele>254</ele>
</trkpt>
   <trkpt lat="48.3881186" lon="7.4172000">
    <ele>253</ele>
</trkpt>
   <trkpt lat="48.3881189" lon="7.4171733">
    <ele>253</ele>
</trkpt>
   <trkpt lat="48.3881182" lon="7.4171484">
    <ele>252</ele>
</trkpt>
   <trkpt lat="48.3881175" lon="7.4171236">
    <ele>252</ele>
</trkpt>
   <trkpt lat="48.3881138" lon="7.4171046">
    <ele>252</ele>
</trkpt>
   <trkpt lat="48.3881101" lon="7.4170856">
    <ele>251</ele>
</trkpt>
   <trkpt lat="48.3881013" lon="7.4170812">
    <ele>251</ele>
</trkpt>
   <trkpt lat="48.3880925" lon="7.4170769">
    <ele>250</ele>
</trkpt>
   <trkpt lat="48.3880793" lon="7.4170847">
    <ele>250</ele>
</trkpt>
   <trkpt lat="48.3880661" lon="7.4170925">
    <ele>250</ele>
</trkpt>
   <trkpt lat="48.3880532" lon="7.4171089">
    <ele>249</ele>
</trkpt>
   <trkpt lat="48.3880403" lon="7.4171253">
    <ele>248</ele>
</trkpt>
   <trkpt lat="48.3880257" lon="7.4171469">
    <ele>248</ele>
</trkpt>
   <trkpt lat="48.3880112" lon="7.4171686">
    <ele>247</ele>
</trkpt>
   <trkpt lat="48.3879937" lon="7.4171925">
    <ele>247</ele>
</trkpt>
   <trkpt lat="48.3879763" lon="7.4172164">
    <ele>246</ele>
</trkpt>
   <trkpt lat="48.3879623" lon="7.4172446">
    <ele>246</ele>
</trkpt>
   <trkpt lat="48.3879484" lon="7.4172729">
    <ele>245</ele>
</trkpt>
   <trkpt lat="48.3879376" lon="7.4173058">
    <ele>245</ele>
</trkpt>
   <trkpt lat="48.3879268" lon="7.4173388">
    <ele>245</ele>
</trkpt>
   <trkpt lat="48.3879175" lon="7.4173726">
    <ele>245</ele>
</trkpt>
   <trkpt lat="48.3879082" lon="7.4174065">
    <ele>245</ele>
</trkpt>
   <trkpt lat="48.3878995" lon="7.4174429">
    <ele>245</ele>
</trkpt>
   <trkpt lat="48.3878908" lon="7.4174793">
    <ele>245</ele>
</trkpt>
   <trkpt lat="48.3878810" lon="7.4175169">
    <ele>245</ele>
</trkpt>
   <trkpt lat="48.3878712" lon="7.4175545">
    <ele>245</ele>
</trkpt>
   <trkpt lat="48.3878604" lon="7.4175936">
    <ele>245</ele>
</trkpt>
   <trkpt lat="48.3878496" lon="7.4176327">
    <ele>245</ele>
</trkpt>
   <trkpt lat="48.3878400" lon="7.4176712">
    <ele>245</ele>
</trkpt>
   <trkpt lat="48.3878305" lon="7.4177097">
    <ele>246</ele>
</trkpt>
   <trkpt lat="48.3878228" lon="7.4177481">
    <ele>245</ele>
</trkpt>
   <trkpt lat="48.3878151" lon="7.4177865">
    <ele>245</ele>
</trkpt>
   <trkpt lat="48.3878085" lon="7.4178266">
    <ele>245</ele>
</trkpt>
   <trkpt lat="48.3878020" lon="7.4178668">
    <ele>245</ele>
</trkpt>
   <trkpt lat="48.3877967" lon="7.4179076">
    <ele>245</ele>
</trkpt>
   <trkpt lat="48.3877915" lon="7.4179484">
    <ele>244</ele>
</trkpt>
   <trkpt lat="48.3877877" lon="7.4179906">
    <ele>244</ele>
</trkpt>
   <trkpt lat="48.3877840" lon="7.4180329">
    <ele>244</ele>
</trkpt>
   <trkpt lat="48.3877798" lon="7.4180757">
    <ele>244</ele>
</trkpt>
   <trkpt lat="48.3877756" lon="7.4181186">
    <ele>244</ele>
</trkpt>
   <trkpt lat="48.3877701" lon="7.4181588">
    <ele>244</ele>
</trkpt>
   <trkpt lat="48.3877646" lon="7.4181990">
    <ele>244</ele>
</trkpt>
   <trkpt lat="48.3877570" lon="7.4182387">
    <ele>244</ele>
</trkpt>
   <trkpt lat="48.3877495" lon="7.4182784">
    <ele>244</ele>
</trkpt>
   <trkpt lat="48.3877404" lon="7.4183182">
    <ele>244</ele>
</trkpt>
   <trkpt lat="48.3877313" lon="7.4183580">
    <ele>244</ele>
</trkpt>
   <trkpt lat="48.3877223" lon="7.4183978">
    <ele>244</ele>
</trkpt>
   <trkpt lat="48.3877133" lon="7.4184377">
    <ele>244</ele>
</trkpt>
   <trkpt lat="48.3877056" lon="7.4184768">
    <ele>244</ele>
</trkpt>
   <trkpt lat="48.3876980" lon="7.4185160">
    <ele>244</ele>
</trkpt>
   <trkpt lat="48.3876912" lon="7.4185563">
    <ele>244</ele>
</trkpt>
   <trkpt lat="48.3876844" lon="7.4185967">
    <ele>244</ele>
</trkpt>
   <trkpt lat="48.3876788" lon="7.4186368">
    <ele>244</ele>
</trkpt>
   <trkpt lat="48.3876733" lon="7.4186770">
    <ele>244</ele>
</trkpt>
   <trkpt lat="48.3876693" lon="7.4187160">
    <ele>244</ele>
</trkpt>
   <trkpt lat="48.3876654" lon="7.4187550">
    <ele>244</ele>
</trkpt>
   <trkpt lat="48.3876621" lon="7.4187938">
    <ele>244</ele>
</trkpt>
   <trkpt lat="48.3876589" lon="7.4188327">
    <ele>244</ele>
</trkpt>
   <trkpt lat="48.3876555" lon="7.4188717">
    <ele>244</ele>
</trkpt>
   <trkpt lat="48.3876521" lon="7.4189107">
    <ele>244</ele>
</trkpt>
   <trkpt lat="48.3876487" lon="7.4189504">
    <ele>244</ele>
</trkpt>
   <trkpt lat="48.3876453" lon="7.4189902">
    <ele>244</ele>
</trkpt>
   <trkpt lat="48.3876426" lon="7.4190304">
    <ele>244</ele>
</trkpt>
   <trkpt lat="48.3876400" lon="7.4190707">
    <ele>244</ele>
</trkpt>
   <trkpt lat="48.3876380" lon="7.4191108">
    <ele>244</ele>
</trkpt>
   <trkpt lat="48.3876360" lon="7.4191510">
    <ele>244</ele>
</trkpt>
   <trkpt lat="48.3876338" lon="7.4191917">
    <ele>244</ele>
</trkpt>
   <trkpt lat="48.3876317" lon="7.4192324">
    <ele>244</ele>
</trkpt>
   <trkpt lat="48.3876290" lon="7.4192729">
    <ele>244</ele>
</trkpt>
   <trkpt lat="48.3876264" lon="7.4193135">
    <ele>244</ele>
</trkpt>
   <trkpt lat="48.3876233" lon="7.4193535">
    <ele>243</ele>
</trkpt>
   <trkpt lat="48.3876203" lon="7.4193936">
    <ele>243</ele>
</trkpt>
   <trkpt lat="48.3876160" lon="7.4194321">
    <ele>243</ele>
</trkpt>
   <trkpt lat="48.3876117" lon="7.4194706">
    <ele>243</ele>
</trkpt>
   <trkpt lat="48.3876072" lon="7.4195079">
    <ele>243</ele>
</trkpt>
   <trkpt lat="48.3876027" lon="7.4195453">
    <ele>243</ele>
</trkpt>
   <trkpt lat="48.3875980" lon="7.4195838">
    <ele>243</ele>
</trkpt>
   <trkpt lat="48.3875934" lon="7.4196223">
    <ele>243</ele>
</trkpt>
   <trkpt lat="48.3875889" lon="7.4196630">
    <ele>243</ele>
</trkpt>
   <trkpt lat="48.3875844" lon="7.4197037">
    <ele>244</ele>
</trkpt>
   <trkpt lat="48.3875809" lon="7.4197452">
    <ele>244</ele>
</trkpt>
   <trkpt lat="48.3875774" lon="7.4197868">
    <ele>244</ele>
</trkpt>
   <trkpt lat="48.3875739" lon="7.4198265">
    <ele>244</ele>
</trkpt>
   <trkpt lat="48.3875704" lon="7.4198663">
    <ele>244</ele>
</trkpt>
   <trkpt lat="48.3875674" lon="7.4199048">
    <ele>244</ele>
</trkpt>
   <trkpt lat="48.3875644" lon="7.4199433">
    <ele>243</ele>
</trkpt>
   <trkpt lat="48.3875603" lon="7.4199818">
    <ele>243</ele>
</trkpt>
   <trkpt lat="48.3875563" lon="7.4200203">
    <ele>243</ele>
</trkpt>
   <trkpt lat="48.3875456" lon="7.4200546">
    <ele>243</ele>
</trkpt>
   <trkpt lat="48.3875349" lon="7.4200890">
    <ele>243</ele>
</trkpt>
   <trkpt lat="48.3875137" lon="7.4201100">
    <ele>242</ele>
</trkpt>
   <trkpt lat="48.3874925" lon="7.4201311">
    <ele>242</ele>
</trkpt>
   <trkpt lat="48.3874669" lon="7.4201266">
    <ele>242</ele>
</trkpt>
   <trkpt lat="48.3874414" lon="7.4201221">
    <ele>242</ele>
</trkpt>
   <trkpt lat="48.3874184" lon="7.4201003">
    <ele>242</ele>
</trkpt>
   <trkpt lat="48.3873954" lon="7.4200786">
    <ele>241</ele>
</trkpt>
   <trkpt lat="48.3873729" lon="7.4200495">
    <ele>241</ele>
</trkpt>
   <trkpt lat="48.3873504" lon="7.4200205">
    <ele>241</ele>
</trkpt>
   <trkpt lat="48.3873288" lon="7.4199896">
    <ele>241</ele>
</trkpt>
   <trkpt lat="48.3873072" lon="7.4199587">
    <ele>241</ele>
</trkpt>
   <trkpt lat="48.3872865" lon="7.4199290">
    <ele>240</ele>
</trkpt>
   <trkpt lat="48.3872659" lon="7.4198994">
    <ele>240</ele>
</trkpt>
   <trkpt lat="48.3872444" lon="7.4198728">
    <ele>240</ele>
</trkpt>
   <trkpt lat="48.3872229" lon="7.4198462">
    <ele>240</ele>
</trkpt>
   <trkpt lat="48.3872006" lon="7.4198215">
    <ele>240</ele>
</trkpt>
   <trkpt lat="48.3871783" lon="7.4197968">
    <ele>239</ele>
</trkpt>
   <trkpt lat="48.3871567" lon="7.4197729">
    <ele>239</ele>
</trkpt>
   <trkpt lat="48.3871352" lon="7.4197490">
    <ele>239</ele>
</trkpt>
   <trkpt lat="48.3871129" lon="7.4197255">
    <ele>239</ele>
</trkpt>
   <trkpt lat="48.3870907" lon="7.4197020">
    <ele>239</ele>
</trkpt>
   <trkpt lat="48.3870692" lon="7.4196799">
    <ele>239</ele>
</trkpt>
   <trkpt lat="48.3870478" lon="7.4196579">
    <ele>239</ele>
</trkpt>
   <trkpt lat="48.3870280" lon="7.4196334">
    <ele>239</ele>
</trkpt>
   <trkpt lat="48.3870082" lon="7.4196090">
    <ele>239</ele>
</trkpt>
   <trkpt lat="48.3869881" lon="7.4195826">
    <ele>239</ele>
</trkpt>
   <trkpt lat="48.3869681" lon="7.4195563">
    <ele>238</ele>
</trkpt>
   <trkpt lat="48.3869457" lon="7.4195321">
    <ele>238</ele>
</trkpt>
   <trkpt lat="48.3869233" lon="7.4195080">
    <ele>238</ele>
</trkpt>
   <trkpt lat="48.3868989" lon="7.4194866">
    <ele>238</ele>
</trkpt>
   <trkpt lat="48.3868745" lon="7.4194652">
    <ele>238</ele>
</trkpt>
   <trkpt lat="48.3868490" lon="7.4194456">
    <ele>238</ele>
</trkpt>
   <trkpt lat="48.3868235" lon="7.4194261">
    <ele>238</ele>
</trkpt>
   <trkpt lat="48.3867987" lon="7.4194059">
    <ele>238</ele>
</trkpt>
   <trkpt lat="48.3867739" lon="7.4193857">
    <ele>238</ele>
</trkpt>
   <trkpt lat="48.3867495" lon="7.4193647">
    <ele>238</ele>
</trkpt>
   <trkpt lat="48.3867252" lon="7.4193438">
    <ele>237</ele>
</trkpt>
   <trkpt lat="48.3867003" lon="7.4193238">
    <ele>237</ele>
</trkpt>
   <trkpt lat="48.3866755" lon="7.4193039">
    <ele>237</ele>
</trkpt>
   <trkpt lat="48.3866503" lon="7.4192849">
    <ele>237</ele>
</trkpt>
   <trkpt lat="48.3866252" lon="7.4192659">
    <ele>237</ele>
</trkpt>
   <trkpt lat="48.3866015" lon="7.4192466">
    <ele>237</ele>
</trkpt>
   <trkpt lat="48.3865779" lon="7.4192274">
    <ele>237</ele>
</trkpt>
   <trkpt lat="48.3865558" lon="7.4192097">
    <ele>237</ele>
</trkpt>
   <trkpt lat="48.3865338" lon="7.4191920">
    <ele>237</ele>
</trkpt>
   <trkpt lat="48.3865121" lon="7.4191757">
    <ele>237</ele>
</trkpt>
   <trkpt lat="48.3864905" lon="7.4191594">
    <ele>237</ele>
</trkpt>
   <trkpt lat="48.3864683" lon="7.4191438">
    <ele>237</ele>
</trkpt>
   <trkpt lat="48.3864461" lon="7.4191282">
    <ele>237</ele>
</trkpt>
   <trkpt lat="48.3864230" lon="7.4191122">
    <ele>237</ele>
</trkpt>
   <trkpt lat="48.3864000" lon="7.4190962">
    <ele>237</ele>
</trkpt>
   <trkpt lat="48.3863760" lon="7.4190793">
    <ele>237</ele>
</trkpt>
   <trkpt lat="48.3863521" lon="7.4190624">
    <ele>237</ele>
</trkpt>
   <trkpt lat="48.3863305" lon="7.4190433">
    <ele>237</ele>
</trkpt>
   <trkpt lat="48.3863089" lon="7.4190242">
    <ele>237</ele>
</trkpt>
   <trkpt lat="48.3862898" lon="7.4190132">
    <ele>238</ele>
</trkpt>
   <trkpt lat="48.3862707" lon="7.4190023">
    <ele>238</ele>
</trkpt>
   <trkpt lat="48.3862513" lon="7.4190085">
    <ele>238</ele>
</trkpt>
   <trkpt lat="48.3862319" lon="7.4190148">
    <ele>238</ele>
</trkpt>
   <trkpt lat="48.3862128" lon="7.4190346">
    <ele>238</ele>
</trkpt>
   <trkpt lat="48.3861938" lon="7.4190544">
    <ele>238</ele>
</trkpt>
   <trkpt lat="48.3861772" lon="7.4190850">
    <ele>238</ele>
</trkpt>
   <trkpt lat="48.3861607" lon="7.4191156">
    <ele>238</ele>
</trkpt>
   <trkpt lat="48.3861461" lon="7.4191512">
    <ele>238</ele>
</trkpt>
   <trkpt lat="48.3861315" lon="7.4191869">
    <ele>238</ele>
</trkpt>
   <trkpt lat="48.3861187" lon="7.4192263">
    <ele>238</ele>
</trkpt>
   <trkpt lat="48.3861059" lon="7.4192658">
    <ele>237</ele>
</trkpt>
   <trkpt lat="48.3860951" lon="7.4193061">
    <ele>237</ele>
</trkpt>
   <trkpt lat="48.3860844" lon="7.4193464">
    <ele>237</ele>
</trkpt>
   <trkpt lat="48.3860743" lon="7.4193826">
    <ele>237</ele>
</trkpt>
   <trkpt lat="48.3860643" lon="7.4194188">
    <ele>237</ele>
</trkpt>
   <trkpt lat="48.3860534" lon="7.4194528">
    <ele>237</ele>
</trkpt>
   <trkpt lat="48.3860426" lon="7.4194869">
    <ele>237</ele>
</trkpt>
   <trkpt lat="48.3860312" lon="7.4195237">
    <ele>237</ele>
</trkpt>
   <trkpt lat="48.3860199" lon="7.4195605">
    <ele>237</ele>
</trkpt>
   <trkpt lat="48.3860094" lon="7.4195968">
    <ele>237</ele>
</trkpt>
   <trkpt lat="48.3859989" lon="7.4196331">
    <ele>236</ele>
</trkpt>
   <trkpt lat="48.3859875" lon="7.4196678">
    <ele>236</ele>
</trkpt>
   <trkpt lat="48.3859762" lon="7.4197026">
    <ele>236</ele>
</trkpt>
   <trkpt lat="48.3859654" lon="7.4197266">
    <ele>236</ele>
</trkpt>
   <trkpt lat="48.3859546" lon="7.4197507">
    <ele>236</ele>
</trkpt>
   <trkpt lat="48.3859481" lon="7.4197537">
    <ele>235</ele>
</trkpt>
   <trkpt lat="48.3859417" lon="7.4197567">
    <ele>235</ele>
</trkpt>
  </trkseg>
 </trk>
</gpx>
