<?xml version="1.0" encoding="UTF-8"?>
<gpx creator="StravaGPX" version="1.1" xmlns="http://www.topografix.com/GPX/1/1" xmlns:xsi="http://www.w3.org/2001/XMLSchema-instance" xsi:schemaLocation="http://www.topografix.com/GPX/1/1 http://www.topografix.com/GPX/1/1/gpx.xsd">
 <trk>
  <name>Sub 2 😏</name>
  <type>running</type>
  <trkseg>
   <trkpt lat="48.5862180" lon="7.7618090">
    <ele>142.0</ele>
   </trkpt>
   <trkpt lat="48.5862450" lon="7.7618500">
    <ele>142.0</ele>
   </trkpt>
   <trkpt lat="48.5862560" lon="7.7618640">
    <ele>142.0</ele>
   </trkpt>
   <trkpt lat="48.5862820" lon="7.7618940">
    <ele>142.0</ele>
   </trkpt>
   <trkpt lat="48.5863160" lon="7.7619280">
    <ele>142.0</ele>
   </trkpt>
   <trkpt lat="48.5863290" lon="7.7619400">
    <ele>142.1</ele>
   </trkpt>
   <trkpt lat="48.5863570" lon="7.7619470">
    <ele>142.1</ele>
   </trkpt>
   <trkpt lat="48.5863740" lon="7.7619920">
    <ele>142.1</ele>
   </trkpt>
   <trkpt lat="48.5863890" lon="7.7620370">
    <ele>142.1</ele>
   </trkpt>
   <trkpt lat="48.5863940" lon="7.7620520">
    <ele>142.1</ele>
   </trkpt>
   <trkpt lat="48.5864240" lon="7.7620770">
    <ele>142.1</ele>
   </trkpt>
   <trkpt lat="48.5864370" lon="7.7620850">
    <ele>142.1</ele>
   </trkpt>
   <trkpt lat="48.5864580" lon="7.7620990">
    <ele>142.1</ele>
   </trkpt>
   <trkpt lat="48.5864710" lon="7.7621000">
    <ele>142.2</ele>
   </trkpt>
   <trkpt lat="48.5865040" lon="7.7621170">
    <ele>142.2</ele>
   </trkpt>
   <trkpt lat="48.5865300" lon="7.7621310">
    <ele>142.3</ele>
   </trkpt>
   <trkpt lat="48.5865570" lon="7.7621730">
    <ele>142.3</ele>
   </trkpt>
   <trkpt lat="48.5865650" lon="7.7621880">
    <ele>142.3</ele>
   </trkpt>
   <trkpt lat="48.5865950" lon="7.7622170">
    <ele>142.3</ele>
   </trkpt>
   <trkpt lat="48.5866260" lon="7.7622360">
    <ele>142.2</ele>
   </trkpt>
   <trkpt lat="48.5866610" lon="7.7622630">
    <ele>142.1</ele>
   </trkpt>
   <trkpt lat="48.5866710" lon="7.7622740">
    <ele>142.1</ele>
   </trkpt>
   <trkpt lat="48.5866940" lon="7.7622960">
    <ele>142.0</ele>
   </trkpt>
   <trkpt lat="48.5867280" lon="7.7623350">
    <ele>142.0</ele>
   </trkpt>
   <trkpt lat="48.5867390" lon="7.7623510">
    <ele>142.0</ele>
   </trkpt>
   <trkpt lat="48.5867650" lon="7.7623930">
    <ele>142.0</ele>
   </trkpt>
   <trkpt lat="48.5867770" lon="7.7624020">
    <ele>142.0</ele>
   </trkpt>
   <trkpt lat="48.5867980" lon="7.7624330">
    <ele>141.9</ele>
   </trkpt>
   <trkpt lat="48.5868110" lon="7.7624900">
    <ele>141.9</ele>
   </trkpt>
   <trkpt lat="48.5868270" lon="7.7625300">
    <ele>141.9</ele>
   </trkpt>
   <trkpt lat="48.5868500" lon="7.7625620">
    <ele>141.9</ele>
   </trkpt>
   <trkpt lat="48.5868640" lon="7.7626040">
    <ele>141.8</ele>
   </trkpt>
   <trkpt lat="48.5868930" lon="7.7626260">
    <ele>141.8</ele>
   </trkpt>
   <trkpt lat="48.5869050" lon="7.7626350">
    <ele>141.8</ele>
   </trkpt>
   <trkpt lat="48.5869250" lon="7.7626640">
    <ele>141.8</ele>
   </trkpt>
   <trkpt lat="48.5869530" lon="7.7626920">
    <ele>141.8</ele>
   </trkpt>
   <trkpt lat="48.5869580" lon="7.7627090">
    <ele>141.8</ele>
   </trkpt>
   <trkpt lat="48.5869850" lon="7.7627320">
    <ele>141.8</ele>
   </trkpt>
   <trkpt lat="48.5870170" lon="7.7627550">
    <ele>141.8</ele>
   </trkpt>
   <trkpt lat="48.5870410" lon="7.7627830">
    <ele>141.8</ele>
   </trkpt>
   <trkpt lat="48.5870660" lon="7.7628100">
    <ele>141.8</ele>
   </trkpt>
   <trkpt lat="48.5871010" lon="7.7628460">
    <ele>141.8</ele>
   </trkpt>
   <trkpt lat="48.5871110" lon="7.7628670">
    <ele>141.8</ele>
   </trkpt>
   <trkpt lat="48.5871350" lon="7.7628940">
    <ele>141.8</ele>
   </trkpt>
   <trkpt lat="48.5871630" lon="7.7629320">
    <ele>141.8</ele>
   </trkpt>
   <trkpt lat="48.5871740" lon="7.7629470">
    <ele>141.8</ele>
   </trkpt>
   <trkpt lat="48.5872020" lon="7.7629470">
    <ele>141.9</ele>
   </trkpt>
   <trkpt lat="48.5872310" lon="7.7629730">
    <ele>141.9</ele>
   </trkpt>
   <trkpt lat="48.5872460" lon="7.7630130">
    <ele>141.9</ele>
   </trkpt>
   <trkpt lat="48.5872720" lon="7.7630450">
    <ele>141.9</ele>
   </trkpt>
   <trkpt lat="48.5872880" lon="7.7630940">
    <ele>141.9</ele>
   </trkpt>
   <trkpt lat="48.5873080" lon="7.7631250">
    <ele>141.9</ele>
   </trkpt>
   <trkpt lat="48.5873460" lon="7.7631390">
    <ele>141.9</ele>
   </trkpt>
   <trkpt lat="48.5873570" lon="7.7631900">
    <ele>141.9</ele>
   </trkpt>
   <trkpt lat="48.5873800" lon="7.7632150">
    <ele>141.9</ele>
   </trkpt>
   <trkpt lat="48.5874100" lon="7.7632480">
    <ele>141.9</ele>
   </trkpt>
   <trkpt lat="48.5874180" lon="7.7632580">
    <ele>141.9</ele>
   </trkpt>
   <trkpt lat="48.5874500" lon="7.7632880">
    <ele>141.9</ele>
   </trkpt>
   <trkpt lat="48.5874600" lon="7.7633020">
    <ele>141.9</ele>
   </trkpt>
   <trkpt lat="48.5874850" lon="7.7633430">
    <ele>141.9</ele>
   </trkpt>
   <trkpt lat="48.5874900" lon="7.7633740">
    <ele>141.9</ele>
   </trkpt>
   <trkpt lat="48.5875240" lon="7.7633780">
    <ele>141.9</ele>
   </trkpt>
   <trkpt lat="48.5875430" lon="7.7634230">
    <ele>141.9</ele>
   </trkpt>
   <trkpt lat="48.5875550" lon="7.7634630">
    <ele>141.9</ele>
   </trkpt>
   <trkpt lat="48.5875780" lon="7.7635040">
    <ele>141.9</ele>
   </trkpt>
   <trkpt lat="48.5875880" lon="7.7635170">
    <ele>141.9</ele>
   </trkpt>
   <trkpt lat="48.5876190" lon="7.7635230">
    <ele>141.9</ele>
   </trkpt>
   <trkpt lat="48.5876460" lon="7.7635700">
    <ele>141.9</ele>
   </trkpt>
   <trkpt lat="48.5876520" lon="7.7635920">
    <ele>141.9</ele>
   </trkpt>
   <trkpt lat="48.5876730" lon="7.7636230">
    <ele>141.9</ele>
   </trkpt>
   <trkpt lat="48.5877070" lon="7.7636290">
    <ele>141.9</ele>
   </trkpt>
   <trkpt lat="48.5877430" lon="7.7636520">
    <ele>141.9</ele>
   </trkpt>
   <trkpt lat="48.5877540" lon="7.7636550">
    <ele>141.9</ele>
   </trkpt>
   <trkpt lat="48.5877720" lon="7.7636930">
    <ele>141.9</ele>
   </trkpt>
   <trkpt lat="48.5877960" lon="7.7637130">
    <ele>141.9</ele>
   </trkpt>
   <trkpt lat="48.5878250" lon="7.7637080">
    <ele>141.9</ele>
   </trkpt>
   <trkpt lat="48.5878480" lon="7.7637330">
    <ele>141.9</ele>
   </trkpt>
   <trkpt lat="48.5878860" lon="7.7637520">
    <ele>141.9</ele>
   </trkpt>
   <trkpt lat="48.5879000" lon="7.7637540">
    <ele>141.9</ele>
   </trkpt>
   <trkpt lat="48.5879330" lon="7.7637840">
    <ele>141.9</ele>
   </trkpt>
   <trkpt lat="48.5879450" lon="7.7637920">
    <ele>141.9</ele>
   </trkpt>
   <trkpt lat="48.5879840" lon="7.7638020">
    <ele>141.9</ele>
   </trkpt>
   <trkpt lat="48.5879980" lon="7.7637980">
    <ele>141.9</ele>
   </trkpt>
   <trkpt lat="48.5880330" lon="7.7638050">
    <ele>141.9</ele>
   </trkpt>
   <trkpt lat="48.5880550" lon="7.7638340">
    <ele>141.9</ele>
   </trkpt>
   <trkpt lat="48.5880660" lon="7.7638430">
    <ele>141.9</ele>
   </trkpt>
   <trkpt lat="48.5881020" lon="7.7638700">
    <ele>141.9</ele>
   </trkpt>
   <trkpt lat="48.5881180" lon="7.7638730">
    <ele>141.9</ele>
   </trkpt>
   <trkpt lat="48.5881470" lon="7.7638710">
    <ele>141.9</ele>
   </trkpt>
   <trkpt lat="48.5881760" lon="7.7638810">
    <ele>141.9</ele>
   </trkpt>
   <trkpt lat="48.5882040" lon="7.7638940">
    <ele>141.9</ele>
   </trkpt>
   <trkpt lat="48.5882490" lon="7.7639270">
    <ele>141.9</ele>
   </trkpt>
   <trkpt lat="48.5882660" lon="7.7639350">
    <ele>141.9</ele>
   </trkpt>
   <trkpt lat="48.5882820" lon="7.7639430">
    <ele>141.9</ele>
   </trkpt>
   <trkpt lat="48.5883190" lon="7.7639470">
    <ele>141.9</ele>
   </trkpt>
   <trkpt lat="48.5883610" lon="7.7639590">
    <ele>141.9</ele>
   </trkpt>
   <trkpt lat="48.5883780" lon="7.7639600">
    <ele>141.9</ele>
   </trkpt>
   <trkpt lat="48.5884070" lon="7.7639650">
    <ele>141.9</ele>
   </trkpt>
   <trkpt lat="48.5884350" lon="7.7639740">
    <ele>141.9</ele>
   </trkpt>
   <trkpt lat="48.5884710" lon="7.7639870">
    <ele>141.9</ele>
   </trkpt>
   <trkpt lat="48.5884800" lon="7.7639960">
    <ele>141.9</ele>
   </trkpt>
   <trkpt lat="48.5885120" lon="7.7639970">
    <ele>141.9</ele>
   </trkpt>
   <trkpt lat="48.5885420" lon="7.7639850">
    <ele>141.9</ele>
   </trkpt>
   <trkpt lat="48.5885740" lon="7.7639930">
    <ele>141.9</ele>
   </trkpt>
   <trkpt lat="48.5885970" lon="7.7640100">
    <ele>141.9</ele>
   </trkpt>
   <trkpt lat="48.5886080" lon="7.7640200">
    <ele>141.9</ele>
   </trkpt>
   <trkpt lat="48.5886380" lon="7.7640270">
    <ele>141.9</ele>
   </trkpt>
   <trkpt lat="48.5886720" lon="7.7640350">
    <ele>141.9</ele>
   </trkpt>
   <trkpt lat="48.5887140" lon="7.7640260">
    <ele>141.9</ele>
   </trkpt>
   <trkpt lat="48.5887300" lon="7.7640210">
    <ele>141.9</ele>
   </trkpt>
   <trkpt lat="48.5887710" lon="7.7640110">
    <ele>141.9</ele>
   </trkpt>
   <trkpt lat="48.5887990" lon="7.7640060">
    <ele>141.9</ele>
   </trkpt>
   <trkpt lat="48.5888340" lon="7.7640040">
    <ele>141.9</ele>
   </trkpt>
   <trkpt lat="48.5888460" lon="7.7640030">
    <ele>141.9</ele>
   </trkpt>
   <trkpt lat="48.5888720" lon="7.7640240">
    <ele>141.9</ele>
   </trkpt>
   <trkpt lat="48.5889090" lon="7.7640340">
    <ele>141.9</ele>
   </trkpt>
   <trkpt lat="48.5889230" lon="7.7640360">
    <ele>141.9</ele>
   </trkpt>
   <trkpt lat="48.5889500" lon="7.7640300">
    <ele>141.9</ele>
   </trkpt>
   <trkpt lat="48.5889850" lon="7.7640230">
    <ele>141.9</ele>
   </trkpt>
   <trkpt lat="48.5890200" lon="7.7640150">
    <ele>141.9</ele>
   </trkpt>
   <trkpt lat="48.5890570" lon="7.7640230">
    <ele>141.9</ele>
   </trkpt>
   <trkpt lat="48.5890710" lon="7.7640250">
    <ele>141.9</ele>
   </trkpt>
   <trkpt lat="48.5891110" lon="7.7640300">
    <ele>141.9</ele>
   </trkpt>
   <trkpt lat="48.5891320" lon="7.7640330">
    <ele>141.9</ele>
   </trkpt>
   <trkpt lat="48.5891670" lon="7.7640380">
    <ele>141.9</ele>
   </trkpt>
   <trkpt lat="48.5892050" lon="7.7640550">
    <ele>142.0</ele>
   </trkpt>
   <trkpt lat="48.5892160" lon="7.7640700">
    <ele>142.0</ele>
   </trkpt>
   <trkpt lat="48.5892490" lon="7.7640720">
    <ele>142.0</ele>
   </trkpt>
   <trkpt lat="48.5892810" lon="7.7640840">
    <ele>142.0</ele>
   </trkpt>
   <trkpt lat="48.5893100" lon="7.7640830">
    <ele>142.0</ele>
   </trkpt>
   <trkpt lat="48.5893730" lon="7.7640770">
    <ele>142.0</ele>
   </trkpt>
   <trkpt lat="48.5894060" lon="7.7640660">
    <ele>142.0</ele>
   </trkpt>
   <trkpt lat="48.5894380" lon="7.7640900">
    <ele>142.0</ele>
   </trkpt>
   <trkpt lat="48.5894660" lon="7.7641110">
    <ele>142.0</ele>
   </trkpt>
   <trkpt lat="48.5894960" lon="7.7641280">
    <ele>142.0</ele>
   </trkpt>
   <trkpt lat="48.5895250" lon="7.7641450">
    <ele>142.0</ele>
   </trkpt>
   <trkpt lat="48.5895650" lon="7.7641690">
    <ele>142.0</ele>
   </trkpt>
   <trkpt lat="48.5895820" lon="7.7641770">
    <ele>142.0</ele>
   </trkpt>
   <trkpt lat="48.5896170" lon="7.7642000">
    <ele>142.0</ele>
   </trkpt>
   <trkpt lat="48.5896310" lon="7.7642080">
    <ele>142.0</ele>
   </trkpt>
   <trkpt lat="48.5896600" lon="7.7642080">
    <ele>141.9</ele>
   </trkpt>
   <trkpt lat="48.5896930" lon="7.7642320">
    <ele>141.9</ele>
   </trkpt>
   <trkpt lat="48.5897070" lon="7.7642400">
    <ele>141.9</ele>
   </trkpt>
   <trkpt lat="48.5897320" lon="7.7642700">
    <ele>141.9</ele>
   </trkpt>
   <trkpt lat="48.5897580" lon="7.7643010">
    <ele>141.9</ele>
   </trkpt>
   <trkpt lat="48.5897880" lon="7.7643250">
    <ele>141.9</ele>
   </trkpt>
   <trkpt lat="48.5898140" lon="7.7643440">
    <ele>141.9</ele>
   </trkpt>
   <trkpt lat="48.5898420" lon="7.7643570">
    <ele>141.9</ele>
   </trkpt>
   <trkpt lat="48.5898790" lon="7.7643750">
    <ele>141.9</ele>
   </trkpt>
   <trkpt lat="48.5899050" lon="7.7644060">
    <ele>141.9</ele>
   </trkpt>
   <trkpt lat="48.5899300" lon="7.7644340">
    <ele>141.9</ele>
   </trkpt>
   <trkpt lat="48.5899460" lon="7.7644680">
    <ele>141.9</ele>
   </trkpt>
   <trkpt lat="48.5899660" lon="7.7645000">
    <ele>141.9</ele>
   </trkpt>
   <trkpt lat="48.5899920" lon="7.7645220">
    <ele>141.9</ele>
   </trkpt>
   <trkpt lat="48.5900140" lon="7.7645540">
    <ele>141.9</ele>
   </trkpt>
   <trkpt lat="48.5900450" lon="7.7645780">
    <ele>141.9</ele>
   </trkpt>
   <trkpt lat="48.5900620" lon="7.7646090">
    <ele>141.9</ele>
   </trkpt>
   <trkpt lat="48.5900890" lon="7.7646360">
    <ele>141.9</ele>
   </trkpt>
   <trkpt lat="48.5901220" lon="7.7646680">
    <ele>141.9</ele>
   </trkpt>
   <trkpt lat="48.5901320" lon="7.7646830">
    <ele>141.9</ele>
   </trkpt>
   <trkpt lat="48.5901590" lon="7.7647020">
    <ele>141.9</ele>
   </trkpt>
   <trkpt lat="48.5901840" lon="7.7647370">
    <ele>141.9</ele>
   </trkpt>
   <trkpt lat="48.5902110" lon="7.7647530">
    <ele>141.9</ele>
   </trkpt>
   <trkpt lat="48.5902290" lon="7.7647870">
    <ele>142.0</ele>
   </trkpt>
   <trkpt lat="48.5902520" lon="7.7648190">
    <ele>142.0</ele>
   </trkpt>
   <trkpt lat="48.5902770" lon="7.7648570">
    <ele>142.0</ele>
   </trkpt>
   <trkpt lat="48.5902860" lon="7.7648680">
    <ele>142.0</ele>
   </trkpt>
   <trkpt lat="48.5903120" lon="7.7649010">
    <ele>142.0</ele>
   </trkpt>
   <trkpt lat="48.5903280" lon="7.7649450">
    <ele>142.0</ele>
   </trkpt>
   <trkpt lat="48.5903510" lon="7.7649680">
    <ele>142.0</ele>
   </trkpt>
   <trkpt lat="48.5903750" lon="7.7649900">
    <ele>142.1</ele>
   </trkpt>
   <trkpt lat="48.5904000" lon="7.7650150">
    <ele>142.1</ele>
   </trkpt>
   <trkpt lat="48.5904160" lon="7.7650500">
    <ele>142.1</ele>
   </trkpt>
   <trkpt lat="48.5904270" lon="7.7651040">
    <ele>142.1</ele>
   </trkpt>
   <trkpt lat="48.5904330" lon="7.7651270">
    <ele>142.1</ele>
   </trkpt>
   <trkpt lat="48.5904480" lon="7.7651740">
    <ele>142.1</ele>
   </trkpt>
   <trkpt lat="48.5904750" lon="7.7652050">
    <ele>142.2</ele>
   </trkpt>
   <trkpt lat="48.5905130" lon="7.7652220">
    <ele>142.2</ele>
   </trkpt>
   <trkpt lat="48.5905230" lon="7.7652670">
    <ele>142.2</ele>
   </trkpt>
   <trkpt lat="48.5905420" lon="7.7653090">
    <ele>142.3</ele>
   </trkpt>
   <trkpt lat="48.5905620" lon="7.7653460">
    <ele>142.3</ele>
   </trkpt>
   <trkpt lat="48.5905760" lon="7.7653830">
    <ele>142.3</ele>
   </trkpt>
   <trkpt lat="48.5906090" lon="7.7653870">
    <ele>142.2</ele>
   </trkpt>
   <trkpt lat="48.5906320" lon="7.7654160">
    <ele>142.2</ele>
   </trkpt>
   <trkpt lat="48.5906600" lon="7.7654540">
    <ele>142.2</ele>
   </trkpt>
   <trkpt lat="48.5906680" lon="7.7654730">
    <ele>142.2</ele>
   </trkpt>
   <trkpt lat="48.5907010" lon="7.7655080">
    <ele>142.2</ele>
   </trkpt>
   <trkpt lat="48.5907230" lon="7.7655360">
    <ele>142.2</ele>
   </trkpt>
   <trkpt lat="48.5907560" lon="7.7655670">
    <ele>142.1</ele>
   </trkpt>
   <trkpt lat="48.5907750" lon="7.7656190">
    <ele>142.0</ele>
   </trkpt>
   <trkpt lat="48.5907870" lon="7.7656320">
    <ele>142.0</ele>
   </trkpt>
   <trkpt lat="48.5908100" lon="7.7656590">
    <ele>141.9</ele>
   </trkpt>
   <trkpt lat="48.5908390" lon="7.7656700">
    <ele>141.9</ele>
   </trkpt>
   <trkpt lat="48.5908690" lon="7.7657090">
    <ele>141.8</ele>
   </trkpt>
   <trkpt lat="48.5908780" lon="7.7657240">
    <ele>141.8</ele>
   </trkpt>
   <trkpt lat="48.5909010" lon="7.7657530">
    <ele>141.7</ele>
   </trkpt>
   <trkpt lat="48.5909260" lon="7.7657870">
    <ele>141.6</ele>
   </trkpt>
   <trkpt lat="48.5909460" lon="7.7658240">
    <ele>141.6</ele>
   </trkpt>
   <trkpt lat="48.5909800" lon="7.7658570">
    <ele>141.6</ele>
   </trkpt>
   <trkpt lat="48.5909930" lon="7.7658680">
    <ele>141.5</ele>
   </trkpt>
   <trkpt lat="48.5910100" lon="7.7659070">
    <ele>141.5</ele>
   </trkpt>
   <trkpt lat="48.5910320" lon="7.7659580">
    <ele>141.5</ele>
   </trkpt>
   <trkpt lat="48.5910400" lon="7.7659810">
    <ele>141.5</ele>
   </trkpt>
   <trkpt lat="48.5910670" lon="7.7660070">
    <ele>141.5</ele>
   </trkpt>
   <trkpt lat="48.5910900" lon="7.7660320">
    <ele>141.5</ele>
   </trkpt>
   <trkpt lat="48.5911190" lon="7.7660560">
    <ele>141.5</ele>
   </trkpt>
   <trkpt lat="48.5911370" lon="7.7660930">
    <ele>141.5</ele>
   </trkpt>
   <trkpt lat="48.5911610" lon="7.7661280">
    <ele>141.5</ele>
   </trkpt>
   <trkpt lat="48.5911950" lon="7.7661590">
    <ele>141.5</ele>
   </trkpt>
   <trkpt lat="48.5912090" lon="7.7661640">
    <ele>141.5</ele>
   </trkpt>
   <trkpt lat="48.5912410" lon="7.7661840">
    <ele>141.4</ele>
   </trkpt>
   <trkpt lat="48.5912520" lon="7.7661930">
    <ele>141.4</ele>
   </trkpt>
   <trkpt lat="48.5912800" lon="7.7662150">
    <ele>141.4</ele>
   </trkpt>
   <trkpt lat="48.5913040" lon="7.7662330">
    <ele>141.4</ele>
   </trkpt>
   <trkpt lat="48.5913240" lon="7.7662650">
    <ele>141.4</ele>
   </trkpt>
   <trkpt lat="48.5913550" lon="7.7662750">
    <ele>141.4</ele>
   </trkpt>
   <trkpt lat="48.5913850" lon="7.7663080">
    <ele>141.4</ele>
   </trkpt>
   <trkpt lat="48.5914000" lon="7.7663180">
    <ele>141.4</ele>
   </trkpt>
   <trkpt lat="48.5914280" lon="7.7663480">
    <ele>141.4</ele>
   </trkpt>
   <trkpt lat="48.5914330" lon="7.7663580">
    <ele>141.4</ele>
   </trkpt>
   <trkpt lat="48.5914640" lon="7.7663860">
    <ele>141.4</ele>
   </trkpt>
   <trkpt lat="48.5914760" lon="7.7663990">
    <ele>141.4</ele>
   </trkpt>
   <trkpt lat="48.5915070" lon="7.7664290">
    <ele>141.4</ele>
   </trkpt>
   <trkpt lat="48.5915170" lon="7.7664450">
    <ele>141.4</ele>
   </trkpt>
   <trkpt lat="48.5915510" lon="7.7664560">
    <ele>141.4</ele>
   </trkpt>
   <trkpt lat="48.5915790" lon="7.7664810">
    <ele>141.4</ele>
   </trkpt>
   <trkpt lat="48.5916170" lon="7.7664990">
    <ele>141.4</ele>
   </trkpt>
   <trkpt lat="48.5916330" lon="7.7665080">
    <ele>141.4</ele>
   </trkpt>
   <trkpt lat="48.5916650" lon="7.7665260">
    <ele>141.3</ele>
   </trkpt>
   <trkpt lat="48.5916920" lon="7.7665500">
    <ele>141.3</ele>
   </trkpt>
   <trkpt lat="48.5917220" lon="7.7665720">
    <ele>141.3</ele>
   </trkpt>
   <trkpt lat="48.5917500" lon="7.7665920">
    <ele>141.3</ele>
   </trkpt>
   <trkpt lat="48.5917770" lon="7.7666090">
    <ele>141.3</ele>
   </trkpt>
   <trkpt lat="48.5918010" lon="7.7666310">
    <ele>141.3</ele>
   </trkpt>
   <trkpt lat="48.5918410" lon="7.7666470">
    <ele>141.3</ele>
   </trkpt>
   <trkpt lat="48.5918550" lon="7.7666550">
    <ele>141.3</ele>
   </trkpt>
   <trkpt lat="48.5918900" lon="7.7666840">
    <ele>141.3</ele>
   </trkpt>
   <trkpt lat="48.5919040" lon="7.7666970">
    <ele>141.3</ele>
   </trkpt>
   <trkpt lat="48.5919420" lon="7.7667200">
    <ele>141.3</ele>
   </trkpt>
   <trkpt lat="48.5919580" lon="7.7667290">
    <ele>141.3</ele>
   </trkpt>
   <trkpt lat="48.5919910" lon="7.7667370">
    <ele>141.3</ele>
   </trkpt>
   <trkpt lat="48.5920200" lon="7.7667530">
    <ele>141.3</ele>
   </trkpt>
   <trkpt lat="48.5920530" lon="7.7667810">
    <ele>141.3</ele>
   </trkpt>
   <trkpt lat="48.5920880" lon="7.7668020">
    <ele>141.3</ele>
   </trkpt>
   <trkpt lat="48.5920970" lon="7.7668170">
    <ele>141.3</ele>
   </trkpt>
   <trkpt lat="48.5921340" lon="7.7668380">
    <ele>141.3</ele>
   </trkpt>
   <trkpt lat="48.5921460" lon="7.7668390">
    <ele>141.3</ele>
   </trkpt>
   <trkpt lat="48.5921730" lon="7.7668640">
    <ele>141.3</ele>
   </trkpt>
   <trkpt lat="48.5921990" lon="7.7668810">
    <ele>141.3</ele>
   </trkpt>
   <trkpt lat="48.5922270" lon="7.7668990">
    <ele>141.3</ele>
   </trkpt>
   <trkpt lat="48.5922550" lon="7.7669240">
    <ele>141.2</ele>
   </trkpt>
   <trkpt lat="48.5922850" lon="7.7669510">
    <ele>141.2</ele>
   </trkpt>
   <trkpt lat="48.5923010" lon="7.7669870">
    <ele>141.2</ele>
   </trkpt>
   <trkpt lat="48.5923220" lon="7.7670240">
    <ele>141.2</ele>
   </trkpt>
   <trkpt lat="48.5923890" lon="7.7670470">
    <ele>141.1</ele>
   </trkpt>
   <trkpt lat="48.5924300" lon="7.7670580">
    <ele>141.1</ele>
   </trkpt>
   <trkpt lat="48.5924450" lon="7.7670660">
    <ele>141.1</ele>
   </trkpt>
   <trkpt lat="48.5924720" lon="7.7670790">
    <ele>141.2</ele>
   </trkpt>
   <trkpt lat="48.5925050" lon="7.7671020">
    <ele>141.3</ele>
   </trkpt>
   <trkpt lat="48.5925190" lon="7.7671090">
    <ele>141.4</ele>
   </trkpt>
   <trkpt lat="48.5925470" lon="7.7671110">
    <ele>141.5</ele>
   </trkpt>
   <trkpt lat="48.5925790" lon="7.7671140">
    <ele>141.4</ele>
   </trkpt>
   <trkpt lat="48.5926130" lon="7.7671220">
    <ele>141.4</ele>
   </trkpt>
   <trkpt lat="48.5926440" lon="7.7671240">
    <ele>141.3</ele>
   </trkpt>
   <trkpt lat="48.5926730" lon="7.7671350">
    <ele>141.3</ele>
   </trkpt>
   <trkpt lat="48.5927060" lon="7.7671460">
    <ele>141.2</ele>
   </trkpt>
   <trkpt lat="48.5927440" lon="7.7671530">
    <ele>141.2</ele>
   </trkpt>
   <trkpt lat="48.5927580" lon="7.7671560">
    <ele>141.1</ele>
   </trkpt>
   <trkpt lat="48.5927960" lon="7.7671620">
    <ele>141.1</ele>
   </trkpt>
   <trkpt lat="48.5928350" lon="7.7671820">
    <ele>141.0</ele>
   </trkpt>
   <trkpt lat="48.5928510" lon="7.7671860">
    <ele>141.0</ele>
   </trkpt>
   <trkpt lat="48.5928790" lon="7.7671920">
    <ele>140.9</ele>
   </trkpt>
   <trkpt lat="48.5929140" lon="7.7671990">
    <ele>140.9</ele>
   </trkpt>
   <trkpt lat="48.5929460" lon="7.7672150">
    <ele>140.8</ele>
   </trkpt>
   <trkpt lat="48.5929800" lon="7.7672230">
    <ele>140.8</ele>
   </trkpt>
   <trkpt lat="48.5930190" lon="7.7672290">
    <ele>140.8</ele>
   </trkpt>
   <trkpt lat="48.5930320" lon="7.7672350">
    <ele>140.7</ele>
   </trkpt>
   <trkpt lat="48.5930730" lon="7.7672560">
    <ele>140.7</ele>
   </trkpt>
   <trkpt lat="48.5930920" lon="7.7672610">
    <ele>140.7</ele>
   </trkpt>
   <trkpt lat="48.5931220" lon="7.7672710">
    <ele>140.6</ele>
   </trkpt>
   <trkpt lat="48.5931490" lon="7.7672670">
    <ele>140.6</ele>
   </trkpt>
   <trkpt lat="48.5931770" lon="7.7672640">
    <ele>140.5</ele>
   </trkpt>
   <trkpt lat="48.5932070" lon="7.7672840">
    <ele>140.5</ele>
   </trkpt>
   <trkpt lat="48.5932180" lon="7.7672820">
    <ele>140.5</ele>
   </trkpt>
   <trkpt lat="48.5932480" lon="7.7672990">
    <ele>140.5</ele>
   </trkpt>
   <trkpt lat="48.5932800" lon="7.7672910">
    <ele>140.4</ele>
   </trkpt>
   <trkpt lat="48.5933100" lon="7.7673050">
    <ele>140.4</ele>
   </trkpt>
   <trkpt lat="48.5933420" lon="7.7673220">
    <ele>140.3</ele>
   </trkpt>
   <trkpt lat="48.5933780" lon="7.7673350">
    <ele>140.3</ele>
   </trkpt>
   <trkpt lat="48.5934080" lon="7.7673400">
    <ele>140.3</ele>
   </trkpt>
   <trkpt lat="48.5934440" lon="7.7673670">
    <ele>140.3</ele>
   </trkpt>
   <trkpt lat="48.5934570" lon="7.7673740">
    <ele>140.3</ele>
   </trkpt>
   <trkpt lat="48.5934810" lon="7.7674030">
    <ele>140.2</ele>
   </trkpt>
   <trkpt lat="48.5935210" lon="7.7674190">
    <ele>140.2</ele>
   </trkpt>
   <trkpt lat="48.5935540" lon="7.7674350">
    <ele>140.2</ele>
   </trkpt>
   <trkpt lat="48.5935740" lon="7.7674640">
    <ele>140.2</ele>
   </trkpt>
   <trkpt lat="48.5936010" lon="7.7674930">
    <ele>140.2</ele>
   </trkpt>
   <trkpt lat="48.5936300" lon="7.7675000">
    <ele>140.2</ele>
   </trkpt>
   <trkpt lat="48.5936590" lon="7.7675240">
    <ele>140.2</ele>
   </trkpt>
   <trkpt lat="48.5936900" lon="7.7675500">
    <ele>140.2</ele>
   </trkpt>
   <trkpt lat="48.5936970" lon="7.7675630">
    <ele>140.2</ele>
   </trkpt>
   <trkpt lat="48.5937280" lon="7.7675800">
    <ele>140.2</ele>
   </trkpt>
   <trkpt lat="48.5937620" lon="7.7676090">
    <ele>140.2</ele>
   </trkpt>
   <trkpt lat="48.5937750" lon="7.7676140">
    <ele>140.1</ele>
   </trkpt>
   <trkpt lat="48.5938030" lon="7.7676250">
    <ele>140.1</ele>
   </trkpt>
   <trkpt lat="48.5938370" lon="7.7676550">
    <ele>140.1</ele>
   </trkpt>
   <trkpt lat="48.5938490" lon="7.7676660">
    <ele>140.1</ele>
   </trkpt>
   <trkpt lat="48.5938780" lon="7.7676880">
    <ele>140.1</ele>
   </trkpt>
   <trkpt lat="48.5939060" lon="7.7677240">
    <ele>140.1</ele>
   </trkpt>
   <trkpt lat="48.5939210" lon="7.7677280">
    <ele>140.1</ele>
   </trkpt>
   <trkpt lat="48.5939490" lon="7.7677450">
    <ele>140.1</ele>
   </trkpt>
   <trkpt lat="48.5939670" lon="7.7678000">
    <ele>140.1</ele>
   </trkpt>
   <trkpt lat="48.5939860" lon="7.7678300">
    <ele>140.1</ele>
   </trkpt>
   <trkpt lat="48.5940160" lon="7.7678650">
    <ele>140.1</ele>
   </trkpt>
   <trkpt lat="48.5940330" lon="7.7678660">
    <ele>140.1</ele>
   </trkpt>
   <trkpt lat="48.5940790" lon="7.7678740">
    <ele>140.1</ele>
   </trkpt>
   <trkpt lat="48.5940970" lon="7.7678770">
    <ele>140.1</ele>
   </trkpt>
   <trkpt lat="48.5941260" lon="7.7678850">
    <ele>140.0</ele>
   </trkpt>
   <trkpt lat="48.5941600" lon="7.7678790">
    <ele>140.0</ele>
   </trkpt>
   <trkpt lat="48.5941920" lon="7.7678870">
    <ele>140.0</ele>
   </trkpt>
   <trkpt lat="48.5942130" lon="7.7679210">
    <ele>140.0</ele>
   </trkpt>
   <trkpt lat="48.5942380" lon="7.7679510">
    <ele>140.0</ele>
   </trkpt>
   <trkpt lat="48.5942630" lon="7.7679710">
    <ele>140.0</ele>
   </trkpt>
   <trkpt lat="48.5942660" lon="7.7680410">
    <ele>139.9</ele>
   </trkpt>
   <trkpt lat="48.5942940" lon="7.7680790">
    <ele>139.9</ele>
   </trkpt>
   <trkpt lat="48.5943080" lon="7.7680840">
    <ele>139.9</ele>
   </trkpt>
   <trkpt lat="48.5943420" lon="7.7681060">
    <ele>139.9</ele>
   </trkpt>
   <trkpt lat="48.5943700" lon="7.7681080">
    <ele>139.9</ele>
   </trkpt>
   <trkpt lat="48.5943940" lon="7.7681260">
    <ele>139.9</ele>
   </trkpt>
   <trkpt lat="48.5944150" lon="7.7681670">
    <ele>139.9</ele>
   </trkpt>
   <trkpt lat="48.5944520" lon="7.7681630">
    <ele>139.9</ele>
   </trkpt>
   <trkpt lat="48.5944640" lon="7.7681660">
    <ele>139.9</ele>
   </trkpt>
   <trkpt lat="48.5945040" lon="7.7681690">
    <ele>139.8</ele>
   </trkpt>
   <trkpt lat="48.5945370" lon="7.7681220">
    <ele>139.7</ele>
   </trkpt>
   <trkpt lat="48.5945640" lon="7.7680620">
    <ele>139.7</ele>
   </trkpt>
   <trkpt lat="48.5945770" lon="7.7679980">
    <ele>139.6</ele>
   </trkpt>
   <trkpt lat="48.5945730" lon="7.7679420">
    <ele>139.6</ele>
   </trkpt>
   <trkpt lat="48.5945800" lon="7.7678840">
    <ele>139.5</ele>
   </trkpt>
   <trkpt lat="48.5946120" lon="7.7678690">
    <ele>139.5</ele>
   </trkpt>
   <trkpt lat="48.5946350" lon="7.7678170">
    <ele>139.5</ele>
   </trkpt>
   <trkpt lat="48.5946430" lon="7.7677860">
    <ele>139.5</ele>
   </trkpt>
   <trkpt lat="48.5946460" lon="7.7677270">
    <ele>139.4</ele>
   </trkpt>
   <trkpt lat="48.5946520" lon="7.7677050">
    <ele>139.4</ele>
   </trkpt>
   <trkpt lat="48.5946790" lon="7.7676570">
    <ele>139.3</ele>
   </trkpt>
   <trkpt lat="48.5947150" lon="7.7676240">
    <ele>139.3</ele>
   </trkpt>
   <trkpt lat="48.5947340" lon="7.7675840">
    <ele>139.2</ele>
   </trkpt>
   <trkpt lat="48.5947340" lon="7.7675300">
    <ele>139.1</ele>
   </trkpt>
   <trkpt lat="48.5947670" lon="7.7675030">
    <ele>139.1</ele>
   </trkpt>
   <trkpt lat="48.5947810" lon="7.7674930">
    <ele>139.1</ele>
   </trkpt>
   <trkpt lat="48.5948080" lon="7.7674880">
    <ele>139.1</ele>
   </trkpt>
   <trkpt lat="48.5948420" lon="7.7675190">
    <ele>139.1</ele>
   </trkpt>
   <trkpt lat="48.5948580" lon="7.7675390">
    <ele>139.1</ele>
   </trkpt>
   <trkpt lat="48.5948950" lon="7.7675660">
    <ele>139.1</ele>
   </trkpt>
   <trkpt lat="48.5949080" lon="7.7675770">
    <ele>139.1</ele>
   </trkpt>
   <trkpt lat="48.5949390" lon="7.7676110">
    <ele>139.1</ele>
   </trkpt>
   <trkpt lat="48.5949500" lon="7.7676230">
    <ele>139.1</ele>
   </trkpt>
   <trkpt lat="48.5949620" lon="7.7676610">
    <ele>139.0</ele>
   </trkpt>
   <trkpt lat="48.5949940" lon="7.7676810">
    <ele>139.0</ele>
   </trkpt>
   <trkpt lat="48.5950070" lon="7.7676850">
    <ele>139.0</ele>
   </trkpt>
   <trkpt lat="48.5950330" lon="7.7677290">
    <ele>139.0</ele>
   </trkpt>
   <trkpt lat="48.5950400" lon="7.7677470">
    <ele>139.0</ele>
   </trkpt>
   <trkpt lat="48.5950750" lon="7.7677660">
    <ele>139.0</ele>
   </trkpt>
   <trkpt lat="48.5950970" lon="7.7678100">
    <ele>138.9</ele>
   </trkpt>
   <trkpt lat="48.5951060" lon="7.7678250">
    <ele>138.9</ele>
   </trkpt>
   <trkpt lat="48.5951290" lon="7.7678460">
    <ele>138.9</ele>
   </trkpt>
   <trkpt lat="48.5951490" lon="7.7678750">
    <ele>138.9</ele>
   </trkpt>
   <trkpt lat="48.5951670" lon="7.7679140">
    <ele>138.9</ele>
   </trkpt>
   <trkpt lat="48.5952120" lon="7.7679270">
    <ele>138.9</ele>
   </trkpt>
   <trkpt lat="48.5952430" lon="7.7679460">
    <ele>138.8</ele>
   </trkpt>
   <trkpt lat="48.5952710" lon="7.7679760">
    <ele>138.8</ele>
   </trkpt>
   <trkpt lat="48.5953020" lon="7.7679920">
    <ele>138.8</ele>
   </trkpt>
   <trkpt lat="48.5953140" lon="7.7680490">
    <ele>138.8</ele>
   </trkpt>
   <trkpt lat="48.5953150" lon="7.7680770">
    <ele>138.8</ele>
   </trkpt>
   <trkpt lat="48.5953430" lon="7.7681080">
    <ele>138.8</ele>
   </trkpt>
   <trkpt lat="48.5953470" lon="7.7681580">
    <ele>138.7</ele>
   </trkpt>
   <trkpt lat="48.5953780" lon="7.7681920">
    <ele>138.7</ele>
   </trkpt>
   <trkpt lat="48.5953870" lon="7.7682040">
    <ele>138.7</ele>
   </trkpt>
   <trkpt lat="48.5954070" lon="7.7682490">
    <ele>138.7</ele>
   </trkpt>
   <trkpt lat="48.5954130" lon="7.7682620">
    <ele>138.7</ele>
   </trkpt>
   <trkpt lat="48.5954400" lon="7.7682910">
    <ele>138.7</ele>
   </trkpt>
   <trkpt lat="48.5954610" lon="7.7683220">
    <ele>138.7</ele>
   </trkpt>
   <trkpt lat="48.5954910" lon="7.7683480">
    <ele>138.7</ele>
   </trkpt>
   <trkpt lat="48.5955100" lon="7.7683830">
    <ele>138.7</ele>
   </trkpt>
   <trkpt lat="48.5955320" lon="7.7684120">
    <ele>138.7</ele>
   </trkpt>
   <trkpt lat="48.5955620" lon="7.7684250">
    <ele>138.7</ele>
   </trkpt>
   <trkpt lat="48.5955700" lon="7.7684670">
    <ele>138.7</ele>
   </trkpt>
   <trkpt lat="48.5955630" lon="7.7685120">
    <ele>138.7</ele>
   </trkpt>
   <trkpt lat="48.5955850" lon="7.7685400">
    <ele>138.7</ele>
   </trkpt>
   <trkpt lat="48.5956100" lon="7.7685790">
    <ele>138.7</ele>
   </trkpt>
   <trkpt lat="48.5956190" lon="7.7685900">
    <ele>138.7</ele>
   </trkpt>
   <trkpt lat="48.5956360" lon="7.7686610">
    <ele>138.7</ele>
   </trkpt>
   <trkpt lat="48.5956370" lon="7.7687010">
    <ele>138.7</ele>
   </trkpt>
   <trkpt lat="48.5956590" lon="7.7687440">
    <ele>138.7</ele>
   </trkpt>
   <trkpt lat="48.5956920" lon="7.7687680">
    <ele>138.7</ele>
   </trkpt>
   <trkpt lat="48.5957070" lon="7.7687730">
    <ele>138.7</ele>
   </trkpt>
   <trkpt lat="48.5957380" lon="7.7687660">
    <ele>138.7</ele>
   </trkpt>
   <trkpt lat="48.5957640" lon="7.7687780">
    <ele>138.7</ele>
   </trkpt>
   <trkpt lat="48.5957990" lon="7.7687740">
    <ele>138.7</ele>
   </trkpt>
   <trkpt lat="48.5958030" lon="7.7688170">
    <ele>138.7</ele>
   </trkpt>
   <trkpt lat="48.5958230" lon="7.7688600">
    <ele>138.7</ele>
   </trkpt>
   <trkpt lat="48.5958260" lon="7.7688880">
    <ele>138.8</ele>
   </trkpt>
   <trkpt lat="48.5958470" lon="7.7689200">
    <ele>138.8</ele>
   </trkpt>
   <trkpt lat="48.5958540" lon="7.7689280">
    <ele>138.8</ele>
   </trkpt>
   <trkpt lat="48.5958650" lon="7.7689660">
    <ele>138.8</ele>
   </trkpt>
   <trkpt lat="48.5958940" lon="7.7690020">
    <ele>138.8</ele>
   </trkpt>
   <trkpt lat="48.5959030" lon="7.7690240">
    <ele>138.8</ele>
   </trkpt>
   <trkpt lat="48.5959200" lon="7.7690780">
    <ele>138.8</ele>
   </trkpt>
   <trkpt lat="48.5959360" lon="7.7691330">
    <ele>138.7</ele>
   </trkpt>
   <trkpt lat="48.5959470" lon="7.7691750">
    <ele>138.7</ele>
   </trkpt>
   <trkpt lat="48.5959470" lon="7.7692340">
    <ele>138.7</ele>
   </trkpt>
   <trkpt lat="48.5959180" lon="7.7692890">
    <ele>138.7</ele>
   </trkpt>
   <trkpt lat="48.5959040" lon="7.7693480">
    <ele>138.7</ele>
   </trkpt>
   <trkpt lat="48.5959240" lon="7.7694020">
    <ele>138.7</ele>
   </trkpt>
   <trkpt lat="48.5959450" lon="7.7694380">
    <ele>138.7</ele>
   </trkpt>
   <trkpt lat="48.5959760" lon="7.7694610">
    <ele>138.7</ele>
   </trkpt>
   <trkpt lat="48.5959830" lon="7.7694910">
    <ele>138.7</ele>
   </trkpt>
   <trkpt lat="48.5959940" lon="7.7695620">
    <ele>138.7</ele>
   </trkpt>
   <trkpt lat="48.5959930" lon="7.7696140">
    <ele>138.7</ele>
   </trkpt>
   <trkpt lat="48.5959710" lon="7.7696800">
    <ele>138.7</ele>
   </trkpt>
   <trkpt lat="48.5959930" lon="7.7697260">
    <ele>138.7</ele>
   </trkpt>
   <trkpt lat="48.5960120" lon="7.7697670">
    <ele>138.7</ele>
   </trkpt>
   <trkpt lat="48.5960350" lon="7.7697900">
    <ele>138.7</ele>
   </trkpt>
   <trkpt lat="48.5960660" lon="7.7698210">
    <ele>138.7</ele>
   </trkpt>
   <trkpt lat="48.5960720" lon="7.7698750">
    <ele>138.7</ele>
   </trkpt>
   <trkpt lat="48.5960950" lon="7.7699230">
    <ele>138.7</ele>
   </trkpt>
   <trkpt lat="48.5961050" lon="7.7699400">
    <ele>138.7</ele>
   </trkpt>
   <trkpt lat="48.5961250" lon="7.7699770">
    <ele>138.7</ele>
   </trkpt>
   <trkpt lat="48.5961050" lon="7.7700300">
    <ele>138.7</ele>
   </trkpt>
   <trkpt lat="48.5961090" lon="7.7700860">
    <ele>138.7</ele>
   </trkpt>
   <trkpt lat="48.5961050" lon="7.7701410">
    <ele>138.7</ele>
   </trkpt>
   <trkpt lat="48.5961060" lon="7.7701580">
    <ele>138.7</ele>
   </trkpt>
   <trkpt lat="48.5961130" lon="7.7702030">
    <ele>138.7</ele>
   </trkpt>
   <trkpt lat="48.5961180" lon="7.7702590">
    <ele>138.7</ele>
   </trkpt>
   <trkpt lat="48.5961220" lon="7.7702790">
    <ele>138.7</ele>
   </trkpt>
   <trkpt lat="48.5961300" lon="7.7703180">
    <ele>138.7</ele>
   </trkpt>
   <trkpt lat="48.5961480" lon="7.7703410">
    <ele>138.7</ele>
   </trkpt>
   <trkpt lat="48.5961780" lon="7.7704230">
    <ele>138.7</ele>
   </trkpt>
   <trkpt lat="48.5961910" lon="7.7704760">
    <ele>138.7</ele>
   </trkpt>
   <trkpt lat="48.5961940" lon="7.7704930">
    <ele>138.7</ele>
   </trkpt>
   <trkpt lat="48.5961970" lon="7.7705360">
    <ele>138.7</ele>
   </trkpt>
   <trkpt lat="48.5961980" lon="7.7705860">
    <ele>138.7</ele>
   </trkpt>
   <trkpt lat="48.5962020" lon="7.7706030">
    <ele>138.7</ele>
   </trkpt>
   <trkpt lat="48.5962110" lon="7.7706450">
    <ele>138.7</ele>
   </trkpt>
   <trkpt lat="48.5962100" lon="7.7707030">
    <ele>138.7</ele>
   </trkpt>
   <trkpt lat="48.5962110" lon="7.7707240">
    <ele>138.7</ele>
   </trkpt>
   <trkpt lat="48.5962090" lon="7.7707700">
    <ele>138.7</ele>
   </trkpt>
   <trkpt lat="48.5962090" lon="7.7708170">
    <ele>138.7</ele>
   </trkpt>
   <trkpt lat="48.5962040" lon="7.7708720">
    <ele>138.7</ele>
   </trkpt>
   <trkpt lat="48.5962040" lon="7.7708940">
    <ele>138.7</ele>
   </trkpt>
   <trkpt lat="48.5961920" lon="7.7709300">
    <ele>138.7</ele>
   </trkpt>
   <trkpt lat="48.5961830" lon="7.7709700">
    <ele>138.7</ele>
   </trkpt>
   <trkpt lat="48.5961770" lon="7.7710090">
    <ele>138.7</ele>
   </trkpt>
   <trkpt lat="48.5961790" lon="7.7710340">
    <ele>138.7</ele>
   </trkpt>
   <trkpt lat="48.5961840" lon="7.7710860">
    <ele>138.6</ele>
   </trkpt>
   <trkpt lat="48.5961890" lon="7.7711340">
    <ele>138.6</ele>
   </trkpt>
   <trkpt lat="48.5962110" lon="7.7711640">
    <ele>138.6</ele>
   </trkpt>
   <trkpt lat="48.5961980" lon="7.7712220">
    <ele>138.6</ele>
   </trkpt>
   <trkpt lat="48.5962070" lon="7.7712640">
    <ele>138.6</ele>
   </trkpt>
   <trkpt lat="48.5962150" lon="7.7713170">
    <ele>138.6</ele>
   </trkpt>
   <trkpt lat="48.5962090" lon="7.7713810">
    <ele>138.6</ele>
   </trkpt>
   <trkpt lat="48.5962050" lon="7.7714090">
    <ele>138.6</ele>
   </trkpt>
   <trkpt lat="48.5961960" lon="7.7714660">
    <ele>138.6</ele>
   </trkpt>
   <trkpt lat="48.5962000" lon="7.7715250">
    <ele>138.6</ele>
   </trkpt>
   <trkpt lat="48.5962110" lon="7.7715810">
    <ele>138.6</ele>
   </trkpt>
   <trkpt lat="48.5962120" lon="7.7715990">
    <ele>138.6</ele>
   </trkpt>
   <trkpt lat="48.5962070" lon="7.7716460">
    <ele>138.6</ele>
   </trkpt>
   <trkpt lat="48.5962160" lon="7.7716910">
    <ele>138.6</ele>
   </trkpt>
   <trkpt lat="48.5962290" lon="7.7717380">
    <ele>138.6</ele>
   </trkpt>
   <trkpt lat="48.5962300" lon="7.7717570">
    <ele>138.6</ele>
   </trkpt>
   <trkpt lat="48.5962220" lon="7.7718080">
    <ele>138.6</ele>
   </trkpt>
   <trkpt lat="48.5962230" lon="7.7718540">
    <ele>138.6</ele>
   </trkpt>
   <trkpt lat="48.5962240" lon="7.7718960">
    <ele>138.6</ele>
   </trkpt>
   <trkpt lat="48.5962240" lon="7.7719530">
    <ele>138.6</ele>
   </trkpt>
   <trkpt lat="48.5962210" lon="7.7719740">
    <ele>138.6</ele>
   </trkpt>
   <trkpt lat="48.5962160" lon="7.7720320">
    <ele>138.6</ele>
   </trkpt>
   <trkpt lat="48.5962140" lon="7.7720500">
    <ele>138.6</ele>
   </trkpt>
   <trkpt lat="48.5962160" lon="7.7720970">
    <ele>138.6</ele>
   </trkpt>
   <trkpt lat="48.5962090" lon="7.7721390">
    <ele>138.6</ele>
   </trkpt>
   <trkpt lat="48.5962120" lon="7.7721810">
    <ele>138.7</ele>
   </trkpt>
   <trkpt lat="48.5962110" lon="7.7722400">
    <ele>138.7</ele>
   </trkpt>
   <trkpt lat="48.5962050" lon="7.7722650">
    <ele>138.7</ele>
   </trkpt>
   <trkpt lat="48.5962180" lon="7.7723110">
    <ele>138.8</ele>
   </trkpt>
   <trkpt lat="48.5962190" lon="7.7723540">
    <ele>138.9</ele>
   </trkpt>
   <trkpt lat="48.5962200" lon="7.7723740">
    <ele>138.9</ele>
   </trkpt>
   <trkpt lat="48.5962050" lon="7.7724240">
    <ele>138.9</ele>
   </trkpt>
   <trkpt lat="48.5961970" lon="7.7724790">
    <ele>139.0</ele>
   </trkpt>
   <trkpt lat="48.5961910" lon="7.7725180">
    <ele>139.1</ele>
   </trkpt>
   <trkpt lat="48.5961800" lon="7.7725600">
    <ele>139.1</ele>
   </trkpt>
   <trkpt lat="48.5962010" lon="7.7726080">
    <ele>139.2</ele>
   </trkpt>
   <trkpt lat="48.5961980" lon="7.7726670">
    <ele>139.3</ele>
   </trkpt>
   <trkpt lat="48.5961890" lon="7.7726870">
    <ele>139.3</ele>
   </trkpt>
   <trkpt lat="48.5961590" lon="7.7727670">
    <ele>139.4</ele>
   </trkpt>
   <trkpt lat="48.5961360" lon="7.7728210">
    <ele>139.4</ele>
   </trkpt>
   <trkpt lat="48.5961230" lon="7.7728420">
    <ele>139.4</ele>
   </trkpt>
   <trkpt lat="48.5961200" lon="7.7728930">
    <ele>139.4</ele>
   </trkpt>
   <trkpt lat="48.5961040" lon="7.7729430">
    <ele>139.4</ele>
   </trkpt>
   <trkpt lat="48.5960940" lon="7.7729830">
    <ele>139.3</ele>
   </trkpt>
   <trkpt lat="48.5960870" lon="7.7730390">
    <ele>139.3</ele>
   </trkpt>
   <trkpt lat="48.5960840" lon="7.7730550">
    <ele>139.3</ele>
   </trkpt>
   <trkpt lat="48.5960600" lon="7.7730790">
    <ele>139.3</ele>
   </trkpt>
   <trkpt lat="48.5960420" lon="7.7731290">
    <ele>139.2</ele>
   </trkpt>
   <trkpt lat="48.5960180" lon="7.7731780">
    <ele>139.2</ele>
   </trkpt>
   <trkpt lat="48.5960110" lon="7.7731990">
    <ele>139.2</ele>
   </trkpt>
   <trkpt lat="48.5959820" lon="7.7732400">
    <ele>139.2</ele>
   </trkpt>
   <trkpt lat="48.5959730" lon="7.7732560">
    <ele>139.2</ele>
   </trkpt>
   <trkpt lat="48.5959590" lon="7.7733140">
    <ele>139.2</ele>
   </trkpt>
   <trkpt lat="48.5959560" lon="7.7733380">
    <ele>139.2</ele>
   </trkpt>
   <trkpt lat="48.5959520" lon="7.7733920">
    <ele>139.2</ele>
   </trkpt>
   <trkpt lat="48.5959390" lon="7.7734350">
    <ele>139.3</ele>
   </trkpt>
   <trkpt lat="48.5959210" lon="7.7734830">
    <ele>139.3</ele>
   </trkpt>
   <trkpt lat="48.5959140" lon="7.7735000">
    <ele>139.3</ele>
   </trkpt>
   <trkpt lat="48.5958910" lon="7.7735450">
    <ele>139.4</ele>
   </trkpt>
   <trkpt lat="48.5958800" lon="7.7735670">
    <ele>139.4</ele>
   </trkpt>
   <trkpt lat="48.5958710" lon="7.7736100">
    <ele>139.5</ele>
   </trkpt>
   <trkpt lat="48.5958480" lon="7.7736340">
    <ele>139.5</ele>
   </trkpt>
   <trkpt lat="48.5958350" lon="7.7736700">
    <ele>139.5</ele>
   </trkpt>
   <trkpt lat="48.5958170" lon="7.7737010">
    <ele>139.6</ele>
   </trkpt>
   <trkpt lat="48.5957950" lon="7.7737290">
    <ele>139.6</ele>
   </trkpt>
   <trkpt lat="48.5957810" lon="7.7737660">
    <ele>139.7</ele>
   </trkpt>
   <trkpt lat="48.5957660" lon="7.7738020">
    <ele>139.6</ele>
   </trkpt>
   <trkpt lat="48.5957550" lon="7.7738400">
    <ele>139.5</ele>
   </trkpt>
   <trkpt lat="48.5957490" lon="7.7738710">
    <ele>139.4</ele>
   </trkpt>
   <trkpt lat="48.5957450" lon="7.7738890">
    <ele>139.4</ele>
   </trkpt>
   <trkpt lat="48.5957130" lon="7.7739210">
    <ele>139.2</ele>
   </trkpt>
   <trkpt lat="48.5957030" lon="7.7739310">
    <ele>139.2</ele>
   </trkpt>
   <trkpt lat="48.5956780" lon="7.7739480">
    <ele>139.1</ele>
   </trkpt>
   <trkpt lat="48.5956650" lon="7.7739480">
    <ele>139.0</ele>
   </trkpt>
   <trkpt lat="48.5956370" lon="7.7739650">
    <ele>138.9</ele>
   </trkpt>
   <trkpt lat="48.5956150" lon="7.7739980">
    <ele>138.7</ele>
   </trkpt>
   <trkpt lat="48.5956090" lon="7.7740120">
    <ele>138.7</ele>
   </trkpt>
   <trkpt lat="48.5955820" lon="7.7740470">
    <ele>138.6</ele>
   </trkpt>
   <trkpt lat="48.5955600" lon="7.7740820">
    <ele>138.5</ele>
   </trkpt>
   <trkpt lat="48.5955340" lon="7.7741250">
    <ele>138.4</ele>
   </trkpt>
   <trkpt lat="48.5955240" lon="7.7741400">
    <ele>138.4</ele>
   </trkpt>
   <trkpt lat="48.5955030" lon="7.7741690">
    <ele>138.4</ele>
   </trkpt>
   <trkpt lat="48.5954850" lon="7.7742010">
    <ele>138.4</ele>
   </trkpt>
   <trkpt lat="48.5954610" lon="7.7742470">
    <ele>138.5</ele>
   </trkpt>
   <trkpt lat="48.5954510" lon="7.7742600">
    <ele>138.5</ele>
   </trkpt>
   <trkpt lat="48.5954340" lon="7.7742980">
    <ele>138.6</ele>
   </trkpt>
   <trkpt lat="48.5954070" lon="7.7743460">
    <ele>138.8</ele>
   </trkpt>
   <trkpt lat="48.5953990" lon="7.7743650">
    <ele>138.9</ele>
   </trkpt>
   <trkpt lat="48.5953900" lon="7.7744090">
    <ele>139.0</ele>
   </trkpt>
   <trkpt lat="48.5953760" lon="7.7744480">
    <ele>139.2</ele>
   </trkpt>
   <trkpt lat="48.5953430" lon="7.7744350">
    <ele>139.3</ele>
   </trkpt>
   <trkpt lat="48.5953340" lon="7.7744430">
    <ele>139.4</ele>
   </trkpt>
   <trkpt lat="48.5953170" lon="7.7744630">
    <ele>139.5</ele>
   </trkpt>
   <trkpt lat="48.5952810" lon="7.7744860">
    <ele>139.6</ele>
   </trkpt>
   <trkpt lat="48.5952690" lon="7.7744970">
    <ele>139.6</ele>
   </trkpt>
   <trkpt lat="48.5952320" lon="7.7745330">
    <ele>139.7</ele>
   </trkpt>
   <trkpt lat="48.5952160" lon="7.7745510">
    <ele>139.8</ele>
   </trkpt>
   <trkpt lat="48.5951950" lon="7.7745670">
    <ele>139.8</ele>
   </trkpt>
   <trkpt lat="48.5951830" lon="7.7745760">
    <ele>139.8</ele>
   </trkpt>
   <trkpt lat="48.5951630" lon="7.7746150">
    <ele>139.8</ele>
   </trkpt>
   <trkpt lat="48.5951580" lon="7.7746330">
    <ele>139.8</ele>
   </trkpt>
   <trkpt lat="48.5951450" lon="7.7746690">
    <ele>139.8</ele>
   </trkpt>
   <trkpt lat="48.5951220" lon="7.7747010">
    <ele>139.8</ele>
   </trkpt>
   <trkpt lat="48.5951020" lon="7.7747360">
    <ele>139.8</ele>
   </trkpt>
   <trkpt lat="48.5950790" lon="7.7747740">
    <ele>139.8</ele>
   </trkpt>
   <trkpt lat="48.5950620" lon="7.7748100">
    <ele>139.7</ele>
   </trkpt>
   <trkpt lat="48.5950410" lon="7.7748430">
    <ele>139.7</ele>
   </trkpt>
   <trkpt lat="48.5950120" lon="7.7748760">
    <ele>139.7</ele>
   </trkpt>
   <trkpt lat="48.5950020" lon="7.7748920">
    <ele>139.7</ele>
   </trkpt>
   <trkpt lat="48.5949790" lon="7.7749330">
    <ele>139.7</ele>
   </trkpt>
   <trkpt lat="48.5949610" lon="7.7749650">
    <ele>139.7</ele>
   </trkpt>
   <trkpt lat="48.5949340" lon="7.7750080">
    <ele>139.7</ele>
   </trkpt>
   <trkpt lat="48.5949200" lon="7.7750250">
    <ele>139.7</ele>
   </trkpt>
   <trkpt lat="48.5949000" lon="7.7750610">
    <ele>139.7</ele>
   </trkpt>
   <trkpt lat="48.5948770" lon="7.7750890">
    <ele>139.7</ele>
   </trkpt>
   <trkpt lat="48.5948470" lon="7.7750970">
    <ele>139.7</ele>
   </trkpt>
   <trkpt lat="48.5948340" lon="7.7751340">
    <ele>139.6</ele>
   </trkpt>
   <trkpt lat="48.5948250" lon="7.7751860">
    <ele>139.6</ele>
   </trkpt>
   <trkpt lat="48.5948030" lon="7.7752480">
    <ele>139.6</ele>
   </trkpt>
   <trkpt lat="48.5947770" lon="7.7752630">
    <ele>139.6</ele>
   </trkpt>
   <trkpt lat="48.5947510" lon="7.7752920">
    <ele>139.6</ele>
   </trkpt>
   <trkpt lat="48.5947280" lon="7.7753220">
    <ele>139.6</ele>
   </trkpt>
   <trkpt lat="48.5946950" lon="7.7753550">
    <ele>139.6</ele>
   </trkpt>
   <trkpt lat="48.5946720" lon="7.7754080">
    <ele>139.7</ele>
   </trkpt>
   <trkpt lat="48.5946570" lon="7.7754620">
    <ele>139.7</ele>
   </trkpt>
   <trkpt lat="48.5946530" lon="7.7754850">
    <ele>139.7</ele>
   </trkpt>
   <trkpt lat="48.5946290" lon="7.7755240">
    <ele>139.7</ele>
   </trkpt>
   <trkpt lat="48.5946060" lon="7.7755570">
    <ele>139.7</ele>
   </trkpt>
   <trkpt lat="48.5945820" lon="7.7755860">
    <ele>139.7</ele>
   </trkpt>
   <trkpt lat="48.5945690" lon="7.7756230">
    <ele>139.7</ele>
   </trkpt>
   <trkpt lat="48.5945440" lon="7.7756650">
    <ele>139.7</ele>
   </trkpt>
   <trkpt lat="48.5945240" lon="7.7757140">
    <ele>139.7</ele>
   </trkpt>
   <trkpt lat="48.5945070" lon="7.7757490">
    <ele>139.7</ele>
   </trkpt>
   <trkpt lat="48.5944720" lon="7.7757790">
    <ele>139.7</ele>
   </trkpt>
   <trkpt lat="48.5944540" lon="7.7758160">
    <ele>139.7</ele>
   </trkpt>
   <trkpt lat="48.5944350" lon="7.7758510">
    <ele>139.7</ele>
   </trkpt>
   <trkpt lat="48.5944130" lon="7.7758840">
    <ele>139.7</ele>
   </trkpt>
   <trkpt lat="48.5943880" lon="7.7759250">
    <ele>139.7</ele>
   </trkpt>
   <trkpt lat="48.5943780" lon="7.7759390">
    <ele>139.7</ele>
   </trkpt>
   <trkpt lat="48.5943530" lon="7.7759720">
    <ele>139.6</ele>
   </trkpt>
   <trkpt lat="48.5943320" lon="7.7760030">
    <ele>139.6</ele>
   </trkpt>
   <trkpt lat="48.5943140" lon="7.7760490">
    <ele>139.6</ele>
   </trkpt>
   <trkpt lat="48.5942940" lon="7.7760820">
    <ele>139.6</ele>
   </trkpt>
   <trkpt lat="48.5942660" lon="7.7761090">
    <ele>139.6</ele>
   </trkpt>
   <trkpt lat="48.5942520" lon="7.7761570">
    <ele>139.6</ele>
   </trkpt>
   <trkpt lat="48.5942350" lon="7.7761900">
    <ele>139.6</ele>
   </trkpt>
   <trkpt lat="48.5942080" lon="7.7762110">
    <ele>139.6</ele>
   </trkpt>
   <trkpt lat="48.5941810" lon="7.7762440">
    <ele>139.6</ele>
   </trkpt>
   <trkpt lat="48.5941630" lon="7.7762840">
    <ele>139.6</ele>
   </trkpt>
   <trkpt lat="48.5941390" lon="7.7763280">
    <ele>139.6</ele>
   </trkpt>
   <trkpt lat="48.5941100" lon="7.7763640">
    <ele>139.6</ele>
   </trkpt>
   <trkpt lat="48.5941030" lon="7.7763780">
    <ele>139.6</ele>
   </trkpt>
   <trkpt lat="48.5940670" lon="7.7764140">
    <ele>139.6</ele>
   </trkpt>
   <trkpt lat="48.5940510" lon="7.7764560">
    <ele>139.6</ele>
   </trkpt>
   <trkpt lat="48.5940320" lon="7.7765000">
    <ele>139.6</ele>
   </trkpt>
   <trkpt lat="48.5940160" lon="7.7765360">
    <ele>139.7</ele>
   </trkpt>
   <trkpt lat="48.5939850" lon="7.7765760">
    <ele>139.7</ele>
   </trkpt>
   <trkpt lat="48.5939480" lon="7.7766290">
    <ele>139.7</ele>
   </trkpt>
   <trkpt lat="48.5939180" lon="7.7766650">
    <ele>139.7</ele>
   </trkpt>
   <trkpt lat="48.5939090" lon="7.7766780">
    <ele>139.7</ele>
   </trkpt>
   <trkpt lat="48.5938800" lon="7.7766970">
    <ele>139.7</ele>
   </trkpt>
   <trkpt lat="48.5938560" lon="7.7767340">
    <ele>139.7</ele>
   </trkpt>
   <trkpt lat="48.5938410" lon="7.7767690">
    <ele>139.7</ele>
   </trkpt>
   <trkpt lat="48.5938180" lon="7.7767970">
    <ele>139.7</ele>
   </trkpt>
   <trkpt lat="48.5938040" lon="7.7768420">
    <ele>139.7</ele>
   </trkpt>
   <trkpt lat="48.5937980" lon="7.7768610">
    <ele>139.7</ele>
   </trkpt>
   <trkpt lat="48.5937850" lon="7.7769030">
    <ele>139.7</ele>
   </trkpt>
   <trkpt lat="48.5937540" lon="7.7769280">
    <ele>139.7</ele>
   </trkpt>
   <trkpt lat="48.5937450" lon="7.7769410">
    <ele>139.7</ele>
   </trkpt>
   <trkpt lat="48.5937240" lon="7.7769740">
    <ele>139.7</ele>
   </trkpt>
   <trkpt lat="48.5936950" lon="7.7770150">
    <ele>139.7</ele>
   </trkpt>
   <trkpt lat="48.5936860" lon="7.7770320">
    <ele>139.7</ele>
   </trkpt>
   <trkpt lat="48.5936630" lon="7.7770590">
    <ele>139.7</ele>
   </trkpt>
   <trkpt lat="48.5936350" lon="7.7771040">
    <ele>139.7</ele>
   </trkpt>
   <trkpt lat="48.5936250" lon="7.7771200">
    <ele>139.7</ele>
   </trkpt>
   <trkpt lat="48.5936080" lon="7.7771650">
    <ele>139.7</ele>
   </trkpt>
   <trkpt lat="48.5935820" lon="7.7772080">
    <ele>139.7</ele>
   </trkpt>
   <trkpt lat="48.5935620" lon="7.7772340">
    <ele>139.7</ele>
   </trkpt>
   <trkpt lat="48.5935400" lon="7.7772630">
    <ele>139.7</ele>
   </trkpt>
   <trkpt lat="48.5935210" lon="7.7772970">
    <ele>139.7</ele>
   </trkpt>
   <trkpt lat="48.5935030" lon="7.7773380">
    <ele>139.7</ele>
   </trkpt>
   <trkpt lat="48.5934810" lon="7.7773700">
    <ele>139.7</ele>
   </trkpt>
   <trkpt lat="48.5934590" lon="7.7774160">
    <ele>139.7</ele>
   </trkpt>
   <trkpt lat="48.5934610" lon="7.7774580">
    <ele>139.7</ele>
   </trkpt>
   <trkpt lat="48.5934400" lon="7.7774840">
    <ele>139.7</ele>
   </trkpt>
   <trkpt lat="48.5934140" lon="7.7775210">
    <ele>139.7</ele>
   </trkpt>
   <trkpt lat="48.5933840" lon="7.7775580">
    <ele>139.8</ele>
   </trkpt>
   <trkpt lat="48.5933720" lon="7.7775770">
    <ele>139.8</ele>
   </trkpt>
   <trkpt lat="48.5933470" lon="7.7776060">
    <ele>139.8</ele>
   </trkpt>
   <trkpt lat="48.5933210" lon="7.7776320">
    <ele>139.8</ele>
   </trkpt>
   <trkpt lat="48.5933110" lon="7.7776570">
    <ele>139.8</ele>
   </trkpt>
   <trkpt lat="48.5932870" lon="7.7776990">
    <ele>139.8</ele>
   </trkpt>
   <trkpt lat="48.5932770" lon="7.7777090">
    <ele>139.8</ele>
   </trkpt>
   <trkpt lat="48.5932540" lon="7.7777520">
    <ele>139.8</ele>
   </trkpt>
   <trkpt lat="48.5932320" lon="7.7777770">
    <ele>139.8</ele>
   </trkpt>
   <trkpt lat="48.5932070" lon="7.7778290">
    <ele>139.8</ele>
   </trkpt>
   <trkpt lat="48.5932000" lon="7.7778510">
    <ele>139.8</ele>
   </trkpt>
   <trkpt lat="48.5932000" lon="7.7779160">
    <ele>139.8</ele>
   </trkpt>
   <trkpt lat="48.5931620" lon="7.7779370">
    <ele>139.8</ele>
   </trkpt>
   <trkpt lat="48.5931370" lon="7.7779520">
    <ele>139.8</ele>
   </trkpt>
   <trkpt lat="48.5931070" lon="7.7779960">
    <ele>139.8</ele>
   </trkpt>
   <trkpt lat="48.5930930" lon="7.7780120">
    <ele>139.8</ele>
   </trkpt>
   <trkpt lat="48.5930640" lon="7.7780210">
    <ele>139.8</ele>
   </trkpt>
   <trkpt lat="48.5930510" lon="7.7780570">
    <ele>139.8</ele>
   </trkpt>
   <trkpt lat="48.5930320" lon="7.7781000">
    <ele>139.8</ele>
   </trkpt>
   <trkpt lat="48.5930280" lon="7.7781130">
    <ele>139.8</ele>
   </trkpt>
   <trkpt lat="48.5930060" lon="7.7781670">
    <ele>139.8</ele>
   </trkpt>
   <trkpt lat="48.5929990" lon="7.7781870">
    <ele>139.8</ele>
   </trkpt>
   <trkpt lat="48.5929790" lon="7.7782370">
    <ele>139.8</ele>
   </trkpt>
   <trkpt lat="48.5929590" lon="7.7782850">
    <ele>139.8</ele>
   </trkpt>
   <trkpt lat="48.5929450" lon="7.7782970">
    <ele>139.8</ele>
   </trkpt>
   <trkpt lat="48.5929270" lon="7.7783300">
    <ele>139.8</ele>
   </trkpt>
   <trkpt lat="48.5928990" lon="7.7783480">
    <ele>139.8</ele>
   </trkpt>
   <trkpt lat="48.5928820" lon="7.7783820">
    <ele>139.8</ele>
   </trkpt>
   <trkpt lat="48.5928610" lon="7.7784160">
    <ele>139.8</ele>
   </trkpt>
   <trkpt lat="48.5928340" lon="7.7784320">
    <ele>139.8</ele>
   </trkpt>
   <trkpt lat="48.5928090" lon="7.7784730">
    <ele>139.8</ele>
   </trkpt>
   <trkpt lat="48.5928050" lon="7.7784890">
    <ele>139.8</ele>
   </trkpt>
   <trkpt lat="48.5927970" lon="7.7785220">
    <ele>139.8</ele>
   </trkpt>
   <trkpt lat="48.5927930" lon="7.7785420">
    <ele>139.9</ele>
   </trkpt>
   <trkpt lat="48.5927640" lon="7.7785580">
    <ele>139.9</ele>
   </trkpt>
   <trkpt lat="48.5927340" lon="7.7785770">
    <ele>139.9</ele>
   </trkpt>
   <trkpt lat="48.5927050" lon="7.7786170">
    <ele>139.9</ele>
   </trkpt>
   <trkpt lat="48.5926940" lon="7.7786280">
    <ele>139.9</ele>
   </trkpt>
   <trkpt lat="48.5926650" lon="7.7786660">
    <ele>139.9</ele>
   </trkpt>
   <trkpt lat="48.5926590" lon="7.7786850">
    <ele>139.9</ele>
   </trkpt>
   <trkpt lat="48.5926440" lon="7.7787250">
    <ele>139.9</ele>
   </trkpt>
   <trkpt lat="48.5926190" lon="7.7787700">
    <ele>139.9</ele>
   </trkpt>
   <trkpt lat="48.5926080" lon="7.7787830">
    <ele>139.9</ele>
   </trkpt>
   <trkpt lat="48.5925860" lon="7.7788060">
    <ele>140.0</ele>
   </trkpt>
   <trkpt lat="48.5925570" lon="7.7788260">
    <ele>140.0</ele>
   </trkpt>
   <trkpt lat="48.5925360" lon="7.7788580">
    <ele>140.0</ele>
   </trkpt>
   <trkpt lat="48.5925110" lon="7.7789000">
    <ele>140.0</ele>
   </trkpt>
   <trkpt lat="48.5924940" lon="7.7789610">
    <ele>140.0</ele>
   </trkpt>
   <trkpt lat="48.5924870" lon="7.7789860">
    <ele>140.0</ele>
   </trkpt>
   <trkpt lat="48.5924740" lon="7.7790270">
    <ele>140.0</ele>
   </trkpt>
   <trkpt lat="48.5924450" lon="7.7790540">
    <ele>140.0</ele>
   </trkpt>
   <trkpt lat="48.5924310" lon="7.7790900">
    <ele>140.0</ele>
   </trkpt>
   <trkpt lat="48.5924060" lon="7.7791180">
    <ele>140.0</ele>
   </trkpt>
   <trkpt lat="48.5923810" lon="7.7791530">
    <ele>140.0</ele>
   </trkpt>
   <trkpt lat="48.5923770" lon="7.7791700">
    <ele>140.0</ele>
   </trkpt>
   <trkpt lat="48.5923600" lon="7.7792250">
    <ele>140.0</ele>
   </trkpt>
   <trkpt lat="48.5923290" lon="7.7792640">
    <ele>140.0</ele>
   </trkpt>
   <trkpt lat="48.5923080" lon="7.7793040">
    <ele>140.0</ele>
   </trkpt>
   <trkpt lat="48.5922850" lon="7.7793570">
    <ele>140.0</ele>
   </trkpt>
   <trkpt lat="48.5922730" lon="7.7793750">
    <ele>140.0</ele>
   </trkpt>
   <trkpt lat="48.5922400" lon="7.7793990">
    <ele>140.0</ele>
   </trkpt>
   <trkpt lat="48.5922310" lon="7.7794040">
    <ele>140.0</ele>
   </trkpt>
   <trkpt lat="48.5922020" lon="7.7794410">
    <ele>140.0</ele>
   </trkpt>
   <trkpt lat="48.5921840" lon="7.7794800">
    <ele>140.0</ele>
   </trkpt>
   <trkpt lat="48.5921820" lon="7.7794940">
    <ele>140.0</ele>
   </trkpt>
   <trkpt lat="48.5921520" lon="7.7795420">
    <ele>140.0</ele>
   </trkpt>
   <trkpt lat="48.5921360" lon="7.7795590">
    <ele>140.0</ele>
   </trkpt>
   <trkpt lat="48.5921110" lon="7.7795810">
    <ele>140.0</ele>
   </trkpt>
   <trkpt lat="48.5920840" lon="7.7796050">
    <ele>140.0</ele>
   </trkpt>
   <trkpt lat="48.5920780" lon="7.7796650">
    <ele>140.0</ele>
   </trkpt>
   <trkpt lat="48.5920710" lon="7.7797140">
    <ele>140.0</ele>
   </trkpt>
   <trkpt lat="48.5920640" lon="7.7797600">
    <ele>140.0</ele>
   </trkpt>
   <trkpt lat="48.5920290" lon="7.7797780">
    <ele>140.0</ele>
   </trkpt>
   <trkpt lat="48.5920060" lon="7.7798090">
    <ele>140.0</ele>
   </trkpt>
   <trkpt lat="48.5919760" lon="7.7798350">
    <ele>140.0</ele>
   </trkpt>
   <trkpt lat="48.5919610" lon="7.7798830">
    <ele>140.0</ele>
   </trkpt>
   <trkpt lat="48.5919310" lon="7.7798960">
    <ele>140.0</ele>
   </trkpt>
   <trkpt lat="48.5919160" lon="7.7799430">
    <ele>140.0</ele>
   </trkpt>
   <trkpt lat="48.5918890" lon="7.7799730">
    <ele>140.0</ele>
   </trkpt>
   <trkpt lat="48.5918540" lon="7.7799800">
    <ele>140.0</ele>
   </trkpt>
   <trkpt lat="48.5918260" lon="7.7799920">
    <ele>139.9</ele>
   </trkpt>
   <trkpt lat="48.5918010" lon="7.7800330">
    <ele>139.9</ele>
   </trkpt>
   <trkpt lat="48.5917790" lon="7.7800950">
    <ele>139.9</ele>
   </trkpt>
   <trkpt lat="48.5917660" lon="7.7801230">
    <ele>139.9</ele>
   </trkpt>
   <trkpt lat="48.5917530" lon="7.7801790">
    <ele>139.9</ele>
   </trkpt>
   <trkpt lat="48.5917510" lon="7.7802030">
    <ele>139.9</ele>
   </trkpt>
   <trkpt lat="48.5917230" lon="7.7802320">
    <ele>139.9</ele>
   </trkpt>
   <trkpt lat="48.5916960" lon="7.7802730">
    <ele>139.9</ele>
   </trkpt>
   <trkpt lat="48.5916760" lon="7.7803230">
    <ele>139.9</ele>
   </trkpt>
   <trkpt lat="48.5916590" lon="7.7803550">
    <ele>139.9</ele>
   </trkpt>
   <trkpt lat="48.5916370" lon="7.7803880">
    <ele>139.9</ele>
   </trkpt>
   <trkpt lat="48.5916020" lon="7.7804850">
    <ele>139.8</ele>
   </trkpt>
   <trkpt lat="48.5915820" lon="7.7805240">
    <ele>139.8</ele>
   </trkpt>
   <trkpt lat="48.5915560" lon="7.7805700">
    <ele>139.8</ele>
   </trkpt>
   <trkpt lat="48.5915440" lon="7.7805840">
    <ele>139.8</ele>
   </trkpt>
   <trkpt lat="48.5915210" lon="7.7806180">
    <ele>139.8</ele>
   </trkpt>
   <trkpt lat="48.5915070" lon="7.7806680">
    <ele>139.8</ele>
   </trkpt>
   <trkpt lat="48.5914850" lon="7.7807040">
    <ele>139.8</ele>
   </trkpt>
   <trkpt lat="48.5914620" lon="7.7807500">
    <ele>139.8</ele>
   </trkpt>
   <trkpt lat="48.5914530" lon="7.7807670">
    <ele>139.8</ele>
   </trkpt>
   <trkpt lat="48.5914240" lon="7.7807940">
    <ele>139.8</ele>
   </trkpt>
   <trkpt lat="48.5914000" lon="7.7808300">
    <ele>139.8</ele>
   </trkpt>
   <trkpt lat="48.5913750" lon="7.7808640">
    <ele>139.7</ele>
   </trkpt>
   <trkpt lat="48.5913640" lon="7.7809320">
    <ele>139.7</ele>
   </trkpt>
   <trkpt lat="48.5913560" lon="7.7809610">
    <ele>139.7</ele>
   </trkpt>
   <trkpt lat="48.5913310" lon="7.7809810">
    <ele>139.7</ele>
   </trkpt>
   <trkpt lat="48.5913190" lon="7.7810240">
    <ele>139.7</ele>
   </trkpt>
   <trkpt lat="48.5913150" lon="7.7810650">
    <ele>139.7</ele>
   </trkpt>
   <trkpt lat="48.5913000" lon="7.7811150">
    <ele>139.7</ele>
   </trkpt>
   <trkpt lat="48.5912880" lon="7.7811340">
    <ele>139.7</ele>
   </trkpt>
   <trkpt lat="48.5912720" lon="7.7811750">
    <ele>139.6</ele>
   </trkpt>
   <trkpt lat="48.5912650" lon="7.7812290">
    <ele>139.6</ele>
   </trkpt>
   <trkpt lat="48.5912640" lon="7.7812500">
    <ele>139.6</ele>
   </trkpt>
   <trkpt lat="48.5912420" lon="7.7813030">
    <ele>139.5</ele>
   </trkpt>
   <trkpt lat="48.5912280" lon="7.7813490">
    <ele>139.5</ele>
   </trkpt>
   <trkpt lat="48.5912230" lon="7.7814070">
    <ele>139.6</ele>
   </trkpt>
   <trkpt lat="48.5912190" lon="7.7814250">
    <ele>139.6</ele>
   </trkpt>
   <trkpt lat="48.5912100" lon="7.7814690">
    <ele>139.6</ele>
   </trkpt>
   <trkpt lat="48.5911900" lon="7.7815000">
    <ele>139.7</ele>
   </trkpt>
   <trkpt lat="48.5911730" lon="7.7815430">
    <ele>139.7</ele>
   </trkpt>
   <trkpt lat="48.5911610" lon="7.7815920">
    <ele>139.8</ele>
   </trkpt>
   <trkpt lat="48.5911510" lon="7.7816040">
    <ele>139.9</ele>
   </trkpt>
   <trkpt lat="48.5911420" lon="7.7816570">
    <ele>140.0</ele>
   </trkpt>
   <trkpt lat="48.5911460" lon="7.7816750">
    <ele>140.0</ele>
   </trkpt>
   <trkpt lat="48.5911360" lon="7.7817320">
    <ele>140.1</ele>
   </trkpt>
   <trkpt lat="48.5911270" lon="7.7817720">
    <ele>140.2</ele>
   </trkpt>
   <trkpt lat="48.5911160" lon="7.7818300">
    <ele>140.4</ele>
   </trkpt>
   <trkpt lat="48.5911120" lon="7.7818520">
    <ele>140.5</ele>
   </trkpt>
   <trkpt lat="48.5911140" lon="7.7819080">
    <ele>140.7</ele>
   </trkpt>
   <trkpt lat="48.5911130" lon="7.7819230">
    <ele>140.7</ele>
   </trkpt>
   <trkpt lat="48.5911230" lon="7.7819630">
    <ele>140.9</ele>
   </trkpt>
   <trkpt lat="48.5910990" lon="7.7820200">
    <ele>141.1</ele>
   </trkpt>
   <trkpt lat="48.5910830" lon="7.7820440">
    <ele>141.3</ele>
   </trkpt>
   <trkpt lat="48.5910980" lon="7.7820750">
    <ele>141.4</ele>
   </trkpt>
   <trkpt lat="48.5911140" lon="7.7820970">
    <ele>141.5</ele>
   </trkpt>
   <trkpt lat="48.5911380" lon="7.7821320">
    <ele>141.5</ele>
   </trkpt>
   <trkpt lat="48.5911530" lon="7.7821390">
    <ele>141.5</ele>
   </trkpt>
   <trkpt lat="48.5911950" lon="7.7821470">
    <ele>141.6</ele>
   </trkpt>
   <trkpt lat="48.5912120" lon="7.7821460">
    <ele>141.6</ele>
   </trkpt>
   <trkpt lat="48.5912490" lon="7.7821440">
    <ele>141.7</ele>
   </trkpt>
   <trkpt lat="48.5912660" lon="7.7821460">
    <ele>141.7</ele>
   </trkpt>
   <trkpt lat="48.5913050" lon="7.7821490">
    <ele>141.7</ele>
   </trkpt>
   <trkpt lat="48.5913180" lon="7.7821530">
    <ele>141.7</ele>
   </trkpt>
   <trkpt lat="48.5913510" lon="7.7821850">
    <ele>141.7</ele>
   </trkpt>
   <trkpt lat="48.5913830" lon="7.7821970">
    <ele>141.7</ele>
   </trkpt>
   <trkpt lat="48.5914210" lon="7.7822020">
    <ele>141.7</ele>
   </trkpt>
   <trkpt lat="48.5914360" lon="7.7822090">
    <ele>141.6</ele>
   </trkpt>
   <trkpt lat="48.5914830" lon="7.7822280">
    <ele>141.6</ele>
   </trkpt>
   <trkpt lat="48.5915220" lon="7.7822480">
    <ele>141.6</ele>
   </trkpt>
   <trkpt lat="48.5915360" lon="7.7822570">
    <ele>141.5</ele>
   </trkpt>
   <trkpt lat="48.5915660" lon="7.7822720">
    <ele>141.5</ele>
   </trkpt>
   <trkpt lat="48.5916050" lon="7.7822860">
    <ele>141.4</ele>
   </trkpt>
   <trkpt lat="48.5916310" lon="7.7822980">
    <ele>141.4</ele>
   </trkpt>
   <trkpt lat="48.5916690" lon="7.7823130">
    <ele>141.3</ele>
   </trkpt>
   <trkpt lat="48.5917020" lon="7.7823290">
    <ele>141.2</ele>
   </trkpt>
   <trkpt lat="48.5917420" lon="7.7823580">
    <ele>141.1</ele>
   </trkpt>
   <trkpt lat="48.5917570" lon="7.7823700">
    <ele>141.1</ele>
   </trkpt>
   <trkpt lat="48.5917910" lon="7.7823800">
    <ele>141.0</ele>
   </trkpt>
   <trkpt lat="48.5918150" lon="7.7823970">
    <ele>140.9</ele>
   </trkpt>
   <trkpt lat="48.5918440" lon="7.7824100">
    <ele>140.8</ele>
   </trkpt>
   <trkpt lat="48.5918720" lon="7.7824190">
    <ele>140.7</ele>
   </trkpt>
   <trkpt lat="48.5919120" lon="7.7824210">
    <ele>140.6</ele>
   </trkpt>
   <trkpt lat="48.5919510" lon="7.7824330">
    <ele>140.4</ele>
   </trkpt>
   <trkpt lat="48.5919650" lon="7.7824370">
    <ele>140.3</ele>
   </trkpt>
   <trkpt lat="48.5919960" lon="7.7824430">
    <ele>140.2</ele>
   </trkpt>
   <trkpt lat="48.5920220" lon="7.7824640">
    <ele>140.1</ele>
   </trkpt>
   <trkpt lat="48.5920590" lon="7.7824880">
    <ele>140.0</ele>
   </trkpt>
   <trkpt lat="48.5920710" lon="7.7824970">
    <ele>139.9</ele>
   </trkpt>
   <trkpt lat="48.5921100" lon="7.7825120">
    <ele>139.8</ele>
   </trkpt>
   <trkpt lat="48.5921430" lon="7.7825300">
    <ele>139.7</ele>
   </trkpt>
   <trkpt lat="48.5921780" lon="7.7825590">
    <ele>139.6</ele>
   </trkpt>
   <trkpt lat="48.5921900" lon="7.7825710">
    <ele>139.5</ele>
   </trkpt>
   <trkpt lat="48.5922220" lon="7.7825820">
    <ele>139.4</ele>
   </trkpt>
   <trkpt lat="48.5922500" lon="7.7826010">
    <ele>139.4</ele>
   </trkpt>
   <trkpt lat="48.5922850" lon="7.7826190">
    <ele>139.3</ele>
   </trkpt>
   <trkpt lat="48.5923240" lon="7.7826340">
    <ele>139.2</ele>
   </trkpt>
   <trkpt lat="48.5923350" lon="7.7826420">
    <ele>139.2</ele>
   </trkpt>
   <trkpt lat="48.5923600" lon="7.7826660">
    <ele>139.1</ele>
   </trkpt>
   <trkpt lat="48.5923890" lon="7.7826700">
    <ele>139.1</ele>
   </trkpt>
   <trkpt lat="48.5924170" lon="7.7826810">
    <ele>139.0</ele>
   </trkpt>
   <trkpt lat="48.5924440" lon="7.7826860">
    <ele>139.0</ele>
   </trkpt>
   <trkpt lat="48.5924760" lon="7.7826980">
    <ele>139.0</ele>
   </trkpt>
   <trkpt lat="48.5925070" lon="7.7827120">
    <ele>138.9</ele>
   </trkpt>
   <trkpt lat="48.5925480" lon="7.7827280">
    <ele>138.9</ele>
   </trkpt>
   <trkpt lat="48.5925940" lon="7.7827230">
    <ele>138.8</ele>
   </trkpt>
   <trkpt lat="48.5926220" lon="7.7827270">
    <ele>138.8</ele>
   </trkpt>
   <trkpt lat="48.5926420" lon="7.7827750">
    <ele>138.7</ele>
   </trkpt>
   <trkpt lat="48.5926630" lon="7.7828200">
    <ele>138.7</ele>
   </trkpt>
   <trkpt lat="48.5926830" lon="7.7828730">
    <ele>138.6</ele>
   </trkpt>
   <trkpt lat="48.5927020" lon="7.7829060">
    <ele>138.6</ele>
   </trkpt>
   <trkpt lat="48.5927340" lon="7.7829440">
    <ele>138.5</ele>
   </trkpt>
   <trkpt lat="48.5927570" lon="7.7829730">
    <ele>138.5</ele>
   </trkpt>
   <trkpt lat="48.5927800" lon="7.7830010">
    <ele>138.4</ele>
   </trkpt>
   <trkpt lat="48.5928050" lon="7.7830310">
    <ele>138.4</ele>
   </trkpt>
   <trkpt lat="48.5928310" lon="7.7830610">
    <ele>138.4</ele>
   </trkpt>
   <trkpt lat="48.5928490" lon="7.7831000">
    <ele>138.4</ele>
   </trkpt>
   <trkpt lat="48.5928780" lon="7.7831280">
    <ele>138.4</ele>
   </trkpt>
   <trkpt lat="48.5929060" lon="7.7831390">
    <ele>138.4</ele>
   </trkpt>
   <trkpt lat="48.5929320" lon="7.7831700">
    <ele>138.4</ele>
   </trkpt>
   <trkpt lat="48.5929540" lon="7.7831930">
    <ele>138.4</ele>
   </trkpt>
   <trkpt lat="48.5929850" lon="7.7832120">
    <ele>138.4</ele>
   </trkpt>
   <trkpt lat="48.5930170" lon="7.7832310">
    <ele>138.4</ele>
   </trkpt>
   <trkpt lat="48.5930420" lon="7.7832610">
    <ele>138.4</ele>
   </trkpt>
   <trkpt lat="48.5930700" lon="7.7833030">
    <ele>138.4</ele>
   </trkpt>
   <trkpt lat="48.5930830" lon="7.7833140">
    <ele>138.4</ele>
   </trkpt>
   <trkpt lat="48.5930890" lon="7.7833620">
    <ele>138.4</ele>
   </trkpt>
   <trkpt lat="48.5931070" lon="7.7834090">
    <ele>138.4</ele>
   </trkpt>
   <trkpt lat="48.5931200" lon="7.7834240">
    <ele>138.4</ele>
   </trkpt>
   <trkpt lat="48.5931430" lon="7.7834630">
    <ele>138.4</ele>
   </trkpt>
   <trkpt lat="48.5931670" lon="7.7835070">
    <ele>138.4</ele>
   </trkpt>
   <trkpt lat="48.5931740" lon="7.7835200">
    <ele>138.4</ele>
   </trkpt>
   <trkpt lat="48.5931990" lon="7.7835390">
    <ele>138.4</ele>
   </trkpt>
   <trkpt lat="48.5932310" lon="7.7835760">
    <ele>138.4</ele>
   </trkpt>
   <trkpt lat="48.5932440" lon="7.7835930">
    <ele>138.4</ele>
   </trkpt>
   <trkpt lat="48.5932640" lon="7.7836360">
    <ele>138.4</ele>
   </trkpt>
   <trkpt lat="48.5932760" lon="7.7836510">
    <ele>138.4</ele>
   </trkpt>
   <trkpt lat="48.5933050" lon="7.7837010">
    <ele>138.4</ele>
   </trkpt>
   <trkpt lat="48.5933140" lon="7.7837210">
    <ele>138.4</ele>
   </trkpt>
   <trkpt lat="48.5933390" lon="7.7837410">
    <ele>138.4</ele>
   </trkpt>
   <trkpt lat="48.5933680" lon="7.7837450">
    <ele>138.4</ele>
   </trkpt>
   <trkpt lat="48.5933940" lon="7.7837670">
    <ele>138.4</ele>
   </trkpt>
   <trkpt lat="48.5934240" lon="7.7837700">
    <ele>138.4</ele>
   </trkpt>
   <trkpt lat="48.5934580" lon="7.7838100">
    <ele>138.4</ele>
   </trkpt>
   <trkpt lat="48.5934730" lon="7.7838220">
    <ele>138.4</ele>
   </trkpt>
   <trkpt lat="48.5934970" lon="7.7838560">
    <ele>138.4</ele>
   </trkpt>
   <trkpt lat="48.5935240" lon="7.7838920">
    <ele>138.4</ele>
   </trkpt>
   <trkpt lat="48.5935290" lon="7.7839100">
    <ele>138.4</ele>
   </trkpt>
   <trkpt lat="48.5935620" lon="7.7839410">
    <ele>138.4</ele>
   </trkpt>
   <trkpt lat="48.5935770" lon="7.7839500">
    <ele>138.4</ele>
   </trkpt>
   <trkpt lat="48.5936110" lon="7.7839570">
    <ele>138.4</ele>
   </trkpt>
   <trkpt lat="48.5936370" lon="7.7840040">
    <ele>138.4</ele>
   </trkpt>
   <trkpt lat="48.5936650" lon="7.7840390">
    <ele>138.4</ele>
   </trkpt>
   <trkpt lat="48.5937000" lon="7.7840650">
    <ele>138.4</ele>
   </trkpt>
   <trkpt lat="48.5937120" lon="7.7840780">
    <ele>138.4</ele>
   </trkpt>
   <trkpt lat="48.5937390" lon="7.7841060">
    <ele>138.4</ele>
   </trkpt>
   <trkpt lat="48.5937560" lon="7.7841540">
    <ele>138.4</ele>
   </trkpt>
   <trkpt lat="48.5937880" lon="7.7841770">
    <ele>138.4</ele>
   </trkpt>
   <trkpt lat="48.5937970" lon="7.7841840">
    <ele>138.4</ele>
   </trkpt>
   <trkpt lat="48.5938210" lon="7.7842130">
    <ele>138.4</ele>
   </trkpt>
   <trkpt lat="48.5938460" lon="7.7842400">
    <ele>138.4</ele>
   </trkpt>
   <trkpt lat="48.5938700" lon="7.7842630">
    <ele>138.4</ele>
   </trkpt>
   <trkpt lat="48.5938960" lon="7.7843120">
    <ele>138.4</ele>
   </trkpt>
   <trkpt lat="48.5939000" lon="7.7843410">
    <ele>138.4</ele>
   </trkpt>
   <trkpt lat="48.5939310" lon="7.7843610">
    <ele>138.4</ele>
   </trkpt>
   <trkpt lat="48.5939550" lon="7.7843850">
    <ele>138.4</ele>
   </trkpt>
   <trkpt lat="48.5939720" lon="7.7844200">
    <ele>138.4</ele>
   </trkpt>
   <trkpt lat="48.5939920" lon="7.7844540">
    <ele>138.4</ele>
   </trkpt>
   <trkpt lat="48.5940170" lon="7.7844780">
    <ele>138.4</ele>
   </trkpt>
   <trkpt lat="48.5940420" lon="7.7845120">
    <ele>138.4</ele>
   </trkpt>
   <trkpt lat="48.5940510" lon="7.7845200">
    <ele>138.4</ele>
   </trkpt>
   <trkpt lat="48.5940640" lon="7.7845670">
    <ele>138.4</ele>
   </trkpt>
   <trkpt lat="48.5940900" lon="7.7845800">
    <ele>138.4</ele>
   </trkpt>
   <trkpt lat="48.5941140" lon="7.7846000">
    <ele>138.4</ele>
   </trkpt>
   <trkpt lat="48.5941380" lon="7.7846480">
    <ele>138.4</ele>
   </trkpt>
   <trkpt lat="48.5941480" lon="7.7846690">
    <ele>138.4</ele>
   </trkpt>
   <trkpt lat="48.5941690" lon="7.7847090">
    <ele>138.4</ele>
   </trkpt>
   <trkpt lat="48.5941860" lon="7.7847420">
    <ele>138.4</ele>
   </trkpt>
   <trkpt lat="48.5942140" lon="7.7847740">
    <ele>138.4</ele>
   </trkpt>
   <trkpt lat="48.5942230" lon="7.7847830">
    <ele>138.4</ele>
   </trkpt>
   <trkpt lat="48.5942520" lon="7.7848220">
    <ele>138.4</ele>
   </trkpt>
   <trkpt lat="48.5942700" lon="7.7848600">
    <ele>138.4</ele>
   </trkpt>
   <trkpt lat="48.5942960" lon="7.7848860">
    <ele>138.4</ele>
   </trkpt>
   <trkpt lat="48.5943280" lon="7.7849220">
    <ele>138.4</ele>
   </trkpt>
   <trkpt lat="48.5943390" lon="7.7849360">
    <ele>138.4</ele>
   </trkpt>
   <trkpt lat="48.5943610" lon="7.7849850">
    <ele>138.4</ele>
   </trkpt>
   <trkpt lat="48.5943680" lon="7.7850090">
    <ele>138.4</ele>
   </trkpt>
   <trkpt lat="48.5943940" lon="7.7850240">
    <ele>138.4</ele>
   </trkpt>
   <trkpt lat="48.5944180" lon="7.7850480">
    <ele>138.4</ele>
   </trkpt>
   <trkpt lat="48.5944360" lon="7.7850860">
    <ele>138.4</ele>
   </trkpt>
   <trkpt lat="48.5944540" lon="7.7851300">
    <ele>138.4</ele>
   </trkpt>
   <trkpt lat="48.5944840" lon="7.7851800">
    <ele>138.4</ele>
   </trkpt>
   <trkpt lat="48.5944960" lon="7.7852000">
    <ele>138.4</ele>
   </trkpt>
   <trkpt lat="48.5945190" lon="7.7852250">
    <ele>138.4</ele>
   </trkpt>
   <trkpt lat="48.5945460" lon="7.7852540">
    <ele>138.4</ele>
   </trkpt>
   <trkpt lat="48.5945640" lon="7.7852960">
    <ele>138.4</ele>
   </trkpt>
   <trkpt lat="48.5945820" lon="7.7853360">
    <ele>138.4</ele>
   </trkpt>
   <trkpt lat="48.5945990" lon="7.7853730">
    <ele>138.4</ele>
   </trkpt>
   <trkpt lat="48.5946250" lon="7.7854200">
    <ele>138.5</ele>
   </trkpt>
   <trkpt lat="48.5946330" lon="7.7854370">
    <ele>138.5</ele>
   </trkpt>
   <trkpt lat="48.5946630" lon="7.7854770">
    <ele>138.5</ele>
   </trkpt>
   <trkpt lat="48.5946730" lon="7.7854930">
    <ele>138.5</ele>
   </trkpt>
   <trkpt lat="48.5946900" lon="7.7855360">
    <ele>138.5</ele>
   </trkpt>
   <trkpt lat="48.5947130" lon="7.7855690">
    <ele>138.5</ele>
   </trkpt>
   <trkpt lat="48.5947340" lon="7.7856020">
    <ele>138.5</ele>
   </trkpt>
   <trkpt lat="48.5947560" lon="7.7856310">
    <ele>138.5</ele>
   </trkpt>
   <trkpt lat="48.5947670" lon="7.7856980">
    <ele>138.6</ele>
   </trkpt>
   <trkpt lat="48.5947900" lon="7.7857450">
    <ele>138.6</ele>
   </trkpt>
   <trkpt lat="48.5948010" lon="7.7857660">
    <ele>138.6</ele>
   </trkpt>
   <trkpt lat="48.5948230" lon="7.7857930">
    <ele>138.6</ele>
   </trkpt>
   <trkpt lat="48.5948490" lon="7.7858120">
    <ele>138.6</ele>
   </trkpt>
   <trkpt lat="48.5948600" lon="7.7858510">
    <ele>138.6</ele>
   </trkpt>
   <trkpt lat="48.5948800" lon="7.7858830">
    <ele>138.6</ele>
   </trkpt>
   <trkpt lat="48.5949000" lon="7.7859150">
    <ele>138.6</ele>
   </trkpt>
   <trkpt lat="48.5949220" lon="7.7859390">
    <ele>138.7</ele>
   </trkpt>
   <trkpt lat="48.5949560" lon="7.7859810">
    <ele>138.7</ele>
   </trkpt>
   <trkpt lat="48.5949690" lon="7.7859950">
    <ele>138.7</ele>
   </trkpt>
   <trkpt lat="48.5949990" lon="7.7860360">
    <ele>138.7</ele>
   </trkpt>
   <trkpt lat="48.5950060" lon="7.7860540">
    <ele>138.7</ele>
   </trkpt>
   <trkpt lat="48.5950320" lon="7.7860730">
    <ele>138.7</ele>
   </trkpt>
   <trkpt lat="48.5950570" lon="7.7861000">
    <ele>138.7</ele>
   </trkpt>
   <trkpt lat="48.5950830" lon="7.7861270">
    <ele>138.7</ele>
   </trkpt>
   <trkpt lat="48.5951110" lon="7.7861320">
    <ele>138.8</ele>
   </trkpt>
   <trkpt lat="48.5951330" lon="7.7861700">
    <ele>138.8</ele>
   </trkpt>
   <trkpt lat="48.5951550" lon="7.7862120">
    <ele>138.8</ele>
   </trkpt>
   <trkpt lat="48.5951880" lon="7.7862410">
    <ele>138.8</ele>
   </trkpt>
   <trkpt lat="48.5952000" lon="7.7862470">
    <ele>138.8</ele>
   </trkpt>
   <trkpt lat="48.5952280" lon="7.7862520">
    <ele>138.8</ele>
   </trkpt>
   <trkpt lat="48.5952590" lon="7.7862690">
    <ele>138.8</ele>
   </trkpt>
   <trkpt lat="48.5952660" lon="7.7862780">
    <ele>138.8</ele>
   </trkpt>
   <trkpt lat="48.5953050" lon="7.7862820">
    <ele>138.9</ele>
   </trkpt>
   <trkpt lat="48.5953430" lon="7.7862990">
    <ele>138.9</ele>
   </trkpt>
   <trkpt lat="48.5953570" lon="7.7863020">
    <ele>138.9</ele>
   </trkpt>
   <trkpt lat="48.5953900" lon="7.7863120">
    <ele>138.9</ele>
   </trkpt>
   <trkpt lat="48.5954180" lon="7.7863220">
    <ele>138.9</ele>
   </trkpt>
   <trkpt lat="48.5954490" lon="7.7863320">
    <ele>138.9</ele>
   </trkpt>
   <trkpt lat="48.5954620" lon="7.7863350">
    <ele>138.9</ele>
   </trkpt>
   <trkpt lat="48.5954950" lon="7.7863520">
    <ele>138.9</ele>
   </trkpt>
   <trkpt lat="48.5955170" lon="7.7863830">
    <ele>139.0</ele>
   </trkpt>
   <trkpt lat="48.5955420" lon="7.7864040">
    <ele>139.0</ele>
   </trkpt>
   <trkpt lat="48.5955660" lon="7.7864460">
    <ele>139.0</ele>
   </trkpt>
   <trkpt lat="48.5955990" lon="7.7864720">
    <ele>139.0</ele>
   </trkpt>
   <trkpt lat="48.5956220" lon="7.7865000">
    <ele>139.0</ele>
   </trkpt>
   <trkpt lat="48.5956500" lon="7.7865240">
    <ele>139.0</ele>
   </trkpt>
   <trkpt lat="48.5956790" lon="7.7865440">
    <ele>139.0</ele>
   </trkpt>
   <trkpt lat="48.5957070" lon="7.7865770">
    <ele>139.0</ele>
   </trkpt>
   <trkpt lat="48.5957360" lon="7.7865960">
    <ele>139.0</ele>
   </trkpt>
   <trkpt lat="48.5957610" lon="7.7866100">
    <ele>139.0</ele>
   </trkpt>
   <trkpt lat="48.5957960" lon="7.7866610">
    <ele>139.0</ele>
   </trkpt>
   <trkpt lat="48.5958180" lon="7.7866980">
    <ele>139.0</ele>
   </trkpt>
   <trkpt lat="48.5958310" lon="7.7867370">
    <ele>139.0</ele>
   </trkpt>
   <trkpt lat="48.5958460" lon="7.7867860">
    <ele>139.0</ele>
   </trkpt>
   <trkpt lat="48.5958540" lon="7.7867960">
    <ele>139.0</ele>
   </trkpt>
   <trkpt lat="48.5958700" lon="7.7868500">
    <ele>139.0</ele>
   </trkpt>
   <trkpt lat="48.5958780" lon="7.7868950">
    <ele>139.0</ele>
   </trkpt>
   <trkpt lat="48.5958960" lon="7.7869460">
    <ele>139.0</ele>
   </trkpt>
   <trkpt lat="48.5958990" lon="7.7869690">
    <ele>139.0</ele>
   </trkpt>
   <trkpt lat="48.5958920" lon="7.7870140">
    <ele>139.0</ele>
   </trkpt>
   <trkpt lat="48.5959160" lon="7.7870650">
    <ele>139.0</ele>
   </trkpt>
   <trkpt lat="48.5959230" lon="7.7870890">
    <ele>139.0</ele>
   </trkpt>
   <trkpt lat="48.5959430" lon="7.7871510">
    <ele>139.0</ele>
   </trkpt>
   <trkpt lat="48.5959640" lon="7.7871860">
    <ele>139.0</ele>
   </trkpt>
   <trkpt lat="48.5959720" lon="7.7872470">
    <ele>139.0</ele>
   </trkpt>
   <trkpt lat="48.5959760" lon="7.7872720">
    <ele>139.0</ele>
   </trkpt>
   <trkpt lat="48.5959800" lon="7.7873130">
    <ele>139.0</ele>
   </trkpt>
   <trkpt lat="48.5959880" lon="7.7873520">
    <ele>139.0</ele>
   </trkpt>
   <trkpt lat="48.5959960" lon="7.7873960">
    <ele>138.9</ele>
   </trkpt>
   <trkpt lat="48.5960040" lon="7.7874430">
    <ele>138.9</ele>
   </trkpt>
   <trkpt lat="48.5960120" lon="7.7874980">
    <ele>138.9</ele>
   </trkpt>
   <trkpt lat="48.5960220" lon="7.7875140">
    <ele>138.9</ele>
   </trkpt>
   <trkpt lat="48.5960190" lon="7.7875640">
    <ele>138.9</ele>
   </trkpt>
   <trkpt lat="48.5960180" lon="7.7876120">
    <ele>138.9</ele>
   </trkpt>
   <trkpt lat="48.5960280" lon="7.7876600">
    <ele>138.9</ele>
   </trkpt>
   <trkpt lat="48.5960380" lon="7.7877000">
    <ele>138.9</ele>
   </trkpt>
   <trkpt lat="48.5960310" lon="7.7877620">
    <ele>138.9</ele>
   </trkpt>
   <trkpt lat="48.5960340" lon="7.7878110">
    <ele>138.9</ele>
   </trkpt>
   <trkpt lat="48.5960500" lon="7.7878650">
    <ele>138.9</ele>
   </trkpt>
   <trkpt lat="48.5960500" lon="7.7878880">
    <ele>138.9</ele>
   </trkpt>
   <trkpt lat="48.5960590" lon="7.7879420">
    <ele>138.9</ele>
   </trkpt>
   <trkpt lat="48.5960640" lon="7.7879590">
    <ele>138.9</ele>
   </trkpt>
   <trkpt lat="48.5960730" lon="7.7880030">
    <ele>138.9</ele>
   </trkpt>
   <trkpt lat="48.5960880" lon="7.7880470">
    <ele>138.9</ele>
   </trkpt>
   <trkpt lat="48.5960860" lon="7.7881040">
    <ele>138.8</ele>
   </trkpt>
   <trkpt lat="48.5960880" lon="7.7881500">
    <ele>138.8</ele>
   </trkpt>
   <trkpt lat="48.5960920" lon="7.7882150">
    <ele>138.8</ele>
   </trkpt>
   <trkpt lat="48.5960910" lon="7.7882400">
    <ele>138.8</ele>
   </trkpt>
   <trkpt lat="48.5960950" lon="7.7882910">
    <ele>138.8</ele>
   </trkpt>
   <trkpt lat="48.5961090" lon="7.7883490">
    <ele>138.7</ele>
   </trkpt>
   <trkpt lat="48.5961190" lon="7.7883740">
    <ele>138.7</ele>
   </trkpt>
   <trkpt lat="48.5961210" lon="7.7884210">
    <ele>138.7</ele>
   </trkpt>
   <trkpt lat="48.5961270" lon="7.7884840">
    <ele>138.7</ele>
   </trkpt>
   <trkpt lat="48.5961270" lon="7.7885070">
    <ele>138.7</ele>
   </trkpt>
   <trkpt lat="48.5961330" lon="7.7885510">
    <ele>138.6</ele>
   </trkpt>
   <trkpt lat="48.5961410" lon="7.7886090">
    <ele>138.6</ele>
   </trkpt>
   <trkpt lat="48.5961440" lon="7.7886310">
    <ele>138.6</ele>
   </trkpt>
   <trkpt lat="48.5961500" lon="7.7886760">
    <ele>138.6</ele>
   </trkpt>
   <trkpt lat="48.5961570" lon="7.7887380">
    <ele>138.6</ele>
   </trkpt>
   <trkpt lat="48.5961610" lon="7.7887610">
    <ele>138.6</ele>
   </trkpt>
   <trkpt lat="48.5961530" lon="7.7888030">
    <ele>138.6</ele>
   </trkpt>
   <trkpt lat="48.5961630" lon="7.7888520">
    <ele>138.6</ele>
   </trkpt>
   <trkpt lat="48.5961730" lon="7.7889000">
    <ele>138.5</ele>
   </trkpt>
   <trkpt lat="48.5961830" lon="7.7889440">
    <ele>138.5</ele>
   </trkpt>
   <trkpt lat="48.5961830" lon="7.7889940">
    <ele>138.5</ele>
   </trkpt>
   <trkpt lat="48.5961970" lon="7.7890390">
    <ele>138.5</ele>
   </trkpt>
   <trkpt lat="48.5961860" lon="7.7890960">
    <ele>138.5</ele>
   </trkpt>
   <trkpt lat="48.5961990" lon="7.7891460">
    <ele>138.4</ele>
   </trkpt>
   <trkpt lat="48.5962000" lon="7.7891650">
    <ele>138.4</ele>
   </trkpt>
   <trkpt lat="48.5962110" lon="7.7892170">
    <ele>138.4</ele>
   </trkpt>
   <trkpt lat="48.5962130" lon="7.7892380">
    <ele>138.4</ele>
   </trkpt>
   <trkpt lat="48.5962150" lon="7.7892830">
    <ele>138.4</ele>
   </trkpt>
   <trkpt lat="48.5962260" lon="7.7893250">
    <ele>138.4</ele>
   </trkpt>
   <trkpt lat="48.5962330" lon="7.7893700">
    <ele>138.4</ele>
   </trkpt>
   <trkpt lat="48.5962350" lon="7.7894250">
    <ele>138.3</ele>
   </trkpt>
   <trkpt lat="48.5962370" lon="7.7894430">
    <ele>138.3</ele>
   </trkpt>
   <trkpt lat="48.5962430" lon="7.7894830">
    <ele>138.3</ele>
   </trkpt>
   <trkpt lat="48.5962540" lon="7.7895400">
    <ele>138.3</ele>
   </trkpt>
   <trkpt lat="48.5962580" lon="7.7895860">
    <ele>138.3</ele>
   </trkpt>
   <trkpt lat="48.5962670" lon="7.7896500">
    <ele>138.2</ele>
   </trkpt>
   <trkpt lat="48.5962680" lon="7.7896780">
    <ele>138.2</ele>
   </trkpt>
   <trkpt lat="48.5962760" lon="7.7897200">
    <ele>138.2</ele>
   </trkpt>
   <trkpt lat="48.5962810" lon="7.7897650">
    <ele>138.2</ele>
   </trkpt>
   <trkpt lat="48.5962960" lon="7.7898180">
    <ele>138.2</ele>
   </trkpt>
   <trkpt lat="48.5963010" lon="7.7898420">
    <ele>138.2</ele>
   </trkpt>
   <trkpt lat="48.5963150" lon="7.7898970">
    <ele>138.2</ele>
   </trkpt>
   <trkpt lat="48.5963180" lon="7.7899220">
    <ele>138.2</ele>
   </trkpt>
   <trkpt lat="48.5963350" lon="7.7899590">
    <ele>138.2</ele>
   </trkpt>
   <trkpt lat="48.5963580" lon="7.7899900">
    <ele>138.2</ele>
   </trkpt>
   <trkpt lat="48.5963780" lon="7.7900210">
    <ele>138.2</ele>
   </trkpt>
   <trkpt lat="48.5963970" lon="7.7900630">
    <ele>138.2</ele>
   </trkpt>
   <trkpt lat="48.5964150" lon="7.7901050">
    <ele>138.1</ele>
   </trkpt>
   <trkpt lat="48.5964410" lon="7.7901520">
    <ele>138.1</ele>
   </trkpt>
   <trkpt lat="48.5964500" lon="7.7901700">
    <ele>138.1</ele>
   </trkpt>
   <trkpt lat="48.5964740" lon="7.7902090">
    <ele>138.1</ele>
   </trkpt>
   <trkpt lat="48.5964830" lon="7.7902210">
    <ele>138.1</ele>
   </trkpt>
   <trkpt lat="48.5965100" lon="7.7902540">
    <ele>138.1</ele>
   </trkpt>
   <trkpt lat="48.5965390" lon="7.7902830">
    <ele>138.1</ele>
   </trkpt>
   <trkpt lat="48.5965620" lon="7.7903150">
    <ele>138.1</ele>
   </trkpt>
   <trkpt lat="48.5965960" lon="7.7903520">
    <ele>138.1</ele>
   </trkpt>
   <trkpt lat="48.5966080" lon="7.7903670">
    <ele>138.1</ele>
   </trkpt>
   <trkpt lat="48.5966300" lon="7.7904020">
    <ele>138.1</ele>
   </trkpt>
   <trkpt lat="48.5966370" lon="7.7904080">
    <ele>138.1</ele>
   </trkpt>
   <trkpt lat="48.5966600" lon="7.7904390">
    <ele>138.1</ele>
   </trkpt>
   <trkpt lat="48.5966900" lon="7.7904660">
    <ele>138.1</ele>
   </trkpt>
   <trkpt lat="48.5967130" lon="7.7904900">
    <ele>138.1</ele>
   </trkpt>
   <trkpt lat="48.5967490" lon="7.7904950">
    <ele>138.1</ele>
   </trkpt>
   <trkpt lat="48.5967800" lon="7.7905380">
    <ele>138.0</ele>
   </trkpt>
   <trkpt lat="48.5967910" lon="7.7905580">
    <ele>138.0</ele>
   </trkpt>
   <trkpt lat="48.5968030" lon="7.7905730">
    <ele>138.0</ele>
   </trkpt>
   <trkpt lat="48.5968260" lon="7.7905560">
    <ele>138.0</ele>
   </trkpt>
   <trkpt lat="48.5968610" lon="7.7905770">
    <ele>138.0</ele>
   </trkpt>
   <trkpt lat="48.5968930" lon="7.7906130">
    <ele>138.0</ele>
   </trkpt>
   <trkpt lat="48.5969240" lon="7.7906310">
    <ele>138.0</ele>
   </trkpt>
   <trkpt lat="48.5969280" lon="7.7906530">
    <ele>138.0</ele>
   </trkpt>
   <trkpt lat="48.5969450" lon="7.7906610">
    <ele>138.0</ele>
   </trkpt>
   <trkpt lat="48.5969610" lon="7.7906680">
    <ele>138.0</ele>
   </trkpt>
   <trkpt lat="48.5969950" lon="7.7906920">
    <ele>138.0</ele>
   </trkpt>
   <trkpt lat="48.5970240" lon="7.7906950">
    <ele>138.0</ele>
   </trkpt>
   <trkpt lat="48.5970710" lon="7.7906940">
    <ele>138.0</ele>
   </trkpt>
   <trkpt lat="48.5970970" lon="7.7907060">
    <ele>138.0</ele>
   </trkpt>
   <trkpt lat="48.5971380" lon="7.7907150">
    <ele>138.0</ele>
   </trkpt>
   <trkpt lat="48.5971520" lon="7.7907190">
    <ele>138.0</ele>
   </trkpt>
   <trkpt lat="48.5971880" lon="7.7907360">
    <ele>138.0</ele>
   </trkpt>
   <trkpt lat="48.5971970" lon="7.7907470">
    <ele>138.0</ele>
   </trkpt>
   <trkpt lat="48.5972300" lon="7.7907420">
    <ele>138.0</ele>
   </trkpt>
   <trkpt lat="48.5972540" lon="7.7907600">
    <ele>138.0</ele>
   </trkpt>
   <trkpt lat="48.5972900" lon="7.7907710">
    <ele>138.0</ele>
   </trkpt>
   <trkpt lat="48.5973310" lon="7.7907740">
    <ele>138.0</ele>
   </trkpt>
   <trkpt lat="48.5973480" lon="7.7907790">
    <ele>138.0</ele>
   </trkpt>
   <trkpt lat="48.5973820" lon="7.7907860">
    <ele>138.0</ele>
   </trkpt>
   <trkpt lat="48.5974130" lon="7.7907890">
    <ele>138.1</ele>
   </trkpt>
   <trkpt lat="48.5974460" lon="7.7908080">
    <ele>138.1</ele>
   </trkpt>
   <trkpt lat="48.5974750" lon="7.7908040">
    <ele>138.1</ele>
   </trkpt>
   <trkpt lat="48.5975090" lon="7.7908090">
    <ele>138.1</ele>
   </trkpt>
   <trkpt lat="48.5975210" lon="7.7908130">
    <ele>138.1</ele>
   </trkpt>
   <trkpt lat="48.5975520" lon="7.7908000">
    <ele>138.1</ele>
   </trkpt>
   <trkpt lat="48.5975590" lon="7.7907950">
    <ele>138.1</ele>
   </trkpt>
   <trkpt lat="48.5976100" lon="7.7908340">
    <ele>138.2</ele>
   </trkpt>
   <trkpt lat="48.5976390" lon="7.7908470">
    <ele>138.2</ele>
   </trkpt>
   <trkpt lat="48.5976450" lon="7.7908560">
    <ele>138.2</ele>
   </trkpt>
   <trkpt lat="48.5976830" lon="7.7908540">
    <ele>138.2</ele>
   </trkpt>
   <trkpt lat="48.5976980" lon="7.7908560">
    <ele>138.2</ele>
   </trkpt>
   <trkpt lat="48.5977290" lon="7.7908530">
    <ele>138.3</ele>
   </trkpt>
   <trkpt lat="48.5977670" lon="7.7908550">
    <ele>138.3</ele>
   </trkpt>
   <trkpt lat="48.5978050" lon="7.7908820">
    <ele>138.3</ele>
   </trkpt>
   <trkpt lat="48.5978180" lon="7.7908920">
    <ele>138.3</ele>
   </trkpt>
   <trkpt lat="48.5978440" lon="7.7909080">
    <ele>138.3</ele>
   </trkpt>
   <trkpt lat="48.5978720" lon="7.7909190">
    <ele>138.3</ele>
   </trkpt>
   <trkpt lat="48.5979090" lon="7.7909250">
    <ele>138.4</ele>
   </trkpt>
   <trkpt lat="48.5979250" lon="7.7909290">
    <ele>138.4</ele>
   </trkpt>
   <trkpt lat="48.5979580" lon="7.7909500">
    <ele>138.4</ele>
   </trkpt>
   <trkpt lat="48.5979880" lon="7.7909620">
    <ele>138.4</ele>
   </trkpt>
   <trkpt lat="48.5980290" lon="7.7909740">
    <ele>138.4</ele>
   </trkpt>
   <trkpt lat="48.5980450" lon="7.7909750">
    <ele>138.5</ele>
   </trkpt>
   <trkpt lat="48.5980730" lon="7.7909600">
    <ele>138.5</ele>
   </trkpt>
   <trkpt lat="48.5980990" lon="7.7909780">
    <ele>138.5</ele>
   </trkpt>
   <trkpt lat="48.5981270" lon="7.7909980">
    <ele>138.5</ele>
   </trkpt>
   <trkpt lat="48.5981660" lon="7.7910110">
    <ele>138.5</ele>
   </trkpt>
   <trkpt lat="48.5981830" lon="7.7910110">
    <ele>138.5</ele>
   </trkpt>
   <trkpt lat="48.5982140" lon="7.7910170">
    <ele>138.5</ele>
   </trkpt>
   <trkpt lat="48.5982530" lon="7.7910360">
    <ele>138.5</ele>
   </trkpt>
   <trkpt lat="48.5982700" lon="7.7910350">
    <ele>138.5</ele>
   </trkpt>
   <trkpt lat="48.5983000" lon="7.7910370">
    <ele>138.5</ele>
   </trkpt>
   <trkpt lat="48.5983350" lon="7.7910360">
    <ele>138.5</ele>
   </trkpt>
   <trkpt lat="48.5983630" lon="7.7910480">
    <ele>138.5</ele>
   </trkpt>
   <trkpt lat="48.5984070" lon="7.7910410">
    <ele>138.5</ele>
   </trkpt>
   <trkpt lat="48.5984360" lon="7.7910400">
    <ele>138.5</ele>
   </trkpt>
   <trkpt lat="48.5984730" lon="7.7910380">
    <ele>138.5</ele>
   </trkpt>
   <trkpt lat="48.5985030" lon="7.7910390">
    <ele>138.4</ele>
   </trkpt>
   <trkpt lat="48.5985300" lon="7.7910560">
    <ele>138.4</ele>
   </trkpt>
   <trkpt lat="48.5985580" lon="7.7910420">
    <ele>138.4</ele>
   </trkpt>
   <trkpt lat="48.5985900" lon="7.7910300">
    <ele>138.4</ele>
   </trkpt>
   <trkpt lat="48.5986140" lon="7.7910070">
    <ele>138.4</ele>
   </trkpt>
   <trkpt lat="48.5986560" lon="7.7909920">
    <ele>138.3</ele>
   </trkpt>
   <trkpt lat="48.5986720" lon="7.7909870">
    <ele>138.3</ele>
   </trkpt>
   <trkpt lat="48.5987040" lon="7.7909810">
    <ele>138.3</ele>
   </trkpt>
   <trkpt lat="48.5987410" lon="7.7909770">
    <ele>138.3</ele>
   </trkpt>
   <trkpt lat="48.5987740" lon="7.7909640">
    <ele>138.2</ele>
   </trkpt>
   <trkpt lat="48.5988030" lon="7.7909590">
    <ele>138.2</ele>
   </trkpt>
   <trkpt lat="48.5988340" lon="7.7909430">
    <ele>138.2</ele>
   </trkpt>
   <trkpt lat="48.5988620" lon="7.7909420">
    <ele>138.2</ele>
   </trkpt>
   <trkpt lat="48.5988890" lon="7.7909240">
    <ele>138.2</ele>
   </trkpt>
   <trkpt lat="48.5989170" lon="7.7909090">
    <ele>138.1</ele>
   </trkpt>
   <trkpt lat="48.5989440" lon="7.7909000">
    <ele>138.1</ele>
   </trkpt>
   <trkpt lat="48.5989710" lon="7.7908910">
    <ele>138.1</ele>
   </trkpt>
   <trkpt lat="48.5989970" lon="7.7908690">
    <ele>138.1</ele>
   </trkpt>
   <trkpt lat="48.5990280" lon="7.7908690">
    <ele>138.1</ele>
   </trkpt>
   <trkpt lat="48.5990660" lon="7.7908650">
    <ele>138.0</ele>
   </trkpt>
   <trkpt lat="48.5990960" lon="7.7908560">
    <ele>138.0</ele>
   </trkpt>
   <trkpt lat="48.5991250" lon="7.7908220">
    <ele>138.0</ele>
   </trkpt>
   <trkpt lat="48.5991560" lon="7.7908130">
    <ele>138.0</ele>
   </trkpt>
   <trkpt lat="48.5991890" lon="7.7907940">
    <ele>138.0</ele>
   </trkpt>
   <trkpt lat="48.5992220" lon="7.7907850">
    <ele>138.1</ele>
   </trkpt>
   <trkpt lat="48.5992480" lon="7.7908010">
    <ele>138.1</ele>
   </trkpt>
   <trkpt lat="48.5992880" lon="7.7908200">
    <ele>138.1</ele>
   </trkpt>
   <trkpt lat="48.5993320" lon="7.7908470">
    <ele>138.1</ele>
   </trkpt>
   <trkpt lat="48.5993600" lon="7.7908510">
    <ele>138.1</ele>
   </trkpt>
   <trkpt lat="48.5993880" lon="7.7908450">
    <ele>138.1</ele>
   </trkpt>
   <trkpt lat="48.5994180" lon="7.7908410">
    <ele>138.1</ele>
   </trkpt>
   <trkpt lat="48.5994460" lon="7.7908340">
    <ele>138.1</ele>
   </trkpt>
   <trkpt lat="48.5994770" lon="7.7908310">
    <ele>138.1</ele>
   </trkpt>
   <trkpt lat="48.5995060" lon="7.7908420">
    <ele>138.1</ele>
   </trkpt>
   <trkpt lat="48.5995450" lon="7.7908490">
    <ele>138.2</ele>
   </trkpt>
   <trkpt lat="48.5995590" lon="7.7908520">
    <ele>138.2</ele>
   </trkpt>
   <trkpt lat="48.5995880" lon="7.7908570">
    <ele>138.2</ele>
   </trkpt>
   <trkpt lat="48.5996160" lon="7.7908770">
    <ele>138.2</ele>
   </trkpt>
   <trkpt lat="48.5996480" lon="7.7908710">
    <ele>138.2</ele>
   </trkpt>
   <trkpt lat="48.5996870" lon="7.7908770">
    <ele>138.2</ele>
   </trkpt>
   <trkpt lat="48.5997020" lon="7.7908830">
    <ele>138.2</ele>
   </trkpt>
   <trkpt lat="48.5997310" lon="7.7908920">
    <ele>138.2</ele>
   </trkpt>
   <trkpt lat="48.5997650" lon="7.7909010">
    <ele>138.2</ele>
   </trkpt>
   <trkpt lat="48.5998010" lon="7.7908970">
    <ele>138.2</ele>
   </trkpt>
   <trkpt lat="48.5998190" lon="7.7908940">
    <ele>138.2</ele>
   </trkpt>
   <trkpt lat="48.5998450" lon="7.7909060">
    <ele>138.2</ele>
   </trkpt>
   <trkpt lat="48.5998790" lon="7.7909310">
    <ele>138.2</ele>
   </trkpt>
   <trkpt lat="48.5999070" lon="7.7909440">
    <ele>138.2</ele>
   </trkpt>
   <trkpt lat="48.5999340" lon="7.7909630">
    <ele>138.1</ele>
   </trkpt>
   <trkpt lat="48.5999600" lon="7.7909780">
    <ele>138.1</ele>
   </trkpt>
   <trkpt lat="48.6000000" lon="7.7909770">
    <ele>138.1</ele>
   </trkpt>
   <trkpt lat="48.6000150" lon="7.7909810">
    <ele>138.1</ele>
   </trkpt>
   <trkpt lat="48.6000420" lon="7.7909970">
    <ele>138.1</ele>
   </trkpt>
   <trkpt lat="48.6000720" lon="7.7910240">
    <ele>138.1</ele>
   </trkpt>
   <trkpt lat="48.6001000" lon="7.7910400">
    <ele>138.1</ele>
   </trkpt>
   <trkpt lat="48.6001290" lon="7.7910550">
    <ele>138.0</ele>
   </trkpt>
   <trkpt lat="48.6001600" lon="7.7910820">
    <ele>138.0</ele>
   </trkpt>
   <trkpt lat="48.6001950" lon="7.7911070">
    <ele>138.0</ele>
   </trkpt>
   <trkpt lat="48.6002080" lon="7.7911140">
    <ele>138.0</ele>
   </trkpt>
   <trkpt lat="48.6002480" lon="7.7911220">
    <ele>138.0</ele>
   </trkpt>
   <trkpt lat="48.6002870" lon="7.7911320">
    <ele>138.0</ele>
   </trkpt>
   <trkpt lat="48.6003020" lon="7.7911310">
    <ele>137.9</ele>
   </trkpt>
   <trkpt lat="48.6003250" lon="7.7911530">
    <ele>137.9</ele>
   </trkpt>
   <trkpt lat="48.6003430" lon="7.7911980">
    <ele>137.9</ele>
   </trkpt>
   <trkpt lat="48.6003760" lon="7.7912250">
    <ele>137.9</ele>
   </trkpt>
   <trkpt lat="48.6003870" lon="7.7912370">
    <ele>137.9</ele>
   </trkpt>
   <trkpt lat="48.6004140" lon="7.7912590">
    <ele>137.9</ele>
   </trkpt>
   <trkpt lat="48.6004350" lon="7.7912910">
    <ele>137.9</ele>
   </trkpt>
   <trkpt lat="48.6004440" lon="7.7913040">
    <ele>137.9</ele>
   </trkpt>
   <trkpt lat="48.6004810" lon="7.7913200">
    <ele>137.9</ele>
   </trkpt>
   <trkpt lat="48.6005010" lon="7.7913540">
    <ele>137.9</ele>
   </trkpt>
   <trkpt lat="48.6005320" lon="7.7913720">
    <ele>137.9</ele>
   </trkpt>
   <trkpt lat="48.6005660" lon="7.7913970">
    <ele>138.0</ele>
   </trkpt>
   <trkpt lat="48.6005770" lon="7.7914030">
    <ele>138.0</ele>
   </trkpt>
   <trkpt lat="48.6006150" lon="7.7914330">
    <ele>138.0</ele>
   </trkpt>
   <trkpt lat="48.6006290" lon="7.7914450">
    <ele>138.0</ele>
   </trkpt>
   <trkpt lat="48.6006540" lon="7.7914750">
    <ele>138.0</ele>
   </trkpt>
   <trkpt lat="48.6006880" lon="7.7915120">
    <ele>138.0</ele>
   </trkpt>
   <trkpt lat="48.6007030" lon="7.7915200">
    <ele>138.0</ele>
   </trkpt>
   <trkpt lat="48.6007270" lon="7.7915450">
    <ele>138.0</ele>
   </trkpt>
   <trkpt lat="48.6007480" lon="7.7915780">
    <ele>138.0</ele>
   </trkpt>
   <trkpt lat="48.6007740" lon="7.7915950">
    <ele>138.0</ele>
   </trkpt>
   <trkpt lat="48.6007990" lon="7.7916160">
    <ele>138.0</ele>
   </trkpt>
   <trkpt lat="48.6008200" lon="7.7916450">
    <ele>138.1</ele>
   </trkpt>
   <trkpt lat="48.6008440" lon="7.7916700">
    <ele>138.1</ele>
   </trkpt>
   <trkpt lat="48.6008830" lon="7.7916950">
    <ele>138.1</ele>
   </trkpt>
   <trkpt lat="48.6008970" lon="7.7917100">
    <ele>138.1</ele>
   </trkpt>
   <trkpt lat="48.6009320" lon="7.7917430">
    <ele>138.1</ele>
   </trkpt>
   <trkpt lat="48.6009440" lon="7.7917530">
    <ele>138.1</ele>
   </trkpt>
   <trkpt lat="48.6009690" lon="7.7917790">
    <ele>138.1</ele>
   </trkpt>
   <trkpt lat="48.6010040" lon="7.7918130">
    <ele>138.2</ele>
   </trkpt>
   <trkpt lat="48.6010140" lon="7.7918310">
    <ele>138.2</ele>
   </trkpt>
   <trkpt lat="48.6010460" lon="7.7918590">
    <ele>138.2</ele>
   </trkpt>
   <trkpt lat="48.6010610" lon="7.7918750">
    <ele>138.2</ele>
   </trkpt>
   <trkpt lat="48.6010960" lon="7.7919350">
    <ele>138.2</ele>
   </trkpt>
   <trkpt lat="48.6011280" lon="7.7919570">
    <ele>138.2</ele>
   </trkpt>
   <trkpt lat="48.6011600" lon="7.7919890">
    <ele>138.3</ele>
   </trkpt>
   <trkpt lat="48.6011710" lon="7.7920030">
    <ele>138.3</ele>
   </trkpt>
   <trkpt lat="48.6012190" lon="7.7920460">
    <ele>138.3</ele>
   </trkpt>
   <trkpt lat="48.6012430" lon="7.7920700">
    <ele>138.3</ele>
   </trkpt>
   <trkpt lat="48.6012750" lon="7.7920810">
    <ele>138.3</ele>
   </trkpt>
   <trkpt lat="48.6012950" lon="7.7921230">
    <ele>138.3</ele>
   </trkpt>
   <trkpt lat="48.6013210" lon="7.7921380">
    <ele>138.3</ele>
   </trkpt>
   <trkpt lat="48.6013440" lon="7.7921610">
    <ele>138.4</ele>
   </trkpt>
   <trkpt lat="48.6013690" lon="7.7921860">
    <ele>138.4</ele>
   </trkpt>
   <trkpt lat="48.6014080" lon="7.7922310">
    <ele>138.4</ele>
   </trkpt>
   <trkpt lat="48.6014260" lon="7.7922690">
    <ele>138.4</ele>
   </trkpt>
   <trkpt lat="48.6014530" lon="7.7922890">
    <ele>138.4</ele>
   </trkpt>
   <trkpt lat="48.6014760" lon="7.7923170">
    <ele>138.4</ele>
   </trkpt>
   <trkpt lat="48.6015060" lon="7.7923230">
    <ele>138.4</ele>
   </trkpt>
   <trkpt lat="48.6015290" lon="7.7923480">
    <ele>138.4</ele>
   </trkpt>
   <trkpt lat="48.6015490" lon="7.7923780">
    <ele>138.4</ele>
   </trkpt>
   <trkpt lat="48.6015700" lon="7.7924100">
    <ele>138.4</ele>
   </trkpt>
   <trkpt lat="48.6016020" lon="7.7924110">
    <ele>138.4</ele>
   </trkpt>
   <trkpt lat="48.6016380" lon="7.7924410">
    <ele>138.4</ele>
   </trkpt>
   <trkpt lat="48.6016510" lon="7.7924520">
    <ele>138.4</ele>
   </trkpt>
   <trkpt lat="48.6016830" lon="7.7924720">
    <ele>138.4</ele>
   </trkpt>
   <trkpt lat="48.6017140" lon="7.7924530">
    <ele>138.3</ele>
   </trkpt>
   <trkpt lat="48.6017530" lon="7.7924640">
    <ele>138.3</ele>
   </trkpt>
   <trkpt lat="48.6017680" lon="7.7924740">
    <ele>138.3</ele>
   </trkpt>
   <trkpt lat="48.6017990" lon="7.7924810">
    <ele>138.3</ele>
   </trkpt>
   <trkpt lat="48.6018350" lon="7.7924810">
    <ele>138.3</ele>
   </trkpt>
   <trkpt lat="48.6018490" lon="7.7924700">
    <ele>138.3</ele>
   </trkpt>
   <trkpt lat="48.6018770" lon="7.7924710">
    <ele>138.2</ele>
   </trkpt>
   <trkpt lat="48.6019190" lon="7.7924840">
    <ele>138.2</ele>
   </trkpt>
   <trkpt lat="48.6019390" lon="7.7924850">
    <ele>138.2</ele>
   </trkpt>
   <trkpt lat="48.6019790" lon="7.7924790">
    <ele>138.2</ele>
   </trkpt>
   <trkpt lat="48.6019970" lon="7.7924770">
    <ele>138.2</ele>
   </trkpt>
   <trkpt lat="48.6020320" lon="7.7924710">
    <ele>138.2</ele>
   </trkpt>
   <trkpt lat="48.6020600" lon="7.7924820">
    <ele>138.2</ele>
   </trkpt>
   <trkpt lat="48.6020880" lon="7.7924780">
    <ele>138.2</ele>
   </trkpt>
   <trkpt lat="48.6021290" lon="7.7924760">
    <ele>138.2</ele>
   </trkpt>
   <trkpt lat="48.6021430" lon="7.7924820">
    <ele>138.3</ele>
   </trkpt>
   <trkpt lat="48.6021720" lon="7.7924720">
    <ele>138.3</ele>
   </trkpt>
   <trkpt lat="48.6022030" lon="7.7924720">
    <ele>138.3</ele>
   </trkpt>
   <trkpt lat="48.6022350" lon="7.7924830">
    <ele>138.3</ele>
   </trkpt>
   <trkpt lat="48.6022660" lon="7.7924770">
    <ele>138.3</ele>
   </trkpt>
   <trkpt lat="48.6022910" lon="7.7924490">
    <ele>138.3</ele>
   </trkpt>
   <trkpt lat="48.6023260" lon="7.7924420">
    <ele>138.3</ele>
   </trkpt>
   <trkpt lat="48.6023370" lon="7.7924370">
    <ele>138.3</ele>
   </trkpt>
   <trkpt lat="48.6023780" lon="7.7924180">
    <ele>138.3</ele>
   </trkpt>
   <trkpt lat="48.6023950" lon="7.7924070">
    <ele>138.3</ele>
   </trkpt>
   <trkpt lat="48.6024200" lon="7.7923860">
    <ele>138.4</ele>
   </trkpt>
   <trkpt lat="48.6024500" lon="7.7923780">
    <ele>138.4</ele>
   </trkpt>
   <trkpt lat="48.6024810" lon="7.7923610">
    <ele>138.4</ele>
   </trkpt>
   <trkpt lat="48.6025110" lon="7.7923440">
    <ele>138.4</ele>
   </trkpt>
   <trkpt lat="48.6025400" lon="7.7923350">
    <ele>138.4</ele>
   </trkpt>
   <trkpt lat="48.6025730" lon="7.7923370">
    <ele>138.4</ele>
   </trkpt>
   <trkpt lat="48.6026110" lon="7.7923400">
    <ele>138.3</ele>
   </trkpt>
   <trkpt lat="48.6026420" lon="7.7923330">
    <ele>138.3</ele>
   </trkpt>
   <trkpt lat="48.6026700" lon="7.7923290">
    <ele>138.3</ele>
   </trkpt>
   <trkpt lat="48.6026970" lon="7.7923250">
    <ele>138.3</ele>
   </trkpt>
   <trkpt lat="48.6027250" lon="7.7923310">
    <ele>138.3</ele>
   </trkpt>
   <trkpt lat="48.6027600" lon="7.7923200">
    <ele>138.3</ele>
   </trkpt>
   <trkpt lat="48.6028000" lon="7.7923080">
    <ele>138.3</ele>
   </trkpt>
   <trkpt lat="48.6028300" lon="7.7923020">
    <ele>138.3</ele>
   </trkpt>
   <trkpt lat="48.6028620" lon="7.7923080">
    <ele>138.3</ele>
   </trkpt>
   <trkpt lat="48.6028970" lon="7.7923420">
    <ele>138.3</ele>
   </trkpt>
   <trkpt lat="48.6029260" lon="7.7923850">
    <ele>138.3</ele>
   </trkpt>
   <trkpt lat="48.6029430" lon="7.7924210">
    <ele>138.3</ele>
   </trkpt>
   <trkpt lat="48.6029330" lon="7.7924870">
    <ele>138.3</ele>
   </trkpt>
   <trkpt lat="48.6029290" lon="7.7925300">
    <ele>138.3</ele>
   </trkpt>
   <trkpt lat="48.6029100" lon="7.7925740">
    <ele>138.2</ele>
   </trkpt>
   <trkpt lat="48.6029070" lon="7.7926240">
    <ele>138.2</ele>
   </trkpt>
   <trkpt lat="48.6029130" lon="7.7926840">
    <ele>138.2</ele>
   </trkpt>
   <trkpt lat="48.6029120" lon="7.7927070">
    <ele>138.2</ele>
   </trkpt>
   <trkpt lat="48.6029120" lon="7.7927740">
    <ele>138.1</ele>
   </trkpt>
   <trkpt lat="48.6029090" lon="7.7928030">
    <ele>138.1</ele>
   </trkpt>
   <trkpt lat="48.6029150" lon="7.7928600">
    <ele>138.1</ele>
   </trkpt>
   <trkpt lat="48.6029390" lon="7.7929050">
    <ele>138.1</ele>
   </trkpt>
   <trkpt lat="48.6029680" lon="7.7929320">
    <ele>138.1</ele>
   </trkpt>
   <trkpt lat="48.6029890" lon="7.7929780">
    <ele>138.1</ele>
   </trkpt>
   <trkpt lat="48.6029990" lon="7.7929980">
    <ele>138.0</ele>
   </trkpt>
   <trkpt lat="48.6030180" lon="7.7930370">
    <ele>138.0</ele>
   </trkpt>
   <trkpt lat="48.6030290" lon="7.7930850">
    <ele>138.0</ele>
   </trkpt>
   <trkpt lat="48.6030590" lon="7.7931220">
    <ele>138.0</ele>
   </trkpt>
   <trkpt lat="48.6030650" lon="7.7931700">
    <ele>137.9</ele>
   </trkpt>
   <trkpt lat="48.6030850" lon="7.7932070">
    <ele>137.9</ele>
   </trkpt>
   <trkpt lat="48.6031030" lon="7.7932410">
    <ele>137.9</ele>
   </trkpt>
   <trkpt lat="48.6031090" lon="7.7932830">
    <ele>137.9</ele>
   </trkpt>
   <trkpt lat="48.6031260" lon="7.7933310">
    <ele>137.8</ele>
   </trkpt>
   <trkpt lat="48.6031390" lon="7.7933740">
    <ele>137.8</ele>
   </trkpt>
   <trkpt lat="48.6031680" lon="7.7934080">
    <ele>137.8</ele>
   </trkpt>
   <trkpt lat="48.6031860" lon="7.7934480">
    <ele>137.8</ele>
   </trkpt>
   <trkpt lat="48.6031840" lon="7.7935020">
    <ele>137.8</ele>
   </trkpt>
   <trkpt lat="48.6031950" lon="7.7935550">
    <ele>137.8</ele>
   </trkpt>
   <trkpt lat="48.6032000" lon="7.7935680">
    <ele>137.8</ele>
   </trkpt>
   <trkpt lat="48.6032200" lon="7.7936180">
    <ele>137.7</ele>
   </trkpt>
   <trkpt lat="48.6032520" lon="7.7936450">
    <ele>137.7</ele>
   </trkpt>
   <trkpt lat="48.6032620" lon="7.7936900">
    <ele>137.7</ele>
   </trkpt>
   <trkpt lat="48.6032700" lon="7.7937570">
    <ele>137.7</ele>
   </trkpt>
   <trkpt lat="48.6032830" lon="7.7938140">
    <ele>137.7</ele>
   </trkpt>
   <trkpt lat="48.6032890" lon="7.7938370">
    <ele>137.7</ele>
   </trkpt>
   <trkpt lat="48.6032970" lon="7.7938940">
    <ele>137.7</ele>
   </trkpt>
   <trkpt lat="48.6033040" lon="7.7939390">
    <ele>137.7</ele>
   </trkpt>
   <trkpt lat="48.6033290" lon="7.7939770">
    <ele>137.7</ele>
   </trkpt>
   <trkpt lat="48.6033490" lon="7.7940280">
    <ele>137.7</ele>
   </trkpt>
   <trkpt lat="48.6033580" lon="7.7940550">
    <ele>137.8</ele>
   </trkpt>
   <trkpt lat="48.6033850" lon="7.7940750">
    <ele>137.8</ele>
   </trkpt>
   <trkpt lat="48.6033950" lon="7.7940880">
    <ele>137.8</ele>
   </trkpt>
   <trkpt lat="48.6034020" lon="7.7941350">
    <ele>137.8</ele>
   </trkpt>
   <trkpt lat="48.6034210" lon="7.7941730">
    <ele>137.8</ele>
   </trkpt>
   <trkpt lat="48.6034340" lon="7.7942360">
    <ele>137.8</ele>
   </trkpt>
   <trkpt lat="48.6034430" lon="7.7942790">
    <ele>137.8</ele>
   </trkpt>
   <trkpt lat="48.6034550" lon="7.7943290">
    <ele>137.9</ele>
   </trkpt>
   <trkpt lat="48.6034560" lon="7.7943480">
    <ele>137.9</ele>
   </trkpt>
   <trkpt lat="48.6034780" lon="7.7943780">
    <ele>137.9</ele>
   </trkpt>
   <trkpt lat="48.6034960" lon="7.7944170">
    <ele>137.9</ele>
   </trkpt>
   <trkpt lat="48.6035070" lon="7.7944580">
    <ele>137.9</ele>
   </trkpt>
   <trkpt lat="48.6035260" lon="7.7944980">
    <ele>137.9</ele>
   </trkpt>
   <trkpt lat="48.6035270" lon="7.7945410">
    <ele>137.9</ele>
   </trkpt>
   <trkpt lat="48.6035310" lon="7.7945850">
    <ele>137.9</ele>
   </trkpt>
   <trkpt lat="48.6035170" lon="7.7946320">
    <ele>138.0</ele>
   </trkpt>
   <trkpt lat="48.6035170" lon="7.7946730">
    <ele>138.0</ele>
   </trkpt>
   <trkpt lat="48.6035090" lon="7.7947260">
    <ele>138.0</ele>
   </trkpt>
   <trkpt lat="48.6035030" lon="7.7947680">
    <ele>138.0</ele>
   </trkpt>
   <trkpt lat="48.6034900" lon="7.7948080">
    <ele>138.0</ele>
   </trkpt>
   <trkpt lat="48.6034800" lon="7.7948520">
    <ele>138.0</ele>
   </trkpt>
   <trkpt lat="48.6034900" lon="7.7949110">
    <ele>138.0</ele>
   </trkpt>
   <trkpt lat="48.6034900" lon="7.7949340">
    <ele>138.0</ele>
   </trkpt>
   <trkpt lat="48.6034810" lon="7.7949780">
    <ele>138.0</ele>
   </trkpt>
   <trkpt lat="48.6034750" lon="7.7950200">
    <ele>138.0</ele>
   </trkpt>
   <trkpt lat="48.6034740" lon="7.7950630">
    <ele>138.0</ele>
   </trkpt>
   <trkpt lat="48.6034700" lon="7.7951060">
    <ele>138.0</ele>
   </trkpt>
   <trkpt lat="48.6034680" lon="7.7951500">
    <ele>138.0</ele>
   </trkpt>
   <trkpt lat="48.6034650" lon="7.7951910">
    <ele>138.0</ele>
   </trkpt>
   <trkpt lat="48.6034720" lon="7.7952350">
    <ele>138.0</ele>
   </trkpt>
   <trkpt lat="48.6034620" lon="7.7952820">
    <ele>137.9</ele>
   </trkpt>
   <trkpt lat="48.6034520" lon="7.7953310">
    <ele>137.9</ele>
   </trkpt>
   <trkpt lat="48.6034570" lon="7.7953930">
    <ele>137.9</ele>
   </trkpt>
   <trkpt lat="48.6034570" lon="7.7954170">
    <ele>137.9</ele>
   </trkpt>
   <trkpt lat="48.6034520" lon="7.7955030">
    <ele>137.9</ele>
   </trkpt>
   <trkpt lat="48.6034550" lon="7.7955470">
    <ele>137.9</ele>
   </trkpt>
   <trkpt lat="48.6034560" lon="7.7955890">
    <ele>137.9</ele>
   </trkpt>
   <trkpt lat="48.6034490" lon="7.7956340">
    <ele>137.9</ele>
   </trkpt>
   <trkpt lat="48.6034510" lon="7.7956780">
    <ele>137.9</ele>
   </trkpt>
   <trkpt lat="48.6034670" lon="7.7957270">
    <ele>137.9</ele>
   </trkpt>
   <trkpt lat="48.6034740" lon="7.7957940">
    <ele>137.9</ele>
   </trkpt>
   <trkpt lat="48.6034740" lon="7.7958220">
    <ele>137.9</ele>
   </trkpt>
   <trkpt lat="48.6034820" lon="7.7958780">
    <ele>137.9</ele>
   </trkpt>
   <trkpt lat="48.6034950" lon="7.7959350">
    <ele>137.9</ele>
   </trkpt>
   <trkpt lat="48.6035000" lon="7.7959560">
    <ele>137.9</ele>
   </trkpt>
   <trkpt lat="48.6035060" lon="7.7959970">
    <ele>137.9</ele>
   </trkpt>
   <trkpt lat="48.6035170" lon="7.7960520">
    <ele>137.9</ele>
   </trkpt>
   <trkpt lat="48.6035180" lon="7.7960740">
    <ele>137.9</ele>
   </trkpt>
   <trkpt lat="48.6035310" lon="7.7961180">
    <ele>137.9</ele>
   </trkpt>
   <trkpt lat="48.6035390" lon="7.7961800">
    <ele>137.9</ele>
   </trkpt>
   <trkpt lat="48.6035430" lon="7.7962030">
    <ele>137.9</ele>
   </trkpt>
   <trkpt lat="48.6035460" lon="7.7962570">
    <ele>137.9</ele>
   </trkpt>
   <trkpt lat="48.6035770" lon="7.7962980">
    <ele>137.9</ele>
   </trkpt>
   <trkpt lat="48.6035860" lon="7.7963150">
    <ele>137.9</ele>
   </trkpt>
   <trkpt lat="48.6035900" lon="7.7963570">
    <ele>137.9</ele>
   </trkpt>
   <trkpt lat="48.6036020" lon="7.7964130">
    <ele>137.9</ele>
   </trkpt>
   <trkpt lat="48.6036050" lon="7.7964320">
    <ele>137.9</ele>
   </trkpt>
   <trkpt lat="48.6036260" lon="7.7965040">
    <ele>137.9</ele>
   </trkpt>
   <trkpt lat="48.6036340" lon="7.7965440">
    <ele>137.9</ele>
   </trkpt>
   <trkpt lat="48.6036630" lon="7.7965610">
    <ele>137.9</ele>
   </trkpt>
   <trkpt lat="48.6036720" lon="7.7965790">
    <ele>137.9</ele>
   </trkpt>
   <trkpt lat="48.6036850" lon="7.7966320">
    <ele>137.9</ele>
   </trkpt>
   <trkpt lat="48.6037030" lon="7.7966850">
    <ele>137.9</ele>
   </trkpt>
   <trkpt lat="48.6037120" lon="7.7967080">
    <ele>137.9</ele>
   </trkpt>
   <trkpt lat="48.6037310" lon="7.7967500">
    <ele>137.9</ele>
   </trkpt>
   <trkpt lat="48.6037390" lon="7.7968060">
    <ele>137.8</ele>
   </trkpt>
   <trkpt lat="48.6037490" lon="7.7968470">
    <ele>137.8</ele>
   </trkpt>
   <trkpt lat="48.6037680" lon="7.7968890">
    <ele>137.8</ele>
   </trkpt>
   <trkpt lat="48.6037830" lon="7.7969360">
    <ele>137.8</ele>
   </trkpt>
   <trkpt lat="48.6038060" lon="7.7969810">
    <ele>137.8</ele>
   </trkpt>
   <trkpt lat="48.6038130" lon="7.7969970">
    <ele>137.8</ele>
   </trkpt>
   <trkpt lat="48.6038350" lon="7.7970250">
    <ele>137.8</ele>
   </trkpt>
   <trkpt lat="48.6038510" lon="7.7970810">
    <ele>137.8</ele>
   </trkpt>
   <trkpt lat="48.6038520" lon="7.7971040">
    <ele>137.8</ele>
   </trkpt>
   <trkpt lat="48.6038660" lon="7.7971500">
    <ele>137.8</ele>
   </trkpt>
   <trkpt lat="48.6038850" lon="7.7971810">
    <ele>137.8</ele>
   </trkpt>
   <trkpt lat="48.6039160" lon="7.7972130">
    <ele>137.8</ele>
   </trkpt>
   <trkpt lat="48.6039250" lon="7.7972320">
    <ele>137.8</ele>
   </trkpt>
   <trkpt lat="48.6039530" lon="7.7972700">
    <ele>137.8</ele>
   </trkpt>
   <trkpt lat="48.6039630" lon="7.7972850">
    <ele>137.8</ele>
   </trkpt>
   <trkpt lat="48.6039820" lon="7.7973430">
    <ele>137.8</ele>
   </trkpt>
   <trkpt lat="48.6039870" lon="7.7973690">
    <ele>137.8</ele>
   </trkpt>
   <trkpt lat="48.6040030" lon="7.7974120">
    <ele>137.7</ele>
   </trkpt>
   <trkpt lat="48.6040190" lon="7.7974470">
    <ele>137.7</ele>
   </trkpt>
   <trkpt lat="48.6040260" lon="7.7974880">
    <ele>137.7</ele>
   </trkpt>
   <trkpt lat="48.6040420" lon="7.7975330">
    <ele>137.7</ele>
   </trkpt>
   <trkpt lat="48.6040570" lon="7.7975740">
    <ele>137.7</ele>
   </trkpt>
   <trkpt lat="48.6040770" lon="7.7976250">
    <ele>137.7</ele>
   </trkpt>
   <trkpt lat="48.6040830" lon="7.7976420">
    <ele>137.6</ele>
   </trkpt>
   <trkpt lat="48.6041070" lon="7.7976950">
    <ele>137.6</ele>
   </trkpt>
   <trkpt lat="48.6041130" lon="7.7977190">
    <ele>137.6</ele>
   </trkpt>
   <trkpt lat="48.6041090" lon="7.7977810">
    <ele>137.6</ele>
   </trkpt>
   <trkpt lat="48.6041270" lon="7.7978290">
    <ele>137.5</ele>
   </trkpt>
   <trkpt lat="48.6041300" lon="7.7978510">
    <ele>137.5</ele>
   </trkpt>
   <trkpt lat="48.6041570" lon="7.7978840">
    <ele>137.5</ele>
   </trkpt>
   <trkpt lat="48.6041590" lon="7.7979070">
    <ele>137.5</ele>
   </trkpt>
   <trkpt lat="48.6041800" lon="7.7979510">
    <ele>137.5</ele>
   </trkpt>
   <trkpt lat="48.6042000" lon="7.7979840">
    <ele>137.5</ele>
   </trkpt>
   <trkpt lat="48.6042290" lon="7.7980280">
    <ele>137.5</ele>
   </trkpt>
   <trkpt lat="48.6042430" lon="7.7980440">
    <ele>137.5</ele>
   </trkpt>
   <trkpt lat="48.6042690" lon="7.7980700">
    <ele>137.5</ele>
   </trkpt>
   <trkpt lat="48.6042910" lon="7.7981080">
    <ele>137.5</ele>
   </trkpt>
   <trkpt lat="48.6043100" lon="7.7981520">
    <ele>137.5</ele>
   </trkpt>
   <trkpt lat="48.6043200" lon="7.7981690">
    <ele>137.5</ele>
   </trkpt>
   <trkpt lat="48.6043460" lon="7.7981890">
    <ele>137.5</ele>
   </trkpt>
   <trkpt lat="48.6043690" lon="7.7982200">
    <ele>137.4</ele>
   </trkpt>
   <trkpt lat="48.6043960" lon="7.7982340">
    <ele>137.4</ele>
   </trkpt>
   <trkpt lat="48.6044270" lon="7.7982540">
    <ele>137.4</ele>
   </trkpt>
   <trkpt lat="48.6044350" lon="7.7982580">
    <ele>137.4</ele>
   </trkpt>
   <trkpt lat="48.6044650" lon="7.7982870">
    <ele>137.4</ele>
   </trkpt>
   <trkpt lat="48.6044990" lon="7.7983060">
    <ele>137.4</ele>
   </trkpt>
   <trkpt lat="48.6045100" lon="7.7983120">
    <ele>137.4</ele>
   </trkpt>
   <trkpt lat="48.6045370" lon="7.7983150">
    <ele>137.4</ele>
   </trkpt>
   <trkpt lat="48.6045680" lon="7.7983130">
    <ele>137.4</ele>
   </trkpt>
   <trkpt lat="48.6046050" lon="7.7983100">
    <ele>137.4</ele>
   </trkpt>
   <trkpt lat="48.6046150" lon="7.7983130">
    <ele>137.4</ele>
   </trkpt>
   <trkpt lat="48.6046440" lon="7.7983140">
    <ele>137.4</ele>
   </trkpt>
   <trkpt lat="48.6046800" lon="7.7983180">
    <ele>137.4</ele>
   </trkpt>
   <trkpt lat="48.6046930" lon="7.7983270">
    <ele>137.4</ele>
   </trkpt>
   <trkpt lat="48.6047260" lon="7.7983190">
    <ele>137.4</ele>
   </trkpt>
   <trkpt lat="48.6047520" lon="7.7983340">
    <ele>137.4</ele>
   </trkpt>
   <trkpt lat="48.6047810" lon="7.7983450">
    <ele>137.4</ele>
   </trkpt>
   <trkpt lat="48.6048210" lon="7.7983420">
    <ele>137.4</ele>
   </trkpt>
   <trkpt lat="48.6048360" lon="7.7983440">
    <ele>137.4</ele>
   </trkpt>
   <trkpt lat="48.6048690" lon="7.7983440">
    <ele>137.5</ele>
   </trkpt>
   <trkpt lat="48.6048950" lon="7.7983430">
    <ele>137.5</ele>
   </trkpt>
   <trkpt lat="48.6049070" lon="7.7983460">
    <ele>137.5</ele>
   </trkpt>
   <trkpt lat="48.6049320" lon="7.7983670">
    <ele>137.5</ele>
   </trkpt>
   <trkpt lat="48.6049580" lon="7.7983810">
    <ele>137.5</ele>
   </trkpt>
   <trkpt lat="48.6049930" lon="7.7983660">
    <ele>137.5</ele>
   </trkpt>
   <trkpt lat="48.6050310" lon="7.7983700">
    <ele>137.5</ele>
   </trkpt>
   <trkpt lat="48.6050610" lon="7.7983720">
    <ele>137.5</ele>
   </trkpt>
   <trkpt lat="48.6050890" lon="7.7983870">
    <ele>137.5</ele>
   </trkpt>
   <trkpt lat="48.6051220" lon="7.7984120">
    <ele>137.5</ele>
   </trkpt>
   <trkpt lat="48.6051490" lon="7.7984190">
    <ele>137.5</ele>
   </trkpt>
   <trkpt lat="48.6051760" lon="7.7984540">
    <ele>137.5</ele>
   </trkpt>
   <trkpt lat="48.6052120" lon="7.7984760">
    <ele>137.6</ele>
   </trkpt>
   <trkpt lat="48.6052250" lon="7.7984780">
    <ele>137.6</ele>
   </trkpt>
   <trkpt lat="48.6052520" lon="7.7985010">
    <ele>137.6</ele>
   </trkpt>
   <trkpt lat="48.6052720" lon="7.7985290">
    <ele>137.6</ele>
   </trkpt>
   <trkpt lat="48.6052990" lon="7.7985400">
    <ele>137.6</ele>
   </trkpt>
   <trkpt lat="48.6053320" lon="7.7985750">
    <ele>137.6</ele>
   </trkpt>
   <trkpt lat="48.6053450" lon="7.7985840">
    <ele>137.6</ele>
   </trkpt>
   <trkpt lat="48.6053670" lon="7.7986200">
    <ele>137.6</ele>
   </trkpt>
   <trkpt lat="48.6053890" lon="7.7986550">
    <ele>137.6</ele>
   </trkpt>
   <trkpt lat="48.6054180" lon="7.7986660">
    <ele>137.6</ele>
   </trkpt>
   <trkpt lat="48.6054450" lon="7.7986860">
    <ele>137.6</ele>
   </trkpt>
   <trkpt lat="48.6054750" lon="7.7986750">
    <ele>137.6</ele>
   </trkpt>
   <trkpt lat="48.6055030" lon="7.7986690">
    <ele>137.6</ele>
   </trkpt>
   <trkpt lat="48.6055200" lon="7.7987010">
    <ele>137.6</ele>
   </trkpt>
   <trkpt lat="48.6055380" lon="7.7987430">
    <ele>137.6</ele>
   </trkpt>
   <trkpt lat="48.6055530" lon="7.7987910">
    <ele>137.6</ele>
   </trkpt>
   <trkpt lat="48.6055880" lon="7.7988130">
    <ele>137.6</ele>
   </trkpt>
   <trkpt lat="48.6056230" lon="7.7988450">
    <ele>137.7</ele>
   </trkpt>
   <trkpt lat="48.6056530" lon="7.7988630">
    <ele>137.7</ele>
   </trkpt>
   <trkpt lat="48.6056860" lon="7.7989080">
    <ele>137.7</ele>
   </trkpt>
   <trkpt lat="48.6057010" lon="7.7989300">
    <ele>137.7</ele>
   </trkpt>
   <trkpt lat="48.6057250" lon="7.7989540">
    <ele>137.7</ele>
   </trkpt>
   <trkpt lat="48.6057710" lon="7.7990210">
    <ele>137.8</ele>
   </trkpt>
   <trkpt lat="48.6057910" lon="7.7990670">
    <ele>137.8</ele>
   </trkpt>
   <trkpt lat="48.6057990" lon="7.7990840">
    <ele>137.8</ele>
   </trkpt>
   <trkpt lat="48.6058050" lon="7.7991310">
    <ele>137.9</ele>
   </trkpt>
   <trkpt lat="48.6058150" lon="7.7991850">
    <ele>137.9</ele>
   </trkpt>
   <trkpt lat="48.6058220" lon="7.7992080">
    <ele>137.9</ele>
   </trkpt>
   <trkpt lat="48.6058370" lon="7.7992460">
    <ele>137.9</ele>
   </trkpt>
   <trkpt lat="48.6058630" lon="7.7992780">
    <ele>137.9</ele>
   </trkpt>
   <trkpt lat="48.6058830" lon="7.7993090">
    <ele>137.9</ele>
   </trkpt>
   <trkpt lat="48.6059070" lon="7.7993450">
    <ele>137.9</ele>
   </trkpt>
   <trkpt lat="48.6059460" lon="7.7993660">
    <ele>137.9</ele>
   </trkpt>
   <trkpt lat="48.6059620" lon="7.7993660">
    <ele>137.9</ele>
   </trkpt>
   <trkpt lat="48.6060120" lon="7.7993260">
    <ele>137.9</ele>
   </trkpt>
   <trkpt lat="48.6060320" lon="7.7992850">
    <ele>137.8</ele>
   </trkpt>
   <trkpt lat="48.6060580" lon="7.7992650">
    <ele>137.8</ele>
   </trkpt>
   <trkpt lat="48.6060810" lon="7.7992420">
    <ele>137.8</ele>
   </trkpt>
   <trkpt lat="48.6061090" lon="7.7992300">
    <ele>137.8</ele>
   </trkpt>
   <trkpt lat="48.6061400" lon="7.7992220">
    <ele>137.8</ele>
   </trkpt>
   <trkpt lat="48.6061750" lon="7.7991970">
    <ele>137.8</ele>
   </trkpt>
   <trkpt lat="48.6061870" lon="7.7991940">
    <ele>137.8</ele>
   </trkpt>
   <trkpt lat="48.6062190" lon="7.7991820">
    <ele>137.8</ele>
   </trkpt>
   <trkpt lat="48.6062480" lon="7.7991640">
    <ele>137.8</ele>
   </trkpt>
   <trkpt lat="48.6062680" lon="7.7991330">
    <ele>137.8</ele>
   </trkpt>
   <trkpt lat="48.6063030" lon="7.7991140">
    <ele>137.8</ele>
   </trkpt>
   <trkpt lat="48.6063160" lon="7.7991070">
    <ele>137.8</ele>
   </trkpt>
   <trkpt lat="48.6063450" lon="7.7991090">
    <ele>137.8</ele>
   </trkpt>
   <trkpt lat="48.6063720" lon="7.7990910">
    <ele>137.8</ele>
   </trkpt>
   <trkpt lat="48.6063980" lon="7.7990780">
    <ele>137.8</ele>
   </trkpt>
   <trkpt lat="48.6064250" lon="7.7990640">
    <ele>137.8</ele>
   </trkpt>
   <trkpt lat="48.6064510" lon="7.7990480">
    <ele>137.8</ele>
   </trkpt>
   <trkpt lat="48.6064830" lon="7.7990380">
    <ele>137.8</ele>
   </trkpt>
   <trkpt lat="48.6065170" lon="7.7990440">
    <ele>137.8</ele>
   </trkpt>
   <trkpt lat="48.6065540" lon="7.7990240">
    <ele>137.8</ele>
   </trkpt>
   <trkpt lat="48.6065890" lon="7.7990060">
    <ele>137.9</ele>
   </trkpt>
   <trkpt lat="48.6065960" lon="7.7989890">
    <ele>137.9</ele>
   </trkpt>
   <trkpt lat="48.6066010" lon="7.7989250">
    <ele>137.9</ele>
   </trkpt>
   <trkpt lat="48.6066420" lon="7.7989310">
    <ele>137.9</ele>
   </trkpt>
   <trkpt lat="48.6066800" lon="7.7989430">
    <ele>137.9</ele>
   </trkpt>
   <trkpt lat="48.6067220" lon="7.7989500">
    <ele>137.9</ele>
   </trkpt>
   <trkpt lat="48.6067580" lon="7.7989170">
    <ele>138.0</ele>
   </trkpt>
   <trkpt lat="48.6067690" lon="7.7988920">
    <ele>138.0</ele>
   </trkpt>
   <trkpt lat="48.6067900" lon="7.7988640">
    <ele>138.0</ele>
   </trkpt>
   <trkpt lat="48.6068190" lon="7.7988480">
    <ele>138.0</ele>
   </trkpt>
   <trkpt lat="48.6068580" lon="7.7988630">
    <ele>138.0</ele>
   </trkpt>
   <trkpt lat="48.6068940" lon="7.7988500">
    <ele>138.0</ele>
   </trkpt>
   <trkpt lat="48.6069060" lon="7.7988540">
    <ele>138.0</ele>
   </trkpt>
   <trkpt lat="48.6069340" lon="7.7988480">
    <ele>138.0</ele>
   </trkpt>
   <trkpt lat="48.6069640" lon="7.7988510">
    <ele>138.0</ele>
   </trkpt>
   <trkpt lat="48.6070040" lon="7.7988340">
    <ele>138.0</ele>
   </trkpt>
   <trkpt lat="48.6070190" lon="7.7988170">
    <ele>138.0</ele>
   </trkpt>
   <trkpt lat="48.6070510" lon="7.7988100">
    <ele>138.0</ele>
   </trkpt>
   <trkpt lat="48.6070690" lon="7.7987960">
    <ele>138.0</ele>
   </trkpt>
   <trkpt lat="48.6070780" lon="7.7987930">
    <ele>138.0</ele>
   </trkpt>
   <trkpt lat="48.6071110" lon="7.7987640">
    <ele>138.0</ele>
   </trkpt>
   <trkpt lat="48.6071460" lon="7.7987470">
    <ele>138.0</ele>
   </trkpt>
   <trkpt lat="48.6071750" lon="7.7987320">
    <ele>138.0</ele>
   </trkpt>
   <trkpt lat="48.6072090" lon="7.7987160">
    <ele>138.0</ele>
   </trkpt>
   <trkpt lat="48.6072280" lon="7.7986780">
    <ele>138.0</ele>
   </trkpt>
   <trkpt lat="48.6072570" lon="7.7986600">
    <ele>138.0</ele>
   </trkpt>
   <trkpt lat="48.6072990" lon="7.7986390">
    <ele>138.0</ele>
   </trkpt>
   <trkpt lat="48.6073060" lon="7.7986510">
    <ele>138.0</ele>
   </trkpt>
   <trkpt lat="48.6073280" lon="7.7986140">
    <ele>138.0</ele>
   </trkpt>
   <trkpt lat="48.6073490" lon="7.7985740">
    <ele>138.0</ele>
   </trkpt>
   <trkpt lat="48.6073800" lon="7.7985780">
    <ele>138.0</ele>
   </trkpt>
   <trkpt lat="48.6074170" lon="7.7985630">
    <ele>138.0</ele>
   </trkpt>
   <trkpt lat="48.6074790" lon="7.7985440">
    <ele>138.0</ele>
   </trkpt>
   <trkpt lat="48.6074900" lon="7.7985130">
    <ele>138.0</ele>
   </trkpt>
   <trkpt lat="48.6075010" lon="7.7984940">
    <ele>138.0</ele>
   </trkpt>
   <trkpt lat="48.6075130" lon="7.7984760">
    <ele>137.9</ele>
   </trkpt>
   <trkpt lat="48.6075440" lon="7.7984500">
    <ele>137.9</ele>
   </trkpt>
   <trkpt lat="48.6075720" lon="7.7984120">
    <ele>137.9</ele>
   </trkpt>
   <trkpt lat="48.6075900" lon="7.7983660">
    <ele>137.9</ele>
   </trkpt>
   <trkpt lat="48.6076190" lon="7.7983650">
    <ele>137.9</ele>
   </trkpt>
   <trkpt lat="48.6076320" lon="7.7983620">
    <ele>137.8</ele>
   </trkpt>
   <trkpt lat="48.6076710" lon="7.7983450">
    <ele>137.8</ele>
   </trkpt>
   <trkpt lat="48.6076880" lon="7.7983390">
    <ele>137.8</ele>
   </trkpt>
   <trkpt lat="48.6077150" lon="7.7983280">
    <ele>137.8</ele>
   </trkpt>
   <trkpt lat="48.6077490" lon="7.7983230">
    <ele>137.8</ele>
   </trkpt>
   <trkpt lat="48.6077830" lon="7.7983270">
    <ele>137.8</ele>
   </trkpt>
   <trkpt lat="48.6078210" lon="7.7983030">
    <ele>137.7</ele>
   </trkpt>
   <trkpt lat="48.6078470" lon="7.7982870">
    <ele>137.7</ele>
   </trkpt>
   <trkpt lat="48.6078800" lon="7.7982760">
    <ele>137.7</ele>
   </trkpt>
   <trkpt lat="48.6079070" lon="7.7982570">
    <ele>137.7</ele>
   </trkpt>
   <trkpt lat="48.6079050" lon="7.7981990">
    <ele>137.6</ele>
   </trkpt>
   <trkpt lat="48.6079350" lon="7.7981730">
    <ele>137.6</ele>
   </trkpt>
   <trkpt lat="48.6079440" lon="7.7981650">
    <ele>137.6</ele>
   </trkpt>
   <trkpt lat="48.6079640" lon="7.7981200">
    <ele>137.6</ele>
   </trkpt>
   <trkpt lat="48.6079820" lon="7.7980700">
    <ele>137.6</ele>
   </trkpt>
   <trkpt lat="48.6079880" lon="7.7980240">
    <ele>137.6</ele>
   </trkpt>
   <trkpt lat="48.6080140" lon="7.7979790">
    <ele>137.5</ele>
   </trkpt>
   <trkpt lat="48.6080240" lon="7.7979640">
    <ele>137.5</ele>
   </trkpt>
   <trkpt lat="48.6080450" lon="7.7979360">
    <ele>137.5</ele>
   </trkpt>
   <trkpt lat="48.6080500" lon="7.7978930">
    <ele>137.5</ele>
   </trkpt>
   <trkpt lat="48.6080590" lon="7.7978510">
    <ele>137.5</ele>
   </trkpt>
   <trkpt lat="48.6080760" lon="7.7978200">
    <ele>137.5</ele>
   </trkpt>
   <trkpt lat="48.6080830" lon="7.7977790">
    <ele>137.5</ele>
   </trkpt>
   <trkpt lat="48.6080840" lon="7.7977360">
    <ele>137.5</ele>
   </trkpt>
   <trkpt lat="48.6080730" lon="7.7976470">
    <ele>137.5</ele>
   </trkpt>
   <trkpt lat="48.6081010" lon="7.7976340">
    <ele>137.5</ele>
   </trkpt>
   <trkpt lat="48.6081250" lon="7.7976000">
    <ele>137.5</ele>
   </trkpt>
   <trkpt lat="48.6081460" lon="7.7975590">
    <ele>137.5</ele>
   </trkpt>
   <trkpt lat="48.6081520" lon="7.7975470">
    <ele>137.5</ele>
   </trkpt>
   <trkpt lat="48.6081680" lon="7.7975110">
    <ele>137.5</ele>
   </trkpt>
   <trkpt lat="48.6081820" lon="7.7974750">
    <ele>137.5</ele>
   </trkpt>
   <trkpt lat="48.6082130" lon="7.7974330">
    <ele>137.5</ele>
   </trkpt>
   <trkpt lat="48.6082250" lon="7.7974190">
    <ele>137.5</ele>
   </trkpt>
   <trkpt lat="48.6082480" lon="7.7973860">
    <ele>137.5</ele>
   </trkpt>
   <trkpt lat="48.6082660" lon="7.7973530">
    <ele>137.5</ele>
   </trkpt>
   <trkpt lat="48.6082710" lon="7.7972890">
    <ele>137.5</ele>
   </trkpt>
   <trkpt lat="48.6082560" lon="7.7971890">
    <ele>137.6</ele>
   </trkpt>
   <trkpt lat="48.6082640" lon="7.7971420">
    <ele>137.6</ele>
   </trkpt>
   <trkpt lat="48.6082700" lon="7.7970820">
    <ele>137.6</ele>
   </trkpt>
   <trkpt lat="48.6082710" lon="7.7970330">
    <ele>137.6</ele>
   </trkpt>
   <trkpt lat="48.6082900" lon="7.7970010">
    <ele>137.6</ele>
   </trkpt>
   <trkpt lat="48.6083170" lon="7.7969760">
    <ele>137.6</ele>
   </trkpt>
   <trkpt lat="48.6083320" lon="7.7969390">
    <ele>137.6</ele>
   </trkpt>
   <trkpt lat="48.6083420" lon="7.7968870">
    <ele>137.6</ele>
   </trkpt>
   <trkpt lat="48.6083580" lon="7.7968400">
    <ele>137.6</ele>
   </trkpt>
   <trkpt lat="48.6083730" lon="7.7967980">
    <ele>137.6</ele>
   </trkpt>
   <trkpt lat="48.6083930" lon="7.7967530">
    <ele>137.6</ele>
   </trkpt>
   <trkpt lat="48.6084160" lon="7.7967210">
    <ele>137.5</ele>
   </trkpt>
   <trkpt lat="48.6084410" lon="7.7966890">
    <ele>137.5</ele>
   </trkpt>
   <trkpt lat="48.6084450" lon="7.7966400">
    <ele>137.5</ele>
   </trkpt>
   <trkpt lat="48.6084630" lon="7.7966070">
    <ele>137.5</ele>
   </trkpt>
   <trkpt lat="48.6084780" lon="7.7965680">
    <ele>137.5</ele>
   </trkpt>
   <trkpt lat="48.6084980" lon="7.7965150">
    <ele>137.5</ele>
   </trkpt>
   <trkpt lat="48.6085170" lon="7.7964690">
    <ele>137.5</ele>
   </trkpt>
   <trkpt lat="48.6085390" lon="7.7964200">
    <ele>137.5</ele>
   </trkpt>
   <trkpt lat="48.6085480" lon="7.7963780">
    <ele>137.5</ele>
   </trkpt>
   <trkpt lat="48.6085500" lon="7.7963360">
    <ele>137.5</ele>
   </trkpt>
   <trkpt lat="48.6085670" lon="7.7962970">
    <ele>137.5</ele>
   </trkpt>
   <trkpt lat="48.6085930" lon="7.7962600">
    <ele>137.5</ele>
   </trkpt>
   <trkpt lat="48.6086190" lon="7.7962300">
    <ele>137.5</ele>
   </trkpt>
   <trkpt lat="48.6086420" lon="7.7961980">
    <ele>137.5</ele>
   </trkpt>
   <trkpt lat="48.6086850" lon="7.7961540">
    <ele>137.5</ele>
   </trkpt>
   <trkpt lat="48.6087080" lon="7.7961250">
    <ele>137.5</ele>
   </trkpt>
   <trkpt lat="48.6087290" lon="7.7960830">
    <ele>137.5</ele>
   </trkpt>
   <trkpt lat="48.6087520" lon="7.7960570">
    <ele>137.5</ele>
   </trkpt>
   <trkpt lat="48.6087810" lon="7.7960470">
    <ele>137.5</ele>
   </trkpt>
   <trkpt lat="48.6088140" lon="7.7960090">
    <ele>137.4</ele>
   </trkpt>
   <trkpt lat="48.6088310" lon="7.7960030">
    <ele>137.4</ele>
   </trkpt>
   <trkpt lat="48.6088620" lon="7.7959880">
    <ele>137.4</ele>
   </trkpt>
   <trkpt lat="48.6089020" lon="7.7959920">
    <ele>137.3</ele>
   </trkpt>
   <trkpt lat="48.6089300" lon="7.7959680">
    <ele>137.3</ele>
   </trkpt>
   <trkpt lat="48.6089510" lon="7.7959450">
    <ele>137.3</ele>
   </trkpt>
   <trkpt lat="48.6089540" lon="7.7959310">
    <ele>137.3</ele>
   </trkpt>
   <trkpt lat="48.6089790" lon="7.7958960">
    <ele>137.3</ele>
   </trkpt>
   <trkpt lat="48.6090030" lon="7.7958540">
    <ele>137.3</ele>
   </trkpt>
   <trkpt lat="48.6090340" lon="7.7958090">
    <ele>137.3</ele>
   </trkpt>
   <trkpt lat="48.6090520" lon="7.7957700">
    <ele>137.3</ele>
   </trkpt>
   <trkpt lat="48.6090650" lon="7.7957320">
    <ele>137.3</ele>
   </trkpt>
   <trkpt lat="48.6090920" lon="7.7957060">
    <ele>137.3</ele>
   </trkpt>
   <trkpt lat="48.6091040" lon="7.7956640">
    <ele>137.3</ele>
   </trkpt>
   <trkpt lat="48.6091240" lon="7.7956290">
    <ele>137.3</ele>
   </trkpt>
   <trkpt lat="48.6091400" lon="7.7955950">
    <ele>137.3</ele>
   </trkpt>
   <trkpt lat="48.6091550" lon="7.7955320">
    <ele>137.3</ele>
   </trkpt>
   <trkpt lat="48.6091550" lon="7.7955010">
    <ele>137.3</ele>
   </trkpt>
   <trkpt lat="48.6091600" lon="7.7954550">
    <ele>137.4</ele>
   </trkpt>
   <trkpt lat="48.6091670" lon="7.7954100">
    <ele>137.4</ele>
   </trkpt>
   <trkpt lat="48.6091810" lon="7.7953640">
    <ele>137.4</ele>
   </trkpt>
   <trkpt lat="48.6091970" lon="7.7953300">
    <ele>137.4</ele>
   </trkpt>
   <trkpt lat="48.6092150" lon="7.7952900">
    <ele>137.4</ele>
   </trkpt>
   <trkpt lat="48.6092370" lon="7.7952470">
    <ele>137.4</ele>
   </trkpt>
   <trkpt lat="48.6092550" lon="7.7952170">
    <ele>137.4</ele>
   </trkpt>
   <trkpt lat="48.6092750" lon="7.7951820">
    <ele>137.5</ele>
   </trkpt>
   <trkpt lat="48.6092980" lon="7.7951510">
    <ele>137.5</ele>
   </trkpt>
   <trkpt lat="48.6093240" lon="7.7951290">
    <ele>137.5</ele>
   </trkpt>
   <trkpt lat="48.6093310" lon="7.7951170">
    <ele>137.5</ele>
   </trkpt>
   <trkpt lat="48.6093590" lon="7.7950750">
    <ele>137.4</ele>
   </trkpt>
   <trkpt lat="48.6093700" lon="7.7950620">
    <ele>137.4</ele>
   </trkpt>
   <trkpt lat="48.6093960" lon="7.7950370">
    <ele>137.4</ele>
   </trkpt>
   <trkpt lat="48.6094010" lon="7.7949940">
    <ele>137.4</ele>
   </trkpt>
   <trkpt lat="48.6094120" lon="7.7949530">
    <ele>137.4</ele>
   </trkpt>
   <trkpt lat="48.6094260" lon="7.7948900">
    <ele>137.4</ele>
   </trkpt>
   <trkpt lat="48.6094540" lon="7.7948550">
    <ele>137.4</ele>
   </trkpt>
   <trkpt lat="48.6095060" lon="7.7948540">
    <ele>137.4</ele>
   </trkpt>
   <trkpt lat="48.6095430" lon="7.7948660">
    <ele>137.3</ele>
   </trkpt>
   <trkpt lat="48.6095860" lon="7.7948650">
    <ele>137.3</ele>
   </trkpt>
   <trkpt lat="48.6096290" lon="7.7948900">
    <ele>137.3</ele>
   </trkpt>
   <trkpt lat="48.6096450" lon="7.7949330">
    <ele>137.3</ele>
   </trkpt>
   <trkpt lat="48.6096780" lon="7.7949650">
    <ele>137.3</ele>
   </trkpt>
   <trkpt lat="48.6096920" lon="7.7950080">
    <ele>137.3</ele>
   </trkpt>
   <trkpt lat="48.6096950" lon="7.7950220">
    <ele>137.3</ele>
   </trkpt>
   <trkpt lat="48.6096860" lon="7.7950730">
    <ele>137.3</ele>
   </trkpt>
   <trkpt lat="48.6096960" lon="7.7951240">
    <ele>137.3</ele>
   </trkpt>
   <trkpt lat="48.6097160" lon="7.7951560">
    <ele>137.3</ele>
   </trkpt>
   <trkpt lat="48.6097260" lon="7.7952020">
    <ele>137.3</ele>
   </trkpt>
   <trkpt lat="48.6097100" lon="7.7952610">
    <ele>137.3</ele>
   </trkpt>
   <trkpt lat="48.6097140" lon="7.7953230">
    <ele>137.3</ele>
   </trkpt>
   <trkpt lat="48.6097140" lon="7.7953690">
    <ele>137.3</ele>
   </trkpt>
   <trkpt lat="48.6097140" lon="7.7953870">
    <ele>137.2</ele>
   </trkpt>
   <trkpt lat="48.6097210" lon="7.7954360">
    <ele>137.2</ele>
   </trkpt>
   <trkpt lat="48.6097170" lon="7.7954780">
    <ele>137.2</ele>
   </trkpt>
   <trkpt lat="48.6096880" lon="7.7955190">
    <ele>137.2</ele>
   </trkpt>
   <trkpt lat="48.6096570" lon="7.7955540">
    <ele>137.2</ele>
   </trkpt>
   <trkpt lat="48.6096150" lon="7.7955840">
    <ele>137.2</ele>
   </trkpt>
   <trkpt lat="48.6095810" lon="7.7955970">
    <ele>137.2</ele>
   </trkpt>
   <trkpt lat="48.6095610" lon="7.7956410">
    <ele>137.2</ele>
   </trkpt>
   <trkpt lat="48.6095330" lon="7.7956700">
    <ele>137.2</ele>
   </trkpt>
   <trkpt lat="48.6095090" lon="7.7957060">
    <ele>137.1</ele>
   </trkpt>
   <trkpt lat="48.6095000" lon="7.7957140">
    <ele>137.1</ele>
   </trkpt>
   <trkpt lat="48.6094790" lon="7.7957680">
    <ele>137.1</ele>
   </trkpt>
   <trkpt lat="48.6094680" lon="7.7957850">
    <ele>137.1</ele>
   </trkpt>
   <trkpt lat="48.6094500" lon="7.7958180">
    <ele>137.1</ele>
   </trkpt>
   <trkpt lat="48.6094420" lon="7.7958600">
    <ele>137.1</ele>
   </trkpt>
   <trkpt lat="48.6094360" lon="7.7958790">
    <ele>137.1</ele>
   </trkpt>
   <trkpt lat="48.6094280" lon="7.7959220">
    <ele>137.1</ele>
   </trkpt>
   <trkpt lat="48.6094280" lon="7.7959710">
    <ele>137.1</ele>
   </trkpt>
   <trkpt lat="48.6094120" lon="7.7960170">
    <ele>137.1</ele>
   </trkpt>
   <trkpt lat="48.6094060" lon="7.7960320">
    <ele>137.1</ele>
   </trkpt>
   <trkpt lat="48.6093910" lon="7.7960740">
    <ele>137.1</ele>
   </trkpt>
   <trkpt lat="48.6093850" lon="7.7961240">
    <ele>137.1</ele>
   </trkpt>
   <trkpt lat="48.6093760" lon="7.7961660">
    <ele>137.1</ele>
   </trkpt>
   <trkpt lat="48.6093440" lon="7.7962130">
    <ele>137.1</ele>
   </trkpt>
   <trkpt lat="48.6093300" lon="7.7962310">
    <ele>137.1</ele>
   </trkpt>
   <trkpt lat="48.6093360" lon="7.7962840">
    <ele>137.1</ele>
   </trkpt>
   <trkpt lat="48.6093310" lon="7.7963250">
    <ele>137.1</ele>
   </trkpt>
   <trkpt lat="48.6093380" lon="7.7963700">
    <ele>137.1</ele>
   </trkpt>
   <trkpt lat="48.6093360" lon="7.7964210">
    <ele>137.2</ele>
   </trkpt>
   <trkpt lat="48.6093400" lon="7.7964420">
    <ele>137.2</ele>
   </trkpt>
   <trkpt lat="48.6093540" lon="7.7964970">
    <ele>137.2</ele>
   </trkpt>
   <trkpt lat="48.6093550" lon="7.7965160">
    <ele>137.2</ele>
   </trkpt>
   <trkpt lat="48.6093500" lon="7.7965610">
    <ele>137.2</ele>
   </trkpt>
   <trkpt lat="48.6093600" lon="7.7966060">
    <ele>137.2</ele>
   </trkpt>
   <trkpt lat="48.6093630" lon="7.7966630">
    <ele>137.2</ele>
   </trkpt>
   <trkpt lat="48.6093640" lon="7.7966800">
    <ele>137.2</ele>
   </trkpt>
   <trkpt lat="48.6093620" lon="7.7967260">
    <ele>137.2</ele>
   </trkpt>
   <trkpt lat="48.6093700" lon="7.7967720">
    <ele>137.2</ele>
   </trkpt>
   <trkpt lat="48.6093650" lon="7.7968150">
    <ele>137.2</ele>
   </trkpt>
   <trkpt lat="48.6093580" lon="7.7968630">
    <ele>137.2</ele>
   </trkpt>
   <trkpt lat="48.6093630" lon="7.7969070">
    <ele>137.2</ele>
   </trkpt>
   <trkpt lat="48.6093790" lon="7.7969520">
    <ele>137.2</ele>
   </trkpt>
   <trkpt lat="48.6093670" lon="7.7970090">
    <ele>137.2</ele>
   </trkpt>
   <trkpt lat="48.6093710" lon="7.7970720">
    <ele>137.2</ele>
   </trkpt>
   <trkpt lat="48.6093790" lon="7.7970950">
    <ele>137.2</ele>
   </trkpt>
   <trkpt lat="48.6093660" lon="7.7971300">
    <ele>137.1</ele>
   </trkpt>
   <trkpt lat="48.6093640" lon="7.7971890">
    <ele>137.1</ele>
   </trkpt>
   <trkpt lat="48.6093770" lon="7.7972150">
    <ele>137.1</ele>
   </trkpt>
   <trkpt lat="48.6093880" lon="7.7972730">
    <ele>137.1</ele>
   </trkpt>
   <trkpt lat="48.6093950" lon="7.7973160">
    <ele>137.1</ele>
   </trkpt>
   <trkpt lat="48.6094000" lon="7.7973590">
    <ele>137.2</ele>
   </trkpt>
   <trkpt lat="48.6094060" lon="7.7974420">
    <ele>137.2</ele>
   </trkpt>
   <trkpt lat="48.6094360" lon="7.7974800">
    <ele>137.2</ele>
   </trkpt>
   <trkpt lat="48.6094770" lon="7.7975420">
    <ele>137.2</ele>
   </trkpt>
   <trkpt lat="48.6094740" lon="7.7975810">
    <ele>137.2</ele>
   </trkpt>
   <trkpt lat="48.6095020" lon="7.7976580">
    <ele>137.3</ele>
   </trkpt>
   <trkpt lat="48.6095380" lon="7.7977280">
    <ele>137.3</ele>
   </trkpt>
   <trkpt lat="48.6095480" lon="7.7977710">
    <ele>137.3</ele>
   </trkpt>
   <trkpt lat="48.6095690" lon="7.7978170">
    <ele>137.3</ele>
   </trkpt>
   <trkpt lat="48.6095820" lon="7.7978560">
    <ele>137.3</ele>
   </trkpt>
   <trkpt lat="48.6096100" lon="7.7978570">
    <ele>137.3</ele>
   </trkpt>
   <trkpt lat="48.6096230" lon="7.7978990">
    <ele>137.3</ele>
   </trkpt>
   <trkpt lat="48.6096350" lon="7.7979360">
    <ele>137.3</ele>
   </trkpt>
   <trkpt lat="48.6096660" lon="7.7979670">
    <ele>137.3</ele>
   </trkpt>
   <trkpt lat="48.6096720" lon="7.7980130">
    <ele>137.3</ele>
   </trkpt>
   <trkpt lat="48.6096810" lon="7.7980730">
    <ele>137.3</ele>
   </trkpt>
   <trkpt lat="48.6096830" lon="7.7980950">
    <ele>137.3</ele>
   </trkpt>
   <trkpt lat="48.6096910" lon="7.7981470">
    <ele>137.3</ele>
   </trkpt>
   <trkpt lat="48.6096940" lon="7.7981950">
    <ele>137.3</ele>
   </trkpt>
   <trkpt lat="48.6096850" lon="7.7982520">
    <ele>137.3</ele>
   </trkpt>
   <trkpt lat="48.6097040" lon="7.7982970">
    <ele>137.4</ele>
   </trkpt>
   <trkpt lat="48.6097130" lon="7.7983050">
    <ele>137.4</ele>
   </trkpt>
   <trkpt lat="48.6097200" lon="7.7983520">
    <ele>137.4</ele>
   </trkpt>
   <trkpt lat="48.6097520" lon="7.7983770">
    <ele>137.4</ele>
   </trkpt>
   <trkpt lat="48.6097910" lon="7.7984010">
    <ele>137.4</ele>
   </trkpt>
   <trkpt lat="48.6097960" lon="7.7984440">
    <ele>137.3</ele>
   </trkpt>
   <trkpt lat="48.6098200" lon="7.7984740">
    <ele>137.3</ele>
   </trkpt>
   <trkpt lat="48.6098480" lon="7.7984970">
    <ele>137.3</ele>
   </trkpt>
   <trkpt lat="48.6098880" lon="7.7985230">
    <ele>137.3</ele>
   </trkpt>
   <trkpt lat="48.6099230" lon="7.7985540">
    <ele>137.3</ele>
   </trkpt>
   <trkpt lat="48.6099410" lon="7.7985900">
    <ele>137.3</ele>
   </trkpt>
   <trkpt lat="48.6099700" lon="7.7986050">
    <ele>137.3</ele>
   </trkpt>
   <trkpt lat="48.6099820" lon="7.7985990">
    <ele>137.3</ele>
   </trkpt>
   <trkpt lat="48.6099990" lon="7.7986070">
    <ele>137.4</ele>
   </trkpt>
   <trkpt lat="48.6100180" lon="7.7986360">
    <ele>137.4</ele>
   </trkpt>
   <trkpt lat="48.6100410" lon="7.7986750">
    <ele>137.4</ele>
   </trkpt>
   <trkpt lat="48.6100480" lon="7.7986900">
    <ele>137.4</ele>
   </trkpt>
   <trkpt lat="48.6100790" lon="7.7987100">
    <ele>137.4</ele>
   </trkpt>
   <trkpt lat="48.6100770" lon="7.7987940">
    <ele>137.4</ele>
   </trkpt>
   <trkpt lat="48.6100680" lon="7.7988380">
    <ele>137.4</ele>
   </trkpt>
   <trkpt lat="48.6100640" lon="7.7988820">
    <ele>137.4</ele>
   </trkpt>
   <trkpt lat="48.6100740" lon="7.7989380">
    <ele>137.4</ele>
   </trkpt>
   <trkpt lat="48.6100750" lon="7.7989590">
    <ele>137.4</ele>
   </trkpt>
   <trkpt lat="48.6100440" lon="7.7990270">
    <ele>137.4</ele>
   </trkpt>
   <trkpt lat="48.6100340" lon="7.7990690">
    <ele>137.4</ele>
   </trkpt>
   <trkpt lat="48.6100320" lon="7.7991220">
    <ele>137.4</ele>
   </trkpt>
   <trkpt lat="48.6100340" lon="7.7991390">
    <ele>137.4</ele>
   </trkpt>
   <trkpt lat="48.6100270" lon="7.7991660">
    <ele>137.4</ele>
   </trkpt>
   <trkpt lat="48.6100270" lon="7.7991880">
    <ele>137.4</ele>
   </trkpt>
   <trkpt lat="48.6100320" lon="7.7992150">
    <ele>137.4</ele>
   </trkpt>
   <trkpt lat="48.6100330" lon="7.7992290">
    <ele>137.4</ele>
   </trkpt>
   <trkpt lat="48.6100340" lon="7.7992430">
    <ele>137.4</ele>
   </trkpt>
   <trkpt lat="48.6100330" lon="7.7992950">
    <ele>137.4</ele>
   </trkpt>
   <trkpt lat="48.6100240" lon="7.7993120">
    <ele>137.4</ele>
   </trkpt>
   <trkpt lat="48.6100250" lon="7.7993530">
    <ele>137.4</ele>
   </trkpt>
   <trkpt lat="48.6100640" lon="7.7994410">
    <ele>137.4</ele>
   </trkpt>
   <trkpt lat="48.6100600" lon="7.7995050">
    <ele>137.4</ele>
   </trkpt>
   <trkpt lat="48.6100720" lon="7.7996280">
    <ele>137.4</ele>
   </trkpt>
   <trkpt lat="48.6100680" lon="7.7996590">
    <ele>137.4</ele>
   </trkpt>
   <trkpt lat="48.6100760" lon="7.7996510">
    <ele>137.4</ele>
   </trkpt>
   <trkpt lat="48.6101040" lon="7.7996490">
    <ele>137.4</ele>
   </trkpt>
   <trkpt lat="48.6101270" lon="7.7996470">
    <ele>137.4</ele>
   </trkpt>
   <trkpt lat="48.6101450" lon="7.7996570">
    <ele>137.4</ele>
   </trkpt>
   <trkpt lat="48.6101650" lon="7.7996120">
    <ele>137.4</ele>
   </trkpt>
   <trkpt lat="48.6101970" lon="7.7996520">
    <ele>137.4</ele>
   </trkpt>
   <trkpt lat="48.6102080" lon="7.7996150">
    <ele>137.4</ele>
   </trkpt>
   <trkpt lat="48.6102230" lon="7.7996180">
    <ele>137.4</ele>
   </trkpt>
   <trkpt lat="48.6102330" lon="7.7995980">
    <ele>137.4</ele>
   </trkpt>
   <trkpt lat="48.6103020" lon="7.7995760">
    <ele>137.4</ele>
   </trkpt>
   <trkpt lat="48.6103610" lon="7.7995630">
    <ele>137.4</ele>
   </trkpt>
   <trkpt lat="48.6104150" lon="7.7995810">
    <ele>137.4</ele>
   </trkpt>
   <trkpt lat="48.6104510" lon="7.7995860">
    <ele>137.4</ele>
   </trkpt>
   <trkpt lat="48.6105130" lon="7.7995890">
    <ele>137.4</ele>
   </trkpt>
   <trkpt lat="48.6105680" lon="7.7995800">
    <ele>137.4</ele>
   </trkpt>
   <trkpt lat="48.6106100" lon="7.7995970">
    <ele>137.4</ele>
   </trkpt>
   <trkpt lat="48.6106790" lon="7.7996050">
    <ele>137.4</ele>
   </trkpt>
   <trkpt lat="48.6107110" lon="7.7996390">
    <ele>137.4</ele>
   </trkpt>
   <trkpt lat="48.6107460" lon="7.7996650">
    <ele>137.4</ele>
   </trkpt>
   <trkpt lat="48.6107640" lon="7.7996740">
    <ele>137.4</ele>
   </trkpt>
   <trkpt lat="48.6107800" lon="7.7997210">
    <ele>137.5</ele>
   </trkpt>
   <trkpt lat="48.6108090" lon="7.7997350">
    <ele>137.5</ele>
   </trkpt>
   <trkpt lat="48.6108030" lon="7.7998040">
    <ele>137.5</ele>
   </trkpt>
   <trkpt lat="48.6107940" lon="7.7998350">
    <ele>137.5</ele>
   </trkpt>
   <trkpt lat="48.6108080" lon="7.7998910">
    <ele>137.5</ele>
   </trkpt>
   <trkpt lat="48.6108370" lon="7.7998930">
    <ele>137.5</ele>
   </trkpt>
   <trkpt lat="48.6108430" lon="7.7999480">
    <ele>137.5</ele>
   </trkpt>
   <trkpt lat="48.6108470" lon="7.7999660">
    <ele>137.5</ele>
   </trkpt>
   <trkpt lat="48.6108830" lon="7.7999830">
    <ele>137.5</ele>
   </trkpt>
   <trkpt lat="48.6108960" lon="7.8000690">
    <ele>137.5</ele>
   </trkpt>
   <trkpt lat="48.6109040" lon="7.8001280">
    <ele>137.4</ele>
   </trkpt>
   <trkpt lat="48.6109710" lon="7.8001110">
    <ele>137.4</ele>
   </trkpt>
   <trkpt lat="48.6110200" lon="7.8001110">
    <ele>137.4</ele>
   </trkpt>
   <trkpt lat="48.6110060" lon="7.8001660">
    <ele>137.4</ele>
   </trkpt>
   <trkpt lat="48.6110370" lon="7.8001840">
    <ele>137.4</ele>
   </trkpt>
   <trkpt lat="48.6110710" lon="7.8002210">
    <ele>137.4</ele>
   </trkpt>
   <trkpt lat="48.6110810" lon="7.8002390">
    <ele>137.4</ele>
   </trkpt>
   <trkpt lat="48.6110980" lon="7.8002770">
    <ele>137.4</ele>
   </trkpt>
   <trkpt lat="48.6111010" lon="7.8002900">
    <ele>137.4</ele>
   </trkpt>
   <trkpt lat="48.6111100" lon="7.8003460">
    <ele>137.5</ele>
   </trkpt>
   <trkpt lat="48.6111080" lon="7.8003670">
    <ele>137.5</ele>
   </trkpt>
   <trkpt lat="48.6111080" lon="7.8004110">
    <ele>137.5</ele>
   </trkpt>
   <trkpt lat="48.6111200" lon="7.8004670">
    <ele>137.6</ele>
   </trkpt>
   <trkpt lat="48.6111640" lon="7.8004810">
    <ele>137.6</ele>
   </trkpt>
   <trkpt lat="48.6111350" lon="7.8005190">
    <ele>137.7</ele>
   </trkpt>
   <trkpt lat="48.6111420" lon="7.8005600">
    <ele>137.7</ele>
   </trkpt>
   <trkpt lat="48.6111260" lon="7.8006000">
    <ele>137.7</ele>
   </trkpt>
   <trkpt lat="48.6111240" lon="7.8006510">
    <ele>137.7</ele>
   </trkpt>
   <trkpt lat="48.6111180" lon="7.8006930">
    <ele>137.7</ele>
   </trkpt>
   <trkpt lat="48.6111110" lon="7.8007390">
    <ele>137.7</ele>
   </trkpt>
   <trkpt lat="48.6111050" lon="7.8007810">
    <ele>137.8</ele>
   </trkpt>
   <trkpt lat="48.6111290" lon="7.8008240">
    <ele>137.8</ele>
   </trkpt>
   <trkpt lat="48.6111520" lon="7.8008610">
    <ele>137.8</ele>
   </trkpt>
   <trkpt lat="48.6111640" lon="7.8008980">
    <ele>137.8</ele>
   </trkpt>
   <trkpt lat="48.6111930" lon="7.8009300">
    <ele>137.8</ele>
   </trkpt>
   <trkpt lat="48.6112450" lon="7.8009490">
    <ele>137.9</ele>
   </trkpt>
   <trkpt lat="48.6112990" lon="7.8009670">
    <ele>137.9</ele>
   </trkpt>
   <trkpt lat="48.6113310" lon="7.8009600">
    <ele>137.9</ele>
   </trkpt>
   <trkpt lat="48.6113580" lon="7.8009840">
    <ele>137.9</ele>
   </trkpt>
   <trkpt lat="48.6113900" lon="7.8009740">
    <ele>137.9</ele>
   </trkpt>
   <trkpt lat="48.6113970" lon="7.8009630">
    <ele>137.9</ele>
   </trkpt>
   <trkpt lat="48.6114320" lon="7.8009640">
    <ele>138.0</ele>
   </trkpt>
   <trkpt lat="48.6114410" lon="7.8009660">
    <ele>138.0</ele>
   </trkpt>
   <trkpt lat="48.6114820" lon="7.8009570">
    <ele>138.0</ele>
   </trkpt>
   <trkpt lat="48.6115020" lon="7.8009460">
    <ele>138.0</ele>
   </trkpt>
   <trkpt lat="48.6115210" lon="7.8008710">
    <ele>138.0</ele>
   </trkpt>
   <trkpt lat="48.6115420" lon="7.8008120">
    <ele>138.0</ele>
   </trkpt>
   <trkpt lat="48.6116770" lon="7.8008050">
    <ele>137.9</ele>
   </trkpt>
   <trkpt lat="48.6116900" lon="7.8007620">
    <ele>137.9</ele>
   </trkpt>
   <trkpt lat="48.6117010" lon="7.8007350">
    <ele>137.9</ele>
   </trkpt>
   <trkpt lat="48.6117360" lon="7.8007080">
    <ele>137.9</ele>
   </trkpt>
   <trkpt lat="48.6117540" lon="7.8006890">
    <ele>137.9</ele>
   </trkpt>
   <trkpt lat="48.6117890" lon="7.8006640">
    <ele>137.9</ele>
   </trkpt>
   <trkpt lat="48.6118530" lon="7.8006470">
    <ele>137.9</ele>
   </trkpt>
   <trkpt lat="48.6118890" lon="7.8006460">
    <ele>137.9</ele>
   </trkpt>
   <trkpt lat="48.6119170" lon="7.8006360">
    <ele>137.9</ele>
   </trkpt>
   <trkpt lat="48.6119230" lon="7.8006160">
    <ele>137.9</ele>
   </trkpt>
   <trkpt lat="48.6119420" lon="7.8006040">
    <ele>137.9</ele>
   </trkpt>
   <trkpt lat="48.6119640" lon="7.8006060">
    <ele>137.8</ele>
   </trkpt>
   <trkpt lat="48.6119720" lon="7.8005970">
    <ele>137.8</ele>
   </trkpt>
   <trkpt lat="48.6119770" lon="7.8005920">
    <ele>137.8</ele>
   </trkpt>
   <trkpt lat="48.6120040" lon="7.8005900">
    <ele>137.8</ele>
   </trkpt>
   <trkpt lat="48.6120270" lon="7.8005630">
    <ele>137.8</ele>
   </trkpt>
   <trkpt lat="48.6120340" lon="7.8005510">
    <ele>137.8</ele>
   </trkpt>
   <trkpt lat="48.6120590" lon="7.8005210">
    <ele>137.8</ele>
   </trkpt>
   <trkpt lat="48.6120950" lon="7.8003970">
    <ele>137.7</ele>
   </trkpt>
   <trkpt lat="48.6121250" lon="7.8003860">
    <ele>137.6</ele>
   </trkpt>
   <trkpt lat="48.6121610" lon="7.8003820">
    <ele>137.6</ele>
   </trkpt>
   <trkpt lat="48.6121750" lon="7.8003880">
    <ele>137.5</ele>
   </trkpt>
   <trkpt lat="48.6122210" lon="7.8004390">
    <ele>137.4</ele>
   </trkpt>
   <trkpt lat="48.6122460" lon="7.8004080">
    <ele>137.4</ele>
   </trkpt>
   <trkpt lat="48.6122700" lon="7.8003730">
    <ele>137.3</ele>
   </trkpt>
   <trkpt lat="48.6122910" lon="7.8003290">
    <ele>137.3</ele>
   </trkpt>
   <trkpt lat="48.6122950" lon="7.8003110">
    <ele>137.4</ele>
   </trkpt>
   <trkpt lat="48.6123050" lon="7.8002670">
    <ele>137.4</ele>
   </trkpt>
   <trkpt lat="48.6123110" lon="7.8002210">
    <ele>137.4</ele>
   </trkpt>
   <trkpt lat="48.6123140" lon="7.8001800">
    <ele>137.4</ele>
   </trkpt>
   <trkpt lat="48.6123210" lon="7.8001160">
    <ele>137.4</ele>
   </trkpt>
   <trkpt lat="48.6123250" lon="7.8000910">
    <ele>137.4</ele>
   </trkpt>
   <trkpt lat="48.6123290" lon="7.8000480">
    <ele>137.4</ele>
   </trkpt>
   <trkpt lat="48.6123200" lon="7.7999880">
    <ele>137.4</ele>
   </trkpt>
   <trkpt lat="48.6123130" lon="7.7999660">
    <ele>137.4</ele>
   </trkpt>
   <trkpt lat="48.6122990" lon="7.7999130">
    <ele>137.4</ele>
   </trkpt>
   <trkpt lat="48.6123020" lon="7.7998720">
    <ele>137.4</ele>
   </trkpt>
   <trkpt lat="48.6122940" lon="7.7998170">
    <ele>137.4</ele>
   </trkpt>
   <trkpt lat="48.6122970" lon="7.7997940">
    <ele>137.4</ele>
   </trkpt>
   <trkpt lat="48.6123090" lon="7.7997450">
    <ele>137.4</ele>
   </trkpt>
   <trkpt lat="48.6122890" lon="7.7996960">
    <ele>137.4</ele>
   </trkpt>
   <trkpt lat="48.6122850" lon="7.7996540">
    <ele>137.4</ele>
   </trkpt>
   <trkpt lat="48.6122870" lon="7.7996050">
    <ele>137.4</ele>
   </trkpt>
   <trkpt lat="48.6122860" lon="7.7995580">
    <ele>137.5</ele>
   </trkpt>
   <trkpt lat="48.6122850" lon="7.7995150">
    <ele>137.5</ele>
   </trkpt>
   <trkpt lat="48.6122800" lon="7.7994670">
    <ele>137.5</ele>
   </trkpt>
   <trkpt lat="48.6122710" lon="7.7994260">
    <ele>137.5</ele>
   </trkpt>
   <trkpt lat="48.6122580" lon="7.7993700">
    <ele>137.5</ele>
   </trkpt>
   <trkpt lat="48.6122530" lon="7.7993490">
    <ele>137.5</ele>
   </trkpt>
   <trkpt lat="48.6122410" lon="7.7993090">
    <ele>137.5</ele>
   </trkpt>
   <trkpt lat="48.6122480" lon="7.7992520">
    <ele>137.5</ele>
   </trkpt>
   <trkpt lat="48.6122460" lon="7.7992310">
    <ele>137.5</ele>
   </trkpt>
   <trkpt lat="48.6122400" lon="7.7991820">
    <ele>137.5</ele>
   </trkpt>
   <trkpt lat="48.6122330" lon="7.7991270">
    <ele>137.4</ele>
   </trkpt>
   <trkpt lat="48.6122300" lon="7.7990770">
    <ele>137.4</ele>
   </trkpt>
   <trkpt lat="48.6122270" lon="7.7990360">
    <ele>137.4</ele>
   </trkpt>
   <trkpt lat="48.6122200" lon="7.7989930">
    <ele>137.4</ele>
   </trkpt>
   <trkpt lat="48.6122110" lon="7.7989510">
    <ele>137.4</ele>
   </trkpt>
   <trkpt lat="48.6122050" lon="7.7989100">
    <ele>137.3</ele>
   </trkpt>
   <trkpt lat="48.6121990" lon="7.7988680">
    <ele>137.3</ele>
   </trkpt>
   <trkpt lat="48.6121970" lon="7.7988240">
    <ele>137.3</ele>
   </trkpt>
   <trkpt lat="48.6122020" lon="7.7987650">
    <ele>137.3</ele>
   </trkpt>
   <trkpt lat="48.6122030" lon="7.7987440">
    <ele>137.3</ele>
   </trkpt>
   <trkpt lat="48.6122060" lon="7.7987010">
    <ele>137.2</ele>
   </trkpt>
   <trkpt lat="48.6122050" lon="7.7986890">
    <ele>137.2</ele>
   </trkpt>
   <trkpt lat="48.6122030" lon="7.7986330">
    <ele>137.2</ele>
   </trkpt>
   <trkpt lat="48.6122000" lon="7.7985860">
    <ele>137.2</ele>
   </trkpt>
   <trkpt lat="48.6122080" lon="7.7985240">
    <ele>137.2</ele>
   </trkpt>
   <trkpt lat="48.6122150" lon="7.7984980">
    <ele>137.2</ele>
   </trkpt>
   <trkpt lat="48.6122130" lon="7.7984410">
    <ele>137.1</ele>
   </trkpt>
   <trkpt lat="48.6122060" lon="7.7983760">
    <ele>137.1</ele>
   </trkpt>
   <trkpt lat="48.6122020" lon="7.7983500">
    <ele>137.1</ele>
   </trkpt>
   <trkpt lat="48.6122110" lon="7.7982980">
    <ele>137.1</ele>
   </trkpt>
   <trkpt lat="48.6122130" lon="7.7982780">
    <ele>137.1</ele>
   </trkpt>
   <trkpt lat="48.6122160" lon="7.7982300">
    <ele>137.1</ele>
   </trkpt>
   <trkpt lat="48.6122220" lon="7.7981850">
    <ele>137.0</ele>
   </trkpt>
   <trkpt lat="48.6122100" lon="7.7981380">
    <ele>137.0</ele>
   </trkpt>
   <trkpt lat="48.6122050" lon="7.7980950">
    <ele>137.0</ele>
   </trkpt>
   <trkpt lat="48.6122050" lon="7.7980330">
    <ele>136.9</ele>
   </trkpt>
   <trkpt lat="48.6122030" lon="7.7980080">
    <ele>136.9</ele>
   </trkpt>
   <trkpt lat="48.6122140" lon="7.7979610">
    <ele>136.9</ele>
   </trkpt>
   <trkpt lat="48.6122040" lon="7.7979230">
    <ele>136.9</ele>
   </trkpt>
   <trkpt lat="48.6122100" lon="7.7978710">
    <ele>136.8</ele>
   </trkpt>
   <trkpt lat="48.6122160" lon="7.7978290">
    <ele>136.8</ele>
   </trkpt>
   <trkpt lat="48.6121940" lon="7.7977810">
    <ele>136.8</ele>
   </trkpt>
   <trkpt lat="48.6121870" lon="7.7977590">
    <ele>136.8</ele>
   </trkpt>
   <trkpt lat="48.6121790" lon="7.7977150">
    <ele>136.8</ele>
   </trkpt>
   <trkpt lat="48.6121800" lon="7.7976730">
    <ele>136.7</ele>
   </trkpt>
   <trkpt lat="48.6122270" lon="7.7976330">
    <ele>136.7</ele>
   </trkpt>
   <trkpt lat="48.6122390" lon="7.7975800">
    <ele>136.7</ele>
   </trkpt>
   <trkpt lat="48.6122420" lon="7.7975590">
    <ele>136.7</ele>
   </trkpt>
   <trkpt lat="48.6122390" lon="7.7975150">
    <ele>136.7</ele>
   </trkpt>
   <trkpt lat="48.6122270" lon="7.7974720">
    <ele>136.7</ele>
   </trkpt>
   <trkpt lat="48.6122640" lon="7.7974350">
    <ele>136.7</ele>
   </trkpt>
   <trkpt lat="48.6122860" lon="7.7973950">
    <ele>136.6</ele>
   </trkpt>
   <trkpt lat="48.6122970" lon="7.7973830">
    <ele>136.6</ele>
   </trkpt>
   <trkpt lat="48.6123190" lon="7.7973580">
    <ele>136.6</ele>
   </trkpt>
   <trkpt lat="48.6123480" lon="7.7973590">
    <ele>136.6</ele>
   </trkpt>
   <trkpt lat="48.6123730" lon="7.7973400">
    <ele>136.6</ele>
   </trkpt>
   <trkpt lat="48.6124020" lon="7.7972970">
    <ele>136.6</ele>
   </trkpt>
   <trkpt lat="48.6124130" lon="7.7972810">
    <ele>136.6</ele>
   </trkpt>
   <trkpt lat="48.6124290" lon="7.7972390">
    <ele>136.6</ele>
   </trkpt>
   <trkpt lat="48.6124640" lon="7.7972080">
    <ele>136.6</ele>
   </trkpt>
   <trkpt lat="48.6124730" lon="7.7971880">
    <ele>136.6</ele>
   </trkpt>
   <trkpt lat="48.6124970" lon="7.7971620">
    <ele>136.6</ele>
   </trkpt>
   <trkpt lat="48.6125220" lon="7.7971110">
    <ele>136.6</ele>
   </trkpt>
   <trkpt lat="48.6125270" lon="7.7970840">
    <ele>136.6</ele>
   </trkpt>
   <trkpt lat="48.6125810" lon="7.7971030">
    <ele>136.6</ele>
   </trkpt>
   <trkpt lat="48.6125950" lon="7.7970470">
    <ele>136.6</ele>
   </trkpt>
   <trkpt lat="48.6126000" lon="7.7970210">
    <ele>136.7</ele>
   </trkpt>
   <trkpt lat="48.6126300" lon="7.7970110">
    <ele>136.7</ele>
   </trkpt>
   <trkpt lat="48.6126510" lon="7.7969840">
    <ele>136.7</ele>
   </trkpt>
   <trkpt lat="48.6126670" lon="7.7969460">
    <ele>136.7</ele>
   </trkpt>
   <trkpt lat="48.6126960" lon="7.7969100">
    <ele>136.7</ele>
   </trkpt>
   <trkpt lat="48.6127260" lon="7.7969070">
    <ele>136.7</ele>
   </trkpt>
   <trkpt lat="48.6127510" lon="7.7968810">
    <ele>136.8</ele>
   </trkpt>
   <trkpt lat="48.6127570" lon="7.7968610">
    <ele>136.8</ele>
   </trkpt>
   <trkpt lat="48.6127700" lon="7.7968150">
    <ele>136.8</ele>
   </trkpt>
   <trkpt lat="48.6127960" lon="7.7968010">
    <ele>136.8</ele>
   </trkpt>
   <trkpt lat="48.6128320" lon="7.7967750">
    <ele>136.8</ele>
   </trkpt>
   <trkpt lat="48.6128450" lon="7.7967650">
    <ele>136.7</ele>
   </trkpt>
   <trkpt lat="48.6128740" lon="7.7967230">
    <ele>136.7</ele>
   </trkpt>
   <trkpt lat="48.6128800" lon="7.7967020">
    <ele>136.7</ele>
   </trkpt>
   <trkpt lat="48.6129070" lon="7.7966800">
    <ele>136.7</ele>
   </trkpt>
   <trkpt lat="48.6129330" lon="7.7966430">
    <ele>136.7</ele>
   </trkpt>
   <trkpt lat="48.6129560" lon="7.7966100">
    <ele>136.7</ele>
   </trkpt>
   <trkpt lat="48.6129840" lon="7.7965650">
    <ele>136.7</ele>
   </trkpt>
   <trkpt lat="48.6129920" lon="7.7965440">
    <ele>136.7</ele>
   </trkpt>
   <trkpt lat="48.6130250" lon="7.7965020">
    <ele>136.7</ele>
   </trkpt>
   <trkpt lat="48.6130380" lon="7.7964880">
    <ele>136.7</ele>
   </trkpt>
   <trkpt lat="48.6130630" lon="7.7964610">
    <ele>136.7</ele>
   </trkpt>
   <trkpt lat="48.6131010" lon="7.7964330">
    <ele>136.7</ele>
   </trkpt>
   <trkpt lat="48.6131130" lon="7.7964180">
    <ele>136.6</ele>
   </trkpt>
   <trkpt lat="48.6131350" lon="7.7963890">
    <ele>136.6</ele>
   </trkpt>
   <trkpt lat="48.6131700" lon="7.7963560">
    <ele>136.6</ele>
   </trkpt>
   <trkpt lat="48.6131830" lon="7.7963400">
    <ele>136.6</ele>
   </trkpt>
   <trkpt lat="48.6132050" lon="7.7963060">
    <ele>136.6</ele>
   </trkpt>
   <trkpt lat="48.6132190" lon="7.7962570">
    <ele>136.6</ele>
   </trkpt>
   <trkpt lat="48.6132330" lon="7.7961970">
    <ele>136.6</ele>
   </trkpt>
   <trkpt lat="48.6132610" lon="7.7961650">
    <ele>136.5</ele>
   </trkpt>
   <trkpt lat="48.6132690" lon="7.7961560">
    <ele>136.5</ele>
   </trkpt>
   <trkpt lat="48.6133050" lon="7.7961520">
    <ele>136.5</ele>
   </trkpt>
   <trkpt lat="48.6133380" lon="7.7961410">
    <ele>136.5</ele>
   </trkpt>
   <trkpt lat="48.6133640" lon="7.7961220">
    <ele>136.5</ele>
   </trkpt>
   <trkpt lat="48.6133930" lon="7.7960840">
    <ele>136.5</ele>
   </trkpt>
   <trkpt lat="48.6134060" lon="7.7960720">
    <ele>136.5</ele>
   </trkpt>
   <trkpt lat="48.6134380" lon="7.7960490">
    <ele>136.5</ele>
   </trkpt>
   <trkpt lat="48.6134580" lon="7.7960220">
    <ele>136.5</ele>
   </trkpt>
   <trkpt lat="48.6134870" lon="7.7959730">
    <ele>136.5</ele>
   </trkpt>
   <trkpt lat="48.6134970" lon="7.7959470">
    <ele>136.5</ele>
   </trkpt>
   <trkpt lat="48.6135110" lon="7.7958910">
    <ele>136.5</ele>
   </trkpt>
   <trkpt lat="48.6135130" lon="7.7958660">
    <ele>136.5</ele>
   </trkpt>
   <trkpt lat="48.6135370" lon="7.7958440">
    <ele>136.5</ele>
   </trkpt>
   <trkpt lat="48.6135750" lon="7.7958300">
    <ele>136.5</ele>
   </trkpt>
   <trkpt lat="48.6136030" lon="7.7958270">
    <ele>136.5</ele>
   </trkpt>
   <trkpt lat="48.6136270" lon="7.7958020">
    <ele>136.5</ele>
   </trkpt>
   <trkpt lat="48.6136560" lon="7.7958020">
    <ele>136.5</ele>
   </trkpt>
   <trkpt lat="48.6136900" lon="7.7957850">
    <ele>136.5</ele>
   </trkpt>
   <trkpt lat="48.6137010" lon="7.7957680">
    <ele>136.5</ele>
   </trkpt>
   <trkpt lat="48.6137280" lon="7.7957210">
    <ele>136.5</ele>
   </trkpt>
   <trkpt lat="48.6137360" lon="7.7957000">
    <ele>136.5</ele>
   </trkpt>
   <trkpt lat="48.6137450" lon="7.7956600">
    <ele>136.5</ele>
   </trkpt>
   <trkpt lat="48.6137830" lon="7.7956500">
    <ele>136.5</ele>
   </trkpt>
   <trkpt lat="48.6138050" lon="7.7956220">
    <ele>136.5</ele>
   </trkpt>
   <trkpt lat="48.6138250" lon="7.7955900">
    <ele>136.5</ele>
   </trkpt>
   <trkpt lat="48.6138580" lon="7.7955620">
    <ele>136.5</ele>
   </trkpt>
   <trkpt lat="48.6138660" lon="7.7955410">
    <ele>136.5</ele>
   </trkpt>
   <trkpt lat="48.6139020" lon="7.7955200">
    <ele>136.5</ele>
   </trkpt>
   <trkpt lat="48.6139140" lon="7.7955120">
    <ele>136.5</ele>
   </trkpt>
   <trkpt lat="48.6139420" lon="7.7954690">
    <ele>136.4</ele>
   </trkpt>
   <trkpt lat="48.6139570" lon="7.7954560">
    <ele>136.4</ele>
   </trkpt>
   <trkpt lat="48.6139680" lon="7.7954170">
    <ele>136.4</ele>
   </trkpt>
   <trkpt lat="48.6139960" lon="7.7954020">
    <ele>136.4</ele>
   </trkpt>
   <trkpt lat="48.6140180" lon="7.7953790">
    <ele>136.4</ele>
   </trkpt>
   <trkpt lat="48.6140420" lon="7.7953580">
    <ele>136.3</ele>
   </trkpt>
   <trkpt lat="48.6140550" lon="7.7953170">
    <ele>136.3</ele>
   </trkpt>
   <trkpt lat="48.6140840" lon="7.7952800">
    <ele>136.3</ele>
   </trkpt>
   <trkpt lat="48.6140920" lon="7.7952630">
    <ele>136.3</ele>
   </trkpt>
   <trkpt lat="48.6141200" lon="7.7952460">
    <ele>136.3</ele>
   </trkpt>
   <trkpt lat="48.6141470" lon="7.7952240">
    <ele>136.3</ele>
   </trkpt>
   <trkpt lat="48.6141680" lon="7.7951950">
    <ele>136.3</ele>
   </trkpt>
   <trkpt lat="48.6141850" lon="7.7951580">
    <ele>136.2</ele>
   </trkpt>
   <trkpt lat="48.6142210" lon="7.7951260">
    <ele>136.2</ele>
   </trkpt>
   <trkpt lat="48.6142360" lon="7.7951150">
    <ele>136.2</ele>
   </trkpt>
   <trkpt lat="48.6142600" lon="7.7950840">
    <ele>136.2</ele>
   </trkpt>
   <trkpt lat="48.6142900" lon="7.7950570">
    <ele>136.2</ele>
   </trkpt>
   <trkpt lat="48.6142950" lon="7.7950390">
    <ele>136.2</ele>
   </trkpt>
   <trkpt lat="48.6143180" lon="7.7950140">
    <ele>136.2</ele>
   </trkpt>
   <trkpt lat="48.6143460" lon="7.7949860">
    <ele>136.2</ele>
   </trkpt>
   <trkpt lat="48.6143680" lon="7.7949580">
    <ele>136.2</ele>
   </trkpt>
   <trkpt lat="48.6143980" lon="7.7949240">
    <ele>136.2</ele>
   </trkpt>
   <trkpt lat="48.6144040" lon="7.7949070">
    <ele>136.2</ele>
   </trkpt>
   <trkpt lat="48.6144320" lon="7.7948650">
    <ele>136.2</ele>
   </trkpt>
   <trkpt lat="48.6144400" lon="7.7948500">
    <ele>136.2</ele>
   </trkpt>
   <trkpt lat="48.6144740" lon="7.7948300">
    <ele>136.2</ele>
   </trkpt>
   <trkpt lat="48.6144960" lon="7.7948070">
    <ele>136.2</ele>
   </trkpt>
   <trkpt lat="48.6145210" lon="7.7947770">
    <ele>136.2</ele>
   </trkpt>
   <trkpt lat="48.6145400" lon="7.7947430">
    <ele>136.2</ele>
   </trkpt>
   <trkpt lat="48.6145660" lon="7.7947190">
    <ele>136.2</ele>
   </trkpt>
   <trkpt lat="48.6146060" lon="7.7947020">
    <ele>136.2</ele>
   </trkpt>
   <trkpt lat="48.6146280" lon="7.7946600">
    <ele>136.2</ele>
   </trkpt>
   <trkpt lat="48.6146300" lon="7.7946240">
    <ele>136.2</ele>
   </trkpt>
   <trkpt lat="48.6146770" lon="7.7946500">
    <ele>136.2</ele>
   </trkpt>
   <trkpt lat="48.6147240" lon="7.7947120">
    <ele>136.1</ele>
   </trkpt>
   <trkpt lat="48.6147560" lon="7.7947160">
    <ele>136.1</ele>
   </trkpt>
   <trkpt lat="48.6147670" lon="7.7947290">
    <ele>136.1</ele>
   </trkpt>
   <trkpt lat="48.6147880" lon="7.7947720">
    <ele>136.0</ele>
   </trkpt>
   <trkpt lat="48.6148160" lon="7.7947790">
    <ele>136.0</ele>
   </trkpt>
   <trkpt lat="48.6148510" lon="7.7947950">
    <ele>135.9</ele>
   </trkpt>
   <trkpt lat="48.6148780" lon="7.7947960">
    <ele>135.9</ele>
   </trkpt>
   <trkpt lat="48.6149080" lon="7.7948010">
    <ele>135.8</ele>
   </trkpt>
   <trkpt lat="48.6149350" lon="7.7948130">
    <ele>135.8</ele>
   </trkpt>
   <trkpt lat="48.6149570" lon="7.7948370">
    <ele>135.8</ele>
   </trkpt>
   <trkpt lat="48.6149900" lon="7.7948400">
    <ele>135.8</ele>
   </trkpt>
   <trkpt lat="48.6150190" lon="7.7948480">
    <ele>135.7</ele>
   </trkpt>
   <trkpt lat="48.6150500" lon="7.7948470">
    <ele>135.7</ele>
   </trkpt>
   <trkpt lat="48.6150800" lon="7.7948380">
    <ele>135.7</ele>
   </trkpt>
   <trkpt lat="48.6151110" lon="7.7948440">
    <ele>135.7</ele>
   </trkpt>
   <trkpt lat="48.6151400" lon="7.7948470">
    <ele>135.8</ele>
   </trkpt>
   <trkpt lat="48.6151770" lon="7.7948500">
    <ele>135.8</ele>
   </trkpt>
   <trkpt lat="48.6151920" lon="7.7948390">
    <ele>135.8</ele>
   </trkpt>
   <trkpt lat="48.6152190" lon="7.7948470">
    <ele>135.8</ele>
   </trkpt>
   <trkpt lat="48.6152450" lon="7.7948650">
    <ele>135.8</ele>
   </trkpt>
   <trkpt lat="48.6152750" lon="7.7948770">
    <ele>135.8</ele>
   </trkpt>
   <trkpt lat="48.6153030" lon="7.7948870">
    <ele>135.8</ele>
   </trkpt>
   <trkpt lat="48.6153380" lon="7.7948880">
    <ele>135.8</ele>
   </trkpt>
   <trkpt lat="48.6153690" lon="7.7948990">
    <ele>135.8</ele>
   </trkpt>
   <trkpt lat="48.6153980" lon="7.7949060">
    <ele>135.8</ele>
   </trkpt>
   <trkpt lat="48.6154340" lon="7.7949330">
    <ele>135.8</ele>
   </trkpt>
   <trkpt lat="48.6154470" lon="7.7949440">
    <ele>135.8</ele>
   </trkpt>
   <trkpt lat="48.6154910" lon="7.7949340">
    <ele>135.8</ele>
   </trkpt>
   <trkpt lat="48.6155090" lon="7.7949160">
    <ele>135.8</ele>
   </trkpt>
   <trkpt lat="48.6155340" lon="7.7948890">
    <ele>135.8</ele>
   </trkpt>
   <trkpt lat="48.6155710" lon="7.7948960">
    <ele>135.9</ele>
   </trkpt>
   <trkpt lat="48.6155820" lon="7.7948970">
    <ele>135.9</ele>
   </trkpt>
   <trkpt lat="48.6156120" lon="7.7949090">
    <ele>135.9</ele>
   </trkpt>
   <trkpt lat="48.6156430" lon="7.7949130">
    <ele>135.9</ele>
   </trkpt>
   <trkpt lat="48.6156770" lon="7.7949010">
    <ele>135.9</ele>
   </trkpt>
   <trkpt lat="48.6156910" lon="7.7949030">
    <ele>135.9</ele>
   </trkpt>
   <trkpt lat="48.6157260" lon="7.7949020">
    <ele>135.9</ele>
   </trkpt>
   <trkpt lat="48.6157370" lon="7.7948960">
    <ele>135.9</ele>
   </trkpt>
   <trkpt lat="48.6157650" lon="7.7949020">
    <ele>135.9</ele>
   </trkpt>
   <trkpt lat="48.6157950" lon="7.7949050">
    <ele>135.9</ele>
   </trkpt>
   <trkpt lat="48.6158250" lon="7.7948990">
    <ele>135.9</ele>
   </trkpt>
   <trkpt lat="48.6158490" lon="7.7948970">
    <ele>135.9</ele>
   </trkpt>
   <trkpt lat="48.6158800" lon="7.7949000">
    <ele>135.9</ele>
   </trkpt>
   <trkpt lat="48.6159110" lon="7.7948920">
    <ele>135.9</ele>
   </trkpt>
   <trkpt lat="48.6159380" lon="7.7948980">
    <ele>135.9</ele>
   </trkpt>
   <trkpt lat="48.6159750" lon="7.7948920">
    <ele>135.9</ele>
   </trkpt>
   <trkpt lat="48.6159900" lon="7.7948810">
    <ele>135.9</ele>
   </trkpt>
   <trkpt lat="48.6160170" lon="7.7948730">
    <ele>135.9</ele>
   </trkpt>
   <trkpt lat="48.6160530" lon="7.7948640">
    <ele>135.9</ele>
   </trkpt>
   <trkpt lat="48.6160640" lon="7.7948570">
    <ele>135.9</ele>
   </trkpt>
   <trkpt lat="48.6160920" lon="7.7948550">
    <ele>136.0</ele>
   </trkpt>
   <trkpt lat="48.6161310" lon="7.7948570">
    <ele>136.0</ele>
   </trkpt>
   <trkpt lat="48.6161440" lon="7.7948530">
    <ele>136.0</ele>
   </trkpt>
   <trkpt lat="48.6161720" lon="7.7948310">
    <ele>136.0</ele>
   </trkpt>
   <trkpt lat="48.6162020" lon="7.7948140">
    <ele>136.0</ele>
   </trkpt>
   <trkpt lat="48.6162280" lon="7.7947940">
    <ele>135.9</ele>
   </trkpt>
   <trkpt lat="48.6162510" lon="7.7947720">
    <ele>135.9</ele>
   </trkpt>
   <trkpt lat="48.6162740" lon="7.7947480">
    <ele>135.9</ele>
   </trkpt>
   <trkpt lat="48.6163180" lon="7.7946970">
    <ele>135.9</ele>
   </trkpt>
   <trkpt lat="48.6163580" lon="7.7947120">
    <ele>135.9</ele>
   </trkpt>
   <trkpt lat="48.6163940" lon="7.7947070">
    <ele>135.8</ele>
   </trkpt>
   <trkpt lat="48.6164070" lon="7.7947090">
    <ele>135.8</ele>
   </trkpt>
   <trkpt lat="48.6164340" lon="7.7946950">
    <ele>135.8</ele>
   </trkpt>
   <trkpt lat="48.6164730" lon="7.7946880">
    <ele>135.8</ele>
   </trkpt>
   <trkpt lat="48.6165030" lon="7.7946860">
    <ele>135.8</ele>
   </trkpt>
   <trkpt lat="48.6165390" lon="7.7946880">
    <ele>135.8</ele>
   </trkpt>
   <trkpt lat="48.6165480" lon="7.7946900">
    <ele>135.8</ele>
   </trkpt>
   <trkpt lat="48.6165800" lon="7.7946670">
    <ele>135.7</ele>
   </trkpt>
   <trkpt lat="48.6165920" lon="7.7946620">
    <ele>135.7</ele>
   </trkpt>
   <trkpt lat="48.6166290" lon="7.7946530">
    <ele>135.7</ele>
   </trkpt>
   <trkpt lat="48.6166410" lon="7.7946510">
    <ele>135.7</ele>
   </trkpt>
   <trkpt lat="48.6166750" lon="7.7946680">
    <ele>135.7</ele>
   </trkpt>
   <trkpt lat="48.6167080" lon="7.7946850">
    <ele>135.7</ele>
   </trkpt>
   <trkpt lat="48.6167360" lon="7.7946610">
    <ele>135.7</ele>
   </trkpt>
   <trkpt lat="48.6167500" lon="7.7946580">
    <ele>135.7</ele>
   </trkpt>
   <trkpt lat="48.6167860" lon="7.7946510">
    <ele>135.7</ele>
   </trkpt>
   <trkpt lat="48.6168000" lon="7.7946360">
    <ele>135.7</ele>
   </trkpt>
   <trkpt lat="48.6168270" lon="7.7946430">
    <ele>135.8</ele>
   </trkpt>
   <trkpt lat="48.6168530" lon="7.7946150">
    <ele>135.8</ele>
   </trkpt>
   <trkpt lat="48.6168870" lon="7.7946210">
    <ele>135.8</ele>
   </trkpt>
   <trkpt lat="48.6169000" lon="7.7946270">
    <ele>135.8</ele>
   </trkpt>
   <trkpt lat="48.6169280" lon="7.7946230">
    <ele>135.8</ele>
   </trkpt>
   <trkpt lat="48.6169670" lon="7.7946240">
    <ele>135.8</ele>
   </trkpt>
   <trkpt lat="48.6169800" lon="7.7946250">
    <ele>135.8</ele>
   </trkpt>
   <trkpt lat="48.6170220" lon="7.7946280">
    <ele>135.8</ele>
   </trkpt>
   <trkpt lat="48.6170380" lon="7.7946210">
    <ele>135.8</ele>
   </trkpt>
   <trkpt lat="48.6170780" lon="7.7946120">
    <ele>135.8</ele>
   </trkpt>
   <trkpt lat="48.6170920" lon="7.7946090">
    <ele>135.8</ele>
   </trkpt>
   <trkpt lat="48.6171230" lon="7.7946060">
    <ele>135.8</ele>
   </trkpt>
   <trkpt lat="48.6171600" lon="7.7946040">
    <ele>135.8</ele>
   </trkpt>
   <trkpt lat="48.6171720" lon="7.7946080">
    <ele>135.8</ele>
   </trkpt>
   <trkpt lat="48.6172020" lon="7.7946060">
    <ele>135.7</ele>
   </trkpt>
   <trkpt lat="48.6172350" lon="7.7946040">
    <ele>135.7</ele>
   </trkpt>
   <trkpt lat="48.6172610" lon="7.7946210">
    <ele>135.7</ele>
   </trkpt>
   <trkpt lat="48.6172880" lon="7.7946290">
    <ele>135.7</ele>
   </trkpt>
   <trkpt lat="48.6173190" lon="7.7946310">
    <ele>135.7</ele>
   </trkpt>
   <trkpt lat="48.6173460" lon="7.7946190">
    <ele>135.6</ele>
   </trkpt>
   <trkpt lat="48.6173840" lon="7.7946320">
    <ele>135.6</ele>
   </trkpt>
   <trkpt lat="48.6173980" lon="7.7946330">
    <ele>135.6</ele>
   </trkpt>
   <trkpt lat="48.6174320" lon="7.7946370">
    <ele>135.6</ele>
   </trkpt>
   <trkpt lat="48.6174650" lon="7.7946290">
    <ele>135.6</ele>
   </trkpt>
   <trkpt lat="48.6174770" lon="7.7946300">
    <ele>135.6</ele>
   </trkpt>
   <trkpt lat="48.6175140" lon="7.7946420">
    <ele>135.6</ele>
   </trkpt>
   <trkpt lat="48.6175270" lon="7.7946480">
    <ele>135.7</ele>
   </trkpt>
   <trkpt lat="48.6175540" lon="7.7946780">
    <ele>135.7</ele>
   </trkpt>
   <trkpt lat="48.6175760" lon="7.7947250">
    <ele>135.8</ele>
   </trkpt>
   <trkpt lat="48.6176060" lon="7.7947430">
    <ele>135.8</ele>
   </trkpt>
   <trkpt lat="48.6176370" lon="7.7947500">
    <ele>135.9</ele>
   </trkpt>
   <trkpt lat="48.6176400" lon="7.7947650">
    <ele>135.9</ele>
   </trkpt>
   <trkpt lat="48.6176470" lon="7.7948160">
    <ele>135.9</ele>
   </trkpt>
   <trkpt lat="48.6176460" lon="7.7948390">
    <ele>135.9</ele>
   </trkpt>
   <trkpt lat="48.6176200" lon="7.7948940">
    <ele>135.9</ele>
   </trkpt>
   <trkpt lat="48.6176010" lon="7.7949290">
    <ele>135.9</ele>
   </trkpt>
   <trkpt lat="48.6175860" lon="7.7949680">
    <ele>136.0</ele>
   </trkpt>
   <trkpt lat="48.6175640" lon="7.7950130">
    <ele>136.0</ele>
   </trkpt>
   <trkpt lat="48.6175450" lon="7.7950500">
    <ele>136.0</ele>
   </trkpt>
   <trkpt lat="48.6175310" lon="7.7950900">
    <ele>136.0</ele>
   </trkpt>
   <trkpt lat="48.6175210" lon="7.7951320">
    <ele>136.0</ele>
   </trkpt>
   <trkpt lat="48.6175060" lon="7.7951680">
    <ele>136.0</ele>
   </trkpt>
   <trkpt lat="48.6175050" lon="7.7952150">
    <ele>136.0</ele>
   </trkpt>
   <trkpt lat="48.6174950" lon="7.7952640">
    <ele>136.1</ele>
   </trkpt>
   <trkpt lat="48.6174860" lon="7.7952790">
    <ele>136.1</ele>
   </trkpt>
   <trkpt lat="48.6174750" lon="7.7953170">
    <ele>136.1</ele>
   </trkpt>
   <trkpt lat="48.6174610" lon="7.7953650">
    <ele>136.1</ele>
   </trkpt>
   <trkpt lat="48.6174450" lon="7.7954280">
    <ele>136.1</ele>
   </trkpt>
   <trkpt lat="48.6174360" lon="7.7954520">
    <ele>136.1</ele>
   </trkpt>
   <trkpt lat="48.6174240" lon="7.7954910">
    <ele>136.2</ele>
   </trkpt>
   <trkpt lat="48.6174080" lon="7.7955340">
    <ele>136.2</ele>
   </trkpt>
   <trkpt lat="48.6174010" lon="7.7955520">
    <ele>136.2</ele>
   </trkpt>
   <trkpt lat="48.6173850" lon="7.7956080">
    <ele>136.2</ele>
   </trkpt>
   <trkpt lat="48.6173760" lon="7.7956260">
    <ele>136.2</ele>
   </trkpt>
   <trkpt lat="48.6173600" lon="7.7956600">
    <ele>136.2</ele>
   </trkpt>
   <trkpt lat="48.6173430" lon="7.7957060">
    <ele>136.3</ele>
   </trkpt>
   <trkpt lat="48.6173390" lon="7.7957300">
    <ele>136.3</ele>
   </trkpt>
   <trkpt lat="48.6173280" lon="7.7957850">
    <ele>136.3</ele>
   </trkpt>
   <trkpt lat="48.6173240" lon="7.7958030">
    <ele>136.3</ele>
   </trkpt>
   <trkpt lat="48.6173010" lon="7.7958580">
    <ele>136.3</ele>
   </trkpt>
   <trkpt lat="48.6172920" lon="7.7958820">
    <ele>136.3</ele>
   </trkpt>
   <trkpt lat="48.6172770" lon="7.7959280">
    <ele>136.3</ele>
   </trkpt>
   <trkpt lat="48.6172640" lon="7.7959380">
    <ele>136.3</ele>
   </trkpt>
   <trkpt lat="48.6172500" lon="7.7959860">
    <ele>136.2</ele>
   </trkpt>
   <trkpt lat="48.6172230" lon="7.7960240">
    <ele>136.2</ele>
   </trkpt>
   <trkpt lat="48.6172040" lon="7.7960710">
    <ele>136.2</ele>
   </trkpt>
   <trkpt lat="48.6171970" lon="7.7960880">
    <ele>136.2</ele>
   </trkpt>
   <trkpt lat="48.6171720" lon="7.7961100">
    <ele>136.1</ele>
   </trkpt>
   <trkpt lat="48.6171530" lon="7.7961600">
    <ele>136.1</ele>
   </trkpt>
   <trkpt lat="48.6171470" lon="7.7961770">
    <ele>136.1</ele>
   </trkpt>
   <trkpt lat="48.6171220" lon="7.7962200">
    <ele>136.1</ele>
   </trkpt>
   <trkpt lat="48.6171140" lon="7.7962380">
    <ele>136.1</ele>
   </trkpt>
   <trkpt lat="48.6170900" lon="7.7962650">
    <ele>136.0</ele>
   </trkpt>
   <trkpt lat="48.6170690" lon="7.7963120">
    <ele>136.0</ele>
   </trkpt>
   <trkpt lat="48.6170580" lon="7.7963250">
    <ele>136.0</ele>
   </trkpt>
   <trkpt lat="48.6170290" lon="7.7963480">
    <ele>136.0</ele>
   </trkpt>
   <trkpt lat="48.6170080" lon="7.7963790">
    <ele>136.0</ele>
   </trkpt>
   <trkpt lat="48.6169910" lon="7.7964190">
    <ele>136.0</ele>
   </trkpt>
   <trkpt lat="48.6169610" lon="7.7964440">
    <ele>136.0</ele>
   </trkpt>
   <trkpt lat="48.6169370" lon="7.7964880">
    <ele>136.0</ele>
   </trkpt>
   <trkpt lat="48.6169310" lon="7.7965050">
    <ele>136.0</ele>
   </trkpt>
   <trkpt lat="48.6169020" lon="7.7965210">
    <ele>136.0</ele>
   </trkpt>
   <trkpt lat="48.6168940" lon="7.7965680">
    <ele>136.0</ele>
   </trkpt>
   <trkpt lat="48.6168760" lon="7.7965980">
    <ele>136.0</ele>
   </trkpt>
   <trkpt lat="48.6168560" lon="7.7966260">
    <ele>136.1</ele>
   </trkpt>
   <trkpt lat="48.6168400" lon="7.7966660">
    <ele>136.1</ele>
   </trkpt>
   <trkpt lat="48.6168300" lon="7.7967050">
    <ele>136.1</ele>
   </trkpt>
   <trkpt lat="48.6168030" lon="7.7967410">
    <ele>136.1</ele>
   </trkpt>
   <trkpt lat="48.6167900" lon="7.7967590">
    <ele>136.2</ele>
   </trkpt>
   <trkpt lat="48.6167670" lon="7.7967840">
    <ele>136.2</ele>
   </trkpt>
   <trkpt lat="48.6167480" lon="7.7968240">
    <ele>136.2</ele>
   </trkpt>
   <trkpt lat="48.6167410" lon="7.7968360">
    <ele>136.2</ele>
   </trkpt>
   <trkpt lat="48.6167230" lon="7.7968770">
    <ele>136.2</ele>
   </trkpt>
   <trkpt lat="48.6167070" lon="7.7969110">
    <ele>136.3</ele>
   </trkpt>
   <trkpt lat="48.6166810" lon="7.7969400">
    <ele>136.3</ele>
   </trkpt>
   <trkpt lat="48.6166650" lon="7.7969740">
    <ele>136.3</ele>
   </trkpt>
   <trkpt lat="48.6166530" lon="7.7970150">
    <ele>136.3</ele>
   </trkpt>
   <trkpt lat="48.6166240" lon="7.7970530">
    <ele>136.4</ele>
   </trkpt>
   <trkpt lat="48.6166130" lon="7.7970640">
    <ele>136.4</ele>
   </trkpt>
   <trkpt lat="48.6165760" lon="7.7970930">
    <ele>136.4</ele>
   </trkpt>
   <trkpt lat="48.6165530" lon="7.7971170">
    <ele>136.3</ele>
   </trkpt>
   <trkpt lat="48.6165300" lon="7.7971610">
    <ele>136.3</ele>
   </trkpt>
   <trkpt lat="48.6165200" lon="7.7971760">
    <ele>136.3</ele>
   </trkpt>
   <trkpt lat="48.6164970" lon="7.7972050">
    <ele>136.3</ele>
   </trkpt>
   <trkpt lat="48.6164880" lon="7.7972490">
    <ele>136.3</ele>
   </trkpt>
   <trkpt lat="48.6164730" lon="7.7972880">
    <ele>136.2</ele>
   </trkpt>
   <trkpt lat="48.6164520" lon="7.7973300">
    <ele>136.2</ele>
   </trkpt>
   <trkpt lat="48.6164270" lon="7.7974070">
    <ele>136.2</ele>
   </trkpt>
   <trkpt lat="48.6164030" lon="7.7974270">
    <ele>136.1</ele>
   </trkpt>
   <trkpt lat="48.6163780" lon="7.7974760">
    <ele>136.1</ele>
   </trkpt>
   <trkpt lat="48.6163700" lon="7.7974960">
    <ele>136.1</ele>
   </trkpt>
   <trkpt lat="48.6163510" lon="7.7975330">
    <ele>136.1</ele>
   </trkpt>
   <trkpt lat="48.6163260" lon="7.7975770">
    <ele>136.1</ele>
   </trkpt>
   <trkpt lat="48.6163200" lon="7.7975940">
    <ele>136.1</ele>
   </trkpt>
   <trkpt lat="48.6162990" lon="7.7976400">
    <ele>136.1</ele>
   </trkpt>
   <trkpt lat="48.6162910" lon="7.7976560">
    <ele>136.1</ele>
   </trkpt>
   <trkpt lat="48.6162700" lon="7.7976870">
    <ele>136.1</ele>
   </trkpt>
   <trkpt lat="48.6162440" lon="7.7977030">
    <ele>136.1</ele>
   </trkpt>
   <trkpt lat="48.6162300" lon="7.7977570">
    <ele>136.1</ele>
   </trkpt>
   <trkpt lat="48.6162220" lon="7.7977730">
    <ele>136.1</ele>
   </trkpt>
   <trkpt lat="48.6162020" lon="7.7978020">
    <ele>136.1</ele>
   </trkpt>
   <trkpt lat="48.6161840" lon="7.7978540">
    <ele>136.1</ele>
   </trkpt>
   <trkpt lat="48.6161750" lon="7.7978730">
    <ele>136.1</ele>
   </trkpt>
   <trkpt lat="48.6161540" lon="7.7979120">
    <ele>136.0</ele>
   </trkpt>
   <trkpt lat="48.6161360" lon="7.7979510">
    <ele>136.0</ele>
   </trkpt>
   <trkpt lat="48.6161130" lon="7.7979930">
    <ele>136.0</ele>
   </trkpt>
   <trkpt lat="48.6161050" lon="7.7980120">
    <ele>136.0</ele>
   </trkpt>
   <trkpt lat="48.6160930" lon="7.7980510">
    <ele>136.0</ele>
   </trkpt>
   <trkpt lat="48.6160780" lon="7.7980890">
    <ele>136.0</ele>
   </trkpt>
   <trkpt lat="48.6160720" lon="7.7981360">
    <ele>135.9</ele>
   </trkpt>
   <trkpt lat="48.6160560" lon="7.7981720">
    <ele>135.9</ele>
   </trkpt>
   <trkpt lat="48.6160440" lon="7.7982090">
    <ele>135.9</ele>
   </trkpt>
   <trkpt lat="48.6160370" lon="7.7982500">
    <ele>135.9</ele>
   </trkpt>
   <trkpt lat="48.6160240" lon="7.7982930">
    <ele>135.9</ele>
   </trkpt>
   <trkpt lat="48.6160280" lon="7.7983380">
    <ele>135.9</ele>
   </trkpt>
   <trkpt lat="48.6160270" lon="7.7983910">
    <ele>135.9</ele>
   </trkpt>
   <trkpt lat="48.6160280" lon="7.7984100">
    <ele>136.0</ele>
   </trkpt>
   <trkpt lat="48.6160410" lon="7.7984690">
    <ele>136.0</ele>
   </trkpt>
   <trkpt lat="48.6160500" lon="7.7984910">
    <ele>136.0</ele>
   </trkpt>
   <trkpt lat="48.6160590" lon="7.7985360">
    <ele>136.0</ele>
   </trkpt>
   <trkpt lat="48.6160700" lon="7.7985790">
    <ele>136.1</ele>
   </trkpt>
   <trkpt lat="48.6160900" lon="7.7986160">
    <ele>136.1</ele>
   </trkpt>
   <trkpt lat="48.6161190" lon="7.7986370">
    <ele>136.1</ele>
   </trkpt>
   <trkpt lat="48.6161450" lon="7.7986640">
    <ele>136.1</ele>
   </trkpt>
   <trkpt lat="48.6161660" lon="7.7986890">
    <ele>136.1</ele>
   </trkpt>
   <trkpt lat="48.6161850" lon="7.7987210">
    <ele>136.1</ele>
   </trkpt>
   <trkpt lat="48.6161900" lon="7.7987670">
    <ele>136.1</ele>
   </trkpt>
   <trkpt lat="48.6162170" lon="7.7988040">
    <ele>136.1</ele>
   </trkpt>
   <trkpt lat="48.6162260" lon="7.7988160">
    <ele>136.1</ele>
   </trkpt>
   <trkpt lat="48.6162500" lon="7.7988460">
    <ele>136.2</ele>
   </trkpt>
   <trkpt lat="48.6162700" lon="7.7988920">
    <ele>136.2</ele>
   </trkpt>
   <trkpt lat="48.6162870" lon="7.7989330">
    <ele>136.2</ele>
   </trkpt>
   <trkpt lat="48.6163100" lon="7.7989610">
    <ele>136.2</ele>
   </trkpt>
   <trkpt lat="48.6163310" lon="7.7989970">
    <ele>136.2</ele>
   </trkpt>
   <trkpt lat="48.6163540" lon="7.7990270">
    <ele>136.2</ele>
   </trkpt>
   <trkpt lat="48.6163760" lon="7.7990630">
    <ele>136.2</ele>
   </trkpt>
   <trkpt lat="48.6163960" lon="7.7991050">
    <ele>136.2</ele>
   </trkpt>
   <trkpt lat="48.6164040" lon="7.7991160">
    <ele>136.2</ele>
   </trkpt>
   <trkpt lat="48.6164250" lon="7.7991510">
    <ele>136.2</ele>
   </trkpt>
   <trkpt lat="48.6164430" lon="7.7992010">
    <ele>136.2</ele>
   </trkpt>
   <trkpt lat="48.6164540" lon="7.7992450">
    <ele>136.2</ele>
   </trkpt>
   <trkpt lat="48.6164750" lon="7.7992970">
    <ele>136.2</ele>
   </trkpt>
   <trkpt lat="48.6164830" lon="7.7993160">
    <ele>136.2</ele>
   </trkpt>
   <trkpt lat="48.6164960" lon="7.7993610">
    <ele>136.2</ele>
   </trkpt>
   <trkpt lat="48.6165100" lon="7.7994020">
    <ele>136.2</ele>
   </trkpt>
   <trkpt lat="48.6165310" lon="7.7994470">
    <ele>136.2</ele>
   </trkpt>
   <trkpt lat="48.6165370" lon="7.7994650">
    <ele>136.2</ele>
   </trkpt>
   <trkpt lat="48.6165410" lon="7.7995160">
    <ele>136.2</ele>
   </trkpt>
   <trkpt lat="48.6165400" lon="7.7995350">
    <ele>136.2</ele>
   </trkpt>
   <trkpt lat="48.6165460" lon="7.7995940">
    <ele>136.2</ele>
   </trkpt>
   <trkpt lat="48.6165480" lon="7.7996140">
    <ele>136.2</ele>
   </trkpt>
   <trkpt lat="48.6165590" lon="7.7996560">
    <ele>136.3</ele>
   </trkpt>
   <trkpt lat="48.6165630" lon="7.7997170">
    <ele>136.3</ele>
   </trkpt>
   <trkpt lat="48.6165610" lon="7.7997380">
    <ele>136.3</ele>
   </trkpt>
   <trkpt lat="48.6165610" lon="7.7998020">
    <ele>136.3</ele>
   </trkpt>
   <trkpt lat="48.6165620" lon="7.7998260">
    <ele>136.3</ele>
   </trkpt>
   <trkpt lat="48.6165690" lon="7.7998810">
    <ele>136.3</ele>
   </trkpt>
   <trkpt lat="48.6165670" lon="7.7998980">
    <ele>136.3</ele>
   </trkpt>
   <trkpt lat="48.6165530" lon="7.7999330">
    <ele>136.3</ele>
   </trkpt>
   <trkpt lat="48.6165330" lon="7.7999640">
    <ele>136.3</ele>
   </trkpt>
   <trkpt lat="48.6165170" lon="7.8000120">
    <ele>136.3</ele>
   </trkpt>
   <trkpt lat="48.6165020" lon="7.8000510">
    <ele>136.3</ele>
   </trkpt>
   <trkpt lat="48.6164830" lon="7.8000930">
    <ele>136.4</ele>
   </trkpt>
   <trkpt lat="48.6164620" lon="7.8001300">
    <ele>136.4</ele>
   </trkpt>
   <trkpt lat="48.6164540" lon="7.8001410">
    <ele>136.4</ele>
   </trkpt>
   <trkpt lat="48.6164450" lon="7.8001830">
    <ele>136.4</ele>
   </trkpt>
   <trkpt lat="48.6164220" lon="7.8002060">
    <ele>136.4</ele>
   </trkpt>
   <trkpt lat="48.6163970" lon="7.8002340">
    <ele>136.4</ele>
   </trkpt>
   <trkpt lat="48.6163680" lon="7.8002430">
    <ele>136.5</ele>
   </trkpt>
   <trkpt lat="48.6163300" lon="7.8002740">
    <ele>136.5</ele>
   </trkpt>
   <trkpt lat="48.6163180" lon="7.8002940">
    <ele>136.5</ele>
   </trkpt>
   <trkpt lat="48.6162860" lon="7.8003320">
    <ele>136.5</ele>
   </trkpt>
   <trkpt lat="48.6162750" lon="7.8003490">
    <ele>136.5</ele>
   </trkpt>
   <trkpt lat="48.6162370" lon="7.8003520">
    <ele>136.5</ele>
   </trkpt>
   <trkpt lat="48.6162230" lon="7.8003530">
    <ele>136.5</ele>
   </trkpt>
   <trkpt lat="48.6161910" lon="7.8003900">
    <ele>136.5</ele>
   </trkpt>
   <trkpt lat="48.6161830" lon="7.8004080">
    <ele>136.5</ele>
   </trkpt>
   <trkpt lat="48.6161530" lon="7.8004330">
    <ele>136.5</ele>
   </trkpt>
   <trkpt lat="48.6161400" lon="7.8004410">
    <ele>136.5</ele>
   </trkpt>
   <trkpt lat="48.6161150" lon="7.8004730">
    <ele>136.4</ele>
   </trkpt>
   <trkpt lat="48.6160860" lon="7.8004760">
    <ele>136.4</ele>
   </trkpt>
   <trkpt lat="48.6160530" lon="7.8004990">
    <ele>136.4</ele>
   </trkpt>
   <trkpt lat="48.6160400" lon="7.8005110">
    <ele>136.4</ele>
   </trkpt>
   <trkpt lat="48.6160070" lon="7.8005370">
    <ele>136.4</ele>
   </trkpt>
   <trkpt lat="48.6159910" lon="7.8005430">
    <ele>136.4</ele>
   </trkpt>
   <trkpt lat="48.6159590" lon="7.8005600">
    <ele>136.3</ele>
   </trkpt>
   <trkpt lat="48.6159220" lon="7.8005830">
    <ele>136.3</ele>
   </trkpt>
   <trkpt lat="48.6159070" lon="7.8005880">
    <ele>136.3</ele>
   </trkpt>
   <trkpt lat="48.6158720" lon="7.8006120">
    <ele>136.3</ele>
   </trkpt>
   <trkpt lat="48.6158580" lon="7.8006180">
    <ele>136.3</ele>
   </trkpt>
   <trkpt lat="48.6158230" lon="7.8006220">
    <ele>136.3</ele>
   </trkpt>
   <trkpt lat="48.6157940" lon="7.8006200">
    <ele>136.3</ele>
   </trkpt>
   <trkpt lat="48.6157560" lon="7.8006280">
    <ele>136.3</ele>
   </trkpt>
   <trkpt lat="48.6157400" lon="7.8006390">
    <ele>136.3</ele>
   </trkpt>
   <trkpt lat="48.6157170" lon="7.8006460">
    <ele>136.3</ele>
   </trkpt>
   <trkpt lat="48.6156900" lon="7.8006410">
    <ele>136.3</ele>
   </trkpt>
   <trkpt lat="48.6156620" lon="7.8006220">
    <ele>136.3</ele>
   </trkpt>
   <trkpt lat="48.6156310" lon="7.8006140">
    <ele>136.3</ele>
   </trkpt>
   <trkpt lat="48.6156010" lon="7.8006130">
    <ele>136.3</ele>
   </trkpt>
   <trkpt lat="48.6155880" lon="7.8006180">
    <ele>136.3</ele>
   </trkpt>
   <trkpt lat="48.6155430" lon="7.8006180">
    <ele>136.3</ele>
   </trkpt>
   <trkpt lat="48.6155230" lon="7.8006270">
    <ele>136.3</ele>
   </trkpt>
   <trkpt lat="48.6155010" lon="7.8005970">
    <ele>136.3</ele>
   </trkpt>
   <trkpt lat="48.6154670" lon="7.8005730">
    <ele>136.3</ele>
   </trkpt>
   <trkpt lat="48.6154350" lon="7.8005570">
    <ele>136.3</ele>
   </trkpt>
   <trkpt lat="48.6154080" lon="7.8005530">
    <ele>136.3</ele>
   </trkpt>
   <trkpt lat="48.6153740" lon="7.8005570">
    <ele>136.3</ele>
   </trkpt>
   <trkpt lat="48.6153420" lon="7.8005480">
    <ele>136.3</ele>
   </trkpt>
   <trkpt lat="48.6153040" lon="7.8005630">
    <ele>136.3</ele>
   </trkpt>
   <trkpt lat="48.6152870" lon="7.8005630">
    <ele>136.3</ele>
   </trkpt>
   <trkpt lat="48.6152410" lon="7.8005640">
    <ele>136.3</ele>
   </trkpt>
   <trkpt lat="48.6152100" lon="7.8005690">
    <ele>136.3</ele>
   </trkpt>
   <trkpt lat="48.6151810" lon="7.8005840">
    <ele>136.3</ele>
   </trkpt>
   <trkpt lat="48.6151540" lon="7.8006160">
    <ele>136.3</ele>
   </trkpt>
   <trkpt lat="48.6151330" lon="7.8006430">
    <ele>136.3</ele>
   </trkpt>
   <trkpt lat="48.6151020" lon="7.8006860">
    <ele>136.3</ele>
   </trkpt>
   <trkpt lat="48.6150890" lon="7.8006970">
    <ele>136.3</ele>
   </trkpt>
   <trkpt lat="48.6150650" lon="7.8007190">
    <ele>136.4</ele>
   </trkpt>
   <trkpt lat="48.6150300" lon="7.8007840">
    <ele>136.4</ele>
   </trkpt>
   <trkpt lat="48.6150030" lon="7.8008080">
    <ele>136.4</ele>
   </trkpt>
   <trkpt lat="48.6149660" lon="7.8008170">
    <ele>136.5</ele>
   </trkpt>
   <trkpt lat="48.6149310" lon="7.8007890">
    <ele>136.5</ele>
   </trkpt>
   <trkpt lat="48.6149160" lon="7.8007630">
    <ele>136.6</ele>
   </trkpt>
   <trkpt lat="48.6148940" lon="7.8007360">
    <ele>136.6</ele>
   </trkpt>
   <trkpt lat="48.6148590" lon="7.8007500">
    <ele>136.6</ele>
   </trkpt>
   <trkpt lat="48.6148310" lon="7.8007560">
    <ele>136.7</ele>
   </trkpt>
   <trkpt lat="48.6147950" lon="7.8007320">
    <ele>136.7</ele>
   </trkpt>
   <trkpt lat="48.6147830" lon="7.8007240">
    <ele>136.7</ele>
   </trkpt>
   <trkpt lat="48.6147450" lon="7.8007180">
    <ele>136.8</ele>
   </trkpt>
   <trkpt lat="48.6147320" lon="7.8007170">
    <ele>136.8</ele>
   </trkpt>
   <trkpt lat="48.6147050" lon="7.8007000">
    <ele>136.8</ele>
   </trkpt>
   <trkpt lat="48.6146730" lon="7.8006830">
    <ele>136.8</ele>
   </trkpt>
   <trkpt lat="48.6146350" lon="7.8006680">
    <ele>136.8</ele>
   </trkpt>
   <trkpt lat="48.6146230" lon="7.8006590">
    <ele>136.8</ele>
   </trkpt>
   <trkpt lat="48.6145860" lon="7.8006350">
    <ele>136.9</ele>
   </trkpt>
   <trkpt lat="48.6145730" lon="7.8006290">
    <ele>136.9</ele>
   </trkpt>
   <trkpt lat="48.6145450" lon="7.8006250">
    <ele>136.9</ele>
   </trkpt>
   <trkpt lat="48.6145080" lon="7.8006010">
    <ele>136.9</ele>
   </trkpt>
   <trkpt lat="48.6144920" lon="7.8005930">
    <ele>136.9</ele>
   </trkpt>
   <trkpt lat="48.6144580" lon="7.8005910">
    <ele>137.0</ele>
   </trkpt>
   <trkpt lat="48.6144300" lon="7.8005670">
    <ele>137.0</ele>
   </trkpt>
   <trkpt lat="48.6143940" lon="7.8005470">
    <ele>137.0</ele>
   </trkpt>
   <trkpt lat="48.6143820" lon="7.8005390">
    <ele>137.0</ele>
   </trkpt>
   <trkpt lat="48.6143450" lon="7.8005130">
    <ele>137.0</ele>
   </trkpt>
   <trkpt lat="48.6143330" lon="7.8004980">
    <ele>137.0</ele>
   </trkpt>
   <trkpt lat="48.6142990" lon="7.8004840">
    <ele>137.0</ele>
   </trkpt>
   <trkpt lat="48.6142900" lon="7.8004720">
    <ele>137.0</ele>
   </trkpt>
   <trkpt lat="48.6142520" lon="7.8004710">
    <ele>137.0</ele>
   </trkpt>
   <trkpt lat="48.6142370" lon="7.8004750">
    <ele>137.0</ele>
   </trkpt>
   <trkpt lat="48.6142110" lon="7.8004600">
    <ele>137.0</ele>
   </trkpt>
   <trkpt lat="48.6141760" lon="7.8004780">
    <ele>137.0</ele>
   </trkpt>
   <trkpt lat="48.6141380" lon="7.8004700">
    <ele>137.0</ele>
   </trkpt>
   <trkpt lat="48.6141260" lon="7.8004690">
    <ele>137.0</ele>
   </trkpt>
   <trkpt lat="48.6140890" lon="7.8004570">
    <ele>137.0</ele>
   </trkpt>
   <trkpt lat="48.6140470" lon="7.8004450">
    <ele>137.0</ele>
   </trkpt>
   <trkpt lat="48.6140110" lon="7.8004250">
    <ele>136.9</ele>
   </trkpt>
   <trkpt lat="48.6139970" lon="7.8004190">
    <ele>136.9</ele>
   </trkpt>
   <trkpt lat="48.6139570" lon="7.8004290">
    <ele>136.9</ele>
   </trkpt>
   <trkpt lat="48.6139420" lon="7.8004270">
    <ele>136.9</ele>
   </trkpt>
   <trkpt lat="48.6139100" lon="7.8004240">
    <ele>136.9</ele>
   </trkpt>
   <trkpt lat="48.6138800" lon="7.8004240">
    <ele>136.9</ele>
   </trkpt>
   <trkpt lat="48.6138400" lon="7.8004250">
    <ele>136.9</ele>
   </trkpt>
   <trkpt lat="48.6138270" lon="7.8004240">
    <ele>136.9</ele>
   </trkpt>
   <trkpt lat="48.6138000" lon="7.8004180">
    <ele>136.8</ele>
   </trkpt>
   <trkpt lat="48.6137660" lon="7.8004120">
    <ele>136.8</ele>
   </trkpt>
   <trkpt lat="48.6137350" lon="7.8004110">
    <ele>136.8</ele>
   </trkpt>
   <trkpt lat="48.6136950" lon="7.8004110">
    <ele>136.8</ele>
   </trkpt>
   <trkpt lat="48.6136780" lon="7.8004140">
    <ele>136.8</ele>
   </trkpt>
   <trkpt lat="48.6136430" lon="7.8004010">
    <ele>136.8</ele>
   </trkpt>
   <trkpt lat="48.6136290" lon="7.8004010">
    <ele>136.8</ele>
   </trkpt>
   <trkpt lat="48.6135870" lon="7.8004010">
    <ele>136.8</ele>
   </trkpt>
   <trkpt lat="48.6135720" lon="7.8004050">
    <ele>136.8</ele>
   </trkpt>
   <trkpt lat="48.6135450" lon="7.8003990">
    <ele>136.8</ele>
   </trkpt>
   <trkpt lat="48.6135060" lon="7.8003750">
    <ele>136.8</ele>
   </trkpt>
   <trkpt lat="48.6134910" lon="7.8003670">
    <ele>136.8</ele>
   </trkpt>
   <trkpt lat="48.6134620" lon="7.8003600">
    <ele>136.8</ele>
   </trkpt>
   <trkpt lat="48.6134480" lon="7.8003580">
    <ele>136.8</ele>
   </trkpt>
   <trkpt lat="48.6134090" lon="7.8003610">
    <ele>136.8</ele>
   </trkpt>
   <trkpt lat="48.6133950" lon="7.8003650">
    <ele>136.8</ele>
   </trkpt>
   <trkpt lat="48.6133640" lon="7.8003510">
    <ele>136.8</ele>
   </trkpt>
   <trkpt lat="48.6133380" lon="7.8003680">
    <ele>136.8</ele>
   </trkpt>
   <trkpt lat="48.6132980" lon="7.8003580">
    <ele>136.8</ele>
   </trkpt>
   <trkpt lat="48.6132830" lon="7.8003570">
    <ele>136.8</ele>
   </trkpt>
   <trkpt lat="48.6132450" lon="7.8003390">
    <ele>136.8</ele>
   </trkpt>
   <trkpt lat="48.6132310" lon="7.8003270">
    <ele>136.8</ele>
   </trkpt>
   <trkpt lat="48.6131960" lon="7.8003090">
    <ele>136.8</ele>
   </trkpt>
   <trkpt lat="48.6131800" lon="7.8003120">
    <ele>136.8</ele>
   </trkpt>
   <trkpt lat="48.6131440" lon="7.8003100">
    <ele>136.8</ele>
   </trkpt>
   <trkpt lat="48.6131280" lon="7.8003070">
    <ele>136.8</ele>
   </trkpt>
   <trkpt lat="48.6130990" lon="7.8003250">
    <ele>136.9</ele>
   </trkpt>
   <trkpt lat="48.6130660" lon="7.8003080">
    <ele>136.9</ele>
   </trkpt>
   <trkpt lat="48.6130540" lon="7.8003120">
    <ele>136.9</ele>
   </trkpt>
   <trkpt lat="48.6130170" lon="7.8003180">
    <ele>136.9</ele>
   </trkpt>
   <trkpt lat="48.6129810" lon="7.8003480">
    <ele>137.0</ele>
   </trkpt>
   <trkpt lat="48.6129470" lon="7.8003600">
    <ele>137.0</ele>
   </trkpt>
   <trkpt lat="48.6129190" lon="7.8003610">
    <ele>137.0</ele>
   </trkpt>
   <trkpt lat="48.6128830" lon="7.8003710">
    <ele>137.0</ele>
   </trkpt>
   <trkpt lat="48.6128700" lon="7.8003700">
    <ele>137.1</ele>
   </trkpt>
   <trkpt lat="48.6128370" lon="7.8003470">
    <ele>137.1</ele>
   </trkpt>
   <trkpt lat="48.6128060" lon="7.8003700">
    <ele>137.1</ele>
   </trkpt>
   <trkpt lat="48.6127950" lon="7.8003720">
    <ele>137.1</ele>
   </trkpt>
   <trkpt lat="48.6127660" lon="7.8003770">
    <ele>137.1</ele>
   </trkpt>
   <trkpt lat="48.6127380" lon="7.8003760">
    <ele>137.2</ele>
   </trkpt>
   <trkpt lat="48.6127050" lon="7.8003880">
    <ele>137.2</ele>
   </trkpt>
   <trkpt lat="48.6126680" lon="7.8003950">
    <ele>137.2</ele>
   </trkpt>
   <trkpt lat="48.6126550" lon="7.8003940">
    <ele>137.2</ele>
   </trkpt>
   <trkpt lat="48.6126130" lon="7.8004000">
    <ele>137.2</ele>
   </trkpt>
   <trkpt lat="48.6125950" lon="7.8004110">
    <ele>137.2</ele>
   </trkpt>
   <trkpt lat="48.6125590" lon="7.8004230">
    <ele>137.2</ele>
   </trkpt>
   <trkpt lat="48.6125460" lon="7.8004260">
    <ele>137.2</ele>
   </trkpt>
   <trkpt lat="48.6125070" lon="7.8004220">
    <ele>137.3</ele>
   </trkpt>
   <trkpt lat="48.6124930" lon="7.8004260">
    <ele>137.3</ele>
   </trkpt>
   <trkpt lat="48.6124530" lon="7.8004330">
    <ele>137.3</ele>
   </trkpt>
   <trkpt lat="48.6124380" lon="7.8004410">
    <ele>137.3</ele>
   </trkpt>
   <trkpt lat="48.6124130" lon="7.8004060">
    <ele>137.3</ele>
   </trkpt>
   <trkpt lat="48.6123840" lon="7.8004150">
    <ele>137.3</ele>
   </trkpt>
   <trkpt lat="48.6123530" lon="7.8004370">
    <ele>137.3</ele>
   </trkpt>
   <trkpt lat="48.6123450" lon="7.8004460">
    <ele>137.3</ele>
   </trkpt>
   <trkpt lat="48.6123340" lon="7.8005030">
    <ele>137.3</ele>
   </trkpt>
   <trkpt lat="48.6123250" lon="7.8005440">
    <ele>137.3</ele>
   </trkpt>
   <trkpt lat="48.6123330" lon="7.8006080">
    <ele>137.3</ele>
   </trkpt>
   <trkpt lat="48.6123230" lon="7.8006550">
    <ele>137.3</ele>
   </trkpt>
   <trkpt lat="48.6123170" lon="7.8007050">
    <ele>137.3</ele>
   </trkpt>
   <trkpt lat="48.6123140" lon="7.8007770">
    <ele>137.3</ele>
   </trkpt>
   <trkpt lat="48.6123180" lon="7.8008490">
    <ele>137.3</ele>
   </trkpt>
   <trkpt lat="48.6123080" lon="7.8008970">
    <ele>137.3</ele>
   </trkpt>
   <trkpt lat="48.6123330" lon="7.8009610">
    <ele>137.2</ele>
   </trkpt>
   <trkpt lat="48.6123400" lon="7.8010060">
    <ele>137.2</ele>
   </trkpt>
   <trkpt lat="48.6123230" lon="7.8010550">
    <ele>137.2</ele>
   </trkpt>
   <trkpt lat="48.6123240" lon="7.8010970">
    <ele>137.2</ele>
   </trkpt>
   <trkpt lat="48.6122940" lon="7.8011400">
    <ele>137.2</ele>
   </trkpt>
   <trkpt lat="48.6123130" lon="7.8011840">
    <ele>137.2</ele>
   </trkpt>
   <trkpt lat="48.6123340" lon="7.8012110">
    <ele>137.2</ele>
   </trkpt>
   <trkpt lat="48.6123390" lon="7.8012520">
    <ele>137.2</ele>
   </trkpt>
   <trkpt lat="48.6123350" lon="7.8012950">
    <ele>137.2</ele>
   </trkpt>
   <trkpt lat="48.6123650" lon="7.8013480">
    <ele>137.2</ele>
   </trkpt>
   <trkpt lat="48.6123630" lon="7.8014040">
    <ele>137.2</ele>
   </trkpt>
   <trkpt lat="48.6123540" lon="7.8014540">
    <ele>137.2</ele>
   </trkpt>
   <trkpt lat="48.6123540" lon="7.8014730">
    <ele>137.2</ele>
   </trkpt>
   <trkpt lat="48.6123580" lon="7.8015290">
    <ele>137.2</ele>
   </trkpt>
   <trkpt lat="48.6123560" lon="7.8015470">
    <ele>137.2</ele>
   </trkpt>
   <trkpt lat="48.6123670" lon="7.8015890">
    <ele>137.1</ele>
   </trkpt>
   <trkpt lat="48.6123640" lon="7.8016450">
    <ele>137.1</ele>
   </trkpt>
   <trkpt lat="48.6123620" lon="7.8016660">
    <ele>137.1</ele>
   </trkpt>
   <trkpt lat="48.6123610" lon="7.8017080">
    <ele>137.1</ele>
   </trkpt>
   <trkpt lat="48.6123390" lon="7.8017500">
    <ele>137.1</ele>
   </trkpt>
   <trkpt lat="48.6123390" lon="7.8018070">
    <ele>137.0</ele>
   </trkpt>
   <trkpt lat="48.6123360" lon="7.8018260">
    <ele>137.0</ele>
   </trkpt>
   <trkpt lat="48.6123260" lon="7.8018770">
    <ele>137.0</ele>
   </trkpt>
   <trkpt lat="48.6123320" lon="7.8019250">
    <ele>137.0</ele>
   </trkpt>
   <trkpt lat="48.6123460" lon="7.8019820">
    <ele>137.0</ele>
   </trkpt>
   <trkpt lat="48.6123400" lon="7.8020360">
    <ele>137.0</ele>
   </trkpt>
   <trkpt lat="48.6123420" lon="7.8020540">
    <ele>137.0</ele>
   </trkpt>
   <trkpt lat="48.6123400" lon="7.8020950">
    <ele>137.0</ele>
   </trkpt>
   <trkpt lat="48.6123370" lon="7.8021370">
    <ele>136.9</ele>
   </trkpt>
   <trkpt lat="48.6123360" lon="7.8021920">
    <ele>136.9</ele>
   </trkpt>
   <trkpt lat="48.6123370" lon="7.8022140">
    <ele>136.9</ele>
   </trkpt>
   <trkpt lat="48.6123290" lon="7.8022540">
    <ele>136.9</ele>
   </trkpt>
   <trkpt lat="48.6123190" lon="7.8022990">
    <ele>136.9</ele>
   </trkpt>
   <trkpt lat="48.6123050" lon="7.8023340">
    <ele>136.9</ele>
   </trkpt>
   <trkpt lat="48.6122920" lon="7.8023710">
    <ele>136.9</ele>
   </trkpt>
   <trkpt lat="48.6123020" lon="7.8024190">
    <ele>136.8</ele>
   </trkpt>
   <trkpt lat="48.6123040" lon="7.8024620">
    <ele>136.8</ele>
   </trkpt>
   <trkpt lat="48.6122850" lon="7.8025000">
    <ele>136.8</ele>
   </trkpt>
   <trkpt lat="48.6122640" lon="7.8025360">
    <ele>136.8</ele>
   </trkpt>
   <trkpt lat="48.6122570" lon="7.8025800">
    <ele>136.8</ele>
   </trkpt>
   <trkpt lat="48.6122300" lon="7.8026030">
    <ele>136.7</ele>
   </trkpt>
   <trkpt lat="48.6121900" lon="7.8026420">
    <ele>136.7</ele>
   </trkpt>
   <trkpt lat="48.6121720" lon="7.8026770">
    <ele>136.7</ele>
   </trkpt>
   <trkpt lat="48.6121400" lon="7.8026980">
    <ele>136.7</ele>
   </trkpt>
   <trkpt lat="48.6121320" lon="7.8027430">
    <ele>136.7</ele>
   </trkpt>
   <trkpt lat="48.6121240" lon="7.8027890">
    <ele>136.7</ele>
   </trkpt>
   <trkpt lat="48.6121070" lon="7.8028420">
    <ele>136.7</ele>
   </trkpt>
   <trkpt lat="48.6121010" lon="7.8028580">
    <ele>136.7</ele>
   </trkpt>
   <trkpt lat="48.6121030" lon="7.8029160">
    <ele>136.7</ele>
   </trkpt>
   <trkpt lat="48.6120940" lon="7.8029550">
    <ele>136.7</ele>
   </trkpt>
   <trkpt lat="48.6120710" lon="7.8029870">
    <ele>136.7</ele>
   </trkpt>
   <trkpt lat="48.6120550" lon="7.8030200">
    <ele>136.7</ele>
   </trkpt>
   <trkpt lat="48.6120530" lon="7.8030610">
    <ele>136.8</ele>
   </trkpt>
   <trkpt lat="48.6120360" lon="7.8031080">
    <ele>136.8</ele>
   </trkpt>
   <trkpt lat="48.6120350" lon="7.8031290">
    <ele>136.8</ele>
   </trkpt>
   <trkpt lat="48.6120070" lon="7.8031650">
    <ele>136.8</ele>
   </trkpt>
   <trkpt lat="48.6120030" lon="7.8032060">
    <ele>136.8</ele>
   </trkpt>
   <trkpt lat="48.6119870" lon="7.8032600">
    <ele>136.8</ele>
   </trkpt>
   <trkpt lat="48.6119840" lon="7.8032810">
    <ele>136.9</ele>
   </trkpt>
   <trkpt lat="48.6119590" lon="7.8033050">
    <ele>136.9</ele>
   </trkpt>
   <trkpt lat="48.6119520" lon="7.8033560">
    <ele>136.9</ele>
   </trkpt>
   <trkpt lat="48.6119290" lon="7.8033870">
    <ele>136.9</ele>
   </trkpt>
   <trkpt lat="48.6119080" lon="7.8034200">
    <ele>136.9</ele>
   </trkpt>
   <trkpt lat="48.6118830" lon="7.8034670">
    <ele>136.9</ele>
   </trkpt>
   <trkpt lat="48.6118720" lon="7.8034810">
    <ele>136.9</ele>
   </trkpt>
   <trkpt lat="48.6118640" lon="7.8035440">
    <ele>136.9</ele>
   </trkpt>
   <trkpt lat="48.6118620" lon="7.8035680">
    <ele>136.9</ele>
   </trkpt>
   <trkpt lat="48.6118410" lon="7.8035950">
    <ele>136.9</ele>
   </trkpt>
   <trkpt lat="48.6118130" lon="7.8036510">
    <ele>136.9</ele>
   </trkpt>
   <trkpt lat="48.6117920" lon="7.8036790">
    <ele>136.9</ele>
   </trkpt>
   <trkpt lat="48.6117720" lon="7.8037110">
    <ele>136.9</ele>
   </trkpt>
   <trkpt lat="48.6117570" lon="7.8037560">
    <ele>136.9</ele>
   </trkpt>
   <trkpt lat="48.6117560" lon="7.8037800">
    <ele>136.9</ele>
   </trkpt>
   <trkpt lat="48.6117380" lon="7.8038140">
    <ele>136.9</ele>
   </trkpt>
   <trkpt lat="48.6117230" lon="7.8038650">
    <ele>136.9</ele>
   </trkpt>
   <trkpt lat="48.6117160" lon="7.8038820">
    <ele>136.9</ele>
   </trkpt>
   <trkpt lat="48.6116970" lon="7.8039330">
    <ele>136.9</ele>
   </trkpt>
   <trkpt lat="48.6116870" lon="7.8039470">
    <ele>136.9</ele>
   </trkpt>
   <trkpt lat="48.6116610" lon="7.8039950">
    <ele>136.9</ele>
   </trkpt>
   <trkpt lat="48.6116490" lon="7.8040090">
    <ele>136.9</ele>
   </trkpt>
   <trkpt lat="48.6116460" lon="7.8040620">
    <ele>137.0</ele>
   </trkpt>
   <trkpt lat="48.6116410" lon="7.8041190">
    <ele>137.0</ele>
   </trkpt>
   <trkpt lat="48.6116380" lon="7.8041370">
    <ele>137.0</ele>
   </trkpt>
   <trkpt lat="48.6116350" lon="7.8041840">
    <ele>137.0</ele>
   </trkpt>
   <trkpt lat="48.6116210" lon="7.8042200">
    <ele>137.0</ele>
   </trkpt>
   <trkpt lat="48.6115930" lon="7.8042450">
    <ele>137.0</ele>
   </trkpt>
   <trkpt lat="48.6115880" lon="7.8042870">
    <ele>137.1</ele>
   </trkpt>
   <trkpt lat="48.6115940" lon="7.8043010">
    <ele>137.1</ele>
   </trkpt>
   <trkpt lat="48.6115950" lon="7.8043470">
    <ele>137.1</ele>
   </trkpt>
   <trkpt lat="48.6116160" lon="7.8044020">
    <ele>137.1</ele>
   </trkpt>
   <trkpt lat="48.6116310" lon="7.8044230">
    <ele>137.1</ele>
   </trkpt>
   <trkpt lat="48.6116070" lon="7.8044510">
    <ele>137.1</ele>
   </trkpt>
   <trkpt lat="48.6116290" lon="7.8044840">
    <ele>137.2</ele>
   </trkpt>
   <trkpt lat="48.6115940" lon="7.8045560">
    <ele>137.2</ele>
   </trkpt>
   <trkpt lat="48.6115960" lon="7.8046380">
    <ele>137.2</ele>
   </trkpt>
   <trkpt lat="48.6115890" lon="7.8046830">
    <ele>137.2</ele>
   </trkpt>
   <trkpt lat="48.6115810" lon="7.8047360">
    <ele>137.2</ele>
   </trkpt>
   <trkpt lat="48.6115740" lon="7.8047770">
    <ele>137.2</ele>
   </trkpt>
   <trkpt lat="48.6115390" lon="7.8048110">
    <ele>137.2</ele>
   </trkpt>
   <trkpt lat="48.6115450" lon="7.8048610">
    <ele>137.2</ele>
   </trkpt>
   <trkpt lat="48.6115080" lon="7.8049020">
    <ele>137.2</ele>
   </trkpt>
   <trkpt lat="48.6114880" lon="7.8049560">
    <ele>137.2</ele>
   </trkpt>
   <trkpt lat="48.6114790" lon="7.8050170">
    <ele>137.2</ele>
   </trkpt>
   <trkpt lat="48.6114800" lon="7.8050470">
    <ele>137.2</ele>
   </trkpt>
   <trkpt lat="48.6114640" lon="7.8050920">
    <ele>137.2</ele>
   </trkpt>
   <trkpt lat="48.6114610" lon="7.8051140">
    <ele>137.2</ele>
   </trkpt>
   <trkpt lat="48.6114500" lon="7.8051720">
    <ele>137.2</ele>
   </trkpt>
   <trkpt lat="48.6114420" lon="7.8052330">
    <ele>137.2</ele>
   </trkpt>
   <trkpt lat="48.6114350" lon="7.8052560">
    <ele>137.2</ele>
   </trkpt>
   <trkpt lat="48.6114290" lon="7.8053000">
    <ele>137.2</ele>
   </trkpt>
   <trkpt lat="48.6114170" lon="7.8053640">
    <ele>137.2</ele>
   </trkpt>
   <trkpt lat="48.6114130" lon="7.8053910">
    <ele>137.2</ele>
   </trkpt>
   <trkpt lat="48.6114170" lon="7.8054380">
    <ele>137.2</ele>
   </trkpt>
   <trkpt lat="48.6113920" lon="7.8054790">
    <ele>137.1</ele>
   </trkpt>
   <trkpt lat="48.6113790" lon="7.8055270">
    <ele>137.1</ele>
   </trkpt>
   <trkpt lat="48.6113690" lon="7.8055720">
    <ele>137.1</ele>
   </trkpt>
   <trkpt lat="48.6113450" lon="7.8056030">
    <ele>137.1</ele>
   </trkpt>
   <trkpt lat="48.6113580" lon="7.8056630">
    <ele>137.0</ele>
   </trkpt>
   <trkpt lat="48.6113450" lon="7.8057120">
    <ele>137.0</ele>
   </trkpt>
   <trkpt lat="48.6113420" lon="7.8057400">
    <ele>137.0</ele>
   </trkpt>
   <trkpt lat="48.6113300" lon="7.8057770">
    <ele>137.0</ele>
   </trkpt>
   <trkpt lat="48.6113020" lon="7.8058060">
    <ele>137.0</ele>
   </trkpt>
   <trkpt lat="48.6112780" lon="7.8058380">
    <ele>137.0</ele>
   </trkpt>
   <trkpt lat="48.6112650" lon="7.8058750">
    <ele>137.0</ele>
   </trkpt>
   <trkpt lat="48.6112710" lon="7.8059260">
    <ele>136.9</ele>
   </trkpt>
   <trkpt lat="48.6112820" lon="7.8059800">
    <ele>136.9</ele>
   </trkpt>
   <trkpt lat="48.6112850" lon="7.8060250">
    <ele>136.9</ele>
   </trkpt>
   <trkpt lat="48.6112750" lon="7.8060690">
    <ele>136.9</ele>
   </trkpt>
   <trkpt lat="48.6112720" lon="7.8061100">
    <ele>136.9</ele>
   </trkpt>
   <trkpt lat="48.6112840" lon="7.8061590">
    <ele>136.9</ele>
   </trkpt>
   <trkpt lat="48.6112850" lon="7.8062170">
    <ele>136.8</ele>
   </trkpt>
   <trkpt lat="48.6112880" lon="7.8062360">
    <ele>136.8</ele>
   </trkpt>
   <trkpt lat="48.6112260" lon="7.8062570">
    <ele>136.8</ele>
   </trkpt>
   <trkpt lat="48.6112110" lon="7.8062950">
    <ele>136.8</ele>
   </trkpt>
   <trkpt lat="48.6112080" lon="7.8063410">
    <ele>136.8</ele>
   </trkpt>
   <trkpt lat="48.6112220" lon="7.8063920">
    <ele>136.8</ele>
   </trkpt>
   <trkpt lat="48.6112220" lon="7.8064070">
    <ele>136.8</ele>
   </trkpt>
   <trkpt lat="48.6111910" lon="7.8064520">
    <ele>136.7</ele>
   </trkpt>
   <trkpt lat="48.6111640" lon="7.8064700">
    <ele>136.8</ele>
   </trkpt>
   <trkpt lat="48.6111310" lon="7.8064520">
    <ele>136.9</ele>
   </trkpt>
   <trkpt lat="48.6110980" lon="7.8064370">
    <ele>137.0</ele>
   </trkpt>
   <trkpt lat="48.6110700" lon="7.8063660">
    <ele>137.1</ele>
   </trkpt>
   <trkpt lat="48.6110580" lon="7.8063170">
    <ele>137.2</ele>
   </trkpt>
   <trkpt lat="48.6110530" lon="7.8062740">
    <ele>137.2</ele>
   </trkpt>
   <trkpt lat="48.6110280" lon="7.8062310">
    <ele>137.3</ele>
   </trkpt>
   <trkpt lat="48.6110220" lon="7.8062110">
    <ele>137.3</ele>
   </trkpt>
   <trkpt lat="48.6110000" lon="7.8061770">
    <ele>137.4</ele>
   </trkpt>
   <trkpt lat="48.6109810" lon="7.8061420">
    <ele>137.4</ele>
   </trkpt>
   <trkpt lat="48.6109740" lon="7.8061270">
    <ele>137.4</ele>
   </trkpt>
   <trkpt lat="48.6109460" lon="7.8061040">
    <ele>137.4</ele>
   </trkpt>
   <trkpt lat="48.6109190" lon="7.8060710">
    <ele>137.4</ele>
   </trkpt>
   <trkpt lat="48.6109130" lon="7.8060510">
    <ele>137.4</ele>
   </trkpt>
   <trkpt lat="48.6108940" lon="7.8060210">
    <ele>137.4</ele>
   </trkpt>
   <trkpt lat="48.6108710" lon="7.8059980">
    <ele>137.4</ele>
   </trkpt>
   <trkpt lat="48.6108410" lon="7.8059820">
    <ele>137.4</ele>
   </trkpt>
   <trkpt lat="48.6108120" lon="7.8059670">
    <ele>137.4</ele>
   </trkpt>
   <trkpt lat="48.6107740" lon="7.8059680">
    <ele>137.5</ele>
   </trkpt>
   <trkpt lat="48.6107610" lon="7.8058920">
    <ele>137.5</ele>
   </trkpt>
   <trkpt lat="48.6107330" lon="7.8058780">
    <ele>137.5</ele>
   </trkpt>
   <trkpt lat="48.6106980" lon="7.8058470">
    <ele>137.5</ele>
   </trkpt>
   <trkpt lat="48.6106800" lon="7.8058040">
    <ele>137.5</ele>
   </trkpt>
   <trkpt lat="48.6106760" lon="7.8057820">
    <ele>137.5</ele>
   </trkpt>
   <trkpt lat="48.6106740" lon="7.8057160">
    <ele>137.5</ele>
   </trkpt>
   <trkpt lat="48.6106470" lon="7.8056960">
    <ele>137.5</ele>
   </trkpt>
   <trkpt lat="48.6106370" lon="7.8056550">
    <ele>137.6</ele>
   </trkpt>
   <trkpt lat="48.6106180" lon="7.8056170">
    <ele>137.6</ele>
   </trkpt>
   <trkpt lat="48.6106000" lon="7.8055760">
    <ele>137.6</ele>
   </trkpt>
   <trkpt lat="48.6105920" lon="7.8055630">
    <ele>137.6</ele>
   </trkpt>
   <trkpt lat="48.6106020" lon="7.8055170">
    <ele>137.6</ele>
   </trkpt>
   <trkpt lat="48.6105950" lon="7.8054740">
    <ele>137.6</ele>
   </trkpt>
   <trkpt lat="48.6105850" lon="7.8054360">
    <ele>137.6</ele>
   </trkpt>
   <trkpt lat="48.6105550" lon="7.8054080">
    <ele>137.6</ele>
   </trkpt>
   <trkpt lat="48.6105330" lon="7.8053830">
    <ele>137.7</ele>
   </trkpt>
   <trkpt lat="48.6105050" lon="7.8053530">
    <ele>137.7</ele>
   </trkpt>
   <trkpt lat="48.6104840" lon="7.8053020">
    <ele>137.7</ele>
   </trkpt>
   <trkpt lat="48.6104750" lon="7.8052880">
    <ele>137.7</ele>
   </trkpt>
   <trkpt lat="48.6104460" lon="7.8052570">
    <ele>137.7</ele>
   </trkpt>
   <trkpt lat="48.6104090" lon="7.8052620">
    <ele>137.7</ele>
   </trkpt>
   <trkpt lat="48.6103890" lon="7.8052710">
    <ele>137.7</ele>
   </trkpt>
   <trkpt lat="48.6103620" lon="7.8052560">
    <ele>137.7</ele>
   </trkpt>
   <trkpt lat="48.6103380" lon="7.8052370">
    <ele>137.7</ele>
   </trkpt>
   <trkpt lat="48.6103110" lon="7.8052260">
    <ele>137.7</ele>
   </trkpt>
   <trkpt lat="48.6102770" lon="7.8052090">
    <ele>137.7</ele>
   </trkpt>
   <trkpt lat="48.6102650" lon="7.8052050">
    <ele>137.7</ele>
   </trkpt>
   <trkpt lat="48.6102550" lon="7.8051480">
    <ele>137.7</ele>
   </trkpt>
   <trkpt lat="48.6102360" lon="7.8051180">
    <ele>137.7</ele>
   </trkpt>
   <trkpt lat="48.6102040" lon="7.8050910">
    <ele>137.7</ele>
   </trkpt>
   <trkpt lat="48.6101880" lon="7.8050870">
    <ele>137.7</ele>
   </trkpt>
   <trkpt lat="48.6101550" lon="7.8050750">
    <ele>137.7</ele>
   </trkpt>
   <trkpt lat="48.6101400" lon="7.8050730">
    <ele>137.7</ele>
   </trkpt>
   <trkpt lat="48.6101130" lon="7.8050910">
    <ele>137.7</ele>
   </trkpt>
   <trkpt lat="48.6100830" lon="7.8050840">
    <ele>137.6</ele>
   </trkpt>
   <trkpt lat="48.6100430" lon="7.8050730">
    <ele>137.6</ele>
   </trkpt>
   <trkpt lat="48.6100100" lon="7.8050510">
    <ele>137.6</ele>
   </trkpt>
   <trkpt lat="48.6099960" lon="7.8050470">
    <ele>137.6</ele>
   </trkpt>
   <trkpt lat="48.6099700" lon="7.8050300">
    <ele>137.6</ele>
   </trkpt>
   <trkpt lat="48.6099430" lon="7.8050000">
    <ele>137.7</ele>
   </trkpt>
   <trkpt lat="48.6099210" lon="7.8049760">
    <ele>137.7</ele>
   </trkpt>
   <trkpt lat="48.6098970" lon="7.8049540">
    <ele>137.7</ele>
   </trkpt>
   <trkpt lat="48.6098600" lon="7.8049550">
    <ele>137.7</ele>
   </trkpt>
   <trkpt lat="48.6098460" lon="7.8049560">
    <ele>137.7</ele>
   </trkpt>
   <trkpt lat="48.6098140" lon="7.8049080">
    <ele>137.7</ele>
   </trkpt>
   <trkpt lat="48.6098050" lon="7.8048780">
    <ele>137.7</ele>
   </trkpt>
   <trkpt lat="48.6097910" lon="7.8048350">
    <ele>137.7</ele>
   </trkpt>
   <trkpt lat="48.6097810" lon="7.8047780">
    <ele>137.7</ele>
   </trkpt>
   <trkpt lat="48.6097690" lon="7.8047340">
    <ele>137.7</ele>
   </trkpt>
   <trkpt lat="48.6097340" lon="7.8047280">
    <ele>137.7</ele>
   </trkpt>
   <trkpt lat="48.6096960" lon="7.8047420">
    <ele>137.7</ele>
   </trkpt>
   <trkpt lat="48.6096610" lon="7.8047480">
    <ele>137.7</ele>
   </trkpt>
   <trkpt lat="48.6096290" lon="7.8046920">
    <ele>137.7</ele>
   </trkpt>
   <trkpt lat="48.6096220" lon="7.8046460">
    <ele>137.7</ele>
   </trkpt>
   <trkpt lat="48.6096010" lon="7.8046130">
    <ele>137.7</ele>
   </trkpt>
   <trkpt lat="48.6095890" lon="7.8045640">
    <ele>137.7</ele>
   </trkpt>
   <trkpt lat="48.6095660" lon="7.8045360">
    <ele>137.8</ele>
   </trkpt>
   <trkpt lat="48.6095360" lon="7.8045040">
    <ele>137.8</ele>
   </trkpt>
   <trkpt lat="48.6095260" lon="7.8044970">
    <ele>137.8</ele>
   </trkpt>
   <trkpt lat="48.6094950" lon="7.8044610">
    <ele>137.8</ele>
   </trkpt>
   <trkpt lat="48.6094820" lon="7.8044550">
    <ele>137.8</ele>
   </trkpt>
   <trkpt lat="48.6094560" lon="7.8044230">
    <ele>137.8</ele>
   </trkpt>
   <trkpt lat="48.6094340" lon="7.8043940">
    <ele>137.8</ele>
   </trkpt>
   <trkpt lat="48.6094100" lon="7.8043450">
    <ele>137.8</ele>
   </trkpt>
   <trkpt lat="48.6094010" lon="7.8043270">
    <ele>137.9</ele>
   </trkpt>
   <trkpt lat="48.6093880" lon="7.8042890">
    <ele>137.9</ele>
   </trkpt>
   <trkpt lat="48.6093520" lon="7.8042620">
    <ele>137.9</ele>
   </trkpt>
   <trkpt lat="48.6093380" lon="7.8042570">
    <ele>137.9</ele>
   </trkpt>
   <trkpt lat="48.6093260" lon="7.8042180">
    <ele>137.9</ele>
   </trkpt>
   <trkpt lat="48.6093110" lon="7.8041720">
    <ele>137.8</ele>
   </trkpt>
   <trkpt lat="48.6092880" lon="7.8041210">
    <ele>137.8</ele>
   </trkpt>
   <trkpt lat="48.6092810" lon="7.8041030">
    <ele>137.8</ele>
   </trkpt>
   <trkpt lat="48.6092800" lon="7.8040550">
    <ele>137.8</ele>
   </trkpt>
   <trkpt lat="48.6092530" lon="7.8040370">
    <ele>137.8</ele>
   </trkpt>
   <trkpt lat="48.6092200" lon="7.8040050">
    <ele>137.8</ele>
   </trkpt>
   <trkpt lat="48.6092080" lon="7.8039890">
    <ele>137.7</ele>
   </trkpt>
   <trkpt lat="48.6091930" lon="7.8039420">
    <ele>137.7</ele>
   </trkpt>
   <trkpt lat="48.6091760" lon="7.8039090">
    <ele>137.7</ele>
   </trkpt>
   <trkpt lat="48.6091440" lon="7.8038760">
    <ele>137.7</ele>
   </trkpt>
   <trkpt lat="48.6091340" lon="7.8038610">
    <ele>137.6</ele>
   </trkpt>
   <trkpt lat="48.6091150" lon="7.8038240">
    <ele>137.6</ele>
   </trkpt>
   <trkpt lat="48.6090990" lon="7.8037800">
    <ele>137.6</ele>
   </trkpt>
   <trkpt lat="48.6090770" lon="7.8037310">
    <ele>137.6</ele>
   </trkpt>
   <trkpt lat="48.6090660" lon="7.8037180">
    <ele>137.6</ele>
   </trkpt>
   <trkpt lat="48.6090470" lon="7.8036850">
    <ele>137.5</ele>
   </trkpt>
   <trkpt lat="48.6090230" lon="7.8036580">
    <ele>137.5</ele>
   </trkpt>
   <trkpt lat="48.6090140" lon="7.8036180">
    <ele>137.5</ele>
   </trkpt>
   <trkpt lat="48.6089940" lon="7.8035860">
    <ele>137.5</ele>
   </trkpt>
   <trkpt lat="48.6089790" lon="7.8035490">
    <ele>137.5</ele>
   </trkpt>
   <trkpt lat="48.6089320" lon="7.8035540">
    <ele>137.4</ele>
   </trkpt>
   <trkpt lat="48.6089320" lon="7.8035000">
    <ele>137.4</ele>
   </trkpt>
   <trkpt lat="48.6089140" lon="7.8034430">
    <ele>137.4</ele>
   </trkpt>
   <trkpt lat="48.6089080" lon="7.8034210">
    <ele>137.4</ele>
   </trkpt>
   <trkpt lat="48.6088970" lon="7.8033780">
    <ele>137.4</ele>
   </trkpt>
   <trkpt lat="48.6088880" lon="7.8033380">
    <ele>137.4</ele>
   </trkpt>
   <trkpt lat="48.6088560" lon="7.8033280">
    <ele>137.3</ele>
   </trkpt>
   <trkpt lat="48.6088210" lon="7.8033070">
    <ele>137.3</ele>
   </trkpt>
   <trkpt lat="48.6088290" lon="7.8032490">
    <ele>137.3</ele>
   </trkpt>
   <trkpt lat="48.6088170" lon="7.8031960">
    <ele>137.3</ele>
   </trkpt>
   <trkpt lat="48.6088050" lon="7.8031540">
    <ele>137.3</ele>
   </trkpt>
   <trkpt lat="48.6087910" lon="7.8031190">
    <ele>137.3</ele>
   </trkpt>
   <trkpt lat="48.6087830" lon="7.8030780">
    <ele>137.3</ele>
   </trkpt>
   <trkpt lat="48.6087600" lon="7.8030470">
    <ele>137.3</ele>
   </trkpt>
   <trkpt lat="48.6087420" lon="7.8030040">
    <ele>137.3</ele>
   </trkpt>
   <trkpt lat="48.6087120" lon="7.8029790">
    <ele>137.3</ele>
   </trkpt>
   <trkpt lat="48.6087040" lon="7.8029370">
    <ele>137.3</ele>
   </trkpt>
   <trkpt lat="48.6086960" lon="7.8028980">
    <ele>137.3</ele>
   </trkpt>
   <trkpt lat="48.6086740" lon="7.8028670">
    <ele>137.3</ele>
   </trkpt>
   <trkpt lat="48.6086250" lon="7.8028640">
    <ele>137.3</ele>
   </trkpt>
   <trkpt lat="48.6086220" lon="7.8028130">
    <ele>137.3</ele>
   </trkpt>
   <trkpt lat="48.6086320" lon="7.8027290">
    <ele>137.3</ele>
   </trkpt>
   <trkpt lat="48.6086430" lon="7.8026690">
    <ele>137.3</ele>
   </trkpt>
   <trkpt lat="48.6086510" lon="7.8026160">
    <ele>137.3</ele>
   </trkpt>
   <trkpt lat="48.6086560" lon="7.8025640">
    <ele>137.4</ele>
   </trkpt>
   <trkpt lat="48.6086500" lon="7.8025200">
    <ele>137.4</ele>
   </trkpt>
   <trkpt lat="48.6086350" lon="7.8024790">
    <ele>137.4</ele>
   </trkpt>
   <trkpt lat="48.6086250" lon="7.8024390">
    <ele>137.4</ele>
   </trkpt>
   <trkpt lat="48.6086050" lon="7.8024050">
    <ele>137.4</ele>
   </trkpt>
   <trkpt lat="48.6085870" lon="7.8023930">
    <ele>137.4</ele>
   </trkpt>
   <trkpt lat="48.6085700" lon="7.8023550">
    <ele>137.4</ele>
   </trkpt>
   <trkpt lat="48.6085390" lon="7.8023790">
    <ele>137.3</ele>
   </trkpt>
   <trkpt lat="48.6084940" lon="7.8024150">
    <ele>137.3</ele>
   </trkpt>
   <trkpt lat="48.6084420" lon="7.8024350">
    <ele>137.3</ele>
   </trkpt>
   <trkpt lat="48.6084130" lon="7.8024410">
    <ele>137.3</ele>
   </trkpt>
   <trkpt lat="48.6083680" lon="7.8024450">
    <ele>137.3</ele>
   </trkpt>
   <trkpt lat="48.6083400" lon="7.8024540">
    <ele>137.3</ele>
   </trkpt>
   <trkpt lat="48.6083450" lon="7.8024270">
    <ele>137.3</ele>
   </trkpt>
   <trkpt lat="48.6083150" lon="7.8024740">
    <ele>137.3</ele>
   </trkpt>
   <trkpt lat="48.6083100" lon="7.8024510">
    <ele>137.3</ele>
   </trkpt>
   <trkpt lat="48.6082820" lon="7.8024490">
    <ele>137.3</ele>
   </trkpt>
   <trkpt lat="48.6082540" lon="7.8024460">
    <ele>137.3</ele>
   </trkpt>
   <trkpt lat="48.6081990" lon="7.8024430">
    <ele>137.3</ele>
   </trkpt>
   <trkpt lat="48.6081640" lon="7.8024490">
    <ele>137.4</ele>
   </trkpt>
   <trkpt lat="48.6081410" lon="7.8024490">
    <ele>137.4</ele>
   </trkpt>
   <trkpt lat="48.6081180" lon="7.8024820">
    <ele>137.4</ele>
   </trkpt>
   <trkpt lat="48.6080860" lon="7.8024710">
    <ele>137.4</ele>
   </trkpt>
   <trkpt lat="48.6080460" lon="7.8024620">
    <ele>137.4</ele>
   </trkpt>
   <trkpt lat="48.6080080" lon="7.8024250">
    <ele>137.4</ele>
   </trkpt>
   <trkpt lat="48.6079920" lon="7.8023980">
    <ele>137.4</ele>
   </trkpt>
   <trkpt lat="48.6079680" lon="7.8023750">
    <ele>137.4</ele>
   </trkpt>
   <trkpt lat="48.6079440" lon="7.8023520">
    <ele>137.4</ele>
   </trkpt>
   <trkpt lat="48.6079200" lon="7.8023280">
    <ele>137.4</ele>
   </trkpt>
   <trkpt lat="48.6078960" lon="7.8023030">
    <ele>137.4</ele>
   </trkpt>
   <trkpt lat="48.6078980" lon="7.8022430">
    <ele>137.4</ele>
   </trkpt>
   <trkpt lat="48.6078960" lon="7.8021970">
    <ele>137.4</ele>
   </trkpt>
   <trkpt lat="48.6078890" lon="7.8021550">
    <ele>137.4</ele>
   </trkpt>
   <trkpt lat="48.6078930" lon="7.8021010">
    <ele>137.5</ele>
   </trkpt>
   <trkpt lat="48.6078810" lon="7.8020450">
    <ele>137.5</ele>
   </trkpt>
   <trkpt lat="48.6078790" lon="7.8020210">
    <ele>137.5</ele>
   </trkpt>
   <trkpt lat="48.6078740" lon="7.8019790">
    <ele>137.5</ele>
   </trkpt>
   <trkpt lat="48.6078720" lon="7.8019310">
    <ele>137.5</ele>
   </trkpt>
   <trkpt lat="48.6078690" lon="7.8018890">
    <ele>137.5</ele>
   </trkpt>
   <trkpt lat="48.6078660" lon="7.8018470">
    <ele>137.5</ele>
   </trkpt>
   <trkpt lat="48.6078660" lon="7.8017840">
    <ele>137.5</ele>
   </trkpt>
   <trkpt lat="48.6078620" lon="7.8017590">
    <ele>137.6</ele>
   </trkpt>
   <trkpt lat="48.6078330" lon="7.8017220">
    <ele>137.6</ele>
   </trkpt>
   <trkpt lat="48.6078130" lon="7.8016720">
    <ele>137.6</ele>
   </trkpt>
   <trkpt lat="48.6078110" lon="7.8016280">
    <ele>137.7</ele>
   </trkpt>
   <trkpt lat="48.6077990" lon="7.8015820">
    <ele>137.7</ele>
   </trkpt>
   <trkpt lat="48.6077900" lon="7.8015400">
    <ele>137.7</ele>
   </trkpt>
   <trkpt lat="48.6077860" lon="7.8014540">
    <ele>137.8</ele>
   </trkpt>
   <trkpt lat="48.6077810" lon="7.8014280">
    <ele>137.8</ele>
   </trkpt>
   <trkpt lat="48.6077820" lon="7.8014040">
    <ele>137.8</ele>
   </trkpt>
   <trkpt lat="48.6077730" lon="7.8013460">
    <ele>137.9</ele>
   </trkpt>
   <trkpt lat="48.6077630" lon="7.8013270">
    <ele>137.9</ele>
   </trkpt>
   <trkpt lat="48.6077530" lon="7.8012880">
    <ele>137.9</ele>
   </trkpt>
   <trkpt lat="48.6077330" lon="7.8012460">
    <ele>137.9</ele>
   </trkpt>
   <trkpt lat="48.6077110" lon="7.8012030">
    <ele>137.9</ele>
   </trkpt>
   <trkpt lat="48.6077060" lon="7.8011890">
    <ele>137.9</ele>
   </trkpt>
   <trkpt lat="48.6076810" lon="7.8011630">
    <ele>137.9</ele>
   </trkpt>
   <trkpt lat="48.6076530" lon="7.8011210">
    <ele>138.0</ele>
   </trkpt>
   <trkpt lat="48.6076400" lon="7.8011100">
    <ele>138.0</ele>
   </trkpt>
   <trkpt lat="48.6076220" lon="7.8010770">
    <ele>138.0</ele>
   </trkpt>
   <trkpt lat="48.6076170" lon="7.8010310">
    <ele>137.9</ele>
   </trkpt>
   <trkpt lat="48.6075840" lon="7.8010110">
    <ele>137.9</ele>
   </trkpt>
   <trkpt lat="48.6075690" lon="7.8010190">
    <ele>137.9</ele>
   </trkpt>
   <trkpt lat="48.6075090" lon="7.8010310">
    <ele>137.9</ele>
   </trkpt>
   <trkpt lat="48.6074860" lon="7.8010020">
    <ele>137.9</ele>
   </trkpt>
   <trkpt lat="48.6074540" lon="7.8009770">
    <ele>137.9</ele>
   </trkpt>
   <trkpt lat="48.6074460" lon="7.8009630">
    <ele>137.9</ele>
   </trkpt>
   <trkpt lat="48.6074120" lon="7.8009380">
    <ele>137.9</ele>
   </trkpt>
   <trkpt lat="48.6073990" lon="7.8009280">
    <ele>137.9</ele>
   </trkpt>
   <trkpt lat="48.6073670" lon="7.8009040">
    <ele>137.9</ele>
   </trkpt>
   <trkpt lat="48.6073520" lon="7.8009010">
    <ele>137.9</ele>
   </trkpt>
   <trkpt lat="48.6073210" lon="7.8008910">
    <ele>137.8</ele>
   </trkpt>
   <trkpt lat="48.6073080" lon="7.8008910">
    <ele>137.8</ele>
   </trkpt>
   <trkpt lat="48.6072830" lon="7.8008550">
    <ele>137.8</ele>
   </trkpt>
   <trkpt lat="48.6072510" lon="7.8008320">
    <ele>137.8</ele>
   </trkpt>
   <trkpt lat="48.6072370" lon="7.8008240">
    <ele>137.8</ele>
   </trkpt>
   <trkpt lat="48.6072130" lon="7.8008050">
    <ele>137.8</ele>
   </trkpt>
   <trkpt lat="48.6071940" lon="7.8007460">
    <ele>137.8</ele>
   </trkpt>
   <trkpt lat="48.6071850" lon="7.8006950">
    <ele>137.8</ele>
   </trkpt>
   <trkpt lat="48.6071620" lon="7.8006720">
    <ele>137.8</ele>
   </trkpt>
   <trkpt lat="48.6071360" lon="7.8006520">
    <ele>137.8</ele>
   </trkpt>
   <trkpt lat="48.6070940" lon="7.8006700">
    <ele>137.8</ele>
   </trkpt>
   <trkpt lat="48.6070810" lon="7.8006210">
    <ele>137.8</ele>
   </trkpt>
   <trkpt lat="48.6070420" lon="7.8006240">
    <ele>137.8</ele>
   </trkpt>
   <trkpt lat="48.6070080" lon="7.8006130">
    <ele>137.8</ele>
   </trkpt>
   <trkpt lat="48.6069770" lon="7.8006180">
    <ele>137.8</ele>
   </trkpt>
   <trkpt lat="48.6069490" lon="7.8006140">
    <ele>137.8</ele>
   </trkpt>
   <trkpt lat="48.6069150" lon="7.8006090">
    <ele>137.8</ele>
   </trkpt>
   <trkpt lat="48.6069030" lon="7.8006000">
    <ele>137.8</ele>
   </trkpt>
   <trkpt lat="48.6068730" lon="7.8005790">
    <ele>137.8</ele>
   </trkpt>
   <trkpt lat="48.6068600" lon="7.8005670">
    <ele>137.8</ele>
   </trkpt>
   <trkpt lat="48.6068280" lon="7.8005660">
    <ele>137.8</ele>
   </trkpt>
   <trkpt lat="48.6067920" lon="7.8005410">
    <ele>137.8</ele>
   </trkpt>
   <trkpt lat="48.6067760" lon="7.8005300">
    <ele>137.8</ele>
   </trkpt>
   <trkpt lat="48.6067580" lon="7.8004970">
    <ele>137.8</ele>
   </trkpt>
   <trkpt lat="48.6067320" lon="7.8004830">
    <ele>137.8</ele>
   </trkpt>
   <trkpt lat="48.6066940" lon="7.8004680">
    <ele>137.8</ele>
   </trkpt>
   <trkpt lat="48.6066810" lon="7.8004620">
    <ele>137.8</ele>
   </trkpt>
   <trkpt lat="48.6066560" lon="7.8004450">
    <ele>137.8</ele>
   </trkpt>
   <trkpt lat="48.6066370" lon="7.8004050">
    <ele>137.8</ele>
   </trkpt>
   <trkpt lat="48.6066080" lon="7.8004130">
    <ele>137.8</ele>
   </trkpt>
   <trkpt lat="48.6065750" lon="7.8003950">
    <ele>137.8</ele>
   </trkpt>
   <trkpt lat="48.6065630" lon="7.8003880">
    <ele>137.8</ele>
   </trkpt>
   <trkpt lat="48.6065310" lon="7.8003650">
    <ele>137.8</ele>
   </trkpt>
   <trkpt lat="48.6065180" lon="7.8003610">
    <ele>137.8</ele>
   </trkpt>
   <trkpt lat="48.6064910" lon="7.8003540">
    <ele>137.8</ele>
   </trkpt>
   <trkpt lat="48.6064710" lon="7.8003150">
    <ele>137.8</ele>
   </trkpt>
   <trkpt lat="48.6064470" lon="7.8002930">
    <ele>137.8</ele>
   </trkpt>
   <trkpt lat="48.6064110" lon="7.8002750">
    <ele>137.8</ele>
   </trkpt>
   <trkpt lat="48.6063990" lon="7.8002640">
    <ele>137.8</ele>
   </trkpt>
   <trkpt lat="48.6063720" lon="7.8002560">
    <ele>137.8</ele>
   </trkpt>
   <trkpt lat="48.6063480" lon="7.8002370">
    <ele>137.8</ele>
   </trkpt>
   <trkpt lat="48.6063110" lon="7.8002300">
    <ele>137.9</ele>
   </trkpt>
   <trkpt lat="48.6063000" lon="7.8002300">
    <ele>137.9</ele>
   </trkpt>
   <trkpt lat="48.6062770" lon="7.8001980">
    <ele>137.9</ele>
   </trkpt>
   <trkpt lat="48.6062780" lon="7.8001720">
    <ele>137.9</ele>
   </trkpt>
   <trkpt lat="48.6062560" lon="7.8001140">
    <ele>137.8</ele>
   </trkpt>
   <trkpt lat="48.6062140" lon="7.8000890">
    <ele>137.8</ele>
   </trkpt>
   <trkpt lat="48.6062030" lon="7.8000480">
    <ele>137.8</ele>
   </trkpt>
   <trkpt lat="48.6062030" lon="7.8000000">
    <ele>137.8</ele>
   </trkpt>
   <trkpt lat="48.6061740" lon="7.7999520">
    <ele>137.8</ele>
   </trkpt>
   <trkpt lat="48.6061610" lon="7.7999290">
    <ele>137.8</ele>
   </trkpt>
   <trkpt lat="48.6061400" lon="7.7998920">
    <ele>137.8</ele>
   </trkpt>
   <trkpt lat="48.6061280" lon="7.7998750">
    <ele>137.8</ele>
   </trkpt>
   <trkpt lat="48.6061230" lon="7.7998320">
    <ele>137.8</ele>
   </trkpt>
   <trkpt lat="48.6060950" lon="7.7997930">
    <ele>137.8</ele>
   </trkpt>
   <trkpt lat="48.6060820" lon="7.7997820">
    <ele>137.8</ele>
   </trkpt>
   <trkpt lat="48.6060650" lon="7.7997460">
    <ele>137.8</ele>
   </trkpt>
   <trkpt lat="48.6060410" lon="7.7997000">
    <ele>137.8</ele>
   </trkpt>
   <trkpt lat="48.6060350" lon="7.7996730">
    <ele>137.8</ele>
   </trkpt>
   <trkpt lat="48.6060100" lon="7.7996440">
    <ele>137.8</ele>
   </trkpt>
   <trkpt lat="48.6060060" lon="7.7995890">
    <ele>137.8</ele>
   </trkpt>
   <trkpt lat="48.6060010" lon="7.7995460">
    <ele>137.8</ele>
   </trkpt>
   <trkpt lat="48.6059790" lon="7.7995090">
    <ele>137.8</ele>
   </trkpt>
   <trkpt lat="48.6059390" lon="7.7994660">
    <ele>137.8</ele>
   </trkpt>
   <trkpt lat="48.6059060" lon="7.7994620">
    <ele>137.9</ele>
   </trkpt>
   <trkpt lat="48.6058940" lon="7.7994160">
    <ele>137.9</ele>
   </trkpt>
   <trkpt lat="48.6058710" lon="7.7993870">
    <ele>137.9</ele>
   </trkpt>
   <trkpt lat="48.6058560" lon="7.7993390">
    <ele>137.9</ele>
   </trkpt>
   <trkpt lat="48.6058260" lon="7.7993180">
    <ele>137.9</ele>
   </trkpt>
   <trkpt lat="48.6058020" lon="7.7992770">
    <ele>137.9</ele>
   </trkpt>
   <trkpt lat="48.6057890" lon="7.7992350">
    <ele>137.9</ele>
   </trkpt>
   <trkpt lat="48.6057940" lon="7.7991690">
    <ele>137.9</ele>
   </trkpt>
   <trkpt lat="48.6057740" lon="7.7991180">
    <ele>137.9</ele>
   </trkpt>
   <trkpt lat="48.6057680" lon="7.7990920">
    <ele>137.9</ele>
   </trkpt>
   <trkpt lat="48.6057270" lon="7.7990510">
    <ele>137.8</ele>
   </trkpt>
   <trkpt lat="48.6057120" lon="7.7990140">
    <ele>137.8</ele>
   </trkpt>
   <trkpt lat="48.6056820" lon="7.7989990">
    <ele>137.8</ele>
   </trkpt>
   <trkpt lat="48.6056550" lon="7.7989700">
    <ele>137.7</ele>
   </trkpt>
   <trkpt lat="48.6056480" lon="7.7989610">
    <ele>137.7</ele>
   </trkpt>
   <trkpt lat="48.6056150" lon="7.7989300">
    <ele>137.7</ele>
   </trkpt>
   <trkpt lat="48.6056020" lon="7.7989230">
    <ele>137.7</ele>
   </trkpt>
   <trkpt lat="48.6055800" lon="7.7988910">
    <ele>137.7</ele>
   </trkpt>
   <trkpt lat="48.6055550" lon="7.7988620">
    <ele>137.7</ele>
   </trkpt>
   <trkpt lat="48.6055310" lon="7.7988320">
    <ele>137.6</ele>
   </trkpt>
   <trkpt lat="48.6054970" lon="7.7988060">
    <ele>137.6</ele>
   </trkpt>
   <trkpt lat="48.6054860" lon="7.7987990">
    <ele>137.6</ele>
   </trkpt>
   <trkpt lat="48.6054620" lon="7.7987760">
    <ele>137.6</ele>
   </trkpt>
   <trkpt lat="48.6054400" lon="7.7987450">
    <ele>137.6</ele>
   </trkpt>
   <trkpt lat="48.6054050" lon="7.7987250">
    <ele>137.6</ele>
   </trkpt>
   <trkpt lat="48.6053910" lon="7.7987170">
    <ele>137.6</ele>
   </trkpt>
   <trkpt lat="48.6053670" lon="7.7986960">
    <ele>137.6</ele>
   </trkpt>
   <trkpt lat="48.6053340" lon="7.7986640">
    <ele>137.5</ele>
   </trkpt>
   <trkpt lat="48.6053060" lon="7.7986100">
    <ele>137.5</ele>
   </trkpt>
   <trkpt lat="48.6052770" lon="7.7986030">
    <ele>137.5</ele>
   </trkpt>
   <trkpt lat="48.6052390" lon="7.7985820">
    <ele>137.5</ele>
   </trkpt>
   <trkpt lat="48.6052070" lon="7.7985550">
    <ele>137.5</ele>
   </trkpt>
   <trkpt lat="48.6051680" lon="7.7985520">
    <ele>137.5</ele>
   </trkpt>
   <trkpt lat="48.6051330" lon="7.7985110">
    <ele>137.5</ele>
   </trkpt>
   <trkpt lat="48.6051030" lon="7.7984960">
    <ele>137.4</ele>
   </trkpt>
   <trkpt lat="48.6050730" lon="7.7984870">
    <ele>137.4</ele>
   </trkpt>
   <trkpt lat="48.6050430" lon="7.7984610">
    <ele>137.4</ele>
   </trkpt>
   <trkpt lat="48.6050120" lon="7.7984540">
    <ele>137.4</ele>
   </trkpt>
   <trkpt lat="48.6049810" lon="7.7984320">
    <ele>137.4</ele>
   </trkpt>
   <trkpt lat="48.6049420" lon="7.7984200">
    <ele>137.4</ele>
   </trkpt>
   <trkpt lat="48.6049030" lon="7.7984270">
    <ele>137.4</ele>
   </trkpt>
   <trkpt lat="48.6048870" lon="7.7984320">
    <ele>137.4</ele>
   </trkpt>
   <trkpt lat="48.6048560" lon="7.7984410">
    <ele>137.4</ele>
   </trkpt>
   <trkpt lat="48.6048220" lon="7.7984350">
    <ele>137.4</ele>
   </trkpt>
   <trkpt lat="48.6047790" lon="7.7984190">
    <ele>137.4</ele>
   </trkpt>
   <trkpt lat="48.6047410" lon="7.7984000">
    <ele>137.4</ele>
   </trkpt>
   <trkpt lat="48.6047000" lon="7.7983980">
    <ele>137.4</ele>
   </trkpt>
   <trkpt lat="48.6046640" lon="7.7983840">
    <ele>137.5</ele>
   </trkpt>
   <trkpt lat="48.6046290" lon="7.7983750">
    <ele>137.5</ele>
   </trkpt>
   <trkpt lat="48.6045880" lon="7.7983760">
    <ele>137.5</ele>
   </trkpt>
   <trkpt lat="48.6045720" lon="7.7983740">
    <ele>137.5</ele>
   </trkpt>
   <trkpt lat="48.6045320" lon="7.7983490">
    <ele>137.5</ele>
   </trkpt>
   <trkpt lat="48.6045000" lon="7.7983280">
    <ele>137.5</ele>
   </trkpt>
   <trkpt lat="48.6044680" lon="7.7983160">
    <ele>137.5</ele>
   </trkpt>
   <trkpt lat="48.6044280" lon="7.7983140">
    <ele>137.5</ele>
   </trkpt>
   <trkpt lat="48.6044120" lon="7.7983040">
    <ele>137.5</ele>
   </trkpt>
   <trkpt lat="48.6043820" lon="7.7982890">
    <ele>137.5</ele>
   </trkpt>
   <trkpt lat="48.6043480" lon="7.7982730">
    <ele>137.5</ele>
   </trkpt>
   <trkpt lat="48.6043240" lon="7.7982350">
    <ele>137.5</ele>
   </trkpt>
   <trkpt lat="48.6042940" lon="7.7982060">
    <ele>137.5</ele>
   </trkpt>
   <trkpt lat="48.6042730" lon="7.7981730">
    <ele>137.5</ele>
   </trkpt>
   <trkpt lat="48.6042460" lon="7.7981490">
    <ele>137.5</ele>
   </trkpt>
   <trkpt lat="48.6042150" lon="7.7981170">
    <ele>137.5</ele>
   </trkpt>
   <trkpt lat="48.6042020" lon="7.7981010">
    <ele>137.5</ele>
   </trkpt>
   <trkpt lat="48.6041720" lon="7.7980670">
    <ele>137.5</ele>
   </trkpt>
   <trkpt lat="48.6041520" lon="7.7980160">
    <ele>137.5</ele>
   </trkpt>
   <trkpt lat="48.6041340" lon="7.7979750">
    <ele>137.5</ele>
   </trkpt>
   <trkpt lat="48.6041140" lon="7.7979360">
    <ele>137.6</ele>
   </trkpt>
   <trkpt lat="48.6040980" lon="7.7978920">
    <ele>137.6</ele>
   </trkpt>
   <trkpt lat="48.6040830" lon="7.7978460">
    <ele>137.6</ele>
   </trkpt>
   <trkpt lat="48.6040760" lon="7.7978340">
    <ele>137.6</ele>
   </trkpt>
   <trkpt lat="48.6040590" lon="7.7977900">
    <ele>137.6</ele>
   </trkpt>
   <trkpt lat="48.6040460" lon="7.7977780">
    <ele>137.6</ele>
   </trkpt>
   <trkpt lat="48.6040260" lon="7.7977260">
    <ele>137.6</ele>
   </trkpt>
   <trkpt lat="48.6040220" lon="7.7977040">
    <ele>137.6</ele>
   </trkpt>
   <trkpt lat="48.6040050" lon="7.7976620">
    <ele>137.6</ele>
   </trkpt>
   <trkpt lat="48.6039960" lon="7.7976160">
    <ele>137.7</ele>
   </trkpt>
   <trkpt lat="48.6039930" lon="7.7975710">
    <ele>137.7</ele>
   </trkpt>
   <trkpt lat="48.6040000" lon="7.7975210">
    <ele>137.7</ele>
   </trkpt>
   <trkpt lat="48.6039690" lon="7.7974880">
    <ele>137.7</ele>
   </trkpt>
   <trkpt lat="48.6039490" lon="7.7974490">
    <ele>137.7</ele>
   </trkpt>
   <trkpt lat="48.6039360" lon="7.7974110">
    <ele>137.7</ele>
   </trkpt>
   <trkpt lat="48.6039130" lon="7.7973600">
    <ele>137.7</ele>
   </trkpt>
   <trkpt lat="48.6039050" lon="7.7973400">
    <ele>137.7</ele>
   </trkpt>
   <trkpt lat="48.6038830" lon="7.7972960">
    <ele>137.7</ele>
   </trkpt>
   <trkpt lat="48.6038640" lon="7.7972550">
    <ele>137.8</ele>
   </trkpt>
   <trkpt lat="48.6038520" lon="7.7972170">
    <ele>137.8</ele>
   </trkpt>
   <trkpt lat="48.6038270" lon="7.7971710">
    <ele>137.8</ele>
   </trkpt>
   <trkpt lat="48.6038070" lon="7.7971320">
    <ele>137.8</ele>
   </trkpt>
   <trkpt lat="48.6037860" lon="7.7971000">
    <ele>137.8</ele>
   </trkpt>
   <trkpt lat="48.6037420" lon="7.7970930">
    <ele>137.8</ele>
   </trkpt>
   <trkpt lat="48.6037360" lon="7.7970300">
    <ele>137.8</ele>
   </trkpt>
   <trkpt lat="48.6037280" lon="7.7969770">
    <ele>137.8</ele>
   </trkpt>
   <trkpt lat="48.6037060" lon="7.7969250">
    <ele>137.8</ele>
   </trkpt>
   <trkpt lat="48.6036960" lon="7.7969080">
    <ele>137.8</ele>
   </trkpt>
   <trkpt lat="48.6036790" lon="7.7968750">
    <ele>137.8</ele>
   </trkpt>
   <trkpt lat="48.6036630" lon="7.7968300">
    <ele>137.9</ele>
   </trkpt>
   <trkpt lat="48.6036560" lon="7.7967910">
    <ele>137.9</ele>
   </trkpt>
   <trkpt lat="48.6036320" lon="7.7967440">
    <ele>137.9</ele>
   </trkpt>
   <trkpt lat="48.6036240" lon="7.7967280">
    <ele>137.9</ele>
   </trkpt>
   <trkpt lat="48.6036110" lon="7.7966900">
    <ele>137.9</ele>
   </trkpt>
   <trkpt lat="48.6035920" lon="7.7966460">
    <ele>137.9</ele>
   </trkpt>
   <trkpt lat="48.6035850" lon="7.7966050">
    <ele>137.9</ele>
   </trkpt>
   <trkpt lat="48.6035690" lon="7.7965570">
    <ele>137.9</ele>
   </trkpt>
   <trkpt lat="48.6035550" lon="7.7965090">
    <ele>137.9</ele>
   </trkpt>
   <trkpt lat="48.6035460" lon="7.7964520">
    <ele>137.9</ele>
   </trkpt>
   <trkpt lat="48.6035410" lon="7.7964330">
    <ele>137.9</ele>
   </trkpt>
   <trkpt lat="48.6035240" lon="7.7963980">
    <ele>137.9</ele>
   </trkpt>
   <trkpt lat="48.6035210" lon="7.7963540">
    <ele>137.9</ele>
   </trkpt>
   <trkpt lat="48.6035040" lon="7.7962710">
    <ele>137.9</ele>
   </trkpt>
   <trkpt lat="48.6034960" lon="7.7962260">
    <ele>137.9</ele>
   </trkpt>
   <trkpt lat="48.6034770" lon="7.7961790">
    <ele>137.9</ele>
   </trkpt>
   <trkpt lat="48.6034740" lon="7.7961600">
    <ele>137.9</ele>
   </trkpt>
   <trkpt lat="48.6034660" lon="7.7961180">
    <ele>137.9</ele>
   </trkpt>
   <trkpt lat="48.6034460" lon="7.7960750">
    <ele>137.9</ele>
   </trkpt>
   <trkpt lat="48.6034330" lon="7.7960150">
    <ele>137.9</ele>
   </trkpt>
   <trkpt lat="48.6034290" lon="7.7959940">
    <ele>137.9</ele>
   </trkpt>
   <trkpt lat="48.6034330" lon="7.7959510">
    <ele>137.9</ele>
   </trkpt>
   <trkpt lat="48.6034260" lon="7.7958940">
    <ele>137.9</ele>
   </trkpt>
   <trkpt lat="48.6034190" lon="7.7958730">
    <ele>137.9</ele>
   </trkpt>
   <trkpt lat="48.6034130" lon="7.7958310">
    <ele>137.9</ele>
   </trkpt>
   <trkpt lat="48.6033930" lon="7.7957820">
    <ele>137.9</ele>
   </trkpt>
   <trkpt lat="48.6033960" lon="7.7957310">
    <ele>137.9</ele>
   </trkpt>
   <trkpt lat="48.6033960" lon="7.7957130">
    <ele>137.9</ele>
   </trkpt>
   <trkpt lat="48.6033970" lon="7.7956650">
    <ele>137.9</ele>
   </trkpt>
   <trkpt lat="48.6034000" lon="7.7956200">
    <ele>137.9</ele>
   </trkpt>
   <trkpt lat="48.6033920" lon="7.7955700">
    <ele>137.9</ele>
   </trkpt>
   <trkpt lat="48.6033790" lon="7.7955180">
    <ele>137.9</ele>
   </trkpt>
   <trkpt lat="48.6033820" lon="7.7954710">
    <ele>137.9</ele>
   </trkpt>
   <trkpt lat="48.6033850" lon="7.7954260">
    <ele>137.9</ele>
   </trkpt>
   <trkpt lat="48.6034190" lon="7.7954310">
    <ele>137.9</ele>
   </trkpt>
   <trkpt lat="48.6034530" lon="7.7953990">
    <ele>137.9</ele>
   </trkpt>
   <trkpt lat="48.6034630" lon="7.7953810">
    <ele>137.9</ele>
   </trkpt>
   <trkpt lat="48.6034610" lon="7.7953120">
    <ele>137.9</ele>
   </trkpt>
   <trkpt lat="48.6034550" lon="7.7952570">
    <ele>137.9</ele>
   </trkpt>
   <trkpt lat="48.6034490" lon="7.7951940">
    <ele>137.9</ele>
   </trkpt>
   <trkpt lat="48.6034390" lon="7.7951260">
    <ele>137.9</ele>
   </trkpt>
   <trkpt lat="48.6034430" lon="7.7950820">
    <ele>137.9</ele>
   </trkpt>
   <trkpt lat="48.6034260" lon="7.7950320">
    <ele>137.9</ele>
   </trkpt>
   <trkpt lat="48.6034200" lon="7.7949750">
    <ele>137.9</ele>
   </trkpt>
   <trkpt lat="48.6034170" lon="7.7949560">
    <ele>137.9</ele>
   </trkpt>
   <trkpt lat="48.6034280" lon="7.7949010">
    <ele>137.9</ele>
   </trkpt>
   <trkpt lat="48.6034340" lon="7.7948590">
    <ele>137.9</ele>
   </trkpt>
   <trkpt lat="48.6034440" lon="7.7948170">
    <ele>137.9</ele>
   </trkpt>
   <trkpt lat="48.6034530" lon="7.7947980">
    <ele>137.9</ele>
   </trkpt>
   <trkpt lat="48.6034640" lon="7.7947570">
    <ele>137.9</ele>
   </trkpt>
   <trkpt lat="48.6034720" lon="7.7947020">
    <ele>137.9</ele>
   </trkpt>
   <trkpt lat="48.6034620" lon="7.7946730">
    <ele>137.9</ele>
   </trkpt>
   <trkpt lat="48.6034620" lon="7.7946150">
    <ele>137.9</ele>
   </trkpt>
   <trkpt lat="48.6034510" lon="7.7945520">
    <ele>137.9</ele>
   </trkpt>
   <trkpt lat="48.6034510" lon="7.7944930">
    <ele>137.9</ele>
   </trkpt>
   <trkpt lat="48.6034510" lon="7.7944700">
    <ele>137.9</ele>
   </trkpt>
   <trkpt lat="48.6034410" lon="7.7944220">
    <ele>137.9</ele>
   </trkpt>
   <trkpt lat="48.6034420" lon="7.7943780">
    <ele>137.8</ele>
   </trkpt>
   <trkpt lat="48.6034430" lon="7.7943600">
    <ele>137.8</ele>
   </trkpt>
   <trkpt lat="48.6034200" lon="7.7943230">
    <ele>137.8</ele>
   </trkpt>
   <trkpt lat="48.6033930" lon="7.7942850">
    <ele>137.8</ele>
   </trkpt>
   <trkpt lat="48.6033750" lon="7.7942260">
    <ele>137.8</ele>
   </trkpt>
   <trkpt lat="48.6033660" lon="7.7942040">
    <ele>137.7</ele>
   </trkpt>
   <trkpt lat="48.6033480" lon="7.7941690">
    <ele>137.7</ele>
   </trkpt>
   <trkpt lat="48.6033350" lon="7.7941260">
    <ele>137.7</ele>
   </trkpt>
   <trkpt lat="48.6033310" lon="7.7941110">
    <ele>137.7</ele>
   </trkpt>
   <trkpt lat="48.6033210" lon="7.7940670">
    <ele>137.7</ele>
   </trkpt>
   <trkpt lat="48.6033110" lon="7.7940290">
    <ele>137.7</ele>
   </trkpt>
   <trkpt lat="48.6033010" lon="7.7939760">
    <ele>137.7</ele>
   </trkpt>
   <trkpt lat="48.6032800" lon="7.7939240">
    <ele>137.6</ele>
   </trkpt>
   <trkpt lat="48.6032730" lon="7.7939030">
    <ele>137.6</ele>
   </trkpt>
   <trkpt lat="48.6032450" lon="7.7938830">
    <ele>137.6</ele>
   </trkpt>
   <trkpt lat="48.6032400" lon="7.7938650">
    <ele>137.6</ele>
   </trkpt>
   <trkpt lat="48.6032270" lon="7.7938210">
    <ele>137.6</ele>
   </trkpt>
   <trkpt lat="48.6032150" lon="7.7937710">
    <ele>137.6</ele>
   </trkpt>
   <trkpt lat="48.6031960" lon="7.7937240">
    <ele>137.6</ele>
   </trkpt>
   <trkpt lat="48.6031750" lon="7.7936930">
    <ele>137.6</ele>
   </trkpt>
   <trkpt lat="48.6031580" lon="7.7936460">
    <ele>137.6</ele>
   </trkpt>
   <trkpt lat="48.6031500" lon="7.7936300">
    <ele>137.6</ele>
   </trkpt>
   <trkpt lat="48.6031370" lon="7.7935900">
    <ele>137.7</ele>
   </trkpt>
   <trkpt lat="48.6031230" lon="7.7935480">
    <ele>137.7</ele>
   </trkpt>
   <trkpt lat="48.6031110" lon="7.7935070">
    <ele>137.7</ele>
   </trkpt>
   <trkpt lat="48.6030870" lon="7.7934760">
    <ele>137.7</ele>
   </trkpt>
   <trkpt lat="48.6030660" lon="7.7934290">
    <ele>137.7</ele>
   </trkpt>
   <trkpt lat="48.6030580" lon="7.7934120">
    <ele>137.7</ele>
   </trkpt>
   <trkpt lat="48.6030460" lon="7.7933730">
    <ele>137.8</ele>
   </trkpt>
   <trkpt lat="48.6030320" lon="7.7933340">
    <ele>137.8</ele>
   </trkpt>
   <trkpt lat="48.6030250" lon="7.7933170">
    <ele>137.8</ele>
   </trkpt>
   <trkpt lat="48.6030140" lon="7.7932740">
    <ele>137.8</ele>
   </trkpt>
   <trkpt lat="48.6030010" lon="7.7932250">
    <ele>137.8</ele>
   </trkpt>
   <trkpt lat="48.6029940" lon="7.7932140">
    <ele>137.8</ele>
   </trkpt>
   <trkpt lat="48.6029830" lon="7.7932050">
    <ele>137.8</ele>
   </trkpt>
   <trkpt lat="48.6029660" lon="7.7929940">
    <ele>138.0</ele>
   </trkpt>
   <trkpt lat="48.6029460" lon="7.7929600">
    <ele>138.0</ele>
   </trkpt>
   <trkpt lat="48.6029260" lon="7.7929150">
    <ele>138.0</ele>
   </trkpt>
   <trkpt lat="48.6029100" lon="7.7928790">
    <ele>138.1</ele>
   </trkpt>
   <trkpt lat="48.6028830" lon="7.7928320">
    <ele>138.1</ele>
   </trkpt>
   <trkpt lat="48.6028720" lon="7.7928110">
    <ele>138.1</ele>
   </trkpt>
   <trkpt lat="48.6028510" lon="7.7927760">
    <ele>138.1</ele>
   </trkpt>
   <trkpt lat="48.6028270" lon="7.7927420">
    <ele>138.1</ele>
   </trkpt>
   <trkpt lat="48.6027960" lon="7.7927240">
    <ele>138.1</ele>
   </trkpt>
   <trkpt lat="48.6027670" lon="7.7927010">
    <ele>138.1</ele>
   </trkpt>
   <trkpt lat="48.6027440" lon="7.7926800">
    <ele>138.1</ele>
   </trkpt>
   <trkpt lat="48.6027220" lon="7.7926550">
    <ele>138.1</ele>
   </trkpt>
   <trkpt lat="48.6026850" lon="7.7926340">
    <ele>138.1</ele>
   </trkpt>
   <trkpt lat="48.6026730" lon="7.7926230">
    <ele>138.1</ele>
   </trkpt>
   <trkpt lat="48.6026340" lon="7.7925970">
    <ele>138.1</ele>
   </trkpt>
   <trkpt lat="48.6026180" lon="7.7925930">
    <ele>138.1</ele>
   </trkpt>
   <trkpt lat="48.6025760" lon="7.7925920">
    <ele>138.2</ele>
   </trkpt>
   <trkpt lat="48.6025480" lon="7.7925940">
    <ele>138.2</ele>
   </trkpt>
   <trkpt lat="48.6025030" lon="7.7925870">
    <ele>138.2</ele>
   </trkpt>
   <trkpt lat="48.6024730" lon="7.7925830">
    <ele>138.2</ele>
   </trkpt>
   <trkpt lat="48.6024360" lon="7.7925860">
    <ele>138.2</ele>
   </trkpt>
   <trkpt lat="48.6024020" lon="7.7925970">
    <ele>138.2</ele>
   </trkpt>
   <trkpt lat="48.6023670" lon="7.7926040">
    <ele>138.2</ele>
   </trkpt>
   <trkpt lat="48.6023380" lon="7.7926190">
    <ele>138.2</ele>
   </trkpt>
   <trkpt lat="48.6023060" lon="7.7926310">
    <ele>138.2</ele>
   </trkpt>
   <trkpt lat="48.6022790" lon="7.7926430">
    <ele>138.2</ele>
   </trkpt>
   <trkpt lat="48.6022380" lon="7.7926560">
    <ele>138.2</ele>
   </trkpt>
   <trkpt lat="48.6022060" lon="7.7926710">
    <ele>138.2</ele>
   </trkpt>
   <trkpt lat="48.6021780" lon="7.7926900">
    <ele>138.2</ele>
   </trkpt>
   <trkpt lat="48.6021490" lon="7.7926980">
    <ele>138.2</ele>
   </trkpt>
   <trkpt lat="48.6021060" lon="7.7927070">
    <ele>138.2</ele>
   </trkpt>
   <trkpt lat="48.6020880" lon="7.7927050">
    <ele>138.2</ele>
   </trkpt>
   <trkpt lat="48.6020610" lon="7.7927190">
    <ele>138.2</ele>
   </trkpt>
   <trkpt lat="48.6020300" lon="7.7927290">
    <ele>138.2</ele>
   </trkpt>
   <trkpt lat="48.6019930" lon="7.7927350">
    <ele>138.2</ele>
   </trkpt>
   <trkpt lat="48.6019790" lon="7.7927370">
    <ele>138.2</ele>
   </trkpt>
   <trkpt lat="48.6019440" lon="7.7927540">
    <ele>138.2</ele>
   </trkpt>
   <trkpt lat="48.6019300" lon="7.7927540">
    <ele>138.2</ele>
   </trkpt>
   <trkpt lat="48.6018910" lon="7.7927440">
    <ele>138.2</ele>
   </trkpt>
   <trkpt lat="48.6018590" lon="7.7927590">
    <ele>138.2</ele>
   </trkpt>
   <trkpt lat="48.6018220" lon="7.7927630">
    <ele>138.2</ele>
   </trkpt>
   <trkpt lat="48.6017870" lon="7.7927680">
    <ele>138.2</ele>
   </trkpt>
   <trkpt lat="48.6017730" lon="7.7927730">
    <ele>138.2</ele>
   </trkpt>
   <trkpt lat="48.6017440" lon="7.7927750">
    <ele>138.2</ele>
   </trkpt>
   <trkpt lat="48.6016850" lon="7.7927810">
    <ele>138.2</ele>
   </trkpt>
   <trkpt lat="48.6016690" lon="7.7927350">
    <ele>138.2</ele>
   </trkpt>
   <trkpt lat="48.6016520" lon="7.7926780">
    <ele>138.2</ele>
   </trkpt>
   <trkpt lat="48.6016290" lon="7.7926390">
    <ele>138.2</ele>
   </trkpt>
   <trkpt lat="48.6016070" lon="7.7926050">
    <ele>138.2</ele>
   </trkpt>
   <trkpt lat="48.6015840" lon="7.7925710">
    <ele>138.2</ele>
   </trkpt>
   <trkpt lat="48.6015610" lon="7.7925350">
    <ele>138.2</ele>
   </trkpt>
   <trkpt lat="48.6015360" lon="7.7925170">
    <ele>138.2</ele>
   </trkpt>
   <trkpt lat="48.6015070" lon="7.7925060">
    <ele>138.2</ele>
   </trkpt>
   <trkpt lat="48.6014850" lon="7.7924760">
    <ele>138.2</ele>
   </trkpt>
   <trkpt lat="48.6014590" lon="7.7924530">
    <ele>138.2</ele>
   </trkpt>
   <trkpt lat="48.6014330" lon="7.7924190">
    <ele>138.2</ele>
   </trkpt>
   <trkpt lat="48.6014100" lon="7.7923850">
    <ele>138.2</ele>
   </trkpt>
   <trkpt lat="48.6013790" lon="7.7923720">
    <ele>138.2</ele>
   </trkpt>
   <trkpt lat="48.6013640" lon="7.7923670">
    <ele>138.2</ele>
   </trkpt>
   <trkpt lat="48.6013320" lon="7.7923310">
    <ele>138.2</ele>
   </trkpt>
   <trkpt lat="48.6013060" lon="7.7922900">
    <ele>138.1</ele>
   </trkpt>
   <trkpt lat="48.6012830" lon="7.7922680">
    <ele>138.1</ele>
   </trkpt>
   <trkpt lat="48.6012560" lon="7.7922290">
    <ele>138.1</ele>
   </trkpt>
   <trkpt lat="48.6012490" lon="7.7922130">
    <ele>138.1</ele>
   </trkpt>
   <trkpt lat="48.6012300" lon="7.7921830">
    <ele>138.1</ele>
   </trkpt>
   <trkpt lat="48.6012000" lon="7.7921510">
    <ele>138.1</ele>
   </trkpt>
   <trkpt lat="48.6011860" lon="7.7921400">
    <ele>138.1</ele>
   </trkpt>
   <trkpt lat="48.6011630" lon="7.7921090">
    <ele>138.1</ele>
   </trkpt>
   <trkpt lat="48.6011380" lon="7.7920820">
    <ele>138.0</ele>
   </trkpt>
   <trkpt lat="48.6011080" lon="7.7920710">
    <ele>138.0</ele>
   </trkpt>
   <trkpt lat="48.6010740" lon="7.7920370">
    <ele>138.0</ele>
   </trkpt>
   <trkpt lat="48.6010630" lon="7.7920240">
    <ele>138.0</ele>
   </trkpt>
   <trkpt lat="48.6010400" lon="7.7919960">
    <ele>138.0</ele>
   </trkpt>
   <trkpt lat="48.6010170" lon="7.7919740">
    <ele>138.0</ele>
   </trkpt>
   <trkpt lat="48.6009930" lon="7.7919510">
    <ele>138.0</ele>
   </trkpt>
   <trkpt lat="48.6009610" lon="7.7919130">
    <ele>138.0</ele>
   </trkpt>
   <trkpt lat="48.6009490" lon="7.7918980">
    <ele>138.0</ele>
   </trkpt>
   <trkpt lat="48.6009180" lon="7.7918770">
    <ele>137.9</ele>
   </trkpt>
   <trkpt lat="48.6009020" lon="7.7918760">
    <ele>137.9</ele>
   </trkpt>
   <trkpt lat="48.6008820" lon="7.7918450">
    <ele>137.9</ele>
   </trkpt>
   <trkpt lat="48.6008570" lon="7.7918210">
    <ele>137.9</ele>
   </trkpt>
   <trkpt lat="48.6008320" lon="7.7917910">
    <ele>137.9</ele>
   </trkpt>
   <trkpt lat="48.6008030" lon="7.7917480">
    <ele>137.9</ele>
   </trkpt>
   <trkpt lat="48.6007930" lon="7.7917290">
    <ele>137.9</ele>
   </trkpt>
   <trkpt lat="48.6007630" lon="7.7917050">
    <ele>137.9</ele>
   </trkpt>
   <trkpt lat="48.6007350" lon="7.7916900">
    <ele>137.9</ele>
   </trkpt>
   <trkpt lat="48.6007130" lon="7.7916440">
    <ele>137.9</ele>
   </trkpt>
   <trkpt lat="48.6006890" lon="7.7916110">
    <ele>137.9</ele>
   </trkpt>
   <trkpt lat="48.6006560" lon="7.7915860">
    <ele>137.9</ele>
   </trkpt>
   <trkpt lat="48.6006300" lon="7.7915490">
    <ele>137.9</ele>
   </trkpt>
   <trkpt lat="48.6006220" lon="7.7915340">
    <ele>137.9</ele>
   </trkpt>
   <trkpt lat="48.6006000" lon="7.7915020">
    <ele>137.8</ele>
   </trkpt>
   <trkpt lat="48.6005700" lon="7.7914620">
    <ele>137.8</ele>
   </trkpt>
   <trkpt lat="48.6005590" lon="7.7914510">
    <ele>137.8</ele>
   </trkpt>
   <trkpt lat="48.6005300" lon="7.7914260">
    <ele>137.8</ele>
   </trkpt>
   <trkpt lat="48.6005200" lon="7.7914180">
    <ele>137.8</ele>
   </trkpt>
   <trkpt lat="48.6005010" lon="7.7913830">
    <ele>137.8</ele>
   </trkpt>
   <trkpt lat="48.6004690" lon="7.7913670">
    <ele>137.8</ele>
   </trkpt>
   <trkpt lat="48.6004560" lon="7.7913570">
    <ele>137.8</ele>
   </trkpt>
   <trkpt lat="48.6004320" lon="7.7913330">
    <ele>137.8</ele>
   </trkpt>
   <trkpt lat="48.6004080" lon="7.7913070">
    <ele>137.8</ele>
   </trkpt>
   <trkpt lat="48.6003730" lon="7.7912880">
    <ele>137.8</ele>
   </trkpt>
   <trkpt lat="48.6003620" lon="7.7912780">
    <ele>137.8</ele>
   </trkpt>
   <trkpt lat="48.6003370" lon="7.7912560">
    <ele>137.8</ele>
   </trkpt>
   <trkpt lat="48.6003140" lon="7.7912330">
    <ele>137.9</ele>
   </trkpt>
   <trkpt lat="48.6002800" lon="7.7912250">
    <ele>137.9</ele>
   </trkpt>
   <trkpt lat="48.6002470" lon="7.7911890">
    <ele>137.9</ele>
   </trkpt>
   <trkpt lat="48.6002330" lon="7.7911770">
    <ele>137.9</ele>
   </trkpt>
   <trkpt lat="48.6002040" lon="7.7911690">
    <ele>137.9</ele>
   </trkpt>
   <trkpt lat="48.6001650" lon="7.7911560">
    <ele>137.9</ele>
   </trkpt>
   <trkpt lat="48.6001500" lon="7.7911470">
    <ele>137.9</ele>
   </trkpt>
   <trkpt lat="48.6001260" lon="7.7911040">
    <ele>137.9</ele>
   </trkpt>
   <trkpt lat="48.6001250" lon="7.7910790">
    <ele>137.9</ele>
   </trkpt>
   <trkpt lat="48.6000840" lon="7.7910860">
    <ele>137.9</ele>
   </trkpt>
   <trkpt lat="48.6000580" lon="7.7910710">
    <ele>137.9</ele>
   </trkpt>
   <trkpt lat="48.6000310" lon="7.7910520">
    <ele>138.0</ele>
   </trkpt>
   <trkpt lat="48.5999940" lon="7.7910470">
    <ele>138.0</ele>
   </trkpt>
   <trkpt lat="48.5999800" lon="7.7910420">
    <ele>138.0</ele>
   </trkpt>
   <trkpt lat="48.5999400" lon="7.7910240">
    <ele>138.0</ele>
   </trkpt>
   <trkpt lat="48.5999250" lon="7.7910160">
    <ele>138.0</ele>
   </trkpt>
   <trkpt lat="48.5998890" lon="7.7910000">
    <ele>138.0</ele>
   </trkpt>
   <trkpt lat="48.5998780" lon="7.7909960">
    <ele>138.0</ele>
   </trkpt>
   <trkpt lat="48.5998390" lon="7.7909810">
    <ele>138.0</ele>
   </trkpt>
   <trkpt lat="48.5998250" lon="7.7909720">
    <ele>138.0</ele>
   </trkpt>
   <trkpt lat="48.5997950" lon="7.7909590">
    <ele>138.0</ele>
   </trkpt>
   <trkpt lat="48.5997670" lon="7.7909590">
    <ele>138.0</ele>
   </trkpt>
   <trkpt lat="48.5997390" lon="7.7909600">
    <ele>138.0</ele>
   </trkpt>
   <trkpt lat="48.5997090" lon="7.7909580">
    <ele>138.0</ele>
   </trkpt>
   <trkpt lat="48.5996720" lon="7.7909540">
    <ele>138.0</ele>
   </trkpt>
   <trkpt lat="48.5996580" lon="7.7909510">
    <ele>138.0</ele>
   </trkpt>
   <trkpt lat="48.5996240" lon="7.7909530">
    <ele>138.0</ele>
   </trkpt>
   <trkpt lat="48.5996090" lon="7.7909500">
    <ele>138.0</ele>
   </trkpt>
   <trkpt lat="48.5995720" lon="7.7909350">
    <ele>138.0</ele>
   </trkpt>
   <trkpt lat="48.5995390" lon="7.7909260">
    <ele>138.0</ele>
   </trkpt>
   <trkpt lat="48.5995170" lon="7.7908990">
    <ele>138.0</ele>
   </trkpt>
   <trkpt lat="48.5994910" lon="7.7908890">
    <ele>138.0</ele>
   </trkpt>
   <trkpt lat="48.5994650" lon="7.7908740">
    <ele>138.0</ele>
   </trkpt>
   <trkpt lat="48.5994370" lon="7.7908710">
    <ele>138.0</ele>
   </trkpt>
   <trkpt lat="48.5994130" lon="7.7908960">
    <ele>138.0</ele>
   </trkpt>
   <trkpt lat="48.5993680" lon="7.7908990">
    <ele>138.0</ele>
   </trkpt>
   <trkpt lat="48.5993490" lon="7.7909010">
    <ele>138.0</ele>
   </trkpt>
   <trkpt lat="48.5993170" lon="7.7909020">
    <ele>138.0</ele>
   </trkpt>
   <trkpt lat="48.5992880" lon="7.7909370">
    <ele>138.0</ele>
   </trkpt>
   <trkpt lat="48.5992560" lon="7.7909360">
    <ele>138.0</ele>
   </trkpt>
   <trkpt lat="48.5992210" lon="7.7909320">
    <ele>138.0</ele>
   </trkpt>
   <trkpt lat="48.5991890" lon="7.7909330">
    <ele>138.0</ele>
   </trkpt>
   <trkpt lat="48.5991730" lon="7.7909420">
    <ele>138.0</ele>
   </trkpt>
   <trkpt lat="48.5991400" lon="7.7909540">
    <ele>138.0</ele>
   </trkpt>
   <trkpt lat="48.5991160" lon="7.7909800">
    <ele>138.0</ele>
   </trkpt>
   <trkpt lat="48.5991030" lon="7.7910010">
    <ele>137.9</ele>
   </trkpt>
   <trkpt lat="48.5990790" lon="7.7910330">
    <ele>137.9</ele>
   </trkpt>
   <trkpt lat="48.5990570" lon="7.7910630">
    <ele>137.9</ele>
   </trkpt>
   <trkpt lat="48.5990190" lon="7.7910620">
    <ele>137.8</ele>
   </trkpt>
   <trkpt lat="48.5990030" lon="7.7910570">
    <ele>137.8</ele>
   </trkpt>
   <trkpt lat="48.5989670" lon="7.7910630">
    <ele>137.8</ele>
   </trkpt>
   <trkpt lat="48.5989310" lon="7.7910650">
    <ele>137.8</ele>
   </trkpt>
   <trkpt lat="48.5989030" lon="7.7910800">
    <ele>137.8</ele>
   </trkpt>
   <trkpt lat="48.5988630" lon="7.7910770">
    <ele>137.8</ele>
   </trkpt>
   <trkpt lat="48.5988460" lon="7.7910820">
    <ele>137.8</ele>
   </trkpt>
   <trkpt lat="48.5988050" lon="7.7910880">
    <ele>137.8</ele>
   </trkpt>
   <trkpt lat="48.5987900" lon="7.7910910">
    <ele>137.8</ele>
   </trkpt>
   <trkpt lat="48.5987510" lon="7.7910930">
    <ele>137.8</ele>
   </trkpt>
   <trkpt lat="48.5987380" lon="7.7910940">
    <ele>137.8</ele>
   </trkpt>
   <trkpt lat="48.5987050" lon="7.7910780">
    <ele>137.8</ele>
   </trkpt>
   <trkpt lat="48.5986650" lon="7.7910900">
    <ele>137.9</ele>
   </trkpt>
   <trkpt lat="48.5986500" lon="7.7910920">
    <ele>137.9</ele>
   </trkpt>
   <trkpt lat="48.5986200" lon="7.7911010">
    <ele>137.9</ele>
   </trkpt>
   <trkpt lat="48.5985760" lon="7.7910970">
    <ele>137.9</ele>
   </trkpt>
   <trkpt lat="48.5985570" lon="7.7910910">
    <ele>137.9</ele>
   </trkpt>
   <trkpt lat="48.5984940" lon="7.7910910">
    <ele>137.9</ele>
   </trkpt>
   <trkpt lat="48.5984530" lon="7.7910980">
    <ele>138.0</ele>
   </trkpt>
   <trkpt lat="48.5984390" lon="7.7910980">
    <ele>138.0</ele>
   </trkpt>
   <trkpt lat="48.5984020" lon="7.7910860">
    <ele>138.0</ele>
   </trkpt>
   <trkpt lat="48.5983920" lon="7.7910800">
    <ele>138.0</ele>
   </trkpt>
   <trkpt lat="48.5983530" lon="7.7910820">
    <ele>138.0</ele>
   </trkpt>
   <trkpt lat="48.5983390" lon="7.7910800">
    <ele>138.0</ele>
   </trkpt>
   <trkpt lat="48.5982970" lon="7.7910720">
    <ele>138.0</ele>
   </trkpt>
   <trkpt lat="48.5982800" lon="7.7910690">
    <ele>138.0</ele>
   </trkpt>
   <trkpt lat="48.5982500" lon="7.7910600">
    <ele>138.0</ele>
   </trkpt>
   <trkpt lat="48.5982150" lon="7.7910490">
    <ele>138.0</ele>
   </trkpt>
   <trkpt lat="48.5982030" lon="7.7910490">
    <ele>138.0</ele>
   </trkpt>
   <trkpt lat="48.5981670" lon="7.7910490">
    <ele>138.0</ele>
   </trkpt>
   <trkpt lat="48.5981540" lon="7.7910490">
    <ele>138.0</ele>
   </trkpt>
   <trkpt lat="48.5981130" lon="7.7910570">
    <ele>138.0</ele>
   </trkpt>
   <trkpt lat="48.5980760" lon="7.7910500">
    <ele>138.0</ele>
   </trkpt>
   <trkpt lat="48.5980480" lon="7.7910340">
    <ele>138.0</ele>
   </trkpt>
   <trkpt lat="48.5980130" lon="7.7910310">
    <ele>137.9</ele>
   </trkpt>
   <trkpt lat="48.5979860" lon="7.7910180">
    <ele>137.9</ele>
   </trkpt>
   <trkpt lat="48.5979450" lon="7.7910020">
    <ele>137.9</ele>
   </trkpt>
   <trkpt lat="48.5979290" lon="7.7909970">
    <ele>137.9</ele>
   </trkpt>
   <trkpt lat="48.5978910" lon="7.7909910">
    <ele>137.9</ele>
   </trkpt>
   <trkpt lat="48.5978520" lon="7.7909780">
    <ele>137.9</ele>
   </trkpt>
   <trkpt lat="48.5978360" lon="7.7909770">
    <ele>137.9</ele>
   </trkpt>
   <trkpt lat="48.5978070" lon="7.7909690">
    <ele>137.8</ele>
   </trkpt>
   <trkpt lat="48.5977770" lon="7.7909680">
    <ele>137.8</ele>
   </trkpt>
   <trkpt lat="48.5977390" lon="7.7909470">
    <ele>137.8</ele>
   </trkpt>
   <trkpt lat="48.5977250" lon="7.7909350">
    <ele>137.8</ele>
   </trkpt>
   <trkpt lat="48.5977000" lon="7.7909130">
    <ele>137.8</ele>
   </trkpt>
   <trkpt lat="48.5976700" lon="7.7909220">
    <ele>137.7</ele>
   </trkpt>
   <trkpt lat="48.5976360" lon="7.7909340">
    <ele>137.7</ele>
   </trkpt>
   <trkpt lat="48.5976030" lon="7.7909200">
    <ele>137.7</ele>
   </trkpt>
   <trkpt lat="48.5975760" lon="7.7909060">
    <ele>137.7</ele>
   </trkpt>
   <trkpt lat="48.5975450" lon="7.7908810">
    <ele>137.7</ele>
   </trkpt>
   <trkpt lat="48.5975000" lon="7.7908730">
    <ele>137.6</ele>
   </trkpt>
   <trkpt lat="48.5974810" lon="7.7908730">
    <ele>137.6</ele>
   </trkpt>
   <trkpt lat="48.5974480" lon="7.7908760">
    <ele>137.6</ele>
   </trkpt>
   <trkpt lat="48.5974180" lon="7.7908740">
    <ele>137.6</ele>
   </trkpt>
   <trkpt lat="48.5973880" lon="7.7908520">
    <ele>137.6</ele>
   </trkpt>
   <trkpt lat="48.5973760" lon="7.7908470">
    <ele>137.6</ele>
   </trkpt>
   <trkpt lat="48.5973420" lon="7.7908420">
    <ele>137.6</ele>
   </trkpt>
   <trkpt lat="48.5973290" lon="7.7908410">
    <ele>137.6</ele>
   </trkpt>
   <trkpt lat="48.5972990" lon="7.7908180">
    <ele>137.6</ele>
   </trkpt>
   <trkpt lat="48.5972630" lon="7.7908000">
    <ele>137.6</ele>
   </trkpt>
   <trkpt lat="48.5972230" lon="7.7907940">
    <ele>137.6</ele>
   </trkpt>
   <trkpt lat="48.5972050" lon="7.7908000">
    <ele>137.6</ele>
   </trkpt>
   <trkpt lat="48.5971780" lon="7.7908060">
    <ele>137.5</ele>
   </trkpt>
   <trkpt lat="48.5971480" lon="7.7907750">
    <ele>137.5</ele>
   </trkpt>
   <trkpt lat="48.5971370" lon="7.7907710">
    <ele>137.5</ele>
   </trkpt>
   <trkpt lat="48.5971090" lon="7.7907490">
    <ele>137.5</ele>
   </trkpt>
   <trkpt lat="48.5970740" lon="7.7907540">
    <ele>137.5</ele>
   </trkpt>
   <trkpt lat="48.5970480" lon="7.7907400">
    <ele>137.5</ele>
   </trkpt>
   <trkpt lat="48.5970120" lon="7.7907450">
    <ele>137.5</ele>
   </trkpt>
   <trkpt lat="48.5969780" lon="7.7907400">
    <ele>137.5</ele>
   </trkpt>
   <trkpt lat="48.5969470" lon="7.7907180">
    <ele>137.5</ele>
   </trkpt>
   <trkpt lat="48.5969220" lon="7.7906900">
    <ele>137.5</ele>
   </trkpt>
   <trkpt lat="48.5968890" lon="7.7906900">
    <ele>137.6</ele>
   </trkpt>
   <trkpt lat="48.5968780" lon="7.7906900">
    <ele>137.6</ele>
   </trkpt>
   <trkpt lat="48.5968500" lon="7.7906900">
    <ele>137.6</ele>
   </trkpt>
   <trkpt lat="48.5968120" lon="7.7906670">
    <ele>137.6</ele>
   </trkpt>
   <trkpt lat="48.5967970" lon="7.7906470">
    <ele>137.6</ele>
   </trkpt>
   <trkpt lat="48.5967620" lon="7.7906250">
    <ele>137.6</ele>
   </trkpt>
   <trkpt lat="48.5967490" lon="7.7906050">
    <ele>137.6</ele>
   </trkpt>
   <trkpt lat="48.5967250" lon="7.7905700">
    <ele>137.6</ele>
   </trkpt>
   <trkpt lat="48.5966960" lon="7.7905360">
    <ele>137.6</ele>
   </trkpt>
   <trkpt lat="48.5966760" lon="7.7905060">
    <ele>137.6</ele>
   </trkpt>
   <trkpt lat="48.5966500" lon="7.7904710">
    <ele>137.7</ele>
   </trkpt>
   <trkpt lat="48.5966420" lon="7.7904590">
    <ele>137.7</ele>
   </trkpt>
   <trkpt lat="48.5966200" lon="7.7904150">
    <ele>137.7</ele>
   </trkpt>
   <trkpt lat="48.5965930" lon="7.7903860">
    <ele>137.7</ele>
   </trkpt>
   <trkpt lat="48.5965800" lon="7.7903780">
    <ele>137.7</ele>
   </trkpt>
   <trkpt lat="48.5965470" lon="7.7903450">
    <ele>137.7</ele>
   </trkpt>
   <trkpt lat="48.5965150" lon="7.7903230">
    <ele>137.7</ele>
   </trkpt>
   <trkpt lat="48.5964930" lon="7.7902930">
    <ele>137.7</ele>
   </trkpt>
   <trkpt lat="48.5964740" lon="7.7902560">
    <ele>137.7</ele>
   </trkpt>
   <trkpt lat="48.5964770" lon="7.7901860">
    <ele>137.7</ele>
   </trkpt>
   <trkpt lat="48.5964590" lon="7.7901560">
    <ele>137.7</ele>
   </trkpt>
   <trkpt lat="48.5964250" lon="7.7901390">
    <ele>137.7</ele>
   </trkpt>
   <trkpt lat="48.5964140" lon="7.7900930">
    <ele>137.7</ele>
   </trkpt>
   <trkpt lat="48.5963940" lon="7.7900430">
    <ele>137.7</ele>
   </trkpt>
   <trkpt lat="48.5963770" lon="7.7900260">
    <ele>137.7</ele>
   </trkpt>
   <trkpt lat="48.5963560" lon="7.7899860">
    <ele>137.7</ele>
   </trkpt>
   <trkpt lat="48.5963280" lon="7.7899590">
    <ele>137.7</ele>
   </trkpt>
   <trkpt lat="48.5963080" lon="7.7899180">
    <ele>137.8</ele>
   </trkpt>
   <trkpt lat="48.5962780" lon="7.7898830">
    <ele>137.8</ele>
   </trkpt>
   <trkpt lat="48.5962690" lon="7.7898680">
    <ele>137.8</ele>
   </trkpt>
   <trkpt lat="48.5962570" lon="7.7898190">
    <ele>137.8</ele>
   </trkpt>
   <trkpt lat="48.5962490" lon="7.7898020">
    <ele>137.8</ele>
   </trkpt>
   <trkpt lat="48.5962320" lon="7.7897460">
    <ele>137.8</ele>
   </trkpt>
   <trkpt lat="48.5962260" lon="7.7897260">
    <ele>137.8</ele>
   </trkpt>
   <trkpt lat="48.5962110" lon="7.7896770">
    <ele>137.8</ele>
   </trkpt>
   <trkpt lat="48.5962010" lon="7.7896530">
    <ele>137.8</ele>
   </trkpt>
   <trkpt lat="48.5961980" lon="7.7896050">
    <ele>137.8</ele>
   </trkpt>
   <trkpt lat="48.5961880" lon="7.7895620">
    <ele>137.8</ele>
   </trkpt>
   <trkpt lat="48.5961840" lon="7.7895470">
    <ele>137.8</ele>
   </trkpt>
   <trkpt lat="48.5961720" lon="7.7895050">
    <ele>137.9</ele>
   </trkpt>
   <trkpt lat="48.5961540" lon="7.7894610">
    <ele>137.9</ele>
   </trkpt>
   <trkpt lat="48.5961380" lon="7.7894080">
    <ele>137.9</ele>
   </trkpt>
   <trkpt lat="48.5961240" lon="7.7893930">
    <ele>137.9</ele>
   </trkpt>
   <trkpt lat="48.5961240" lon="7.7893470">
    <ele>137.9</ele>
   </trkpt>
   <trkpt lat="48.5961070" lon="7.7893040">
    <ele>138.0</ele>
   </trkpt>
   <trkpt lat="48.5961100" lon="7.7892590">
    <ele>138.0</ele>
   </trkpt>
   <trkpt lat="48.5960990" lon="7.7892210">
    <ele>138.0</ele>
   </trkpt>
   <trkpt lat="48.5960700" lon="7.7891990">
    <ele>138.0</ele>
   </trkpt>
   <trkpt lat="48.5960410" lon="7.7892330">
    <ele>138.1</ele>
   </trkpt>
   <trkpt lat="48.5960240" lon="7.7892500">
    <ele>138.1</ele>
   </trkpt>
   <trkpt lat="48.5959990" lon="7.7892750">
    <ele>138.1</ele>
   </trkpt>
   <trkpt lat="48.5959640" lon="7.7893130">
    <ele>138.1</ele>
   </trkpt>
   <trkpt lat="48.5959450" lon="7.7893560">
    <ele>138.1</ele>
   </trkpt>
   <trkpt lat="48.5959100" lon="7.7893720">
    <ele>138.2</ele>
   </trkpt>
   <trkpt lat="48.5958990" lon="7.7893760">
    <ele>138.2</ele>
   </trkpt>
   <trkpt lat="48.5958660" lon="7.7894160">
    <ele>138.2</ele>
   </trkpt>
   <trkpt lat="48.5958550" lon="7.7894340">
    <ele>138.2</ele>
   </trkpt>
   <trkpt lat="48.5958320" lon="7.7894730">
    <ele>138.2</ele>
   </trkpt>
   <trkpt lat="48.5958080" lon="7.7895030">
    <ele>138.2</ele>
   </trkpt>
   <trkpt lat="48.5957800" lon="7.7895360">
    <ele>138.3</ele>
   </trkpt>
   <trkpt lat="48.5957680" lon="7.7895470">
    <ele>138.3</ele>
   </trkpt>
   <trkpt lat="48.5957410" lon="7.7895740">
    <ele>138.3</ele>
   </trkpt>
   <trkpt lat="48.5957080" lon="7.7896140">
    <ele>138.3</ele>
   </trkpt>
   <trkpt lat="48.5956930" lon="7.7896240">
    <ele>138.3</ele>
   </trkpt>
   <trkpt lat="48.5956750" lon="7.7896610">
    <ele>138.3</ele>
   </trkpt>
   <trkpt lat="48.5956730" lon="7.7897150">
    <ele>138.4</ele>
   </trkpt>
   <trkpt lat="48.5956670" lon="7.7897990">
    <ele>138.4</ele>
   </trkpt>
   <trkpt lat="48.5956600" lon="7.7898490">
    <ele>138.4</ele>
   </trkpt>
   <trkpt lat="48.5956350" lon="7.7898730">
    <ele>138.4</ele>
   </trkpt>
   <trkpt lat="48.5956210" lon="7.7899150">
    <ele>138.4</ele>
   </trkpt>
   <trkpt lat="48.5956100" lon="7.7899660">
    <ele>138.4</ele>
   </trkpt>
   <trkpt lat="48.5955930" lon="7.7900140">
    <ele>138.4</ele>
   </trkpt>
   <trkpt lat="48.5955870" lon="7.7900660">
    <ele>138.5</ele>
   </trkpt>
   <trkpt lat="48.5955840" lon="7.7900850">
    <ele>138.5</ele>
   </trkpt>
   <trkpt lat="48.5955720" lon="7.7901430">
    <ele>138.5</ele>
   </trkpt>
   <trkpt lat="48.5955520" lon="7.7902000">
    <ele>138.5</ele>
   </trkpt>
   <trkpt lat="48.5955430" lon="7.7902190">
    <ele>138.5</ele>
   </trkpt>
   <trkpt lat="48.5955300" lon="7.7902840">
    <ele>138.5</ele>
   </trkpt>
   <trkpt lat="48.5955230" lon="7.7903210">
    <ele>138.6</ele>
   </trkpt>
   <trkpt lat="48.5955160" lon="7.7903410">
    <ele>138.6</ele>
   </trkpt>
   <trkpt lat="48.5954860" lon="7.7903700">
    <ele>138.6</ele>
   </trkpt>
   <trkpt lat="48.5954590" lon="7.7903960">
    <ele>138.6</ele>
   </trkpt>
   <trkpt lat="48.5954330" lon="7.7904270">
    <ele>138.6</ele>
   </trkpt>
   <trkpt lat="48.5954130" lon="7.7904840">
    <ele>138.6</ele>
   </trkpt>
   <trkpt lat="48.5953960" lon="7.7905200">
    <ele>138.6</ele>
   </trkpt>
   <trkpt lat="48.5953780" lon="7.7905520">
    <ele>138.6</ele>
   </trkpt>
   <trkpt lat="48.5953650" lon="7.7906000">
    <ele>138.7</ele>
   </trkpt>
   <trkpt lat="48.5953620" lon="7.7906100">
    <ele>138.7</ele>
   </trkpt>
   <trkpt lat="48.5953500" lon="7.7906750">
    <ele>138.7</ele>
   </trkpt>
   <trkpt lat="48.5953380" lon="7.7907320">
    <ele>138.7</ele>
   </trkpt>
   <trkpt lat="48.5953140" lon="7.7907930">
    <ele>138.7</ele>
   </trkpt>
   <trkpt lat="48.5953030" lon="7.7908220">
    <ele>138.6</ele>
   </trkpt>
   <trkpt lat="48.5952880" lon="7.7908590">
    <ele>138.6</ele>
   </trkpt>
   <trkpt lat="48.5952720" lon="7.7908990">
    <ele>138.6</ele>
   </trkpt>
   <trkpt lat="48.5952580" lon="7.7909520">
    <ele>138.6</ele>
   </trkpt>
   <trkpt lat="48.5952520" lon="7.7909690">
    <ele>138.6</ele>
   </trkpt>
   <trkpt lat="48.5952250" lon="7.7910150">
    <ele>138.6</ele>
   </trkpt>
   <trkpt lat="48.5952180" lon="7.7910370">
    <ele>138.5</ele>
   </trkpt>
   <trkpt lat="48.5951900" lon="7.7910800">
    <ele>138.5</ele>
   </trkpt>
   <trkpt lat="48.5951780" lon="7.7910980">
    <ele>138.5</ele>
   </trkpt>
   <trkpt lat="48.5951640" lon="7.7911490">
    <ele>138.4</ele>
   </trkpt>
   <trkpt lat="48.5951630" lon="7.7911690">
    <ele>138.4</ele>
   </trkpt>
   <trkpt lat="48.5951540" lon="7.7912200">
    <ele>138.3</ele>
   </trkpt>
   <trkpt lat="48.5951440" lon="7.7912730">
    <ele>138.3</ele>
   </trkpt>
   <trkpt lat="48.5951380" lon="7.7912930">
    <ele>138.2</ele>
   </trkpt>
   <trkpt lat="48.5951270" lon="7.7913430">
    <ele>138.1</ele>
   </trkpt>
   <trkpt lat="48.5951260" lon="7.7913660">
    <ele>138.1</ele>
   </trkpt>
   <trkpt lat="48.5951220" lon="7.7914110">
    <ele>138.0</ele>
   </trkpt>
   <trkpt lat="48.5951190" lon="7.7914590">
    <ele>137.9</ele>
   </trkpt>
   <trkpt lat="48.5951230" lon="7.7915030">
    <ele>137.8</ele>
   </trkpt>
   <trkpt lat="48.5950960" lon="7.7915350">
    <ele>137.7</ele>
   </trkpt>
   <trkpt lat="48.5950880" lon="7.7915940">
    <ele>137.6</ele>
   </trkpt>
   <trkpt lat="48.5950830" lon="7.7916130">
    <ele>137.6</ele>
   </trkpt>
   <trkpt lat="48.5950590" lon="7.7916490">
    <ele>137.6</ele>
   </trkpt>
   <trkpt lat="48.5950360" lon="7.7916770">
    <ele>137.6</ele>
   </trkpt>
   <trkpt lat="48.5950070" lon="7.7916790">
    <ele>137.5</ele>
   </trkpt>
   <trkpt lat="48.5949810" lon="7.7917070">
    <ele>137.5</ele>
   </trkpt>
   <trkpt lat="48.5949450" lon="7.7917410">
    <ele>137.5</ele>
   </trkpt>
   <trkpt lat="48.5949080" lon="7.7917640">
    <ele>137.5</ele>
   </trkpt>
   <trkpt lat="48.5948970" lon="7.7917780">
    <ele>137.5</ele>
   </trkpt>
   <trkpt lat="48.5948670" lon="7.7917730">
    <ele>137.5</ele>
   </trkpt>
   <trkpt lat="48.5948580" lon="7.7917730">
    <ele>137.4</ele>
   </trkpt>
   <trkpt lat="48.5948300" lon="7.7917710">
    <ele>137.4</ele>
   </trkpt>
   <trkpt lat="48.5947930" lon="7.7917540">
    <ele>137.4</ele>
   </trkpt>
   <trkpt lat="48.5947820" lon="7.7917440">
    <ele>137.4</ele>
   </trkpt>
   <trkpt lat="48.5947470" lon="7.7917590">
    <ele>137.4</ele>
   </trkpt>
   <trkpt lat="48.5947350" lon="7.7917650">
    <ele>137.4</ele>
   </trkpt>
   <trkpt lat="48.5947090" lon="7.7917540">
    <ele>137.4</ele>
   </trkpt>
   <trkpt lat="48.5946780" lon="7.7917550">
    <ele>137.4</ele>
   </trkpt>
   <trkpt lat="48.5946440" lon="7.7917570">
    <ele>137.4</ele>
   </trkpt>
   <trkpt lat="48.5946120" lon="7.7917650">
    <ele>137.4</ele>
   </trkpt>
   <trkpt lat="48.5945740" lon="7.7917700">
    <ele>137.4</ele>
   </trkpt>
   <trkpt lat="48.5945590" lon="7.7917690">
    <ele>137.4</ele>
   </trkpt>
   <trkpt lat="48.5945300" lon="7.7917590">
    <ele>137.4</ele>
   </trkpt>
   <trkpt lat="48.5944920" lon="7.7917490">
    <ele>137.4</ele>
   </trkpt>
   <trkpt lat="48.5944770" lon="7.7917530">
    <ele>137.4</ele>
   </trkpt>
   <trkpt lat="48.5944370" lon="7.7917620">
    <ele>137.5</ele>
   </trkpt>
   <trkpt lat="48.5944230" lon="7.7917670">
    <ele>137.5</ele>
   </trkpt>
   <trkpt lat="48.5943850" lon="7.7917680">
    <ele>137.5</ele>
   </trkpt>
   <trkpt lat="48.5943710" lon="7.7917690">
    <ele>137.5</ele>
   </trkpt>
   <trkpt lat="48.5943430" lon="7.7917700">
    <ele>137.5</ele>
   </trkpt>
   <trkpt lat="48.5943040" lon="7.7917960">
    <ele>137.4</ele>
   </trkpt>
   <trkpt lat="48.5942880" lon="7.7918010">
    <ele>137.4</ele>
   </trkpt>
   <trkpt lat="48.5942590" lon="7.7918000">
    <ele>137.4</ele>
   </trkpt>
   <trkpt lat="48.5942310" lon="7.7917960">
    <ele>137.4</ele>
   </trkpt>
   <trkpt lat="48.5941940" lon="7.7917960">
    <ele>137.4</ele>
   </trkpt>
   <trkpt lat="48.5941820" lon="7.7918040">
    <ele>137.4</ele>
   </trkpt>
   <trkpt lat="48.5941600" lon="7.7917720">
    <ele>137.4</ele>
   </trkpt>
   <trkpt lat="48.5941130" lon="7.7917590">
    <ele>137.4</ele>
   </trkpt>
   <trkpt lat="48.5940920" lon="7.7917550">
    <ele>137.4</ele>
   </trkpt>
   <trkpt lat="48.5940590" lon="7.7917390">
    <ele>137.4</ele>
   </trkpt>
   <trkpt lat="48.5940330" lon="7.7917020">
    <ele>137.4</ele>
   </trkpt>
   <trkpt lat="48.5940090" lon="7.7916680">
    <ele>137.4</ele>
   </trkpt>
   <trkpt lat="48.5939890" lon="7.7916350">
    <ele>137.4</ele>
   </trkpt>
   <trkpt lat="48.5939560" lon="7.7916070">
    <ele>137.4</ele>
   </trkpt>
   <trkpt lat="48.5939230" lon="7.7915840">
    <ele>137.4</ele>
   </trkpt>
   <trkpt lat="48.5939030" lon="7.7915770">
    <ele>137.4</ele>
   </trkpt>
   <trkpt lat="48.5938720" lon="7.7915510">
    <ele>137.4</ele>
   </trkpt>
   <trkpt lat="48.5938600" lon="7.7915400">
    <ele>137.4</ele>
   </trkpt>
   <trkpt lat="48.5938320" lon="7.7915270">
    <ele>137.4</ele>
   </trkpt>
   <trkpt lat="48.5938020" lon="7.7915010">
    <ele>137.5</ele>
   </trkpt>
   <trkpt lat="48.5937710" lon="7.7914580">
    <ele>137.5</ele>
   </trkpt>
   <trkpt lat="48.5937620" lon="7.7914360">
    <ele>137.5</ele>
   </trkpt>
   <trkpt lat="48.5937290" lon="7.7914050">
    <ele>137.5</ele>
   </trkpt>
   <trkpt lat="48.5937170" lon="7.7913940">
    <ele>137.5</ele>
   </trkpt>
   <trkpt lat="48.5936940" lon="7.7913680">
    <ele>137.5</ele>
   </trkpt>
   <trkpt lat="48.5936720" lon="7.7913430">
    <ele>137.5</ele>
   </trkpt>
   <trkpt lat="48.5936470" lon="7.7913230">
    <ele>137.5</ele>
   </trkpt>
   <trkpt lat="48.5936100" lon="7.7912920">
    <ele>137.5</ele>
   </trkpt>
   <trkpt lat="48.5935960" lon="7.7912820">
    <ele>137.5</ele>
   </trkpt>
   <trkpt lat="48.5935730" lon="7.7912500">
    <ele>137.6</ele>
   </trkpt>
   <trkpt lat="48.5935470" lon="7.7912340">
    <ele>137.6</ele>
   </trkpt>
   <trkpt lat="48.5935250" lon="7.7911990">
    <ele>137.6</ele>
   </trkpt>
   <trkpt lat="48.5935060" lon="7.7911670">
    <ele>137.6</ele>
   </trkpt>
   <trkpt lat="48.5934860" lon="7.7911460">
    <ele>137.6</ele>
   </trkpt>
   <trkpt lat="48.5934610" lon="7.7911260">
    <ele>137.6</ele>
   </trkpt>
   <trkpt lat="48.5934390" lon="7.7910990">
    <ele>137.7</ele>
   </trkpt>
   <trkpt lat="48.5934120" lon="7.7910780">
    <ele>137.7</ele>
   </trkpt>
   <trkpt lat="48.5933860" lon="7.7910650">
    <ele>137.7</ele>
   </trkpt>
   <trkpt lat="48.5933590" lon="7.7910420">
    <ele>137.7</ele>
   </trkpt>
   <trkpt lat="48.5933440" lon="7.7910030">
    <ele>137.7</ele>
   </trkpt>
   <trkpt lat="48.5933150" lon="7.7909830">
    <ele>137.7</ele>
   </trkpt>
   <trkpt lat="48.5933020" lon="7.7909770">
    <ele>137.7</ele>
   </trkpt>
   <trkpt lat="48.5932760" lon="7.7909560">
    <ele>137.7</ele>
   </trkpt>
   <trkpt lat="48.5932560" lon="7.7909180">
    <ele>137.7</ele>
   </trkpt>
   <trkpt lat="48.5932370" lon="7.7908840">
    <ele>137.7</ele>
   </trkpt>
   <trkpt lat="48.5932150" lon="7.7908590">
    <ele>137.7</ele>
   </trkpt>
   <trkpt lat="48.5931800" lon="7.7908270">
    <ele>137.7</ele>
   </trkpt>
   <trkpt lat="48.5931630" lon="7.7908210">
    <ele>137.7</ele>
   </trkpt>
   <trkpt lat="48.5931140" lon="7.7907720">
    <ele>137.7</ele>
   </trkpt>
   <trkpt lat="48.5930850" lon="7.7907700">
    <ele>137.7</ele>
   </trkpt>
   <trkpt lat="48.5930650" lon="7.7907410">
    <ele>137.7</ele>
   </trkpt>
   <trkpt lat="48.5930470" lon="7.7907110">
    <ele>137.7</ele>
   </trkpt>
   <trkpt lat="48.5930160" lon="7.7906850">
    <ele>137.7</ele>
   </trkpt>
   <trkpt lat="48.5929990" lon="7.7906760">
    <ele>137.7</ele>
   </trkpt>
   <trkpt lat="48.5929720" lon="7.7906620">
    <ele>137.7</ele>
   </trkpt>
   <trkpt lat="48.5929400" lon="7.7906420">
    <ele>137.7</ele>
   </trkpt>
   <trkpt lat="48.5929320" lon="7.7906330">
    <ele>137.7</ele>
   </trkpt>
   <trkpt lat="48.5929100" lon="7.7905830">
    <ele>137.7</ele>
   </trkpt>
   <trkpt lat="48.5928870" lon="7.7905550">
    <ele>137.8</ele>
   </trkpt>
   <trkpt lat="48.5928530" lon="7.7905400">
    <ele>137.8</ele>
   </trkpt>
   <trkpt lat="48.5928440" lon="7.7905310">
    <ele>137.8</ele>
   </trkpt>
   <trkpt lat="48.5928100" lon="7.7905030">
    <ele>137.8</ele>
   </trkpt>
   <trkpt lat="48.5927960" lon="7.7905020">
    <ele>137.8</ele>
   </trkpt>
   <trkpt lat="48.5927640" lon="7.7904680">
    <ele>137.8</ele>
   </trkpt>
   <trkpt lat="48.5927470" lon="7.7904500">
    <ele>137.8</ele>
   </trkpt>
   <trkpt lat="48.5927310" lon="7.7904100">
    <ele>137.8</ele>
   </trkpt>
   <trkpt lat="48.5927130" lon="7.7904060">
    <ele>137.8</ele>
   </trkpt>
   <trkpt lat="48.5926890" lon="7.7903830">
    <ele>137.8</ele>
   </trkpt>
   <trkpt lat="48.5926580" lon="7.7903530">
    <ele>137.8</ele>
   </trkpt>
   <trkpt lat="48.5926490" lon="7.7903420">
    <ele>137.8</ele>
   </trkpt>
   <trkpt lat="48.5926220" lon="7.7903200">
    <ele>137.8</ele>
   </trkpt>
   <trkpt lat="48.5925840" lon="7.7902980">
    <ele>137.8</ele>
   </trkpt>
   <trkpt lat="48.5925590" lon="7.7902700">
    <ele>137.8</ele>
   </trkpt>
   <trkpt lat="48.5925360" lon="7.7902450">
    <ele>137.8</ele>
   </trkpt>
   <trkpt lat="48.5925100" lon="7.7902320">
    <ele>137.8</ele>
   </trkpt>
   <trkpt lat="48.5924840" lon="7.7902210">
    <ele>137.8</ele>
   </trkpt>
   <trkpt lat="48.5924610" lon="7.7901820">
    <ele>137.8</ele>
   </trkpt>
   <trkpt lat="48.5924580" lon="7.7901680">
    <ele>137.8</ele>
   </trkpt>
   <trkpt lat="48.5924240" lon="7.7901640">
    <ele>137.8</ele>
   </trkpt>
   <trkpt lat="48.5924140" lon="7.7901110">
    <ele>137.8</ele>
   </trkpt>
   <trkpt lat="48.5924160" lon="7.7900700">
    <ele>137.7</ele>
   </trkpt>
   <trkpt lat="48.5924380" lon="7.7900210">
    <ele>137.7</ele>
   </trkpt>
   <trkpt lat="48.5924650" lon="7.7899780">
    <ele>137.7</ele>
   </trkpt>
   <trkpt lat="48.5924880" lon="7.7899470">
    <ele>137.6</ele>
   </trkpt>
   <trkpt lat="48.5925160" lon="7.7899340">
    <ele>137.6</ele>
   </trkpt>
   <trkpt lat="48.5925410" lon="7.7899010">
    <ele>137.6</ele>
   </trkpt>
   <trkpt lat="48.5925730" lon="7.7898920">
    <ele>137.6</ele>
   </trkpt>
   <trkpt lat="48.5925920" lon="7.7898450">
    <ele>137.6</ele>
   </trkpt>
   <trkpt lat="48.5926020" lon="7.7898020">
    <ele>137.6</ele>
   </trkpt>
   <trkpt lat="48.5926160" lon="7.7897650">
    <ele>137.5</ele>
   </trkpt>
   <trkpt lat="48.5926430" lon="7.7897240">
    <ele>137.5</ele>
   </trkpt>
   <trkpt lat="48.5926540" lon="7.7897090">
    <ele>137.5</ele>
   </trkpt>
   <trkpt lat="48.5926840" lon="7.7896760">
    <ele>137.5</ele>
   </trkpt>
   <trkpt lat="48.5926980" lon="7.7896690">
    <ele>137.5</ele>
   </trkpt>
   <trkpt lat="48.5927200" lon="7.7896450">
    <ele>137.5</ele>
   </trkpt>
   <trkpt lat="48.5927220" lon="7.7895880">
    <ele>137.5</ele>
   </trkpt>
   <trkpt lat="48.5927310" lon="7.7895390">
    <ele>137.5</ele>
   </trkpt>
   <trkpt lat="48.5927430" lon="7.7894950">
    <ele>137.5</ele>
   </trkpt>
   <trkpt lat="48.5927730" lon="7.7894540">
    <ele>137.4</ele>
   </trkpt>
   <trkpt lat="48.5927850" lon="7.7894410">
    <ele>137.4</ele>
   </trkpt>
   <trkpt lat="48.5928060" lon="7.7894150">
    <ele>137.4</ele>
   </trkpt>
   <trkpt lat="48.5928210" lon="7.7893740">
    <ele>137.4</ele>
   </trkpt>
   <trkpt lat="48.5928410" lon="7.7893440">
    <ele>137.4</ele>
   </trkpt>
   <trkpt lat="48.5928680" lon="7.7893250">
    <ele>137.4</ele>
   </trkpt>
   <trkpt lat="48.5928930" lon="7.7892880">
    <ele>137.4</ele>
   </trkpt>
   <trkpt lat="48.5928980" lon="7.7892740">
    <ele>137.4</ele>
   </trkpt>
   <trkpt lat="48.5929390" lon="7.7892680">
    <ele>137.4</ele>
   </trkpt>
   <trkpt lat="48.5929410" lon="7.7892020">
    <ele>137.5</ele>
   </trkpt>
   <trkpt lat="48.5929570" lon="7.7891620">
    <ele>137.5</ele>
   </trkpt>
   <trkpt lat="48.5929650" lon="7.7891200">
    <ele>137.5</ele>
   </trkpt>
   <trkpt lat="48.5929850" lon="7.7890910">
    <ele>137.5</ele>
   </trkpt>
   <trkpt lat="48.5930050" lon="7.7890530">
    <ele>137.6</ele>
   </trkpt>
   <trkpt lat="48.5930150" lon="7.7890130">
    <ele>137.6</ele>
   </trkpt>
   <trkpt lat="48.5930400" lon="7.7889760">
    <ele>137.6</ele>
   </trkpt>
   <trkpt lat="48.5930500" lon="7.7889620">
    <ele>137.6</ele>
   </trkpt>
   <trkpt lat="48.5930780" lon="7.7889240">
    <ele>137.7</ele>
   </trkpt>
   <trkpt lat="48.5931020" lon="7.7888920">
    <ele>137.7</ele>
   </trkpt>
   <trkpt lat="48.5931210" lon="7.7888450">
    <ele>137.7</ele>
   </trkpt>
   <trkpt lat="48.5931430" lon="7.7887990">
    <ele>137.8</ele>
   </trkpt>
   <trkpt lat="48.5931500" lon="7.7887820">
    <ele>137.8</ele>
   </trkpt>
   <trkpt lat="48.5931690" lon="7.7887520">
    <ele>137.8</ele>
   </trkpt>
   <trkpt lat="48.5931840" lon="7.7887080">
    <ele>137.8</ele>
   </trkpt>
   <trkpt lat="48.5932040" lon="7.7886650">
    <ele>137.8</ele>
   </trkpt>
   <trkpt lat="48.5932270" lon="7.7886160">
    <ele>137.9</ele>
   </trkpt>
   <trkpt lat="48.5932360" lon="7.7886000">
    <ele>137.9</ele>
   </trkpt>
   <trkpt lat="48.5932580" lon="7.7885550">
    <ele>137.9</ele>
   </trkpt>
   <trkpt lat="48.5932660" lon="7.7885410">
    <ele>137.9</ele>
   </trkpt>
   <trkpt lat="48.5932900" lon="7.7885110">
    <ele>137.9</ele>
   </trkpt>
   <trkpt lat="48.5933100" lon="7.7884780">
    <ele>137.9</ele>
   </trkpt>
   <trkpt lat="48.5933260" lon="7.7884230">
    <ele>137.9</ele>
   </trkpt>
   <trkpt lat="48.5933310" lon="7.7884050">
    <ele>137.9</ele>
   </trkpt>
   <trkpt lat="48.5933310" lon="7.7883550">
    <ele>137.9</ele>
   </trkpt>
   <trkpt lat="48.5933290" lon="7.7883030">
    <ele>137.9</ele>
   </trkpt>
   <trkpt lat="48.5933060" lon="7.7882570">
    <ele>138.0</ele>
   </trkpt>
   <trkpt lat="48.5932880" lon="7.7882140">
    <ele>138.0</ele>
   </trkpt>
   <trkpt lat="48.5932740" lon="7.7882020">
    <ele>138.0</ele>
   </trkpt>
   <trkpt lat="48.5932390" lon="7.7881770">
    <ele>138.0</ele>
   </trkpt>
   <trkpt lat="48.5932280" lon="7.7881600">
    <ele>138.0</ele>
   </trkpt>
   <trkpt lat="48.5932070" lon="7.7881130">
    <ele>138.0</ele>
   </trkpt>
   <trkpt lat="48.5932010" lon="7.7880950">
    <ele>138.0</ele>
   </trkpt>
   <trkpt lat="48.5931740" lon="7.7880500">
    <ele>138.0</ele>
   </trkpt>
   <trkpt lat="48.5931640" lon="7.7880340">
    <ele>138.0</ele>
   </trkpt>
   <trkpt lat="48.5931380" lon="7.7879870">
    <ele>138.0</ele>
   </trkpt>
   <trkpt lat="48.5931270" lon="7.7879730">
    <ele>138.0</ele>
   </trkpt>
   <trkpt lat="48.5931110" lon="7.7879370">
    <ele>138.1</ele>
   </trkpt>
   <trkpt lat="48.5930960" lon="7.7878980">
    <ele>138.1</ele>
   </trkpt>
   <trkpt lat="48.5930810" lon="7.7878640">
    <ele>138.1</ele>
   </trkpt>
   <trkpt lat="48.5930560" lon="7.7878200">
    <ele>138.1</ele>
   </trkpt>
   <trkpt lat="48.5930470" lon="7.7878080">
    <ele>138.1</ele>
   </trkpt>
   <trkpt lat="48.5930520" lon="7.7877540">
    <ele>138.1</ele>
   </trkpt>
   <trkpt lat="48.5930470" lon="7.7877090">
    <ele>138.0</ele>
   </trkpt>
   <trkpt lat="48.5930490" lon="7.7876640">
    <ele>138.0</ele>
   </trkpt>
   <trkpt lat="48.5930300" lon="7.7876320">
    <ele>138.0</ele>
   </trkpt>
   <trkpt lat="48.5930010" lon="7.7876120">
    <ele>138.0</ele>
   </trkpt>
   <trkpt lat="48.5929760" lon="7.7875800">
    <ele>138.0</ele>
   </trkpt>
   <trkpt lat="48.5929580" lon="7.7875450">
    <ele>138.0</ele>
   </trkpt>
   <trkpt lat="48.5929410" lon="7.7874990">
    <ele>138.0</ele>
   </trkpt>
   <trkpt lat="48.5929220" lon="7.7874580">
    <ele>138.0</ele>
   </trkpt>
   <trkpt lat="48.5929170" lon="7.7874210">
    <ele>138.0</ele>
   </trkpt>
   <trkpt lat="48.5929030" lon="7.7873970">
    <ele>138.0</ele>
   </trkpt>
   <trkpt lat="48.5928910" lon="7.7873430">
    <ele>138.0</ele>
   </trkpt>
   <trkpt lat="48.5928890" lon="7.7873260">
    <ele>138.0</ele>
   </trkpt>
   <trkpt lat="48.5928800" lon="7.7872750">
    <ele>138.0</ele>
   </trkpt>
   <trkpt lat="48.5928730" lon="7.7872280">
    <ele>138.0</ele>
   </trkpt>
   <trkpt lat="48.5928750" lon="7.7871870">
    <ele>138.0</ele>
   </trkpt>
   <trkpt lat="48.5928760" lon="7.7871420">
    <ele>138.0</ele>
   </trkpt>
   <trkpt lat="48.5928940" lon="7.7871030">
    <ele>137.9</ele>
   </trkpt>
   <trkpt lat="48.5928880" lon="7.7870590">
    <ele>137.9</ele>
   </trkpt>
   <trkpt lat="48.5929180" lon="7.7870310">
    <ele>138.0</ele>
   </trkpt>
   <trkpt lat="48.5929390" lon="7.7869910">
    <ele>138.0</ele>
   </trkpt>
   <trkpt lat="48.5929560" lon="7.7869500">
    <ele>137.9</ele>
   </trkpt>
   <trkpt lat="48.5929740" lon="7.7869110">
    <ele>137.9</ele>
   </trkpt>
   <trkpt lat="48.5930030" lon="7.7868480">
    <ele>137.9</ele>
   </trkpt>
   <trkpt lat="48.5930180" lon="7.7868170">
    <ele>137.9</ele>
   </trkpt>
   <trkpt lat="48.5930400" lon="7.7867930">
    <ele>137.9</ele>
   </trkpt>
   <trkpt lat="48.5930510" lon="7.7867490">
    <ele>137.9</ele>
   </trkpt>
   <trkpt lat="48.5930700" lon="7.7867180">
    <ele>137.9</ele>
   </trkpt>
   <trkpt lat="48.5930890" lon="7.7866840">
    <ele>137.9</ele>
   </trkpt>
   <trkpt lat="48.5931130" lon="7.7866540">
    <ele>137.9</ele>
   </trkpt>
   <trkpt lat="48.5931340" lon="7.7866200">
    <ele>137.8</ele>
   </trkpt>
   <trkpt lat="48.5931530" lon="7.7865910">
    <ele>137.8</ele>
   </trkpt>
   <trkpt lat="48.5931760" lon="7.7865580">
    <ele>137.8</ele>
   </trkpt>
   <trkpt lat="48.5932130" lon="7.7865500">
    <ele>137.8</ele>
   </trkpt>
   <trkpt lat="48.5932320" lon="7.7865170">
    <ele>137.8</ele>
   </trkpt>
   <trkpt lat="48.5932840" lon="7.7865550">
    <ele>137.8</ele>
   </trkpt>
   <trkpt lat="48.5933030" lon="7.7865240">
    <ele>137.8</ele>
   </trkpt>
   <trkpt lat="48.5933350" lon="7.7865290">
    <ele>137.8</ele>
   </trkpt>
   <trkpt lat="48.5933690" lon="7.7865490">
    <ele>137.8</ele>
   </trkpt>
   <trkpt lat="48.5933980" lon="7.7865450">
    <ele>137.8</ele>
   </trkpt>
   <trkpt lat="48.5934220" lon="7.7865120">
    <ele>137.8</ele>
   </trkpt>
   <trkpt lat="48.5934340" lon="7.7864280">
    <ele>137.8</ele>
   </trkpt>
   <trkpt lat="48.5934290" lon="7.7863850">
    <ele>137.8</ele>
   </trkpt>
   <trkpt lat="48.5934550" lon="7.7863440">
    <ele>137.8</ele>
   </trkpt>
   <trkpt lat="48.5934800" lon="7.7863110">
    <ele>137.8</ele>
   </trkpt>
   <trkpt lat="48.5935000" lon="7.7862590">
    <ele>137.8</ele>
   </trkpt>
   <trkpt lat="48.5935080" lon="7.7862420">
    <ele>137.8</ele>
   </trkpt>
   <trkpt lat="48.5935320" lon="7.7862150">
    <ele>137.8</ele>
   </trkpt>
   <trkpt lat="48.5935640" lon="7.7861990">
    <ele>137.8</ele>
   </trkpt>
   <trkpt lat="48.5935940" lon="7.7861680">
    <ele>137.8</ele>
   </trkpt>
   <trkpt lat="48.5936050" lon="7.7861550">
    <ele>137.8</ele>
   </trkpt>
   <trkpt lat="48.5936280" lon="7.7861210">
    <ele>137.8</ele>
   </trkpt>
   <trkpt lat="48.5936620" lon="7.7860820">
    <ele>137.8</ele>
   </trkpt>
   <trkpt lat="48.5936750" lon="7.7860660">
    <ele>137.8</ele>
   </trkpt>
   <trkpt lat="48.5937050" lon="7.7860550">
    <ele>137.8</ele>
   </trkpt>
   <trkpt lat="48.5937330" lon="7.7860330">
    <ele>137.8</ele>
   </trkpt>
   <trkpt lat="48.5937510" lon="7.7859760">
    <ele>137.8</ele>
   </trkpt>
   <trkpt lat="48.5937810" lon="7.7859600">
    <ele>137.8</ele>
   </trkpt>
   <trkpt lat="48.5938040" lon="7.7859390">
    <ele>137.8</ele>
   </trkpt>
   <trkpt lat="48.5938460" lon="7.7859440">
    <ele>137.8</ele>
   </trkpt>
   <trkpt lat="48.5938570" lon="7.7858920">
    <ele>137.8</ele>
   </trkpt>
   <trkpt lat="48.5938830" lon="7.7858500">
    <ele>137.8</ele>
   </trkpt>
   <trkpt lat="48.5939010" lon="7.7858130">
    <ele>137.8</ele>
   </trkpt>
   <trkpt lat="48.5939060" lon="7.7857910">
    <ele>137.8</ele>
   </trkpt>
   <trkpt lat="48.5939430" lon="7.7857620">
    <ele>137.9</ele>
   </trkpt>
   <trkpt lat="48.5939570" lon="7.7857500">
    <ele>137.9</ele>
   </trkpt>
   <trkpt lat="48.5939830" lon="7.7857340">
    <ele>137.9</ele>
   </trkpt>
   <trkpt lat="48.5940190" lon="7.7857100">
    <ele>137.9</ele>
   </trkpt>
   <trkpt lat="48.5940360" lon="7.7857050">
    <ele>137.9</ele>
   </trkpt>
   <trkpt lat="48.5940610" lon="7.7856870">
    <ele>137.9</ele>
   </trkpt>
   <trkpt lat="48.5940940" lon="7.7856480">
    <ele>137.9</ele>
   </trkpt>
   <trkpt lat="48.5941070" lon="7.7856340">
    <ele>137.9</ele>
   </trkpt>
   <trkpt lat="48.5941270" lon="7.7856020">
    <ele>137.9</ele>
   </trkpt>
   <trkpt lat="48.5941420" lon="7.7855590">
    <ele>137.9</ele>
   </trkpt>
   <trkpt lat="48.5941550" lon="7.7855200">
    <ele>137.9</ele>
   </trkpt>
   <trkpt lat="48.5941870" lon="7.7854860">
    <ele>137.9</ele>
   </trkpt>
   <trkpt lat="48.5942000" lon="7.7854730">
    <ele>137.9</ele>
   </trkpt>
   <trkpt lat="48.5942240" lon="7.7854350">
    <ele>137.9</ele>
   </trkpt>
   <trkpt lat="48.5942460" lon="7.7854020">
    <ele>137.9</ele>
   </trkpt>
   <trkpt lat="48.5942480" lon="7.7853500">
    <ele>138.0</ele>
   </trkpt>
   <trkpt lat="48.5942870" lon="7.7853450">
    <ele>138.0</ele>
   </trkpt>
   <trkpt lat="48.5942990" lon="7.7853020">
    <ele>138.0</ele>
   </trkpt>
   <trkpt lat="48.5943260" lon="7.7852770">
    <ele>138.0</ele>
   </trkpt>
   <trkpt lat="48.5943360" lon="7.7852680">
    <ele>138.0</ele>
   </trkpt>
   <trkpt lat="48.5943740" lon="7.7852500">
    <ele>138.0</ele>
   </trkpt>
   <trkpt lat="48.5943780" lon="7.7851960">
    <ele>138.0</ele>
   </trkpt>
   <trkpt lat="48.5943760" lon="7.7851690">
    <ele>138.0</ele>
   </trkpt>
   <trkpt lat="48.5943760" lon="7.7851260">
    <ele>138.0</ele>
   </trkpt>
   <trkpt lat="48.5943630" lon="7.7850700">
    <ele>138.0</ele>
   </trkpt>
   <trkpt lat="48.5943350" lon="7.7850170">
    <ele>138.0</ele>
   </trkpt>
   <trkpt lat="48.5943040" lon="7.7849830">
    <ele>138.0</ele>
   </trkpt>
   <trkpt lat="48.5942560" lon="7.7849860">
    <ele>138.0</ele>
   </trkpt>
   <trkpt lat="48.5942370" lon="7.7849400">
    <ele>138.0</ele>
   </trkpt>
   <trkpt lat="48.5942130" lon="7.7849060">
    <ele>138.0</ele>
   </trkpt>
   <trkpt lat="48.5941900" lon="7.7848770">
    <ele>138.0</ele>
   </trkpt>
   <trkpt lat="48.5941730" lon="7.7848400">
    <ele>138.0</ele>
   </trkpt>
   <trkpt lat="48.5941610" lon="7.7848090">
    <ele>138.0</ele>
   </trkpt>
   <trkpt lat="48.5941530" lon="7.7847920">
    <ele>138.0</ele>
   </trkpt>
   <trkpt lat="48.5941270" lon="7.7847520">
    <ele>138.0</ele>
   </trkpt>
   <trkpt lat="48.5941000" lon="7.7847120">
    <ele>137.9</ele>
   </trkpt>
   <trkpt lat="48.5940890" lon="7.7846950">
    <ele>137.9</ele>
   </trkpt>
   <trkpt lat="48.5940650" lon="7.7846660">
    <ele>137.9</ele>
   </trkpt>
   <trkpt lat="48.5940460" lon="7.7846300">
    <ele>137.9</ele>
   </trkpt>
   <trkpt lat="48.5940180" lon="7.7845960">
    <ele>137.9</ele>
   </trkpt>
   <trkpt lat="48.5940070" lon="7.7845810">
    <ele>137.9</ele>
   </trkpt>
   <trkpt lat="48.5939860" lon="7.7845450">
    <ele>137.9</ele>
   </trkpt>
   <trkpt lat="48.5939690" lon="7.7845100">
    <ele>137.9</ele>
   </trkpt>
   <trkpt lat="48.5939510" lon="7.7844780">
    <ele>137.9</ele>
   </trkpt>
   <trkpt lat="48.5939370" lon="7.7844660">
    <ele>137.9</ele>
   </trkpt>
   <trkpt lat="48.5939110" lon="7.7844350">
    <ele>137.9</ele>
   </trkpt>
   <trkpt lat="48.5938900" lon="7.7844020">
    <ele>137.9</ele>
   </trkpt>
   <trkpt lat="48.5938670" lon="7.7843640">
    <ele>137.9</ele>
   </trkpt>
   <trkpt lat="48.5938510" lon="7.7843290">
    <ele>137.9</ele>
   </trkpt>
   <trkpt lat="48.5938240" lon="7.7842770">
    <ele>137.9</ele>
   </trkpt>
   <trkpt lat="48.5938110" lon="7.7842590">
    <ele>137.9</ele>
   </trkpt>
   <trkpt lat="48.5937760" lon="7.7842150">
    <ele>137.9</ele>
   </trkpt>
   <trkpt lat="48.5937590" lon="7.7842010">
    <ele>137.9</ele>
   </trkpt>
   <trkpt lat="48.5937350" lon="7.7841690">
    <ele>137.9</ele>
   </trkpt>
   <trkpt lat="48.5937110" lon="7.7841490">
    <ele>137.9</ele>
   </trkpt>
   <trkpt lat="48.5936870" lon="7.7841080">
    <ele>138.0</ele>
   </trkpt>
   <trkpt lat="48.5936550" lon="7.7840750">
    <ele>138.0</ele>
   </trkpt>
   <trkpt lat="48.5936430" lon="7.7840570">
    <ele>138.0</ele>
   </trkpt>
   <trkpt lat="48.5936170" lon="7.7840360">
    <ele>138.0</ele>
   </trkpt>
   <trkpt lat="48.5935920" lon="7.7840150">
    <ele>138.0</ele>
   </trkpt>
   <trkpt lat="48.5935670" lon="7.7839880">
    <ele>138.0</ele>
   </trkpt>
   <trkpt lat="48.5935400" lon="7.7839770">
    <ele>138.0</ele>
   </trkpt>
   <trkpt lat="48.5935140" lon="7.7839400">
    <ele>138.0</ele>
   </trkpt>
   <trkpt lat="48.5935020" lon="7.7839310">
    <ele>138.0</ele>
   </trkpt>
   <trkpt lat="48.5934760" lon="7.7839100">
    <ele>138.0</ele>
   </trkpt>
   <trkpt lat="48.5934540" lon="7.7838770">
    <ele>138.0</ele>
   </trkpt>
   <trkpt lat="48.5934240" lon="7.7838610">
    <ele>138.0</ele>
   </trkpt>
   <trkpt lat="48.5934020" lon="7.7838310">
    <ele>138.0</ele>
   </trkpt>
   <trkpt lat="48.5933740" lon="7.7837830">
    <ele>138.0</ele>
   </trkpt>
   <trkpt lat="48.5933680" lon="7.7837590">
    <ele>138.0</ele>
   </trkpt>
   <trkpt lat="48.5933380" lon="7.7837600">
    <ele>138.0</ele>
   </trkpt>
   <trkpt lat="48.5933120" lon="7.7837340">
    <ele>138.0</ele>
   </trkpt>
   <trkpt lat="48.5932840" lon="7.7837030">
    <ele>138.0</ele>
   </trkpt>
   <trkpt lat="48.5932700" lon="7.7836970">
    <ele>138.0</ele>
   </trkpt>
   <trkpt lat="48.5932440" lon="7.7836640">
    <ele>138.0</ele>
   </trkpt>
   <trkpt lat="48.5932350" lon="7.7836510">
    <ele>138.0</ele>
   </trkpt>
   <trkpt lat="48.5932170" lon="7.7836170">
    <ele>138.0</ele>
   </trkpt>
   <trkpt lat="48.5931900" lon="7.7835690">
    <ele>138.0</ele>
   </trkpt>
   <trkpt lat="48.5931700" lon="7.7835360">
    <ele>138.0</ele>
   </trkpt>
   <trkpt lat="48.5931520" lon="7.7834970">
    <ele>138.0</ele>
   </trkpt>
   <trkpt lat="48.5931260" lon="7.7834690">
    <ele>138.0</ele>
   </trkpt>
   <trkpt lat="48.5930820" lon="7.7834280">
    <ele>138.0</ele>
   </trkpt>
   <trkpt lat="48.5930530" lon="7.7834140">
    <ele>138.1</ele>
   </trkpt>
   <trkpt lat="48.5930530" lon="7.7834230">
    <ele>138.1</ele>
   </trkpt>
   <trkpt lat="48.5930550" lon="7.7834570">
    <ele>138.1</ele>
   </trkpt>
   <trkpt lat="48.5930240" lon="7.7833880">
    <ele>138.1</ele>
   </trkpt>
   <trkpt lat="48.5929860" lon="7.7833480">
    <ele>138.1</ele>
   </trkpt>
   <trkpt lat="48.5929700" lon="7.7833260">
    <ele>138.0</ele>
   </trkpt>
   <trkpt lat="48.5929460" lon="7.7832730">
    <ele>138.0</ele>
   </trkpt>
   <trkpt lat="48.5929220" lon="7.7832410">
    <ele>138.0</ele>
   </trkpt>
   <trkpt lat="48.5929160" lon="7.7832370">
    <ele>138.0</ele>
   </trkpt>
   <trkpt lat="48.5928940" lon="7.7832010">
    <ele>138.0</ele>
   </trkpt>
   <trkpt lat="48.5928850" lon="7.7831850">
    <ele>138.0</ele>
   </trkpt>
   <trkpt lat="48.5928560" lon="7.7831660">
    <ele>138.0</ele>
   </trkpt>
   <trkpt lat="48.5928310" lon="7.7831350">
    <ele>138.0</ele>
   </trkpt>
   <trkpt lat="48.5928180" lon="7.7831170">
    <ele>138.0</ele>
   </trkpt>
   <trkpt lat="48.5927950" lon="7.7830850">
    <ele>138.0</ele>
   </trkpt>
   <trkpt lat="48.5927730" lon="7.7830600">
    <ele>138.0</ele>
   </trkpt>
   <trkpt lat="48.5927340" lon="7.7830360">
    <ele>138.0</ele>
   </trkpt>
   <trkpt lat="48.5927190" lon="7.7830290">
    <ele>138.0</ele>
   </trkpt>
   <trkpt lat="48.5927060" lon="7.7829810">
    <ele>138.0</ele>
   </trkpt>
   <trkpt lat="48.5926980" lon="7.7829340">
    <ele>138.0</ele>
   </trkpt>
   <trkpt lat="48.5926720" lon="7.7829200">
    <ele>138.0</ele>
   </trkpt>
   <trkpt lat="48.5926580" lon="7.7829210">
    <ele>138.0</ele>
   </trkpt>
   <trkpt lat="48.5926300" lon="7.7829100">
    <ele>138.0</ele>
   </trkpt>
   <trkpt lat="48.5926130" lon="7.7828990">
    <ele>138.0</ele>
   </trkpt>
   <trkpt lat="48.5925820" lon="7.7829070">
    <ele>138.1</ele>
   </trkpt>
   <trkpt lat="48.5925430" lon="7.7828900">
    <ele>138.1</ele>
   </trkpt>
   <trkpt lat="48.5925130" lon="7.7828730">
    <ele>138.2</ele>
   </trkpt>
   <trkpt lat="48.5925040" lon="7.7828680">
    <ele>138.2</ele>
   </trkpt>
   <trkpt lat="48.5924970" lon="7.7828240">
    <ele>138.2</ele>
   </trkpt>
   <trkpt lat="48.5924610" lon="7.7828090">
    <ele>138.3</ele>
   </trkpt>
   <trkpt lat="48.5924350" lon="7.7828030">
    <ele>138.4</ele>
   </trkpt>
   <trkpt lat="48.5923890" lon="7.7828000">
    <ele>138.5</ele>
   </trkpt>
   <trkpt lat="48.5923540" lon="7.7828120">
    <ele>138.5</ele>
   </trkpt>
   <trkpt lat="48.5923390" lon="7.7828190">
    <ele>138.6</ele>
   </trkpt>
   <trkpt lat="48.5923010" lon="7.7828180">
    <ele>138.7</ele>
   </trkpt>
   <trkpt lat="48.5922720" lon="7.7828180">
    <ele>138.8</ele>
   </trkpt>
   <trkpt lat="48.5922370" lon="7.7828040">
    <ele>138.8</ele>
   </trkpt>
   <trkpt lat="48.5922030" lon="7.7828060">
    <ele>138.9</ele>
   </trkpt>
   <trkpt lat="48.5921900" lon="7.7828020">
    <ele>139.0</ele>
   </trkpt>
   <trkpt lat="48.5921580" lon="7.7827920">
    <ele>139.1</ele>
   </trkpt>
   <trkpt lat="48.5921260" lon="7.7827940">
    <ele>139.2</ele>
   </trkpt>
   <trkpt lat="48.5920930" lon="7.7827830">
    <ele>139.3</ele>
   </trkpt>
   <trkpt lat="48.5920570" lon="7.7827930">
    <ele>139.4</ele>
   </trkpt>
   <trkpt lat="48.5920390" lon="7.7827890">
    <ele>139.5</ele>
   </trkpt>
   <trkpt lat="48.5920050" lon="7.7827700">
    <ele>139.6</ele>
   </trkpt>
   <trkpt lat="48.5919710" lon="7.7827750">
    <ele>139.8</ele>
   </trkpt>
   <trkpt lat="48.5919360" lon="7.7827540">
    <ele>139.9</ele>
   </trkpt>
   <trkpt lat="48.5919240" lon="7.7827510">
    <ele>140.0</ele>
   </trkpt>
   <trkpt lat="48.5918970" lon="7.7827320">
    <ele>140.1</ele>
   </trkpt>
   <trkpt lat="48.5918800" lon="7.7826970">
    <ele>140.2</ele>
   </trkpt>
   <trkpt lat="48.5918400" lon="7.7826830">
    <ele>140.4</ele>
   </trkpt>
   <trkpt lat="48.5918270" lon="7.7826760">
    <ele>140.4</ele>
   </trkpt>
   <trkpt lat="48.5918000" lon="7.7826570">
    <ele>140.5</ele>
   </trkpt>
   <trkpt lat="48.5917810" lon="7.7826200">
    <ele>140.7</ele>
   </trkpt>
   <trkpt lat="48.5917550" lon="7.7826020">
    <ele>140.8</ele>
   </trkpt>
   <trkpt lat="48.5917170" lon="7.7826440">
    <ele>140.9</ele>
   </trkpt>
   <trkpt lat="48.5916990" lon="7.7825860">
    <ele>141.1</ele>
   </trkpt>
   <trkpt lat="48.5916680" lon="7.7825610">
    <ele>141.2</ele>
   </trkpt>
   <trkpt lat="48.5916590" lon="7.7825430">
    <ele>141.3</ele>
   </trkpt>
   <trkpt lat="48.5916340" lon="7.7825200">
    <ele>141.4</ele>
   </trkpt>
   <trkpt lat="48.5916060" lon="7.7824880">
    <ele>141.4</ele>
   </trkpt>
   <trkpt lat="48.5915910" lon="7.7824460">
    <ele>141.4</ele>
   </trkpt>
   <trkpt lat="48.5915770" lon="7.7824020">
    <ele>141.4</ele>
   </trkpt>
   <trkpt lat="48.5915630" lon="7.7823400">
    <ele>141.4</ele>
   </trkpt>
   <trkpt lat="48.5915640" lon="7.7823100">
    <ele>141.5</ele>
   </trkpt>
   <trkpt lat="48.5915420" lon="7.7822820">
    <ele>141.5</ele>
   </trkpt>
   <trkpt lat="48.5915030" lon="7.7822790">
    <ele>141.6</ele>
   </trkpt>
   <trkpt lat="48.5914710" lon="7.7822670">
    <ele>141.6</ele>
   </trkpt>
   <trkpt lat="48.5914310" lon="7.7822480">
    <ele>141.6</ele>
   </trkpt>
   <trkpt lat="48.5914130" lon="7.7822420">
    <ele>141.7</ele>
   </trkpt>
   <trkpt lat="48.5913780" lon="7.7822610">
    <ele>141.7</ele>
   </trkpt>
   <trkpt lat="48.5913470" lon="7.7822630">
    <ele>141.7</ele>
   </trkpt>
   <trkpt lat="48.5913220" lon="7.7822430">
    <ele>141.7</ele>
   </trkpt>
   <trkpt lat="48.5912850" lon="7.7822280">
    <ele>141.7</ele>
   </trkpt>
   <trkpt lat="48.5912590" lon="7.7822150">
    <ele>141.7</ele>
   </trkpt>
   <trkpt lat="48.5912250" lon="7.7822050">
    <ele>141.7</ele>
   </trkpt>
   <trkpt lat="48.5912130" lon="7.7821980">
    <ele>141.6</ele>
   </trkpt>
   <trkpt lat="48.5911840" lon="7.7821790">
    <ele>141.6</ele>
   </trkpt>
   <trkpt lat="48.5911580" lon="7.7821540">
    <ele>141.6</ele>
   </trkpt>
   <trkpt lat="48.5911310" lon="7.7821350">
    <ele>141.5</ele>
   </trkpt>
   <trkpt lat="48.5911030" lon="7.7821280">
    <ele>141.5</ele>
   </trkpt>
   <trkpt lat="48.5910760" lon="7.7821160">
    <ele>141.4</ele>
   </trkpt>
   <trkpt lat="48.5910380" lon="7.7820880">
    <ele>141.4</ele>
   </trkpt>
   <trkpt lat="48.5910220" lon="7.7820730">
    <ele>141.3</ele>
   </trkpt>
   <trkpt lat="48.5909900" lon="7.7820410">
    <ele>141.3</ele>
   </trkpt>
   <trkpt lat="48.5909800" lon="7.7820320">
    <ele>141.2</ele>
   </trkpt>
   <trkpt lat="48.5909440" lon="7.7820020">
    <ele>141.2</ele>
   </trkpt>
   <trkpt lat="48.5909310" lon="7.7819900">
    <ele>141.1</ele>
   </trkpt>
   <trkpt lat="48.5909030" lon="7.7819650">
    <ele>141.1</ele>
   </trkpt>
   <trkpt lat="48.5908780" lon="7.7819480">
    <ele>141.0</ele>
   </trkpt>
   <trkpt lat="48.5908470" lon="7.7819180">
    <ele>140.9</ele>
   </trkpt>
   <trkpt lat="48.5908080" lon="7.7819120">
    <ele>140.8</ele>
   </trkpt>
   <trkpt lat="48.5907900" lon="7.7819100">
    <ele>140.8</ele>
   </trkpt>
   <trkpt lat="48.5907480" lon="7.7818980">
    <ele>140.7</ele>
   </trkpt>
   <trkpt lat="48.5907310" lon="7.7818960">
    <ele>140.7</ele>
   </trkpt>
   <trkpt lat="48.5907050" lon="7.7818850">
    <ele>140.6</ele>
   </trkpt>
   <trkpt lat="48.5906730" lon="7.7818810">
    <ele>140.5</ele>
   </trkpt>
   <trkpt lat="48.5906390" lon="7.7818690">
    <ele>140.4</ele>
   </trkpt>
   <trkpt lat="48.5906020" lon="7.7818480">
    <ele>140.3</ele>
   </trkpt>
   <trkpt lat="48.5905880" lon="7.7818430">
    <ele>140.3</ele>
   </trkpt>
   <trkpt lat="48.5905560" lon="7.7818350">
    <ele>140.2</ele>
   </trkpt>
   <trkpt lat="48.5905280" lon="7.7818460">
    <ele>140.1</ele>
   </trkpt>
   <trkpt lat="48.5904940" lon="7.7818170">
    <ele>140.0</ele>
   </trkpt>
   <trkpt lat="48.5904610" lon="7.7818090">
    <ele>140.0</ele>
   </trkpt>
   <trkpt lat="48.5904260" lon="7.7818010">
    <ele>139.9</ele>
   </trkpt>
   <trkpt lat="48.5904150" lon="7.7817970">
    <ele>139.9</ele>
   </trkpt>
   <trkpt lat="48.5903850" lon="7.7817800">
    <ele>139.8</ele>
   </trkpt>
   <trkpt lat="48.5903550" lon="7.7817760">
    <ele>139.7</ele>
   </trkpt>
   <trkpt lat="48.5903260" lon="7.7817590">
    <ele>139.7</ele>
   </trkpt>
   <trkpt lat="48.5902990" lon="7.7817510">
    <ele>139.7</ele>
   </trkpt>
   <trkpt lat="48.5902650" lon="7.7817450">
    <ele>139.6</ele>
   </trkpt>
   <trkpt lat="48.5902290" lon="7.7817150">
    <ele>139.6</ele>
   </trkpt>
   <trkpt lat="48.5902150" lon="7.7817050">
    <ele>139.6</ele>
   </trkpt>
   <trkpt lat="48.5901850" lon="7.7816820">
    <ele>139.6</ele>
   </trkpt>
   <trkpt lat="48.5901500" lon="7.7816720">
    <ele>139.5</ele>
   </trkpt>
   <trkpt lat="48.5901190" lon="7.7816580">
    <ele>139.5</ele>
   </trkpt>
   <trkpt lat="48.5901060" lon="7.7816520">
    <ele>139.5</ele>
   </trkpt>
   <trkpt lat="48.5900770" lon="7.7816220">
    <ele>139.5</ele>
   </trkpt>
   <trkpt lat="48.5900500" lon="7.7815950">
    <ele>139.5</ele>
   </trkpt>
   <trkpt lat="48.5900230" lon="7.7815840">
    <ele>139.5</ele>
   </trkpt>
   <trkpt lat="48.5899990" lon="7.7815450">
    <ele>139.4</ele>
   </trkpt>
   <trkpt lat="48.5899900" lon="7.7815310">
    <ele>139.4</ele>
   </trkpt>
   <trkpt lat="48.5899680" lon="7.7815030">
    <ele>139.4</ele>
   </trkpt>
   <trkpt lat="48.5899410" lon="7.7814710">
    <ele>139.4</ele>
   </trkpt>
   <trkpt lat="48.5899300" lon="7.7814520">
    <ele>139.4</ele>
   </trkpt>
   <trkpt lat="48.5899070" lon="7.7814250">
    <ele>139.4</ele>
   </trkpt>
   <trkpt lat="48.5898840" lon="7.7813970">
    <ele>139.4</ele>
   </trkpt>
   <trkpt lat="48.5898720" lon="7.7813370">
    <ele>139.4</ele>
   </trkpt>
   <trkpt lat="48.5898710" lon="7.7813090">
    <ele>139.4</ele>
   </trkpt>
   <trkpt lat="48.5898450" lon="7.7812860">
    <ele>139.4</ele>
   </trkpt>
   <trkpt lat="48.5898150" lon="7.7812490">
    <ele>139.4</ele>
   </trkpt>
   <trkpt lat="48.5897980" lon="7.7812110">
    <ele>139.4</ele>
   </trkpt>
   <trkpt lat="48.5897790" lon="7.7811790">
    <ele>139.3</ele>
   </trkpt>
   <trkpt lat="48.5897670" lon="7.7811410">
    <ele>139.3</ele>
   </trkpt>
   <trkpt lat="48.5897550" lon="7.7810910">
    <ele>139.3</ele>
   </trkpt>
   <trkpt lat="48.5897510" lon="7.7810750">
    <ele>139.3</ele>
   </trkpt>
   <trkpt lat="48.5897320" lon="7.7810180">
    <ele>139.3</ele>
   </trkpt>
   <trkpt lat="48.5897270" lon="7.7809920">
    <ele>139.3</ele>
   </trkpt>
   <trkpt lat="48.5897230" lon="7.7809440">
    <ele>139.3</ele>
   </trkpt>
   <trkpt lat="48.5897220" lon="7.7809000">
    <ele>139.2</ele>
   </trkpt>
   <trkpt lat="48.5897110" lon="7.7808490">
    <ele>139.2</ele>
   </trkpt>
   <trkpt lat="48.5897060" lon="7.7808280">
    <ele>139.2</ele>
   </trkpt>
   <trkpt lat="48.5897000" lon="7.7807810">
    <ele>139.2</ele>
   </trkpt>
   <trkpt lat="48.5897110" lon="7.7807300">
    <ele>139.2</ele>
   </trkpt>
   <trkpt lat="48.5896910" lon="7.7807020">
    <ele>139.2</ele>
   </trkpt>
   <trkpt lat="48.5896950" lon="7.7806530">
    <ele>139.1</ele>
   </trkpt>
   <trkpt lat="48.5896900" lon="7.7806130">
    <ele>139.1</ele>
   </trkpt>
   <trkpt lat="48.5896740" lon="7.7805590">
    <ele>139.1</ele>
   </trkpt>
   <trkpt lat="48.5896850" lon="7.7805080">
    <ele>139.0</ele>
   </trkpt>
   <trkpt lat="48.5896870" lon="7.7804660">
    <ele>139.0</ele>
   </trkpt>
   <trkpt lat="48.5896840" lon="7.7804100">
    <ele>139.0</ele>
   </trkpt>
   <trkpt lat="48.5896670" lon="7.7803630">
    <ele>139.0</ele>
   </trkpt>
   <trkpt lat="48.5896500" lon="7.7803280">
    <ele>138.9</ele>
   </trkpt>
   <trkpt lat="48.5896400" lon="7.7802880">
    <ele>138.9</ele>
   </trkpt>
   <trkpt lat="48.5896300" lon="7.7802350">
    <ele>138.9</ele>
   </trkpt>
   <trkpt lat="48.5896290" lon="7.7802160">
    <ele>138.9</ele>
   </trkpt>
   <trkpt lat="48.5896200" lon="7.7801770">
    <ele>138.9</ele>
   </trkpt>
   <trkpt lat="48.5895960" lon="7.7801260">
    <ele>138.8</ele>
   </trkpt>
   <trkpt lat="48.5895720" lon="7.7800790">
    <ele>138.8</ele>
   </trkpt>
   <trkpt lat="48.5895620" lon="7.7800270">
    <ele>138.8</ele>
   </trkpt>
   <trkpt lat="48.5895510" lon="7.7799840">
    <ele>138.7</ele>
   </trkpt>
   <trkpt lat="48.5895400" lon="7.7799300">
    <ele>138.7</ele>
   </trkpt>
   <trkpt lat="48.5895200" lon="7.7798910">
    <ele>138.7</ele>
   </trkpt>
   <trkpt lat="48.5895090" lon="7.7798520">
    <ele>138.7</ele>
   </trkpt>
   <trkpt lat="48.5894930" lon="7.7798070">
    <ele>138.7</ele>
   </trkpt>
   <trkpt lat="48.5894870" lon="7.7797880">
    <ele>138.7</ele>
   </trkpt>
   <trkpt lat="48.5894730" lon="7.7797370">
    <ele>138.7</ele>
   </trkpt>
   <trkpt lat="48.5894600" lon="7.7796970">
    <ele>138.6</ele>
   </trkpt>
   <trkpt lat="48.5894350" lon="7.7796770">
    <ele>138.6</ele>
   </trkpt>
   <trkpt lat="48.5894130" lon="7.7796450">
    <ele>138.6</ele>
   </trkpt>
   <trkpt lat="48.5893960" lon="7.7796020">
    <ele>138.7</ele>
   </trkpt>
   <trkpt lat="48.5893850" lon="7.7795630">
    <ele>138.7</ele>
   </trkpt>
   <trkpt lat="48.5893660" lon="7.7795220">
    <ele>138.7</ele>
   </trkpt>
   <trkpt lat="48.5893510" lon="7.7794730">
    <ele>138.7</ele>
   </trkpt>
   <trkpt lat="48.5893390" lon="7.7794330">
    <ele>138.7</ele>
   </trkpt>
   <trkpt lat="48.5893170" lon="7.7794010">
    <ele>138.7</ele>
   </trkpt>
   <trkpt lat="48.5892950" lon="7.7793740">
    <ele>138.7</ele>
   </trkpt>
   <trkpt lat="48.5892720" lon="7.7793490">
    <ele>138.7</ele>
   </trkpt>
   <trkpt lat="48.5892650" lon="7.7793050">
    <ele>138.7</ele>
   </trkpt>
   <trkpt lat="48.5892410" lon="7.7792730">
    <ele>138.7</ele>
   </trkpt>
   <trkpt lat="48.5892230" lon="7.7792400">
    <ele>138.7</ele>
   </trkpt>
   <trkpt lat="48.5892020" lon="7.7791960">
    <ele>138.8</ele>
   </trkpt>
   <trkpt lat="48.5891910" lon="7.7791820">
    <ele>138.8</ele>
   </trkpt>
   <trkpt lat="48.5891700" lon="7.7791480">
    <ele>138.8</ele>
   </trkpt>
   <trkpt lat="48.5891500" lon="7.7791060">
    <ele>138.8</ele>
   </trkpt>
   <trkpt lat="48.5891410" lon="7.7790900">
    <ele>138.8</ele>
   </trkpt>
   <trkpt lat="48.5891160" lon="7.7790440">
    <ele>138.8</ele>
   </trkpt>
   <trkpt lat="48.5890820" lon="7.7790240">
    <ele>138.9</ele>
   </trkpt>
   <trkpt lat="48.5890550" lon="7.7790050">
    <ele>138.9</ele>
   </trkpt>
   <trkpt lat="48.5890290" lon="7.7789680">
    <ele>138.9</ele>
   </trkpt>
   <trkpt lat="48.5889960" lon="7.7789360">
    <ele>138.9</ele>
   </trkpt>
   <trkpt lat="48.5889830" lon="7.7789260">
    <ele>138.9</ele>
   </trkpt>
   <trkpt lat="48.5889550" lon="7.7788890">
    <ele>139.0</ele>
   </trkpt>
   <trkpt lat="48.5889420" lon="7.7788790">
    <ele>139.0</ele>
   </trkpt>
   <trkpt lat="48.5889210" lon="7.7788430">
    <ele>139.0</ele>
   </trkpt>
   <trkpt lat="48.5888970" lon="7.7788110">
    <ele>139.0</ele>
   </trkpt>
   <trkpt lat="48.5888770" lon="7.7787740">
    <ele>139.1</ele>
   </trkpt>
   <trkpt lat="48.5888500" lon="7.7787460">
    <ele>139.1</ele>
   </trkpt>
   <trkpt lat="48.5888280" lon="7.7787190">
    <ele>139.1</ele>
   </trkpt>
   <trkpt lat="48.5887990" lon="7.7787040">
    <ele>139.1</ele>
   </trkpt>
   <trkpt lat="48.5887730" lon="7.7786680">
    <ele>139.1</ele>
   </trkpt>
   <trkpt lat="48.5887490" lon="7.7786460">
    <ele>139.1</ele>
   </trkpt>
   <trkpt lat="48.5887280" lon="7.7786130">
    <ele>139.2</ele>
   </trkpt>
   <trkpt lat="48.5887020" lon="7.7785770">
    <ele>139.2</ele>
   </trkpt>
   <trkpt lat="48.5886750" lon="7.7785570">
    <ele>139.3</ele>
   </trkpt>
   <trkpt lat="48.5886440" lon="7.7785270">
    <ele>139.3</ele>
   </trkpt>
   <trkpt lat="48.5886170" lon="7.7785060">
    <ele>139.3</ele>
   </trkpt>
   <trkpt lat="48.5885880" lon="7.7784870">
    <ele>139.4</ele>
   </trkpt>
   <trkpt lat="48.5885610" lon="7.7784690">
    <ele>139.4</ele>
   </trkpt>
   <trkpt lat="48.5885340" lon="7.7784450">
    <ele>139.4</ele>
   </trkpt>
   <trkpt lat="48.5885030" lon="7.7784100">
    <ele>139.4</ele>
   </trkpt>
   <trkpt lat="48.5884730" lon="7.7783780">
    <ele>139.5</ele>
   </trkpt>
   <trkpt lat="48.5884600" lon="7.7783630">
    <ele>139.5</ele>
   </trkpt>
   <trkpt lat="48.5884300" lon="7.7783300">
    <ele>139.5</ele>
   </trkpt>
   <trkpt lat="48.5884220" lon="7.7783140">
    <ele>139.5</ele>
   </trkpt>
   <trkpt lat="48.5884020" lon="7.7782820">
    <ele>139.6</ele>
   </trkpt>
   <trkpt lat="48.5883840" lon="7.7782440">
    <ele>139.6</ele>
   </trkpt>
   <trkpt lat="48.5883640" lon="7.7782140">
    <ele>139.6</ele>
   </trkpt>
   <trkpt lat="48.5883370" lon="7.7781970">
    <ele>139.6</ele>
   </trkpt>
   <trkpt lat="48.5883080" lon="7.7781740">
    <ele>139.7</ele>
   </trkpt>
   <trkpt lat="48.5882780" lon="7.7781710">
    <ele>139.7</ele>
   </trkpt>
   <trkpt lat="48.5882530" lon="7.7781500">
    <ele>139.7</ele>
   </trkpt>
   <trkpt lat="48.5882420" lon="7.7781410">
    <ele>139.8</ele>
   </trkpt>
   <trkpt lat="48.5882230" lon="7.7780990">
    <ele>139.8</ele>
   </trkpt>
   <trkpt lat="48.5881970" lon="7.7780740">
    <ele>139.8</ele>
   </trkpt>
   <trkpt lat="48.5881850" lon="7.7780160">
    <ele>139.9</ele>
   </trkpt>
   <trkpt lat="48.5881780" lon="7.7779970">
    <ele>139.9</ele>
   </trkpt>
   <trkpt lat="48.5881620" lon="7.7779620">
    <ele>139.9</ele>
   </trkpt>
   <trkpt lat="48.5881330" lon="7.7779310">
    <ele>139.9</ele>
   </trkpt>
   <trkpt lat="48.5881210" lon="7.7779170">
    <ele>139.9</ele>
   </trkpt>
   <trkpt lat="48.5880950" lon="7.7779050">
    <ele>139.9</ele>
   </trkpt>
   <trkpt lat="48.5880670" lon="7.7778980">
    <ele>140.0</ele>
   </trkpt>
   <trkpt lat="48.5880370" lon="7.7778630">
    <ele>140.0</ele>
   </trkpt>
   <trkpt lat="48.5880230" lon="7.7778570">
    <ele>140.0</ele>
   </trkpt>
   <trkpt lat="48.5879990" lon="7.7778110">
    <ele>140.0</ele>
   </trkpt>
   <trkpt lat="48.5879790" lon="7.7777780">
    <ele>140.0</ele>
   </trkpt>
   <trkpt lat="48.5879710" lon="7.7777720">
    <ele>140.1</ele>
   </trkpt>
   <trkpt lat="48.5879450" lon="7.7777430">
    <ele>140.1</ele>
   </trkpt>
   <trkpt lat="48.5879160" lon="7.7777150">
    <ele>140.1</ele>
   </trkpt>
   <trkpt lat="48.5878820" lon="7.7776950">
    <ele>140.1</ele>
   </trkpt>
   <trkpt lat="48.5878620" lon="7.7776970">
    <ele>140.1</ele>
   </trkpt>
   <trkpt lat="48.5878390" lon="7.7776640">
    <ele>140.2</ele>
   </trkpt>
   <trkpt lat="48.5878030" lon="7.7776300">
    <ele>140.2</ele>
   </trkpt>
   <trkpt lat="48.5877850" lon="7.7776010">
    <ele>140.2</ele>
   </trkpt>
   <trkpt lat="48.5877410" lon="7.7775540">
    <ele>140.2</ele>
   </trkpt>
   <trkpt lat="48.5877300" lon="7.7775130">
    <ele>140.2</ele>
   </trkpt>
   <trkpt lat="48.5876670" lon="7.7774880">
    <ele>140.3</ele>
   </trkpt>
   <trkpt lat="48.5876540" lon="7.7774490">
    <ele>140.3</ele>
   </trkpt>
   <trkpt lat="48.5876370" lon="7.7774110">
    <ele>140.3</ele>
   </trkpt>
   <trkpt lat="48.5876120" lon="7.7773860">
    <ele>140.3</ele>
   </trkpt>
   <trkpt lat="48.5875740" lon="7.7773750">
    <ele>140.3</ele>
   </trkpt>
   <trkpt lat="48.5875610" lon="7.7773680">
    <ele>140.4</ele>
   </trkpt>
   <trkpt lat="48.5875360" lon="7.7773460">
    <ele>140.4</ele>
   </trkpt>
   <trkpt lat="48.5875230" lon="7.7773010">
    <ele>140.4</ele>
   </trkpt>
   <trkpt lat="48.5874980" lon="7.7772660">
    <ele>140.4</ele>
   </trkpt>
   <trkpt lat="48.5874920" lon="7.7772470">
    <ele>140.4</ele>
   </trkpt>
   <trkpt lat="48.5874750" lon="7.7772020">
    <ele>140.4</ele>
   </trkpt>
   <trkpt lat="48.5874550" lon="7.7771680">
    <ele>140.5</ele>
   </trkpt>
   <trkpt lat="48.5874270" lon="7.7771530">
    <ele>140.5</ele>
   </trkpt>
   <trkpt lat="48.5873960" lon="7.7771390">
    <ele>140.5</ele>
   </trkpt>
   <trkpt lat="48.5873750" lon="7.7771040">
    <ele>140.5</ele>
   </trkpt>
   <trkpt lat="48.5873540" lon="7.7770770">
    <ele>140.5</ele>
   </trkpt>
   <trkpt lat="48.5873250" lon="7.7770550">
    <ele>140.6</ele>
   </trkpt>
   <trkpt lat="48.5873000" lon="7.7770200">
    <ele>140.6</ele>
   </trkpt>
   <trkpt lat="48.5872730" lon="7.7770080">
    <ele>140.6</ele>
   </trkpt>
   <trkpt lat="48.5872460" lon="7.7769660">
    <ele>140.6</ele>
   </trkpt>
   <trkpt lat="48.5872160" lon="7.7769350">
    <ele>140.6</ele>
   </trkpt>
   <trkpt lat="48.5872060" lon="7.7769250">
    <ele>140.6</ele>
   </trkpt>
   <trkpt lat="48.5871900" lon="7.7768900">
    <ele>140.6</ele>
   </trkpt>
   <trkpt lat="48.5871590" lon="7.7768740">
    <ele>140.6</ele>
   </trkpt>
   <trkpt lat="48.5871260" lon="7.7768450">
    <ele>140.7</ele>
   </trkpt>
   <trkpt lat="48.5871120" lon="7.7768390">
    <ele>140.7</ele>
   </trkpt>
   <trkpt lat="48.5870870" lon="7.7768150">
    <ele>140.7</ele>
   </trkpt>
   <trkpt lat="48.5870610" lon="7.7767800">
    <ele>140.7</ele>
   </trkpt>
   <trkpt lat="48.5870260" lon="7.7767510">
    <ele>140.7</ele>
   </trkpt>
   <trkpt lat="48.5870150" lon="7.7767390">
    <ele>140.7</ele>
   </trkpt>
   <trkpt lat="48.5869910" lon="7.7767050">
    <ele>140.7</ele>
   </trkpt>
   <trkpt lat="48.5869680" lon="7.7766620">
    <ele>140.7</ele>
   </trkpt>
   <trkpt lat="48.5869560" lon="7.7766510">
    <ele>140.7</ele>
   </trkpt>
   <trkpt lat="48.5869270" lon="7.7766320">
    <ele>140.7</ele>
   </trkpt>
   <trkpt lat="48.5869100" lon="7.7765990">
    <ele>140.7</ele>
   </trkpt>
   <trkpt lat="48.5868850" lon="7.7765750">
    <ele>140.7</ele>
   </trkpt>
   <trkpt lat="48.5868600" lon="7.7765480">
    <ele>140.7</ele>
   </trkpt>
   <trkpt lat="48.5868400" lon="7.7765180">
    <ele>140.7</ele>
   </trkpt>
   <trkpt lat="48.5868270" lon="7.7764750">
    <ele>140.7</ele>
   </trkpt>
   <trkpt lat="48.5867950" lon="7.7764340">
    <ele>140.7</ele>
   </trkpt>
   <trkpt lat="48.5867840" lon="7.7764180">
    <ele>140.7</ele>
   </trkpt>
   <trkpt lat="48.5867620" lon="7.7763890">
    <ele>140.7</ele>
   </trkpt>
   <trkpt lat="48.5867480" lon="7.7763520">
    <ele>140.7</ele>
   </trkpt>
   <trkpt lat="48.5867180" lon="7.7763210">
    <ele>140.7</ele>
   </trkpt>
   <trkpt lat="48.5867090" lon="7.7763050">
    <ele>140.7</ele>
   </trkpt>
   <trkpt lat="48.5866840" lon="7.7762800">
    <ele>140.7</ele>
   </trkpt>
   <trkpt lat="48.5866570" lon="7.7762440">
    <ele>140.7</ele>
   </trkpt>
   <trkpt lat="48.5866480" lon="7.7762300">
    <ele>140.7</ele>
   </trkpt>
   <trkpt lat="48.5866230" lon="7.7762080">
    <ele>140.7</ele>
   </trkpt>
   <trkpt lat="48.5866030" lon="7.7761790">
    <ele>140.7</ele>
   </trkpt>
   <trkpt lat="48.5865810" lon="7.7761480">
    <ele>140.7</ele>
   </trkpt>
   <trkpt lat="48.5865600" lon="7.7761020">
    <ele>140.7</ele>
   </trkpt>
   <trkpt lat="48.5865510" lon="7.7760480">
    <ele>140.7</ele>
   </trkpt>
   <trkpt lat="48.5865500" lon="7.7759860">
    <ele>140.7</ele>
   </trkpt>
   <trkpt lat="48.5865420" lon="7.7759340">
    <ele>140.8</ele>
   </trkpt>
   <trkpt lat="48.5864930" lon="7.7759470">
    <ele>140.8</ele>
   </trkpt>
   <trkpt lat="48.5864630" lon="7.7759430">
    <ele>140.8</ele>
   </trkpt>
   <trkpt lat="48.5864280" lon="7.7759360">
    <ele>140.8</ele>
   </trkpt>
   <trkpt lat="48.5864120" lon="7.7759380">
    <ele>140.8</ele>
   </trkpt>
   <trkpt lat="48.5863800" lon="7.7759120">
    <ele>140.8</ele>
   </trkpt>
   <trkpt lat="48.5863570" lon="7.7758860">
    <ele>140.8</ele>
   </trkpt>
   <trkpt lat="48.5863270" lon="7.7758540">
    <ele>140.8</ele>
   </trkpt>
   <trkpt lat="48.5863170" lon="7.7758410">
    <ele>140.8</ele>
   </trkpt>
   <trkpt lat="48.5862840" lon="7.7758110">
    <ele>140.8</ele>
   </trkpt>
   <trkpt lat="48.5862720" lon="7.7757990">
    <ele>140.8</ele>
   </trkpt>
   <trkpt lat="48.5862370" lon="7.7757630">
    <ele>140.8</ele>
   </trkpt>
   <trkpt lat="48.5862220" lon="7.7757520">
    <ele>140.8</ele>
   </trkpt>
   <trkpt lat="48.5861850" lon="7.7757580">
    <ele>140.9</ele>
   </trkpt>
   <trkpt lat="48.5861700" lon="7.7757180">
    <ele>140.9</ele>
   </trkpt>
   <trkpt lat="48.5861510" lon="7.7756790">
    <ele>140.9</ele>
   </trkpt>
   <trkpt lat="48.5861450" lon="7.7756300">
    <ele>140.9</ele>
   </trkpt>
   <trkpt lat="48.5861250" lon="7.7756010">
    <ele>140.9</ele>
   </trkpt>
   <trkpt lat="48.5861080" lon="7.7755690">
    <ele>140.9</ele>
   </trkpt>
   <trkpt lat="48.5860940" lon="7.7755320">
    <ele>140.9</ele>
   </trkpt>
   <trkpt lat="48.5860730" lon="7.7755000">
    <ele>140.9</ele>
   </trkpt>
   <trkpt lat="48.5860520" lon="7.7754610">
    <ele>140.9</ele>
   </trkpt>
   <trkpt lat="48.5860440" lon="7.7754510">
    <ele>140.9</ele>
   </trkpt>
   <trkpt lat="48.5860200" lon="7.7754180">
    <ele>140.9</ele>
   </trkpt>
   <trkpt lat="48.5859940" lon="7.7753850">
    <ele>140.9</ele>
   </trkpt>
   <trkpt lat="48.5859620" lon="7.7753600">
    <ele>140.9</ele>
   </trkpt>
   <trkpt lat="48.5859360" lon="7.7753180">
    <ele>141.0</ele>
   </trkpt>
   <trkpt lat="48.5859270" lon="7.7752990">
    <ele>141.0</ele>
   </trkpt>
   <trkpt lat="48.5858910" lon="7.7752650">
    <ele>141.0</ele>
   </trkpt>
   <trkpt lat="48.5858560" lon="7.7752320">
    <ele>141.0</ele>
   </trkpt>
   <trkpt lat="48.5858450" lon="7.7752170">
    <ele>141.0</ele>
   </trkpt>
   <trkpt lat="48.5858050" lon="7.7752330">
    <ele>141.0</ele>
   </trkpt>
   <trkpt lat="48.5857920" lon="7.7752490">
    <ele>141.1</ele>
   </trkpt>
   <trkpt lat="48.5857620" lon="7.7752410">
    <ele>141.1</ele>
   </trkpt>
   <trkpt lat="48.5857520" lon="7.7752260">
    <ele>141.1</ele>
   </trkpt>
   <trkpt lat="48.5857210" lon="7.7751730">
    <ele>141.1</ele>
   </trkpt>
   <trkpt lat="48.5856930" lon="7.7751570">
    <ele>141.1</ele>
   </trkpt>
   <trkpt lat="48.5856680" lon="7.7751350">
    <ele>141.0</ele>
   </trkpt>
   <trkpt lat="48.5856500" lon="7.7751000">
    <ele>141.0</ele>
   </trkpt>
   <trkpt lat="48.5856210" lon="7.7750650">
    <ele>141.0</ele>
   </trkpt>
   <trkpt lat="48.5856130" lon="7.7750520">
    <ele>141.0</ele>
   </trkpt>
   <trkpt lat="48.5856000" lon="7.7750120">
    <ele>141.0</ele>
   </trkpt>
   <trkpt lat="48.5855810" lon="7.7749810">
    <ele>141.0</ele>
   </trkpt>
   <trkpt lat="48.5855600" lon="7.7749460">
    <ele>141.0</ele>
   </trkpt>
   <trkpt lat="48.5855520" lon="7.7749360">
    <ele>141.0</ele>
   </trkpt>
   <trkpt lat="48.5855290" lon="7.7749110">
    <ele>141.0</ele>
   </trkpt>
   <trkpt lat="48.5855120" lon="7.7748670">
    <ele>141.1</ele>
   </trkpt>
   <trkpt lat="48.5854770" lon="7.7747990">
    <ele>141.1</ele>
   </trkpt>
   <trkpt lat="48.5854560" lon="7.7747590">
    <ele>141.1</ele>
   </trkpt>
   <trkpt lat="48.5854480" lon="7.7747440">
    <ele>141.1</ele>
   </trkpt>
   <trkpt lat="48.5854140" lon="7.7747210">
    <ele>141.1</ele>
   </trkpt>
   <trkpt lat="48.5854010" lon="7.7747110">
    <ele>141.1</ele>
   </trkpt>
   <trkpt lat="48.5853710" lon="7.7746960">
    <ele>141.1</ele>
   </trkpt>
   <trkpt lat="48.5853380" lon="7.7746650">
    <ele>141.1</ele>
   </trkpt>
   <trkpt lat="48.5853280" lon="7.7746480">
    <ele>141.1</ele>
   </trkpt>
   <trkpt lat="48.5853160" lon="7.7746090">
    <ele>141.1</ele>
   </trkpt>
   <trkpt lat="48.5852940" lon="7.7745840">
    <ele>141.1</ele>
   </trkpt>
   <trkpt lat="48.5852700" lon="7.7745430">
    <ele>141.1</ele>
   </trkpt>
   <trkpt lat="48.5852270" lon="7.7745400">
    <ele>141.1</ele>
   </trkpt>
   <trkpt lat="48.5852080" lon="7.7745410">
    <ele>141.1</ele>
   </trkpt>
   <trkpt lat="48.5851740" lon="7.7745140">
    <ele>141.1</ele>
   </trkpt>
   <trkpt lat="48.5851610" lon="7.7744940">
    <ele>141.1</ele>
   </trkpt>
   <trkpt lat="48.5851310" lon="7.7744710">
    <ele>141.1</ele>
   </trkpt>
   <trkpt lat="48.5851120" lon="7.7744520">
    <ele>141.1</ele>
   </trkpt>
   <trkpt lat="48.5850890" lon="7.7744350">
    <ele>141.1</ele>
   </trkpt>
   <trkpt lat="48.5850640" lon="7.7744100">
    <ele>141.1</ele>
   </trkpt>
   <trkpt lat="48.5850400" lon="7.7743730">
    <ele>141.1</ele>
   </trkpt>
   <trkpt lat="48.5850120" lon="7.7743300">
    <ele>141.1</ele>
   </trkpt>
   <trkpt lat="48.5850030" lon="7.7743130">
    <ele>141.1</ele>
   </trkpt>
   <trkpt lat="48.5849790" lon="7.7742590">
    <ele>141.1</ele>
   </trkpt>
   <trkpt lat="48.5849670" lon="7.7742420">
    <ele>141.1</ele>
   </trkpt>
   <trkpt lat="48.5849650" lon="7.7741960">
    <ele>141.1</ele>
   </trkpt>
   <trkpt lat="48.5849450" lon="7.7741570">
    <ele>141.1</ele>
   </trkpt>
   <trkpt lat="48.5849240" lon="7.7741180">
    <ele>141.1</ele>
   </trkpt>
   <trkpt lat="48.5848950" lon="7.7740970">
    <ele>141.1</ele>
   </trkpt>
   <trkpt lat="48.5848680" lon="7.7740690">
    <ele>141.1</ele>
   </trkpt>
   <trkpt lat="48.5848390" lon="7.7740400">
    <ele>141.1</ele>
   </trkpt>
   <trkpt lat="48.5848160" lon="7.7740050">
    <ele>141.1</ele>
   </trkpt>
   <trkpt lat="48.5847750" lon="7.7739520">
    <ele>141.1</ele>
   </trkpt>
   <trkpt lat="48.5847540" lon="7.7739150">
    <ele>141.1</ele>
   </trkpt>
   <trkpt lat="48.5847260" lon="7.7739030">
    <ele>141.1</ele>
   </trkpt>
   <trkpt lat="48.5847020" lon="7.7738840">
    <ele>141.1</ele>
   </trkpt>
   <trkpt lat="48.5846700" lon="7.7738890">
    <ele>141.1</ele>
   </trkpt>
   <trkpt lat="48.5846550" lon="7.7738450">
    <ele>141.1</ele>
   </trkpt>
   <trkpt lat="48.5846290" lon="7.7738190">
    <ele>141.1</ele>
   </trkpt>
   <trkpt lat="48.5845970" lon="7.7737910">
    <ele>141.1</ele>
   </trkpt>
   <trkpt lat="48.5845840" lon="7.7737810">
    <ele>141.2</ele>
   </trkpt>
   <trkpt lat="48.5845490" lon="7.7737690">
    <ele>141.2</ele>
   </trkpt>
   <trkpt lat="48.5845390" lon="7.7737550">
    <ele>141.2</ele>
   </trkpt>
   <trkpt lat="48.5845130" lon="7.7737070">
    <ele>141.3</ele>
   </trkpt>
   <trkpt lat="48.5845000" lon="7.7736880">
    <ele>141.3</ele>
   </trkpt>
   <trkpt lat="48.5844740" lon="7.7736460">
    <ele>141.3</ele>
   </trkpt>
   <trkpt lat="48.5844650" lon="7.7736280">
    <ele>141.3</ele>
   </trkpt>
   <trkpt lat="48.5844400" lon="7.7736050">
    <ele>141.3</ele>
   </trkpt>
   <trkpt lat="48.5844140" lon="7.7735610">
    <ele>141.3</ele>
   </trkpt>
   <trkpt lat="48.5844070" lon="7.7735430">
    <ele>141.3</ele>
   </trkpt>
   <trkpt lat="48.5843790" lon="7.7735100">
    <ele>141.3</ele>
   </trkpt>
   <trkpt lat="48.5843590" lon="7.7734720">
    <ele>141.3</ele>
   </trkpt>
   <trkpt lat="48.5843440" lon="7.7734350">
    <ele>141.3</ele>
   </trkpt>
   <trkpt lat="48.5843210" lon="7.7734030">
    <ele>141.3</ele>
   </trkpt>
   <trkpt lat="48.5842980" lon="7.7733750">
    <ele>141.3</ele>
   </trkpt>
   <trkpt lat="48.5842700" lon="7.7733560">
    <ele>141.3</ele>
   </trkpt>
   <trkpt lat="48.5842410" lon="7.7733350">
    <ele>141.3</ele>
   </trkpt>
   <trkpt lat="48.5842200" lon="7.7733080">
    <ele>141.3</ele>
   </trkpt>
   <trkpt lat="48.5842030" lon="7.7732730">
    <ele>141.3</ele>
   </trkpt>
   <trkpt lat="48.5841890" lon="7.7732120">
    <ele>141.3</ele>
   </trkpt>
   <trkpt lat="48.5841880" lon="7.7731670">
    <ele>141.3</ele>
   </trkpt>
   <trkpt lat="48.5841660" lon="7.7731260">
    <ele>141.3</ele>
   </trkpt>
   <trkpt lat="48.5841290" lon="7.7731140">
    <ele>141.3</ele>
   </trkpt>
   <trkpt lat="48.5841020" lon="7.7730720">
    <ele>141.3</ele>
   </trkpt>
   <trkpt lat="48.5840730" lon="7.7730310">
    <ele>141.3</ele>
   </trkpt>
   <trkpt lat="48.5840400" lon="7.7729960">
    <ele>141.3</ele>
   </trkpt>
   <trkpt lat="48.5840260" lon="7.7729820">
    <ele>141.3</ele>
   </trkpt>
   <trkpt lat="48.5839890" lon="7.7729650">
    <ele>141.3</ele>
   </trkpt>
   <trkpt lat="48.5839550" lon="7.7729690">
    <ele>141.3</ele>
   </trkpt>
   <trkpt lat="48.5839160" lon="7.7729610">
    <ele>141.4</ele>
   </trkpt>
   <trkpt lat="48.5838970" lon="7.7729140">
    <ele>141.4</ele>
   </trkpt>
   <trkpt lat="48.5838640" lon="7.7729040">
    <ele>141.4</ele>
   </trkpt>
   <trkpt lat="48.5838410" lon="7.7728700">
    <ele>141.4</ele>
   </trkpt>
   <trkpt lat="48.5838100" lon="7.7728520">
    <ele>141.4</ele>
   </trkpt>
   <trkpt lat="48.5837900" lon="7.7728200">
    <ele>141.4</ele>
   </trkpt>
   <trkpt lat="48.5837690" lon="7.7727750">
    <ele>141.4</ele>
   </trkpt>
   <trkpt lat="48.5837440" lon="7.7727540">
    <ele>141.4</ele>
   </trkpt>
   <trkpt lat="48.5837280" lon="7.7727070">
    <ele>141.4</ele>
   </trkpt>
   <trkpt lat="48.5837030" lon="7.7726810">
    <ele>141.4</ele>
   </trkpt>
   <trkpt lat="48.5836720" lon="7.7726460">
    <ele>141.4</ele>
   </trkpt>
   <trkpt lat="48.5836600" lon="7.7726370">
    <ele>141.4</ele>
   </trkpt>
   <trkpt lat="48.5836420" lon="7.7725950">
    <ele>141.5</ele>
   </trkpt>
   <trkpt lat="48.5836210" lon="7.7725600">
    <ele>141.5</ele>
   </trkpt>
   <trkpt lat="48.5835940" lon="7.7725200">
    <ele>141.5</ele>
   </trkpt>
   <trkpt lat="48.5835690" lon="7.7724950">
    <ele>141.5</ele>
   </trkpt>
   <trkpt lat="48.5835490" lon="7.7724680">
    <ele>141.5</ele>
   </trkpt>
   <trkpt lat="48.5835420" lon="7.7724040">
    <ele>141.5</ele>
   </trkpt>
   <trkpt lat="48.5835220" lon="7.7723540">
    <ele>141.5</ele>
   </trkpt>
   <trkpt lat="48.5834860" lon="7.7723350">
    <ele>141.5</ele>
   </trkpt>
   <trkpt lat="48.5834680" lon="7.7723450">
    <ele>141.5</ele>
   </trkpt>
   <trkpt lat="48.5834460" lon="7.7723070">
    <ele>141.5</ele>
   </trkpt>
   <trkpt lat="48.5834350" lon="7.7722660">
    <ele>141.5</ele>
   </trkpt>
   <trkpt lat="48.5834020" lon="7.7722610">
    <ele>141.5</ele>
   </trkpt>
   <trkpt lat="48.5833660" lon="7.7722470">
    <ele>141.5</ele>
   </trkpt>
   <trkpt lat="48.5833430" lon="7.7722220">
    <ele>141.5</ele>
   </trkpt>
   <trkpt lat="48.5833180" lon="7.7721960">
    <ele>141.5</ele>
   </trkpt>
   <trkpt lat="48.5832820" lon="7.7721730">
    <ele>141.5</ele>
   </trkpt>
   <trkpt lat="48.5832350" lon="7.7721730">
    <ele>141.5</ele>
   </trkpt>
   <trkpt lat="48.5831970" lon="7.7721640">
    <ele>141.5</ele>
   </trkpt>
   <trkpt lat="48.5831640" lon="7.7721650">
    <ele>141.5</ele>
   </trkpt>
   <trkpt lat="48.5831220" lon="7.7721430">
    <ele>141.5</ele>
   </trkpt>
   <trkpt lat="48.5831050" lon="7.7721320">
    <ele>141.5</ele>
   </trkpt>
   <trkpt lat="48.5830790" lon="7.7721020">
    <ele>141.5</ele>
   </trkpt>
   <trkpt lat="48.5830370" lon="7.7720820">
    <ele>141.5</ele>
   </trkpt>
   <trkpt lat="48.5830180" lon="7.7720710">
    <ele>141.5</ele>
   </trkpt>
   <trkpt lat="48.5829790" lon="7.7720480">
    <ele>141.5</ele>
   </trkpt>
   <trkpt lat="48.5829650" lon="7.7720330">
    <ele>141.5</ele>
   </trkpt>
   <trkpt lat="48.5829410" lon="7.7719880">
    <ele>141.5</ele>
   </trkpt>
   <trkpt lat="48.5829340" lon="7.7719750">
    <ele>141.5</ele>
   </trkpt>
   <trkpt lat="48.5829000" lon="7.7719430">
    <ele>141.5</ele>
   </trkpt>
   <trkpt lat="48.5828880" lon="7.7719310">
    <ele>141.5</ele>
   </trkpt>
   <trkpt lat="48.5828510" lon="7.7719050">
    <ele>141.5</ele>
   </trkpt>
   <trkpt lat="48.5828380" lon="7.7718910">
    <ele>141.5</ele>
   </trkpt>
   <trkpt lat="48.5828120" lon="7.7718650">
    <ele>141.5</ele>
   </trkpt>
   <trkpt lat="48.5827920" lon="7.7718320">
    <ele>141.5</ele>
   </trkpt>
   <trkpt lat="48.5827780" lon="7.7717940">
    <ele>141.5</ele>
   </trkpt>
   <trkpt lat="48.5827560" lon="7.7717610">
    <ele>141.5</ele>
   </trkpt>
   <trkpt lat="48.5827400" lon="7.7717210">
    <ele>141.5</ele>
   </trkpt>
   <trkpt lat="48.5827050" lon="7.7716810">
    <ele>141.5</ele>
   </trkpt>
   <trkpt lat="48.5826880" lon="7.7716690">
    <ele>141.5</ele>
   </trkpt>
   <trkpt lat="48.5826460" lon="7.7716540">
    <ele>141.5</ele>
   </trkpt>
   <trkpt lat="48.5826100" lon="7.7716490">
    <ele>141.5</ele>
   </trkpt>
   <trkpt lat="48.5825830" lon="7.7716300">
    <ele>141.5</ele>
   </trkpt>
   <trkpt lat="48.5825550" lon="7.7715930">
    <ele>141.5</ele>
   </trkpt>
   <trkpt lat="48.5825350" lon="7.7715570">
    <ele>141.5</ele>
   </trkpt>
   <trkpt lat="48.5825060" lon="7.7715450">
    <ele>141.5</ele>
   </trkpt>
   <trkpt lat="48.5824820" lon="7.7714930">
    <ele>141.5</ele>
   </trkpt>
   <trkpt lat="48.5824740" lon="7.7714710">
    <ele>141.5</ele>
   </trkpt>
   <trkpt lat="48.5824510" lon="7.7714300">
    <ele>141.6</ele>
   </trkpt>
   <trkpt lat="48.5824230" lon="7.7714110">
    <ele>141.6</ele>
   </trkpt>
   <trkpt lat="48.5824020" lon="7.7713790">
    <ele>141.6</ele>
   </trkpt>
   <trkpt lat="48.5823800" lon="7.7713510">
    <ele>141.6</ele>
   </trkpt>
   <trkpt lat="48.5823550" lon="7.7713220">
    <ele>141.6</ele>
   </trkpt>
   <trkpt lat="48.5823180" lon="7.7713300">
    <ele>141.6</ele>
   </trkpt>
   <trkpt lat="48.5822960" lon="7.7713020">
    <ele>141.6</ele>
   </trkpt>
   <trkpt lat="48.5822700" lon="7.7712830">
    <ele>141.6</ele>
   </trkpt>
   <trkpt lat="48.5822460" lon="7.7712490">
    <ele>141.6</ele>
   </trkpt>
   <trkpt lat="48.5822250" lon="7.7712160">
    <ele>141.6</ele>
   </trkpt>
   <trkpt lat="48.5822000" lon="7.7711830">
    <ele>141.7</ele>
   </trkpt>
   <trkpt lat="48.5821790" lon="7.7711500">
    <ele>141.7</ele>
   </trkpt>
   <trkpt lat="48.5821560" lon="7.7711270">
    <ele>141.7</ele>
   </trkpt>
   <trkpt lat="48.5821230" lon="7.7710960">
    <ele>141.7</ele>
   </trkpt>
   <trkpt lat="48.5821110" lon="7.7710850">
    <ele>141.7</ele>
   </trkpt>
   <trkpt lat="48.5820710" lon="7.7710510">
    <ele>141.7</ele>
   </trkpt>
   <trkpt lat="48.5820580" lon="7.7710310">
    <ele>141.7</ele>
   </trkpt>
   <trkpt lat="48.5820450" lon="7.7710110">
    <ele>141.7</ele>
   </trkpt>
   <trkpt lat="48.5820180" lon="7.7709710">
    <ele>141.7</ele>
   </trkpt>
   <trkpt lat="48.5819910" lon="7.7709450">
    <ele>141.7</ele>
   </trkpt>
   <trkpt lat="48.5819650" lon="7.7709100">
    <ele>141.7</ele>
   </trkpt>
   <trkpt lat="48.5819410" lon="7.7708830">
    <ele>141.7</ele>
   </trkpt>
   <trkpt lat="48.5819210" lon="7.7708360">
    <ele>141.7</ele>
   </trkpt>
   <trkpt lat="48.5819080" lon="7.7707910">
    <ele>141.7</ele>
   </trkpt>
   <trkpt lat="48.5818730" lon="7.7707820">
    <ele>141.7</ele>
   </trkpt>
   <trkpt lat="48.5818110" lon="7.7707300">
    <ele>141.7</ele>
   </trkpt>
   <trkpt lat="48.5817850" lon="7.7706990">
    <ele>141.7</ele>
   </trkpt>
   <trkpt lat="48.5817650" lon="7.7706660">
    <ele>141.7</ele>
   </trkpt>
   <trkpt lat="48.5817170" lon="7.7706110">
    <ele>141.7</ele>
   </trkpt>
   <trkpt lat="48.5816900" lon="7.7705840">
    <ele>141.7</ele>
   </trkpt>
   <trkpt lat="48.5816630" lon="7.7705610">
    <ele>141.7</ele>
   </trkpt>
   <trkpt lat="48.5816360" lon="7.7705250">
    <ele>141.7</ele>
   </trkpt>
   <trkpt lat="48.5816040" lon="7.7705040">
    <ele>141.7</ele>
   </trkpt>
   <trkpt lat="48.5815790" lon="7.7704820">
    <ele>141.7</ele>
   </trkpt>
   <trkpt lat="48.5815470" lon="7.7704720">
    <ele>141.7</ele>
   </trkpt>
   <trkpt lat="48.5815230" lon="7.7704220">
    <ele>141.8</ele>
   </trkpt>
   <trkpt lat="48.5815110" lon="7.7703670">
    <ele>141.8</ele>
   </trkpt>
   <trkpt lat="48.5814790" lon="7.7703250">
    <ele>141.8</ele>
   </trkpt>
   <trkpt lat="48.5814650" lon="7.7703110">
    <ele>141.8</ele>
   </trkpt>
   <trkpt lat="48.5814500" lon="7.7702710">
    <ele>141.8</ele>
   </trkpt>
   <trkpt lat="48.5814430" lon="7.7702230">
    <ele>141.8</ele>
   </trkpt>
   <trkpt lat="48.5814190" lon="7.7701930">
    <ele>141.8</ele>
   </trkpt>
   <trkpt lat="48.5814080" lon="7.7701560">
    <ele>141.8</ele>
   </trkpt>
   <trkpt lat="48.5813760" lon="7.7701360">
    <ele>141.8</ele>
   </trkpt>
   <trkpt lat="48.5813670" lon="7.7700830">
    <ele>141.8</ele>
   </trkpt>
   <trkpt lat="48.5813470" lon="7.7700450">
    <ele>141.8</ele>
   </trkpt>
   <trkpt lat="48.5813230" lon="7.7699970">
    <ele>141.9</ele>
   </trkpt>
   <trkpt lat="48.5813190" lon="7.7699750">
    <ele>141.8</ele>
   </trkpt>
   <trkpt lat="48.5812890" lon="7.7699510">
    <ele>141.8</ele>
   </trkpt>
   <trkpt lat="48.5812790" lon="7.7698980">
    <ele>141.8</ele>
   </trkpt>
   <trkpt lat="48.5812410" lon="7.7698960">
    <ele>141.7</ele>
   </trkpt>
   <trkpt lat="48.5811860" lon="7.7699230">
    <ele>141.8</ele>
   </trkpt>
   <trkpt lat="48.5811450" lon="7.7699100">
    <ele>141.9</ele>
   </trkpt>
   <trkpt lat="48.5810900" lon="7.7699420">
    <ele>141.8</ele>
   </trkpt>
   <trkpt lat="48.5810380" lon="7.7699510">
    <ele>141.8</ele>
   </trkpt>
   <trkpt lat="48.5809880" lon="7.7699560">
    <ele>141.9</ele>
   </trkpt>
   <trkpt lat="48.5809520" lon="7.7699710">
    <ele>141.9</ele>
   </trkpt>
   <trkpt lat="48.5809190" lon="7.7699750">
    <ele>141.9</ele>
   </trkpt>
   <trkpt lat="48.5808730" lon="7.7699790">
    <ele>141.9</ele>
   </trkpt>
   <trkpt lat="48.5808470" lon="7.7700090">
    <ele>142.0</ele>
   </trkpt>
   <trkpt lat="48.5808150" lon="7.7700300">
    <ele>142.0</ele>
   </trkpt>
   <trkpt lat="48.5807830" lon="7.7700160">
    <ele>142.0</ele>
   </trkpt>
   <trkpt lat="48.5807450" lon="7.7699930">
    <ele>142.0</ele>
   </trkpt>
   <trkpt lat="48.5807110" lon="7.7699960">
    <ele>141.9</ele>
   </trkpt>
   <trkpt lat="48.5806770" lon="7.7699780">
    <ele>141.9</ele>
   </trkpt>
   <trkpt lat="48.5806440" lon="7.7699870">
    <ele>141.9</ele>
   </trkpt>
   <trkpt lat="48.5806080" lon="7.7699660">
    <ele>141.9</ele>
   </trkpt>
   <trkpt lat="48.5805730" lon="7.7699700">
    <ele>141.9</ele>
   </trkpt>
   <trkpt lat="48.5805360" lon="7.7699670">
    <ele>141.9</ele>
   </trkpt>
   <trkpt lat="48.5805010" lon="7.7699610">
    <ele>141.9</ele>
   </trkpt>
   <trkpt lat="48.5804620" lon="7.7699530">
    <ele>141.9</ele>
   </trkpt>
   <trkpt lat="48.5804090" lon="7.7699590">
    <ele>141.9</ele>
   </trkpt>
   <trkpt lat="48.5803690" lon="7.7699360">
    <ele>141.9</ele>
   </trkpt>
   <trkpt lat="48.5803360" lon="7.7699240">
    <ele>141.9</ele>
   </trkpt>
   <trkpt lat="48.5802980" lon="7.7699230">
    <ele>141.9</ele>
   </trkpt>
   <trkpt lat="48.5802840" lon="7.7699230">
    <ele>141.9</ele>
   </trkpt>
   <trkpt lat="48.5802590" lon="7.7698950">
    <ele>141.9</ele>
   </trkpt>
   <trkpt lat="48.5802320" lon="7.7698780">
    <ele>141.9</ele>
   </trkpt>
   <trkpt lat="48.5801970" lon="7.7698700">
    <ele>141.9</ele>
   </trkpt>
   <trkpt lat="48.5801640" lon="7.7698510">
    <ele>141.9</ele>
   </trkpt>
   <trkpt lat="48.5801280" lon="7.7698370">
    <ele>141.9</ele>
   </trkpt>
   <trkpt lat="48.5801100" lon="7.7698470">
    <ele>141.9</ele>
   </trkpt>
   <trkpt lat="48.5800970" lon="7.7698450">
    <ele>141.8</ele>
   </trkpt>
   <trkpt lat="48.5800750" lon="7.7698190">
    <ele>141.8</ele>
   </trkpt>
   <trkpt lat="48.5800420" lon="7.7698250">
    <ele>141.8</ele>
   </trkpt>
   <trkpt lat="48.5800110" lon="7.7698150">
    <ele>141.8</ele>
   </trkpt>
   <trkpt lat="48.5799980" lon="7.7698190">
    <ele>141.8</ele>
   </trkpt>
   <trkpt lat="48.5799600" lon="7.7698230">
    <ele>141.8</ele>
   </trkpt>
   <trkpt lat="48.5799470" lon="7.7698180">
    <ele>141.8</ele>
   </trkpt>
   <trkpt lat="48.5799130" lon="7.7698130">
    <ele>141.7</ele>
   </trkpt>
   <trkpt lat="48.5798730" lon="7.7698100">
    <ele>141.7</ele>
   </trkpt>
   <trkpt lat="48.5798430" lon="7.7698130">
    <ele>141.7</ele>
   </trkpt>
   <trkpt lat="48.5798150" lon="7.7698060">
    <ele>141.7</ele>
   </trkpt>
   <trkpt lat="48.5797870" lon="7.7698060">
    <ele>141.7</ele>
   </trkpt>
   <trkpt lat="48.5797530" lon="7.7697870">
    <ele>141.7</ele>
   </trkpt>
   <trkpt lat="48.5797410" lon="7.7697800">
    <ele>141.7</ele>
   </trkpt>
   <trkpt lat="48.5797080" lon="7.7697760">
    <ele>141.6</ele>
   </trkpt>
   <trkpt lat="48.5796800" lon="7.7697740">
    <ele>141.6</ele>
   </trkpt>
   <trkpt lat="48.5796520" lon="7.7697740">
    <ele>141.6</ele>
   </trkpt>
   <trkpt lat="48.5796200" lon="7.7697970">
    <ele>141.6</ele>
   </trkpt>
   <trkpt lat="48.5795780" lon="7.7698020">
    <ele>141.6</ele>
   </trkpt>
   <trkpt lat="48.5795610" lon="7.7698100">
    <ele>141.6</ele>
   </trkpt>
   <trkpt lat="48.5795300" lon="7.7698080">
    <ele>141.6</ele>
   </trkpt>
   <trkpt lat="48.5794980" lon="7.7697950">
    <ele>141.6</ele>
   </trkpt>
   <trkpt lat="48.5794840" lon="7.7697880">
    <ele>141.6</ele>
   </trkpt>
   <trkpt lat="48.5794530" lon="7.7697670">
    <ele>141.6</ele>
   </trkpt>
   <trkpt lat="48.5794180" lon="7.7697500">
    <ele>141.6</ele>
   </trkpt>
   <trkpt lat="48.5793810" lon="7.7697570">
    <ele>141.5</ele>
   </trkpt>
   <trkpt lat="48.5793630" lon="7.7697560">
    <ele>141.5</ele>
   </trkpt>
   <trkpt lat="48.5793290" lon="7.7697540">
    <ele>141.5</ele>
   </trkpt>
   <trkpt lat="48.5792920" lon="7.7697500">
    <ele>141.5</ele>
   </trkpt>
   <trkpt lat="48.5792750" lon="7.7697630">
    <ele>141.5</ele>
   </trkpt>
   <trkpt lat="48.5792430" lon="7.7697360">
    <ele>141.5</ele>
   </trkpt>
   <trkpt lat="48.5792130" lon="7.7697330">
    <ele>141.5</ele>
   </trkpt>
   <trkpt lat="48.5791750" lon="7.7697170">
    <ele>141.4</ele>
   </trkpt>
   <trkpt lat="48.5791610" lon="7.7697090">
    <ele>141.4</ele>
   </trkpt>
   <trkpt lat="48.5791320" lon="7.7697110">
    <ele>141.4</ele>
   </trkpt>
   <trkpt lat="48.5790980" lon="7.7696900">
    <ele>141.4</ele>
   </trkpt>
   <trkpt lat="48.5790870" lon="7.7696770">
    <ele>141.4</ele>
   </trkpt>
   <trkpt lat="48.5790550" lon="7.7696670">
    <ele>141.4</ele>
   </trkpt>
   <trkpt lat="48.5790420" lon="7.7696610">
    <ele>141.4</ele>
   </trkpt>
   <trkpt lat="48.5790150" lon="7.7696600">
    <ele>141.4</ele>
   </trkpt>
   <trkpt lat="48.5789780" lon="7.7696530">
    <ele>141.4</ele>
   </trkpt>
   <trkpt lat="48.5789610" lon="7.7696510">
    <ele>141.4</ele>
   </trkpt>
   <trkpt lat="48.5789290" lon="7.7696210">
    <ele>141.4</ele>
   </trkpt>
   <trkpt lat="48.5788940" lon="7.7696310">
    <ele>141.4</ele>
   </trkpt>
   <trkpt lat="48.5788670" lon="7.7696220">
    <ele>141.4</ele>
   </trkpt>
   <trkpt lat="48.5788240" lon="7.7696590">
    <ele>141.4</ele>
   </trkpt>
   <trkpt lat="48.5788060" lon="7.7696820">
    <ele>141.3</ele>
   </trkpt>
   <trkpt lat="48.5787960" lon="7.7697370">
    <ele>141.3</ele>
   </trkpt>
   <trkpt lat="48.5787850" lon="7.7697560">
    <ele>141.3</ele>
   </trkpt>
   <trkpt lat="48.5787650" lon="7.7697900">
    <ele>141.3</ele>
   </trkpt>
   <trkpt lat="48.5787380" lon="7.7698280">
    <ele>141.3</ele>
   </trkpt>
   <trkpt lat="48.5787210" lon="7.7698600">
    <ele>141.3</ele>
   </trkpt>
   <trkpt lat="48.5787000" lon="7.7699030">
    <ele>141.4</ele>
   </trkpt>
   <trkpt lat="48.5787090" lon="7.7699550">
    <ele>141.4</ele>
   </trkpt>
   <trkpt lat="48.5787170" lon="7.7700000">
    <ele>141.4</ele>
   </trkpt>
   <trkpt lat="48.5787350" lon="7.7700660">
    <ele>141.4</ele>
   </trkpt>
   <trkpt lat="48.5787440" lon="7.7700940">
    <ele>141.4</ele>
   </trkpt>
   <trkpt lat="48.5787270" lon="7.7701510">
    <ele>141.4</ele>
   </trkpt>
   <trkpt lat="48.5787180" lon="7.7702240">
    <ele>141.4</ele>
   </trkpt>
   <trkpt lat="48.5787100" lon="7.7703190">
    <ele>141.4</ele>
   </trkpt>
   <trkpt lat="48.5787040" lon="7.7703640">
    <ele>141.4</ele>
   </trkpt>
   <trkpt lat="48.5787000" lon="7.7704230">
    <ele>141.4</ele>
   </trkpt>
   <trkpt lat="48.5786990" lon="7.7704470">
    <ele>141.4</ele>
   </trkpt>
   <trkpt lat="48.5786990" lon="7.7705030">
    <ele>141.4</ele>
   </trkpt>
   <trkpt lat="48.5786990" lon="7.7705230">
    <ele>141.4</ele>
   </trkpt>
   <trkpt lat="48.5786990" lon="7.7705640">
    <ele>141.4</ele>
   </trkpt>
   <trkpt lat="48.5787000" lon="7.7706180">
    <ele>141.4</ele>
   </trkpt>
   <trkpt lat="48.5787020" lon="7.7706360">
    <ele>141.4</ele>
   </trkpt>
   <trkpt lat="48.5786880" lon="7.7707190">
    <ele>141.4</ele>
   </trkpt>
   <trkpt lat="48.5786900" lon="7.7707650">
    <ele>141.4</ele>
   </trkpt>
   <trkpt lat="48.5786910" lon="7.7708160">
    <ele>141.4</ele>
   </trkpt>
   <trkpt lat="48.5786920" lon="7.7708360">
    <ele>141.4</ele>
   </trkpt>
   <trkpt lat="48.5786850" lon="7.7708830">
    <ele>141.4</ele>
   </trkpt>
   <trkpt lat="48.5786810" lon="7.7709380">
    <ele>141.4</ele>
   </trkpt>
   <trkpt lat="48.5786770" lon="7.7709530">
    <ele>141.4</ele>
   </trkpt>
   <trkpt lat="48.5786760" lon="7.7710150">
    <ele>141.4</ele>
   </trkpt>
   <trkpt lat="48.5786710" lon="7.7710370">
    <ele>141.4</ele>
   </trkpt>
   <trkpt lat="48.5786700" lon="7.7710800">
    <ele>141.4</ele>
   </trkpt>
   <trkpt lat="48.5786650" lon="7.7711280">
    <ele>141.4</ele>
   </trkpt>
   <trkpt lat="48.5786560" lon="7.7711830">
    <ele>141.4</ele>
   </trkpt>
   <trkpt lat="48.5786490" lon="7.7712020">
    <ele>141.4</ele>
   </trkpt>
   <trkpt lat="48.5786420" lon="7.7712420">
    <ele>141.3</ele>
   </trkpt>
   <trkpt lat="48.5786330" lon="7.7713010">
    <ele>141.3</ele>
   </trkpt>
   <trkpt lat="48.5786270" lon="7.7713240">
    <ele>141.3</ele>
   </trkpt>
   <trkpt lat="48.5786220" lon="7.7713650">
    <ele>141.3</ele>
   </trkpt>
   <trkpt lat="48.5786140" lon="7.7714050">
    <ele>141.3</ele>
   </trkpt>
   <trkpt lat="48.5786130" lon="7.7714600">
    <ele>141.3</ele>
   </trkpt>
   <trkpt lat="48.5786150" lon="7.7714770">
    <ele>141.3</ele>
   </trkpt>
   <trkpt lat="48.5786030" lon="7.7715300">
    <ele>141.3</ele>
   </trkpt>
   <trkpt lat="48.5785910" lon="7.7715700">
    <ele>141.3</ele>
   </trkpt>
   <trkpt lat="48.5785880" lon="7.7716320">
    <ele>141.3</ele>
   </trkpt>
   <trkpt lat="48.5785890" lon="7.7716560">
    <ele>141.3</ele>
   </trkpt>
   <trkpt lat="48.5785990" lon="7.7716980">
    <ele>141.3</ele>
   </trkpt>
   <trkpt lat="48.5786050" lon="7.7717540">
    <ele>141.3</ele>
   </trkpt>
   <trkpt lat="48.5786090" lon="7.7717740">
    <ele>141.3</ele>
   </trkpt>
   <trkpt lat="48.5785990" lon="7.7718250">
    <ele>141.3</ele>
   </trkpt>
   <trkpt lat="48.5785980" lon="7.7718810">
    <ele>141.3</ele>
   </trkpt>
   <trkpt lat="48.5785950" lon="7.7718970">
    <ele>141.3</ele>
   </trkpt>
   <trkpt lat="48.5785910" lon="7.7719400">
    <ele>141.2</ele>
   </trkpt>
   <trkpt lat="48.5785770" lon="7.7719800">
    <ele>141.2</ele>
   </trkpt>
   <trkpt lat="48.5785620" lon="7.7720330">
    <ele>141.2</ele>
   </trkpt>
   <trkpt lat="48.5785560" lon="7.7720490">
    <ele>141.2</ele>
   </trkpt>
   <trkpt lat="48.5785430" lon="7.7720860">
    <ele>141.2</ele>
   </trkpt>
   <trkpt lat="48.5785300" lon="7.7721410">
    <ele>141.2</ele>
   </trkpt>
   <trkpt lat="48.5785300" lon="7.7721630">
    <ele>141.2</ele>
   </trkpt>
   <trkpt lat="48.5785270" lon="7.7722200">
    <ele>141.2</ele>
   </trkpt>
   <trkpt lat="48.5785230" lon="7.7722380">
    <ele>141.2</ele>
   </trkpt>
   <trkpt lat="48.5785170" lon="7.7722860">
    <ele>141.2</ele>
   </trkpt>
   <trkpt lat="48.5785140" lon="7.7723060">
    <ele>141.2</ele>
   </trkpt>
   <trkpt lat="48.5785020" lon="7.7723600">
    <ele>141.2</ele>
   </trkpt>
   <trkpt lat="48.5784980" lon="7.7723810">
    <ele>141.2</ele>
   </trkpt>
   <trkpt lat="48.5784940" lon="7.7724430">
    <ele>141.2</ele>
   </trkpt>
   <trkpt lat="48.5784890" lon="7.7724680">
    <ele>141.2</ele>
   </trkpt>
   <trkpt lat="48.5784810" lon="7.7725240">
    <ele>141.2</ele>
   </trkpt>
   <trkpt lat="48.5784750" lon="7.7725430">
    <ele>141.2</ele>
   </trkpt>
   <trkpt lat="48.5784760" lon="7.7725890">
    <ele>141.2</ele>
   </trkpt>
   <trkpt lat="48.5784790" lon="7.7726310">
    <ele>141.2</ele>
   </trkpt>
   <trkpt lat="48.5784720" lon="7.7726740">
    <ele>141.2</ele>
   </trkpt>
   <trkpt lat="48.5784710" lon="7.7727360">
    <ele>141.2</ele>
   </trkpt>
   <trkpt lat="48.5784650" lon="7.7727580">
    <ele>141.2</ele>
   </trkpt>
   <trkpt lat="48.5784570" lon="7.7728010">
    <ele>141.2</ele>
   </trkpt>
   <trkpt lat="48.5784570" lon="7.7728480">
    <ele>141.2</ele>
   </trkpt>
   <trkpt lat="48.5784600" lon="7.7728890">
    <ele>141.2</ele>
   </trkpt>
   <trkpt lat="48.5784610" lon="7.7729490">
    <ele>141.2</ele>
   </trkpt>
   <trkpt lat="48.5784570" lon="7.7729700">
    <ele>141.2</ele>
   </trkpt>
   <trkpt lat="48.5784470" lon="7.7730090">
    <ele>141.2</ele>
   </trkpt>
   <trkpt lat="48.5784460" lon="7.7730690">
    <ele>141.2</ele>
   </trkpt>
   <trkpt lat="48.5784420" lon="7.7730910">
    <ele>141.2</ele>
   </trkpt>
   <trkpt lat="48.5784400" lon="7.7731500">
    <ele>141.2</ele>
   </trkpt>
   <trkpt lat="48.5784370" lon="7.7731720">
    <ele>141.2</ele>
   </trkpt>
   <trkpt lat="48.5784360" lon="7.7732160">
    <ele>141.3</ele>
   </trkpt>
   <trkpt lat="48.5784280" lon="7.7732660">
    <ele>141.3</ele>
   </trkpt>
   <trkpt lat="48.5784240" lon="7.7732840">
    <ele>141.3</ele>
   </trkpt>
   <trkpt lat="48.5784170" lon="7.7733350">
    <ele>141.3</ele>
   </trkpt>
   <trkpt lat="48.5784170" lon="7.7733580">
    <ele>141.3</ele>
   </trkpt>
   <trkpt lat="48.5784050" lon="7.7734140">
    <ele>141.3</ele>
   </trkpt>
   <trkpt lat="48.5784070" lon="7.7734410">
    <ele>141.3</ele>
   </trkpt>
   <trkpt lat="48.5784230" lon="7.7735110">
    <ele>141.3</ele>
   </trkpt>
   <trkpt lat="48.5784340" lon="7.7735710">
    <ele>141.3</ele>
   </trkpt>
   <trkpt lat="48.5784340" lon="7.7735940">
    <ele>141.3</ele>
   </trkpt>
   <trkpt lat="48.5784400" lon="7.7736340">
    <ele>141.3</ele>
   </trkpt>
   <trkpt lat="48.5784420" lon="7.7736920">
    <ele>141.4</ele>
   </trkpt>
   <trkpt lat="48.5784390" lon="7.7737110">
    <ele>141.4</ele>
   </trkpt>
   <trkpt lat="48.5784360" lon="7.7737670">
    <ele>141.4</ele>
   </trkpt>
   <trkpt lat="48.5784350" lon="7.7737880">
    <ele>141.4</ele>
   </trkpt>
   <trkpt lat="48.5784360" lon="7.7738490">
    <ele>141.4</ele>
   </trkpt>
   <trkpt lat="48.5784340" lon="7.7738700">
    <ele>141.4</ele>
   </trkpt>
   <trkpt lat="48.5784260" lon="7.7739270">
    <ele>141.4</ele>
   </trkpt>
   <trkpt lat="48.5784220" lon="7.7739440">
    <ele>141.4</ele>
   </trkpt>
   <trkpt lat="48.5784150" lon="7.7739840">
    <ele>141.4</ele>
   </trkpt>
   <trkpt lat="48.5783980" lon="7.7740350">
    <ele>141.4</ele>
   </trkpt>
   <trkpt lat="48.5783860" lon="7.7740480">
    <ele>141.4</ele>
   </trkpt>
   <trkpt lat="48.5783710" lon="7.7740820">
    <ele>141.4</ele>
   </trkpt>
   <trkpt lat="48.5783510" lon="7.7741150">
    <ele>141.4</ele>
   </trkpt>
   <trkpt lat="48.5783310" lon="7.7741700">
    <ele>141.4</ele>
   </trkpt>
   <trkpt lat="48.5783180" lon="7.7742140">
    <ele>141.4</ele>
   </trkpt>
   <trkpt lat="48.5783100" lon="7.7742280">
    <ele>141.4</ele>
   </trkpt>
   <trkpt lat="48.5783300" lon="7.7742800">
    <ele>141.4</ele>
   </trkpt>
   <trkpt lat="48.5783310" lon="7.7743230">
    <ele>141.4</ele>
   </trkpt>
   <trkpt lat="48.5783270" lon="7.7743870">
    <ele>141.4</ele>
   </trkpt>
   <trkpt lat="48.5783270" lon="7.7744110">
    <ele>141.4</ele>
   </trkpt>
   <trkpt lat="48.5783290" lon="7.7744540">
    <ele>141.3</ele>
   </trkpt>
   <trkpt lat="48.5783240" lon="7.7744960">
    <ele>141.3</ele>
   </trkpt>
   <trkpt lat="48.5783170" lon="7.7745390">
    <ele>141.3</ele>
   </trkpt>
   <trkpt lat="48.5783160" lon="7.7745830">
    <ele>141.3</ele>
   </trkpt>
   <trkpt lat="48.5783110" lon="7.7746260">
    <ele>141.3</ele>
   </trkpt>
   <trkpt lat="48.5783040" lon="7.7746730">
    <ele>141.3</ele>
   </trkpt>
   <trkpt lat="48.5782970" lon="7.7747130">
    <ele>141.3</ele>
   </trkpt>
   <trkpt lat="48.5782890" lon="7.7747560">
    <ele>141.3</ele>
   </trkpt>
   <trkpt lat="48.5782890" lon="7.7748170">
    <ele>141.3</ele>
   </trkpt>
   <trkpt lat="48.5782890" lon="7.7748400">
    <ele>141.3</ele>
   </trkpt>
   <trkpt lat="48.5782830" lon="7.7748820">
    <ele>141.3</ele>
   </trkpt>
   <trkpt lat="48.5782790" lon="7.7749330">
    <ele>141.3</ele>
   </trkpt>
   <trkpt lat="48.5782820" lon="7.7749920">
    <ele>141.3</ele>
   </trkpt>
   <trkpt lat="48.5782790" lon="7.7750110">
    <ele>141.3</ele>
   </trkpt>
   <trkpt lat="48.5782750" lon="7.7750640">
    <ele>141.3</ele>
   </trkpt>
   <trkpt lat="48.5782710" lon="7.7750840">
    <ele>141.3</ele>
   </trkpt>
   <trkpt lat="48.5782680" lon="7.7751400">
    <ele>141.2</ele>
   </trkpt>
   <trkpt lat="48.5782680" lon="7.7751600">
    <ele>141.2</ele>
   </trkpt>
   <trkpt lat="48.5782700" lon="7.7752140">
    <ele>141.2</ele>
   </trkpt>
   <trkpt lat="48.5782710" lon="7.7752360">
    <ele>141.2</ele>
   </trkpt>
   <trkpt lat="48.5782660" lon="7.7753110">
    <ele>141.1</ele>
   </trkpt>
   <trkpt lat="48.5782730" lon="7.7753570">
    <ele>141.1</ele>
   </trkpt>
   <trkpt lat="48.5782740" lon="7.7754250">
    <ele>141.1</ele>
   </trkpt>
   <trkpt lat="48.5782770" lon="7.7754690">
    <ele>141.0</ele>
   </trkpt>
   <trkpt lat="48.5782860" lon="7.7755290">
    <ele>141.0</ele>
   </trkpt>
   <trkpt lat="48.5782870" lon="7.7755900">
    <ele>141.0</ele>
   </trkpt>
   <trkpt lat="48.5782770" lon="7.7756300">
    <ele>141.0</ele>
   </trkpt>
   <trkpt lat="48.5782500" lon="7.7756710">
    <ele>140.9</ele>
   </trkpt>
   <trkpt lat="48.5782130" lon="7.7756970">
    <ele>140.9</ele>
   </trkpt>
   <trkpt lat="48.5781340" lon="7.7756790">
    <ele>140.9</ele>
   </trkpt>
   <trkpt lat="48.5781080" lon="7.7756690">
    <ele>140.9</ele>
   </trkpt>
   <trkpt lat="48.5780660" lon="7.7756580">
    <ele>141.0</ele>
   </trkpt>
   <trkpt lat="48.5780510" lon="7.7756530">
    <ele>141.0</ele>
   </trkpt>
   <trkpt lat="48.5780220" lon="7.7756510">
    <ele>141.0</ele>
   </trkpt>
   <trkpt lat="48.5779820" lon="7.7756500">
    <ele>141.0</ele>
   </trkpt>
   <trkpt lat="48.5779680" lon="7.7756500">
    <ele>141.0</ele>
   </trkpt>
   <trkpt lat="48.5779370" lon="7.7756420">
    <ele>141.0</ele>
   </trkpt>
   <trkpt lat="48.5779030" lon="7.7756460">
    <ele>141.0</ele>
   </trkpt>
   <trkpt lat="48.5778680" lon="7.7756380">
    <ele>141.0</ele>
   </trkpt>
   <trkpt lat="48.5778400" lon="7.7756230">
    <ele>141.0</ele>
   </trkpt>
   <trkpt lat="48.5778000" lon="7.7756150">
    <ele>141.0</ele>
   </trkpt>
   <trkpt lat="48.5777860" lon="7.7756090">
    <ele>141.0</ele>
   </trkpt>
   <trkpt lat="48.5777580" lon="7.7756070">
    <ele>141.0</ele>
   </trkpt>
   <trkpt lat="48.5777310" lon="7.7756020">
    <ele>141.0</ele>
   </trkpt>
   <trkpt lat="48.5777000" lon="7.7756010">
    <ele>141.0</ele>
   </trkpt>
   <trkpt lat="48.5776830" lon="7.7756150">
    <ele>141.0</ele>
   </trkpt>
   <trkpt lat="48.5776590" lon="7.7756340">
    <ele>141.1</ele>
   </trkpt>
   <trkpt lat="48.5776500" lon="7.7756810">
    <ele>141.1</ele>
   </trkpt>
   <trkpt lat="48.5776310" lon="7.7757210">
    <ele>141.1</ele>
   </trkpt>
   <trkpt lat="48.5776150" lon="7.7757750">
    <ele>141.1</ele>
   </trkpt>
   <trkpt lat="48.5776030" lon="7.7758160">
    <ele>141.1</ele>
   </trkpt>
   <trkpt lat="48.5775900" lon="7.7758530">
    <ele>141.1</ele>
   </trkpt>
   <trkpt lat="48.5775640" lon="7.7758920">
    <ele>141.1</ele>
   </trkpt>
   <trkpt lat="48.5775610" lon="7.7759320">
    <ele>141.0</ele>
   </trkpt>
   <trkpt lat="48.5775580" lon="7.7759800">
    <ele>141.0</ele>
   </trkpt>
   <trkpt lat="48.5775380" lon="7.7760140">
    <ele>141.0</ele>
   </trkpt>
   <trkpt lat="48.5775120" lon="7.7760460">
    <ele>141.0</ele>
   </trkpt>
   <trkpt lat="48.5774940" lon="7.7760820">
    <ele>141.0</ele>
   </trkpt>
   <trkpt lat="48.5774830" lon="7.7761270">
    <ele>141.0</ele>
   </trkpt>
   <trkpt lat="48.5774830" lon="7.7761430">
    <ele>141.0</ele>
   </trkpt>
   <trkpt lat="48.5774650" lon="7.7761740">
    <ele>141.0</ele>
   </trkpt>
   <trkpt lat="48.5774520" lon="7.7762150">
    <ele>141.0</ele>
   </trkpt>
   <trkpt lat="48.5774290" lon="7.7762670">
    <ele>141.1</ele>
   </trkpt>
   <trkpt lat="48.5774200" lon="7.7762870">
    <ele>141.1</ele>
   </trkpt>
   <trkpt lat="48.5773780" lon="7.7762750">
    <ele>140.9</ele>
   </trkpt>
   <trkpt lat="48.5773420" lon="7.7762980">
    <ele>140.9</ele>
   </trkpt>
   <trkpt lat="48.5773310" lon="7.7763070">
    <ele>140.8</ele>
   </trkpt>
   <trkpt lat="48.5772960" lon="7.7763280">
    <ele>140.8</ele>
   </trkpt>
   <trkpt lat="48.5772840" lon="7.7763320">
    <ele>140.8</ele>
   </trkpt>
   <trkpt lat="48.5772430" lon="7.7763500">
    <ele>140.7</ele>
   </trkpt>
   <trkpt lat="48.5772250" lon="7.7763560">
    <ele>140.6</ele>
   </trkpt>
   <trkpt lat="48.5772050" lon="7.7763930">
    <ele>140.5</ele>
   </trkpt>
   <trkpt lat="48.5771720" lon="7.7764180">
    <ele>140.3</ele>
   </trkpt>
   <trkpt lat="48.5771600" lon="7.7764250">
    <ele>140.2</ele>
   </trkpt>
   <trkpt lat="48.5771380" lon="7.7764510">
    <ele>140.0</ele>
   </trkpt>
   <trkpt lat="48.5771160" lon="7.7764790">
    <ele>139.9</ele>
   </trkpt>
   <trkpt lat="48.5770870" lon="7.7764960">
    <ele>139.7</ele>
   </trkpt>
   <trkpt lat="48.5770620" lon="7.7765170">
    <ele>139.5</ele>
   </trkpt>
   <trkpt lat="48.5770310" lon="7.7765410">
    <ele>139.3</ele>
   </trkpt>
   <trkpt lat="48.5770190" lon="7.7765510">
    <ele>139.3</ele>
   </trkpt>
   <trkpt lat="48.5769880" lon="7.7765720">
    <ele>139.1</ele>
   </trkpt>
   <trkpt lat="48.5769780" lon="7.7765810">
    <ele>139.0</ele>
   </trkpt>
   <trkpt lat="48.5769450" lon="7.7766070">
    <ele>138.9</ele>
   </trkpt>
   <trkpt lat="48.5769310" lon="7.7766140">
    <ele>138.9</ele>
   </trkpt>
   <trkpt lat="48.5769070" lon="7.7766540">
    <ele>138.9</ele>
   </trkpt>
   <trkpt lat="48.5768740" lon="7.7766900">
    <ele>138.9</ele>
   </trkpt>
   <trkpt lat="48.5768630" lon="7.7767020">
    <ele>138.9</ele>
   </trkpt>
   <trkpt lat="48.5768280" lon="7.7767280">
    <ele>138.9</ele>
   </trkpt>
   <trkpt lat="48.5768160" lon="7.7767350">
    <ele>138.9</ele>
   </trkpt>
   <trkpt lat="48.5767890" lon="7.7767680">
    <ele>139.0</ele>
   </trkpt>
   <trkpt lat="48.5767630" lon="7.7767850">
    <ele>139.0</ele>
   </trkpt>
   <trkpt lat="48.5767380" lon="7.7768280">
    <ele>139.1</ele>
   </trkpt>
   <trkpt lat="48.5767290" lon="7.7768410">
    <ele>139.2</ele>
   </trkpt>
   <trkpt lat="48.5767170" lon="7.7768850">
    <ele>139.3</ele>
   </trkpt>
   <trkpt lat="48.5767000" lon="7.7769340">
    <ele>139.4</ele>
   </trkpt>
   <trkpt lat="48.5766780" lon="7.7769800">
    <ele>139.6</ele>
   </trkpt>
   <trkpt lat="48.5766770" lon="7.7770060">
    <ele>139.7</ele>
   </trkpt>
   <trkpt lat="48.5766660" lon="7.7770650">
    <ele>139.9</ele>
   </trkpt>
   <trkpt lat="48.5766570" lon="7.7770850">
    <ele>140.0</ele>
   </trkpt>
   <trkpt lat="48.5766430" lon="7.7771230">
    <ele>140.2</ele>
   </trkpt>
   <trkpt lat="48.5766150" lon="7.7771530">
    <ele>140.5</ele>
   </trkpt>
   <trkpt lat="48.5766090" lon="7.7771640">
    <ele>140.5</ele>
   </trkpt>
   <trkpt lat="48.5765830" lon="7.7771800">
    <ele>140.5</ele>
   </trkpt>
   <trkpt lat="48.5765550" lon="7.7771830">
    <ele>140.5</ele>
   </trkpt>
   <trkpt lat="48.5765410" lon="7.7771820">
    <ele>140.5</ele>
   </trkpt>
   <trkpt lat="48.5765050" lon="7.7771960">
    <ele>140.6</ele>
   </trkpt>
   <trkpt lat="48.5764930" lon="7.7771990">
    <ele>140.6</ele>
   </trkpt>
   <trkpt lat="48.5764630" lon="7.7772280">
    <ele>140.5</ele>
   </trkpt>
   <trkpt lat="48.5764490" lon="7.7772330">
    <ele>140.5</ele>
   </trkpt>
   <trkpt lat="48.5764210" lon="7.7772510">
    <ele>140.5</ele>
   </trkpt>
   <trkpt lat="48.5763870" lon="7.7772760">
    <ele>140.5</ele>
   </trkpt>
   <trkpt lat="48.5763720" lon="7.7772850">
    <ele>140.5</ele>
   </trkpt>
   <trkpt lat="48.5763400" lon="7.7773100">
    <ele>140.4</ele>
   </trkpt>
   <trkpt lat="48.5763310" lon="7.7773180">
    <ele>140.4</ele>
   </trkpt>
   <trkpt lat="48.5763050" lon="7.7773340">
    <ele>140.4</ele>
   </trkpt>
   <trkpt lat="48.5762790" lon="7.7773490">
    <ele>140.3</ele>
   </trkpt>
   <trkpt lat="48.5762510" lon="7.7773660">
    <ele>140.3</ele>
   </trkpt>
   <trkpt lat="48.5762210" lon="7.7773900">
    <ele>140.2</ele>
   </trkpt>
   <trkpt lat="48.5762140" lon="7.7773970">
    <ele>140.2</ele>
   </trkpt>
   <trkpt lat="48.5761870" lon="7.7774160">
    <ele>140.2</ele>
   </trkpt>
   <trkpt lat="48.5761630" lon="7.7774410">
    <ele>140.2</ele>
   </trkpt>
   <trkpt lat="48.5761270" lon="7.7774700">
    <ele>140.1</ele>
   </trkpt>
   <trkpt lat="48.5761130" lon="7.7774820">
    <ele>140.1</ele>
   </trkpt>
   <trkpt lat="48.5760750" lon="7.7774950">
    <ele>140.1</ele>
   </trkpt>
   <trkpt lat="48.5760610" lon="7.7774950">
    <ele>140.1</ele>
   </trkpt>
   <trkpt lat="48.5760300" lon="7.7774960">
    <ele>140.1</ele>
   </trkpt>
   <trkpt lat="48.5760030" lon="7.7774890">
    <ele>140.1</ele>
   </trkpt>
   <trkpt lat="48.5759730" lon="7.7774810">
    <ele>140.1</ele>
   </trkpt>
   <trkpt lat="48.5759300" lon="7.7774720">
    <ele>140.1</ele>
   </trkpt>
   <trkpt lat="48.5759120" lon="7.7774640">
    <ele>140.1</ele>
   </trkpt>
   <trkpt lat="48.5758720" lon="7.7774540">
    <ele>140.0</ele>
   </trkpt>
   <trkpt lat="48.5758570" lon="7.7774480">
    <ele>140.0</ele>
   </trkpt>
   <trkpt lat="48.5758200" lon="7.7774430">
    <ele>140.0</ele>
   </trkpt>
   <trkpt lat="48.5758040" lon="7.7774460">
    <ele>140.0</ele>
   </trkpt>
   <trkpt lat="48.5757760" lon="7.7774540">
    <ele>139.9</ele>
   </trkpt>
   <trkpt lat="48.5757360" lon="7.7774480">
    <ele>139.9</ele>
   </trkpt>
   <trkpt lat="48.5757220" lon="7.7774420">
    <ele>139.9</ele>
   </trkpt>
   <trkpt lat="48.5756850" lon="7.7774620">
    <ele>139.8</ele>
   </trkpt>
   <trkpt lat="48.5756660" lon="7.7774800">
    <ele>139.8</ele>
   </trkpt>
   <trkpt lat="48.5756310" lon="7.7774890">
    <ele>139.7</ele>
   </trkpt>
   <trkpt lat="48.5756180" lon="7.7774940">
    <ele>139.7</ele>
   </trkpt>
   <trkpt lat="48.5755930" lon="7.7775140">
    <ele>139.7</ele>
   </trkpt>
   <trkpt lat="48.5755660" lon="7.7774670">
    <ele>139.6</ele>
   </trkpt>
   <trkpt lat="48.5755400" lon="7.7774500">
    <ele>139.7</ele>
   </trkpt>
   <trkpt lat="48.5755150" lon="7.7774110">
    <ele>139.7</ele>
   </trkpt>
   <trkpt lat="48.5755030" lon="7.7773720">
    <ele>139.7</ele>
   </trkpt>
   <trkpt lat="48.5754930" lon="7.7773340">
    <ele>139.7</ele>
   </trkpt>
   <trkpt lat="48.5754810" lon="7.7772850">
    <ele>139.7</ele>
   </trkpt>
   <trkpt lat="48.5754760" lon="7.7772680">
    <ele>139.7</ele>
   </trkpt>
   <trkpt lat="48.5754590" lon="7.7772120">
    <ele>139.7</ele>
   </trkpt>
   <trkpt lat="48.5754500" lon="7.7771940">
    <ele>139.7</ele>
   </trkpt>
   <trkpt lat="48.5754470" lon="7.7771480">
    <ele>139.7</ele>
   </trkpt>
   <trkpt lat="48.5754370" lon="7.7771370">
    <ele>139.7</ele>
   </trkpt>
   <trkpt lat="48.5754140" lon="7.7771090">
    <ele>139.8</ele>
   </trkpt>
   <trkpt lat="48.5753910" lon="7.7770700">
    <ele>139.8</ele>
   </trkpt>
   <trkpt lat="48.5753680" lon="7.7770380">
    <ele>139.8</ele>
   </trkpt>
   <trkpt lat="48.5753610" lon="7.7770290">
    <ele>139.8</ele>
   </trkpt>
   <trkpt lat="48.5753350" lon="7.7770090">
    <ele>139.8</ele>
   </trkpt>
   <trkpt lat="48.5753100" lon="7.7769730">
    <ele>139.8</ele>
   </trkpt>
   <trkpt lat="48.5752880" lon="7.7769440">
    <ele>139.8</ele>
   </trkpt>
   <trkpt lat="48.5752690" lon="7.7769030">
    <ele>139.8</ele>
   </trkpt>
   <trkpt lat="48.5752490" lon="7.7768740">
    <ele>139.8</ele>
   </trkpt>
   <trkpt lat="48.5752250" lon="7.7768410">
    <ele>139.8</ele>
   </trkpt>
   <trkpt lat="48.5752000" lon="7.7767980">
    <ele>139.9</ele>
   </trkpt>
   <trkpt lat="48.5751890" lon="7.7767850">
    <ele>139.9</ele>
   </trkpt>
   <trkpt lat="48.5751700" lon="7.7767520">
    <ele>139.9</ele>
   </trkpt>
   <trkpt lat="48.5751570" lon="7.7767130">
    <ele>139.9</ele>
   </trkpt>
   <trkpt lat="48.5751410" lon="7.7766660">
    <ele>139.9</ele>
   </trkpt>
   <trkpt lat="48.5751350" lon="7.7766490">
    <ele>140.0</ele>
   </trkpt>
   <trkpt lat="48.5751200" lon="7.7766110">
    <ele>140.0</ele>
   </trkpt>
   <trkpt lat="48.5751120" lon="7.7765710">
    <ele>140.0</ele>
   </trkpt>
   <trkpt lat="48.5750910" lon="7.7765260">
    <ele>140.0</ele>
   </trkpt>
   <trkpt lat="48.5750830" lon="7.7765080">
    <ele>140.0</ele>
   </trkpt>
   <trkpt lat="48.5750720" lon="7.7764670">
    <ele>140.0</ele>
   </trkpt>
   <trkpt lat="48.5750470" lon="7.7764140">
    <ele>140.0</ele>
   </trkpt>
   <trkpt lat="48.5750370" lon="7.7763930">
    <ele>140.0</ele>
   </trkpt>
   <trkpt lat="48.5750180" lon="7.7763480">
    <ele>140.1</ele>
   </trkpt>
   <trkpt lat="48.5750090" lon="7.7763330">
    <ele>140.1</ele>
   </trkpt>
   <trkpt lat="48.5750000" lon="7.7762940">
    <ele>140.1</ele>
   </trkpt>
   <trkpt lat="48.5749870" lon="7.7762530">
    <ele>140.1</ele>
   </trkpt>
   <trkpt lat="48.5749700" lon="7.7762210">
    <ele>140.1</ele>
   </trkpt>
   <trkpt lat="48.5749540" lon="7.7761850">
    <ele>140.2</ele>
   </trkpt>
   <trkpt lat="48.5749280" lon="7.7761530">
    <ele>140.2</ele>
   </trkpt>
   <trkpt lat="48.5749200" lon="7.7761410">
    <ele>140.2</ele>
   </trkpt>
   <trkpt lat="48.5749090" lon="7.7760970">
    <ele>140.3</ele>
   </trkpt>
   <trkpt lat="48.5749010" lon="7.7760500">
    <ele>140.3</ele>
   </trkpt>
   <trkpt lat="48.5748690" lon="7.7760410">
    <ele>140.3</ele>
   </trkpt>
   <trkpt lat="48.5748450" lon="7.7760200">
    <ele>140.4</ele>
   </trkpt>
   <trkpt lat="48.5748160" lon="7.7760050">
    <ele>140.4</ele>
   </trkpt>
   <trkpt lat="48.5747920" lon="7.7759720">
    <ele>140.5</ele>
   </trkpt>
   <trkpt lat="48.5747830" lon="7.7759590">
    <ele>140.5</ele>
   </trkpt>
   <trkpt lat="48.5747600" lon="7.7759170">
    <ele>140.5</ele>
   </trkpt>
   <trkpt lat="48.5747540" lon="7.7758960">
    <ele>140.5</ele>
   </trkpt>
   <trkpt lat="48.5747400" lon="7.7758500">
    <ele>140.6</ele>
   </trkpt>
   <trkpt lat="48.5747330" lon="7.7758320">
    <ele>140.6</ele>
   </trkpt>
   <trkpt lat="48.5747160" lon="7.7757880">
    <ele>140.6</ele>
   </trkpt>
   <trkpt lat="48.5747040" lon="7.7757360">
    <ele>140.7</ele>
   </trkpt>
   <trkpt lat="48.5746970" lon="7.7757200">
    <ele>140.7</ele>
   </trkpt>
   <trkpt lat="48.5746800" lon="7.7756770">
    <ele>140.7</ele>
   </trkpt>
   <trkpt lat="48.5746630" lon="7.7756290">
    <ele>140.8</ele>
   </trkpt>
   <trkpt lat="48.5746570" lon="7.7756120">
    <ele>140.8</ele>
   </trkpt>
   <trkpt lat="48.5746400" lon="7.7755700">
    <ele>140.8</ele>
   </trkpt>
   <trkpt lat="48.5746360" lon="7.7755290">
    <ele>140.8</ele>
   </trkpt>
   <trkpt lat="48.5746320" lon="7.7754880">
    <ele>140.8</ele>
   </trkpt>
   <trkpt lat="48.5746290" lon="7.7754420">
    <ele>140.9</ele>
   </trkpt>
   <trkpt lat="48.5746340" lon="7.7754000">
    <ele>140.9</ele>
   </trkpt>
   <trkpt lat="48.5746360" lon="7.7753400">
    <ele>140.9</ele>
   </trkpt>
   <trkpt lat="48.5746380" lon="7.7753140">
    <ele>140.9</ele>
   </trkpt>
   <trkpt lat="48.5746530" lon="7.7752710">
    <ele>141.0</ele>
   </trkpt>
   <trkpt lat="48.5746450" lon="7.7752320">
    <ele>141.0</ele>
   </trkpt>
   <trkpt lat="48.5746250" lon="7.7751880">
    <ele>141.0</ele>
   </trkpt>
   <trkpt lat="48.5746050" lon="7.7751470">
    <ele>141.1</ele>
   </trkpt>
   <trkpt lat="48.5745820" lon="7.7751240">
    <ele>141.1</ele>
   </trkpt>
   <trkpt lat="48.5745530" lon="7.7751080">
    <ele>141.1</ele>
   </trkpt>
   <trkpt lat="48.5745300" lon="7.7750610">
    <ele>141.2</ele>
   </trkpt>
   <trkpt lat="48.5744970" lon="7.7750490">
    <ele>141.2</ele>
   </trkpt>
   <trkpt lat="48.5744880" lon="7.7750060">
    <ele>141.2</ele>
   </trkpt>
   <trkpt lat="48.5744750" lon="7.7749700">
    <ele>141.2</ele>
   </trkpt>
   <trkpt lat="48.5744830" lon="7.7749100">
    <ele>141.2</ele>
   </trkpt>
   <trkpt lat="48.5744860" lon="7.7748680">
    <ele>141.2</ele>
   </trkpt>
   <trkpt lat="48.5744800" lon="7.7748060">
    <ele>141.2</ele>
   </trkpt>
   <trkpt lat="48.5744740" lon="7.7747850">
    <ele>141.2</ele>
   </trkpt>
   <trkpt lat="48.5744780" lon="7.7747240">
    <ele>141.2</ele>
   </trkpt>
   <trkpt lat="48.5744800" lon="7.7746700">
    <ele>141.2</ele>
   </trkpt>
   <trkpt lat="48.5744760" lon="7.7746550">
    <ele>141.2</ele>
   </trkpt>
   <trkpt lat="48.5744700" lon="7.7745980">
    <ele>141.2</ele>
   </trkpt>
   <trkpt lat="48.5744670" lon="7.7745760">
    <ele>141.2</ele>
   </trkpt>
   <trkpt lat="48.5744640" lon="7.7745320">
    <ele>141.2</ele>
   </trkpt>
   <trkpt lat="48.5744670" lon="7.7745110">
    <ele>141.2</ele>
   </trkpt>
   <trkpt lat="48.5744860" lon="7.7744680">
    <ele>141.2</ele>
   </trkpt>
   <trkpt lat="48.5744960" lon="7.7744250">
    <ele>141.2</ele>
   </trkpt>
   <trkpt lat="48.5745050" lon="7.7743790">
    <ele>141.2</ele>
   </trkpt>
   <trkpt lat="48.5745050" lon="7.7743240">
    <ele>141.2</ele>
   </trkpt>
   <trkpt lat="48.5745100" lon="7.7743060">
    <ele>141.2</ele>
   </trkpt>
   <trkpt lat="48.5745240" lon="7.7742500">
    <ele>141.2</ele>
   </trkpt>
   <trkpt lat="48.5745320" lon="7.7742330">
    <ele>141.2</ele>
   </trkpt>
   <trkpt lat="48.5745410" lon="7.7741830">
    <ele>141.2</ele>
   </trkpt>
   <trkpt lat="48.5745430" lon="7.7741620">
    <ele>141.2</ele>
   </trkpt>
   <trkpt lat="48.5745500" lon="7.7741210">
    <ele>141.2</ele>
   </trkpt>
   <trkpt lat="48.5745530" lon="7.7740770">
    <ele>141.2</ele>
   </trkpt>
   <trkpt lat="48.5745610" lon="7.7740360">
    <ele>141.1</ele>
   </trkpt>
   <trkpt lat="48.5745640" lon="7.7739770">
    <ele>141.1</ele>
   </trkpt>
   <trkpt lat="48.5745690" lon="7.7739520">
    <ele>141.1</ele>
   </trkpt>
   <trkpt lat="48.5745820" lon="7.7739150">
    <ele>141.1</ele>
   </trkpt>
   <trkpt lat="48.5745790" lon="7.7738580">
    <ele>141.1</ele>
   </trkpt>
   <trkpt lat="48.5745790" lon="7.7738400">
    <ele>141.1</ele>
   </trkpt>
   <trkpt lat="48.5745670" lon="7.7737830">
    <ele>141.1</ele>
   </trkpt>
   <trkpt lat="48.5745460" lon="7.7737520">
    <ele>141.1</ele>
   </trkpt>
   <trkpt lat="48.5745230" lon="7.7737010">
    <ele>141.1</ele>
   </trkpt>
   <trkpt lat="48.5745160" lon="7.7736800">
    <ele>141.1</ele>
   </trkpt>
   <trkpt lat="48.5745080" lon="7.7736270">
    <ele>141.1</ele>
   </trkpt>
   <trkpt lat="48.5745000" lon="7.7736070">
    <ele>141.1</ele>
   </trkpt>
   <trkpt lat="48.5744930" lon="7.7735550">
    <ele>141.1</ele>
   </trkpt>
   <trkpt lat="48.5744840" lon="7.7735400">
    <ele>141.1</ele>
   </trkpt>
   <trkpt lat="48.5744770" lon="7.7734820">
    <ele>141.0</ele>
   </trkpt>
   <trkpt lat="48.5744780" lon="7.7734610">
    <ele>141.0</ele>
   </trkpt>
   <trkpt lat="48.5744900" lon="7.7734060">
    <ele>141.0</ele>
   </trkpt>
   <trkpt lat="48.5744990" lon="7.7733860">
    <ele>141.0</ele>
   </trkpt>
   <trkpt lat="48.5744930" lon="7.7733280">
    <ele>141.0</ele>
   </trkpt>
   <trkpt lat="48.5744990" lon="7.7732800">
    <ele>141.0</ele>
   </trkpt>
   <trkpt lat="48.5745040" lon="7.7732330">
    <ele>140.9</ele>
   </trkpt>
   <trkpt lat="48.5745220" lon="7.7731950">
    <ele>140.9</ele>
   </trkpt>
   <trkpt lat="48.5745430" lon="7.7731660">
    <ele>140.8</ele>
   </trkpt>
   <trkpt lat="48.5745530" lon="7.7731240">
    <ele>140.8</ele>
   </trkpt>
   <trkpt lat="48.5745710" lon="7.7730740">
    <ele>140.8</ele>
   </trkpt>
   <trkpt lat="48.5745730" lon="7.7730550">
    <ele>140.7</ele>
   </trkpt>
   <trkpt lat="48.5745610" lon="7.7730100">
    <ele>140.6</ele>
   </trkpt>
   <trkpt lat="48.5745560" lon="7.7729470">
    <ele>140.6</ele>
   </trkpt>
   <trkpt lat="48.5745590" lon="7.7729040">
    <ele>140.5</ele>
   </trkpt>
   <trkpt lat="48.5745620" lon="7.7728610">
    <ele>140.4</ele>
   </trkpt>
   <trkpt lat="48.5745790" lon="7.7728070">
    <ele>140.4</ele>
   </trkpt>
   <trkpt lat="48.5745840" lon="7.7727900">
    <ele>140.4</ele>
   </trkpt>
   <trkpt lat="48.5745950" lon="7.7727280">
    <ele>140.3</ele>
   </trkpt>
   <trkpt lat="48.5746020" lon="7.7727050">
    <ele>140.3</ele>
   </trkpt>
   <trkpt lat="48.5746170" lon="7.7726690">
    <ele>140.3</ele>
   </trkpt>
   <trkpt lat="48.5746460" lon="7.7726360">
    <ele>140.2</ele>
   </trkpt>
   <trkpt lat="48.5746800" lon="7.7726110">
    <ele>140.2</ele>
   </trkpt>
   <trkpt lat="48.5747140" lon="7.7725970">
    <ele>140.1</ele>
   </trkpt>
   <trkpt lat="48.5747470" lon="7.7726100">
    <ele>140.1</ele>
   </trkpt>
   <trkpt lat="48.5747780" lon="7.7726640">
    <ele>140.2</ele>
   </trkpt>
   <trkpt lat="48.5747870" lon="7.7727090">
    <ele>140.2</ele>
   </trkpt>
   <trkpt lat="48.5747980" lon="7.7727520">
    <ele>140.3</ele>
   </trkpt>
   <trkpt lat="48.5748030" lon="7.7727700">
    <ele>140.3</ele>
   </trkpt>
   <trkpt lat="48.5747960" lon="7.7728130">
    <ele>140.3</ele>
   </trkpt>
   <trkpt lat="48.5747860" lon="7.7728600">
    <ele>140.4</ele>
   </trkpt>
   <trkpt lat="48.5747780" lon="7.7729080">
    <ele>140.4</ele>
   </trkpt>
   <trkpt lat="48.5747950" lon="7.7729530">
    <ele>140.4</ele>
   </trkpt>
   <trkpt lat="48.5748160" lon="7.7729980">
    <ele>140.4</ele>
   </trkpt>
   <trkpt lat="48.5748250" lon="7.7730120">
    <ele>140.4</ele>
   </trkpt>
   <trkpt lat="48.5748460" lon="7.7730420">
    <ele>140.4</ele>
   </trkpt>
   <trkpt lat="48.5748750" lon="7.7730690">
    <ele>140.4</ele>
   </trkpt>
   <trkpt lat="48.5749020" lon="7.7730980">
    <ele>140.4</ele>
   </trkpt>
   <trkpt lat="48.5749250" lon="7.7731220">
    <ele>140.4</ele>
   </trkpt>
   <trkpt lat="48.5749590" lon="7.7731490">
    <ele>140.4</ele>
   </trkpt>
   <trkpt lat="48.5749740" lon="7.7731560">
    <ele>140.4</ele>
   </trkpt>
   <trkpt lat="48.5749970" lon="7.7731970">
    <ele>140.4</ele>
   </trkpt>
   <trkpt lat="48.5750040" lon="7.7732150">
    <ele>140.4</ele>
   </trkpt>
   <trkpt lat="48.5750300" lon="7.7732240">
    <ele>140.4</ele>
   </trkpt>
   <trkpt lat="48.5750560" lon="7.7732420">
    <ele>140.4</ele>
   </trkpt>
   <trkpt lat="48.5750740" lon="7.7732780">
    <ele>140.4</ele>
   </trkpt>
   <trkpt lat="48.5751090" lon="7.7733080">
    <ele>140.4</ele>
   </trkpt>
   <trkpt lat="48.5751200" lon="7.7733250">
    <ele>140.4</ele>
   </trkpt>
   <trkpt lat="48.5751470" lon="7.7733650">
    <ele>140.4</ele>
   </trkpt>
   <trkpt lat="48.5751550" lon="7.7733800">
    <ele>140.4</ele>
   </trkpt>
   <trkpt lat="48.5751790" lon="7.7734020">
    <ele>140.4</ele>
   </trkpt>
   <trkpt lat="48.5752050" lon="7.7734240">
    <ele>140.4</ele>
   </trkpt>
   <trkpt lat="48.5752180" lon="7.7734630">
    <ele>140.4</ele>
   </trkpt>
   <trkpt lat="48.5752400" lon="7.7734870">
    <ele>140.4</ele>
   </trkpt>
   <trkpt lat="48.5752790" lon="7.7734900">
    <ele>140.4</ele>
   </trkpt>
   <trkpt lat="48.5752930" lon="7.7735390">
    <ele>140.4</ele>
   </trkpt>
   <trkpt lat="48.5753180" lon="7.7735630">
    <ele>140.4</ele>
   </trkpt>
   <trkpt lat="48.5753290" lon="7.7735730">
    <ele>140.4</ele>
   </trkpt>
   <trkpt lat="48.5753580" lon="7.7736130">
    <ele>140.4</ele>
   </trkpt>
   <trkpt lat="48.5753680" lon="7.7736240">
    <ele>140.4</ele>
   </trkpt>
   <trkpt lat="48.5753920" lon="7.7736560">
    <ele>140.4</ele>
   </trkpt>
   <trkpt lat="48.5754160" lon="7.7736890">
    <ele>140.4</ele>
   </trkpt>
   <trkpt lat="48.5754320" lon="7.7737270">
    <ele>140.4</ele>
   </trkpt>
   <trkpt lat="48.5754260" lon="7.7737690">
    <ele>140.4</ele>
   </trkpt>
   <trkpt lat="48.5754160" lon="7.7737840">
    <ele>140.4</ele>
   </trkpt>
   <trkpt lat="48.5753870" lon="7.7738390">
    <ele>140.4</ele>
   </trkpt>
   <trkpt lat="48.5753740" lon="7.7738870">
    <ele>140.4</ele>
   </trkpt>
   <trkpt lat="48.5754020" lon="7.7739330">
    <ele>140.5</ele>
   </trkpt>
   <trkpt lat="48.5753840" lon="7.7739830">
    <ele>140.5</ele>
   </trkpt>
   <trkpt lat="48.5753780" lon="7.7740010">
    <ele>140.5</ele>
   </trkpt>
   <trkpt lat="48.5753660" lon="7.7740520">
    <ele>140.5</ele>
   </trkpt>
   <trkpt lat="48.5753460" lon="7.7740820">
    <ele>140.5</ele>
   </trkpt>
   <trkpt lat="48.5753320" lon="7.7741180">
    <ele>140.5</ele>
   </trkpt>
   <trkpt lat="48.5753100" lon="7.7741570">
    <ele>140.5</ele>
   </trkpt>
   <trkpt lat="48.5752960" lon="7.7742140">
    <ele>140.5</ele>
   </trkpt>
   <trkpt lat="48.5752860" lon="7.7742350">
    <ele>140.5</ele>
   </trkpt>
   <trkpt lat="48.5752800" lon="7.7742780">
    <ele>140.5</ele>
   </trkpt>
   <trkpt lat="48.5752710" lon="7.7743170">
    <ele>140.5</ele>
   </trkpt>
   <trkpt lat="48.5752710" lon="7.7743700">
    <ele>140.4</ele>
   </trkpt>
   <trkpt lat="48.5752740" lon="7.7744170">
    <ele>140.4</ele>
   </trkpt>
   <trkpt lat="48.5752740" lon="7.7744340">
    <ele>140.4</ele>
   </trkpt>
   <trkpt lat="48.5752940" lon="7.7744720">
    <ele>140.4</ele>
   </trkpt>
   <trkpt lat="48.5753130" lon="7.7745080">
    <ele>140.4</ele>
   </trkpt>
   <trkpt lat="48.5753190" lon="7.7745580">
    <ele>140.4</ele>
   </trkpt>
   <trkpt lat="48.5753600" lon="7.7745760">
    <ele>140.3</ele>
   </trkpt>
   <trkpt lat="48.5753890" lon="7.7746040">
    <ele>140.3</ele>
   </trkpt>
   <trkpt lat="48.5754290" lon="7.7745920">
    <ele>140.3</ele>
   </trkpt>
   <trkpt lat="48.5754600" lon="7.7745800">
    <ele>140.2</ele>
   </trkpt>
   <trkpt lat="48.5754880" lon="7.7745850">
    <ele>140.2</ele>
   </trkpt>
   <trkpt lat="48.5755310" lon="7.7745960">
    <ele>140.2</ele>
   </trkpt>
   <trkpt lat="48.5755520" lon="7.7745960">
    <ele>140.3</ele>
   </trkpt>
   <trkpt lat="48.5755850" lon="7.7746160">
    <ele>140.3</ele>
   </trkpt>
   <trkpt lat="48.5755980" lon="7.7746220">
    <ele>140.3</ele>
   </trkpt>
   <trkpt lat="48.5756250" lon="7.7746330">
    <ele>140.3</ele>
   </trkpt>
   <trkpt lat="48.5756510" lon="7.7746470">
    <ele>140.3</ele>
   </trkpt>
   <trkpt lat="48.5756780" lon="7.7746680">
    <ele>140.4</ele>
   </trkpt>
   <trkpt lat="48.5756880" lon="7.7746620">
    <ele>140.4</ele>
   </trkpt>
   <trkpt lat="48.5757150" lon="7.7746530">
    <ele>140.4</ele>
   </trkpt>
   <trkpt lat="48.5757480" lon="7.7746600">
    <ele>140.4</ele>
   </trkpt>
   <trkpt lat="48.5757880" lon="7.7746630">
    <ele>140.4</ele>
   </trkpt>
   <trkpt lat="48.5758010" lon="7.7746600">
    <ele>140.4</ele>
   </trkpt>
   <trkpt lat="48.5758400" lon="7.7746420">
    <ele>140.4</ele>
   </trkpt>
   <trkpt lat="48.5758520" lon="7.7746340">
    <ele>140.4</ele>
   </trkpt>
   <trkpt lat="48.5758830" lon="7.7746240">
    <ele>140.4</ele>
   </trkpt>
   <trkpt lat="48.5759190" lon="7.7746090">
    <ele>140.4</ele>
   </trkpt>
   <trkpt lat="48.5759490" lon="7.7745830">
    <ele>140.4</ele>
   </trkpt>
   <trkpt lat="48.5759590" lon="7.7745750">
    <ele>140.4</ele>
   </trkpt>
   <trkpt lat="48.5759960" lon="7.7745500">
    <ele>140.4</ele>
   </trkpt>
   <trkpt lat="48.5760100" lon="7.7745410">
    <ele>140.4</ele>
   </trkpt>
   <trkpt lat="48.5760410" lon="7.7745170">
    <ele>140.3</ele>
   </trkpt>
   <trkpt lat="48.5760700" lon="7.7744940">
    <ele>140.3</ele>
   </trkpt>
   <trkpt lat="48.5761000" lon="7.7744620">
    <ele>140.2</ele>
   </trkpt>
   <trkpt lat="48.5761070" lon="7.7744500">
    <ele>140.2</ele>
   </trkpt>
   <trkpt lat="48.5761210" lon="7.7744120">
    <ele>140.2</ele>
   </trkpt>
   <trkpt lat="48.5761310" lon="7.7743970">
    <ele>140.2</ele>
   </trkpt>
   <trkpt lat="48.5761630" lon="7.7743760">
    <ele>140.1</ele>
   </trkpt>
   <trkpt lat="48.5761840" lon="7.7743430">
    <ele>140.1</ele>
   </trkpt>
   <trkpt lat="48.5762190" lon="7.7743330">
    <ele>140.0</ele>
   </trkpt>
   <trkpt lat="48.5762430" lon="7.7742990">
    <ele>139.9</ele>
   </trkpt>
   <trkpt lat="48.5762520" lon="7.7742830">
    <ele>139.9</ele>
   </trkpt>
   <trkpt lat="48.5762830" lon="7.7742500">
    <ele>139.8</ele>
   </trkpt>
   <trkpt lat="48.5762930" lon="7.7742380">
    <ele>139.8</ele>
   </trkpt>
   <trkpt lat="48.5763280" lon="7.7742180">
    <ele>139.7</ele>
   </trkpt>
   <trkpt lat="48.5763620" lon="7.7742000">
    <ele>139.6</ele>
   </trkpt>
   <trkpt lat="48.5763770" lon="7.7742020">
    <ele>139.6</ele>
   </trkpt>
   <trkpt lat="48.5764070" lon="7.7742350">
    <ele>139.5</ele>
   </trkpt>
   <trkpt lat="48.5764270" lon="7.7742870">
    <ele>139.5</ele>
   </trkpt>
   <trkpt lat="48.5764390" lon="7.7743440">
    <ele>139.4</ele>
   </trkpt>
   <trkpt lat="48.5764650" lon="7.7743770">
    <ele>139.3</ele>
   </trkpt>
   <trkpt lat="48.5764890" lon="7.7744000">
    <ele>139.3</ele>
   </trkpt>
   <trkpt lat="48.5765150" lon="7.7744290">
    <ele>139.2</ele>
   </trkpt>
   <trkpt lat="48.5765290" lon="7.7744800">
    <ele>139.2</ele>
   </trkpt>
   <trkpt lat="48.5765530" lon="7.7745250">
    <ele>139.2</ele>
   </trkpt>
   <trkpt lat="48.5765580" lon="7.7745490">
    <ele>139.2</ele>
   </trkpt>
   <trkpt lat="48.5765640" lon="7.7745900">
    <ele>139.2</ele>
   </trkpt>
   <trkpt lat="48.5765860" lon="7.7746460">
    <ele>139.2</ele>
   </trkpt>
   <trkpt lat="48.5765940" lon="7.7746680">
    <ele>139.1</ele>
   </trkpt>
   <trkpt lat="48.5766100" lon="7.7747190">
    <ele>139.2</ele>
   </trkpt>
   <trkpt lat="48.5766180" lon="7.7747350">
    <ele>139.2</ele>
   </trkpt>
   <trkpt lat="48.5766410" lon="7.7747750">
    <ele>139.2</ele>
   </trkpt>
   <trkpt lat="48.5766490" lon="7.7747930">
    <ele>139.2</ele>
   </trkpt>
   <trkpt lat="48.5766710" lon="7.7748180">
    <ele>139.2</ele>
   </trkpt>
   <trkpt lat="48.5766940" lon="7.7748420">
    <ele>139.2</ele>
   </trkpt>
   <trkpt lat="48.5767170" lon="7.7748930">
    <ele>139.2</ele>
   </trkpt>
   <trkpt lat="48.5767260" lon="7.7749110">
    <ele>139.2</ele>
   </trkpt>
   <trkpt lat="48.5767490" lon="7.7749440">
    <ele>139.2</ele>
   </trkpt>
   <trkpt lat="48.5767680" lon="7.7749820">
    <ele>139.2</ele>
   </trkpt>
   <trkpt lat="48.5767750" lon="7.7749940">
    <ele>139.2</ele>
   </trkpt>
   <trkpt lat="48.5768050" lon="7.7750170">
    <ele>139.3</ele>
   </trkpt>
   <trkpt lat="48.5768270" lon="7.7750440">
    <ele>139.3</ele>
   </trkpt>
   <trkpt lat="48.5768580" lon="7.7750660">
    <ele>139.3</ele>
   </trkpt>
   <trkpt lat="48.5768670" lon="7.7750760">
    <ele>139.3</ele>
   </trkpt>
   <trkpt lat="48.5769000" lon="7.7750840">
    <ele>139.3</ele>
   </trkpt>
   <trkpt lat="48.5769110" lon="7.7750800">
    <ele>139.3</ele>
   </trkpt>
   <trkpt lat="48.5769370" lon="7.7750460">
    <ele>139.3</ele>
   </trkpt>
   <trkpt lat="48.5769550" lon="7.7750000">
    <ele>139.3</ele>
   </trkpt>
   <trkpt lat="48.5769650" lon="7.7749430">
    <ele>139.3</ele>
   </trkpt>
   <trkpt lat="48.5769680" lon="7.7748890">
    <ele>139.3</ele>
   </trkpt>
   <trkpt lat="48.5769550" lon="7.7748340">
    <ele>139.3</ele>
   </trkpt>
   <trkpt lat="48.5769390" lon="7.7747930">
    <ele>139.3</ele>
   </trkpt>
   <trkpt lat="48.5769210" lon="7.7747440">
    <ele>139.3</ele>
   </trkpt>
   <trkpt lat="48.5769070" lon="7.7747030">
    <ele>139.3</ele>
   </trkpt>
   <trkpt lat="48.5769000" lon="7.7746850">
    <ele>139.3</ele>
   </trkpt>
   <trkpt lat="48.5768720" lon="7.7746470">
    <ele>139.3</ele>
   </trkpt>
   <trkpt lat="48.5768620" lon="7.7746350">
    <ele>139.3</ele>
   </trkpt>
   <trkpt lat="48.5768360" lon="7.7746110">
    <ele>139.3</ele>
   </trkpt>
   <trkpt lat="48.5768190" lon="7.7745730">
    <ele>139.3</ele>
   </trkpt>
   <trkpt lat="48.5767950" lon="7.7745390">
    <ele>139.3</ele>
   </trkpt>
   <trkpt lat="48.5767830" lon="7.7745000">
    <ele>139.3</ele>
   </trkpt>
   <trkpt lat="48.5767630" lon="7.7744560">
    <ele>139.3</ele>
   </trkpt>
   <trkpt lat="48.5767500" lon="7.7744400">
    <ele>139.3</ele>
   </trkpt>
   <trkpt lat="48.5767310" lon="7.7743990">
    <ele>139.3</ele>
   </trkpt>
   <trkpt lat="48.5767230" lon="7.7743900">
    <ele>139.3</ele>
   </trkpt>
   <trkpt lat="48.5767120" lon="7.7743500">
    <ele>139.4</ele>
   </trkpt>
   <trkpt lat="48.5766900" lon="7.7742980">
    <ele>139.4</ele>
   </trkpt>
   <trkpt lat="48.5766820" lon="7.7742780">
    <ele>139.4</ele>
   </trkpt>
   <trkpt lat="48.5766670" lon="7.7742410">
    <ele>139.4</ele>
   </trkpt>
   <trkpt lat="48.5766500" lon="7.7742060">
    <ele>139.4</ele>
   </trkpt>
   <trkpt lat="48.5766420" lon="7.7741660">
    <ele>139.4</ele>
   </trkpt>
   <trkpt lat="48.5766130" lon="7.7741260">
    <ele>139.5</ele>
   </trkpt>
   <trkpt lat="48.5765940" lon="7.7741160">
    <ele>139.5</ele>
   </trkpt>
   <trkpt lat="48.5765750" lon="7.7740850">
    <ele>139.5</ele>
   </trkpt>
   <trkpt lat="48.5765600" lon="7.7740460">
    <ele>139.6</ele>
   </trkpt>
   <trkpt lat="48.5765470" lon="7.7739950">
    <ele>139.6</ele>
   </trkpt>
   <trkpt lat="48.5765440" lon="7.7739820">
    <ele>139.6</ele>
   </trkpt>
   <trkpt lat="48.5765510" lon="7.7739360">
    <ele>139.7</ele>
   </trkpt>
   <trkpt lat="48.5765670" lon="7.7738950">
    <ele>139.7</ele>
   </trkpt>
   <trkpt lat="48.5765730" lon="7.7738540">
    <ele>139.8</ele>
   </trkpt>
   <trkpt lat="48.5765800" lon="7.7738130">
    <ele>139.8</ele>
   </trkpt>
   <trkpt lat="48.5765880" lon="7.7737740">
    <ele>139.8</ele>
   </trkpt>
   <trkpt lat="48.5766010" lon="7.7737340">
    <ele>139.9</ele>
   </trkpt>
   <trkpt lat="48.5766100" lon="7.7736910">
    <ele>139.9</ele>
   </trkpt>
   <trkpt lat="48.5766200" lon="7.7736470">
    <ele>139.9</ele>
   </trkpt>
   <trkpt lat="48.5766280" lon="7.7736020">
    <ele>139.9</ele>
   </trkpt>
   <trkpt lat="48.5766360" lon="7.7735580">
    <ele>140.0</ele>
   </trkpt>
   <trkpt lat="48.5766930" lon="7.7736050">
    <ele>140.0</ele>
   </trkpt>
   <trkpt lat="48.5767930" lon="7.7736520">
    <ele>140.1</ele>
   </trkpt>
   <trkpt lat="48.5768300" lon="7.7736320">
    <ele>140.2</ele>
   </trkpt>
   <trkpt lat="48.5768550" lon="7.7735910">
    <ele>140.3</ele>
   </trkpt>
   <trkpt lat="48.5768650" lon="7.7735790">
    <ele>140.3</ele>
   </trkpt>
   <trkpt lat="48.5768930" lon="7.7735470">
    <ele>140.4</ele>
   </trkpt>
   <trkpt lat="48.5769030" lon="7.7735090">
    <ele>140.4</ele>
   </trkpt>
   <trkpt lat="48.5768980" lon="7.7734480">
    <ele>140.6</ele>
   </trkpt>
   <trkpt lat="48.5768870" lon="7.7734280">
    <ele>140.6</ele>
   </trkpt>
   <trkpt lat="48.5768810" lon="7.7733690">
    <ele>140.6</ele>
   </trkpt>
   <trkpt lat="48.5768800" lon="7.7733460">
    <ele>140.6</ele>
   </trkpt>
   <trkpt lat="48.5768660" lon="7.7733110">
    <ele>140.7</ele>
   </trkpt>
   <trkpt lat="48.5768610" lon="7.7732630">
    <ele>140.7</ele>
   </trkpt>
   <trkpt lat="48.5768390" lon="7.7732200">
    <ele>140.7</ele>
   </trkpt>
   <trkpt lat="48.5768320" lon="7.7732070">
    <ele>140.7</ele>
   </trkpt>
   <trkpt lat="48.5768180" lon="7.7731720">
    <ele>140.7</ele>
   </trkpt>
   <trkpt lat="48.5768050" lon="7.7731350">
    <ele>140.7</ele>
   </trkpt>
   <trkpt lat="48.5767770" lon="7.7731030">
    <ele>140.7</ele>
   </trkpt>
   <trkpt lat="48.5767610" lon="7.7730690">
    <ele>140.7</ele>
   </trkpt>
   <trkpt lat="48.5767410" lon="7.7730260">
    <ele>140.7</ele>
   </trkpt>
   <trkpt lat="48.5767240" lon="7.7729930">
    <ele>140.7</ele>
   </trkpt>
   <trkpt lat="48.5767060" lon="7.7729570">
    <ele>140.7</ele>
   </trkpt>
   <trkpt lat="48.5766780" lon="7.7729160">
    <ele>140.7</ele>
   </trkpt>
   <trkpt lat="48.5766690" lon="7.7729020">
    <ele>140.7</ele>
   </trkpt>
   <trkpt lat="48.5766500" lon="7.7728740">
    <ele>140.7</ele>
   </trkpt>
   <trkpt lat="48.5766260" lon="7.7728370">
    <ele>140.7</ele>
   </trkpt>
   <trkpt lat="48.5766080" lon="7.7727970">
    <ele>140.7</ele>
   </trkpt>
   <trkpt lat="48.5766010" lon="7.7727790">
    <ele>140.7</ele>
   </trkpt>
   <trkpt lat="48.5765820" lon="7.7727470">
    <ele>140.7</ele>
   </trkpt>
   <trkpt lat="48.5765650" lon="7.7727090">
    <ele>140.7</ele>
   </trkpt>
   <trkpt lat="48.5765410" lon="7.7726790">
    <ele>140.7</ele>
   </trkpt>
   <trkpt lat="48.5765280" lon="7.7726340">
    <ele>140.7</ele>
   </trkpt>
   <trkpt lat="48.5765160" lon="7.7725910">
    <ele>140.7</ele>
   </trkpt>
   <trkpt lat="48.5765050" lon="7.7725520">
    <ele>140.7</ele>
   </trkpt>
   <trkpt lat="48.5764870" lon="7.7725030">
    <ele>140.7</ele>
   </trkpt>
   <trkpt lat="48.5764780" lon="7.7724890">
    <ele>140.7</ele>
   </trkpt>
   <trkpt lat="48.5764640" lon="7.7724330">
    <ele>140.8</ele>
   </trkpt>
   <trkpt lat="48.5764580" lon="7.7724140">
    <ele>140.8</ele>
   </trkpt>
   <trkpt lat="48.5764570" lon="7.7723580">
    <ele>140.8</ele>
   </trkpt>
   <trkpt lat="48.5764550" lon="7.7723400">
    <ele>140.8</ele>
   </trkpt>
   <trkpt lat="48.5764450" lon="7.7723010">
    <ele>140.8</ele>
   </trkpt>
   <trkpt lat="48.5764380" lon="7.7722580">
    <ele>140.8</ele>
   </trkpt>
   <trkpt lat="48.5764310" lon="7.7722170">
    <ele>140.8</ele>
   </trkpt>
   <trkpt lat="48.5764300" lon="7.7721640">
    <ele>140.8</ele>
   </trkpt>
   <trkpt lat="48.5764260" lon="7.7721200">
    <ele>140.8</ele>
   </trkpt>
   <trkpt lat="48.5764320" lon="7.7720740">
    <ele>140.8</ele>
   </trkpt>
   <trkpt lat="48.5764340" lon="7.7720270">
    <ele>140.8</ele>
   </trkpt>
   <trkpt lat="48.5764170" lon="7.7719850">
    <ele>140.8</ele>
   </trkpt>
   <trkpt lat="48.5764190" lon="7.7719280">
    <ele>140.8</ele>
   </trkpt>
   <trkpt lat="48.5764040" lon="7.7718760">
    <ele>140.8</ele>
   </trkpt>
   <trkpt lat="48.5764090" lon="7.7718110">
    <ele>140.8</ele>
   </trkpt>
   <trkpt lat="48.5764110" lon="7.7717810">
    <ele>140.8</ele>
   </trkpt>
   <trkpt lat="48.5764290" lon="7.7717240">
    <ele>140.8</ele>
   </trkpt>
   <trkpt lat="48.5764350" lon="7.7716980">
    <ele>140.8</ele>
   </trkpt>
   <trkpt lat="48.5764510" lon="7.7716350">
    <ele>140.9</ele>
   </trkpt>
   <trkpt lat="48.5764620" lon="7.7716090">
    <ele>140.9</ele>
   </trkpt>
   <trkpt lat="48.5764710" lon="7.7715660">
    <ele>140.9</ele>
   </trkpt>
   <trkpt lat="48.5764740" lon="7.7715090">
    <ele>140.9</ele>
   </trkpt>
   <trkpt lat="48.5764770" lon="7.7714890">
    <ele>140.9</ele>
   </trkpt>
   <trkpt lat="48.5764890" lon="7.7714290">
    <ele>141.0</ele>
   </trkpt>
   <trkpt lat="48.5764920" lon="7.7714050">
    <ele>141.0</ele>
   </trkpt>
   <trkpt lat="48.5764940" lon="7.7713550">
    <ele>141.0</ele>
   </trkpt>
   <trkpt lat="48.5764990" lon="7.7713030">
    <ele>141.1</ele>
   </trkpt>
   <trkpt lat="48.5765020" lon="7.7712610">
    <ele>141.1</ele>
   </trkpt>
   <trkpt lat="48.5765110" lon="7.7712130">
    <ele>141.1</ele>
   </trkpt>
   <trkpt lat="48.5765090" lon="7.7711580">
    <ele>141.1</ele>
   </trkpt>
   <trkpt lat="48.5765140" lon="7.7711140">
    <ele>141.1</ele>
   </trkpt>
   <trkpt lat="48.5765300" lon="7.7710670">
    <ele>141.1</ele>
   </trkpt>
   <trkpt lat="48.5765460" lon="7.7710170">
    <ele>141.1</ele>
   </trkpt>
   <trkpt lat="48.5765550" lon="7.7709780">
    <ele>141.1</ele>
   </trkpt>
   <trkpt lat="48.5765590" lon="7.7709350">
    <ele>141.1</ele>
   </trkpt>
   <trkpt lat="48.5765550" lon="7.7708840">
    <ele>141.1</ele>
   </trkpt>
   <trkpt lat="48.5765720" lon="7.7708330">
    <ele>141.1</ele>
   </trkpt>
   <trkpt lat="48.5765780" lon="7.7708140">
    <ele>141.1</ele>
   </trkpt>
   <trkpt lat="48.5765840" lon="7.7707620">
    <ele>141.1</ele>
   </trkpt>
   <trkpt lat="48.5765760" lon="7.7707160">
    <ele>141.1</ele>
   </trkpt>
   <trkpt lat="48.5765850" lon="7.7706730">
    <ele>141.1</ele>
   </trkpt>
   <trkpt lat="48.5765810" lon="7.7706260">
    <ele>141.2</ele>
   </trkpt>
   <trkpt lat="48.5765820" lon="7.7705810">
    <ele>141.2</ele>
   </trkpt>
   <trkpt lat="48.5765880" lon="7.7705200">
    <ele>141.2</ele>
   </trkpt>
   <trkpt lat="48.5765920" lon="7.7704990">
    <ele>141.2</ele>
   </trkpt>
   <trkpt lat="48.5766080" lon="7.7704490">
    <ele>141.2</ele>
   </trkpt>
   <trkpt lat="48.5766130" lon="7.7704360">
    <ele>141.2</ele>
   </trkpt>
   <trkpt lat="48.5766250" lon="7.7703950">
    <ele>141.3</ele>
   </trkpt>
   <trkpt lat="48.5766350" lon="7.7703490">
    <ele>141.3</ele>
   </trkpt>
   <trkpt lat="48.5766470" lon="7.7703050">
    <ele>141.3</ele>
   </trkpt>
   <trkpt lat="48.5766620" lon="7.7702640">
    <ele>141.4</ele>
   </trkpt>
   <trkpt lat="48.5766720" lon="7.7702210">
    <ele>141.4</ele>
   </trkpt>
   <trkpt lat="48.5766820" lon="7.7701640">
    <ele>141.5</ele>
   </trkpt>
   <trkpt lat="48.5766850" lon="7.7701430">
    <ele>141.5</ele>
   </trkpt>
   <trkpt lat="48.5766940" lon="7.7701040">
    <ele>141.5</ele>
   </trkpt>
   <trkpt lat="48.5767000" lon="7.7700560">
    <ele>141.5</ele>
   </trkpt>
   <trkpt lat="48.5766940" lon="7.7700110">
    <ele>141.5</ele>
   </trkpt>
   <trkpt lat="48.5766920" lon="7.7699580">
    <ele>141.5</ele>
   </trkpt>
   <trkpt lat="48.5766890" lon="7.7699010">
    <ele>141.5</ele>
   </trkpt>
   <trkpt lat="48.5766880" lon="7.7698840">
    <ele>141.5</ele>
   </trkpt>
   <trkpt lat="48.5766880" lon="7.7698330">
    <ele>141.6</ele>
   </trkpt>
   <trkpt lat="48.5766880" lon="7.7698140">
    <ele>141.6</ele>
   </trkpt>
   <trkpt lat="48.5766920" lon="7.7697650">
    <ele>141.6</ele>
   </trkpt>
   <trkpt lat="48.5767010" lon="7.7697200">
    <ele>141.6</ele>
   </trkpt>
   <trkpt lat="48.5767020" lon="7.7696660">
    <ele>141.6</ele>
   </trkpt>
   <trkpt lat="48.5767020" lon="7.7696410">
    <ele>141.6</ele>
   </trkpt>
   <trkpt lat="48.5767100" lon="7.7695880">
    <ele>141.6</ele>
   </trkpt>
   <trkpt lat="48.5767150" lon="7.7695700">
    <ele>141.6</ele>
   </trkpt>
   <trkpt lat="48.5767110" lon="7.7695110">
    <ele>141.6</ele>
   </trkpt>
   <trkpt lat="48.5767140" lon="7.7694880">
    <ele>141.6</ele>
   </trkpt>
   <trkpt lat="48.5767200" lon="7.7694300">
    <ele>141.6</ele>
   </trkpt>
   <trkpt lat="48.5767210" lon="7.7694050">
    <ele>141.6</ele>
   </trkpt>
   <trkpt lat="48.5767390" lon="7.7693650">
    <ele>141.7</ele>
   </trkpt>
   <trkpt lat="48.5767530" lon="7.7693270">
    <ele>141.7</ele>
   </trkpt>
   <trkpt lat="48.5767770" lon="7.7692900">
    <ele>141.7</ele>
   </trkpt>
   <trkpt lat="48.5767850" lon="7.7692320">
    <ele>141.8</ele>
   </trkpt>
   <trkpt lat="48.5767860" lon="7.7692100">
    <ele>141.8</ele>
   </trkpt>
   <trkpt lat="48.5768000" lon="7.7691680">
    <ele>141.8</ele>
   </trkpt>
   <trkpt lat="48.5768050" lon="7.7691500">
    <ele>141.8</ele>
   </trkpt>
   <trkpt lat="48.5768080" lon="7.7690950">
    <ele>141.8</ele>
   </trkpt>
   <trkpt lat="48.5768080" lon="7.7690480">
    <ele>141.9</ele>
   </trkpt>
   <trkpt lat="48.5768320" lon="7.7689950">
    <ele>141.8</ele>
   </trkpt>
   <trkpt lat="48.5768420" lon="7.7689760">
    <ele>141.8</ele>
   </trkpt>
   <trkpt lat="48.5768720" lon="7.7689390">
    <ele>141.8</ele>
   </trkpt>
   <trkpt lat="48.5768840" lon="7.7689230">
    <ele>141.8</ele>
   </trkpt>
   <trkpt lat="48.5769130" lon="7.7688970">
    <ele>141.8</ele>
   </trkpt>
   <trkpt lat="48.5769450" lon="7.7688660">
    <ele>141.7</ele>
   </trkpt>
   <trkpt lat="48.5769690" lon="7.7688260">
    <ele>141.7</ele>
   </trkpt>
   <trkpt lat="48.5769820" lon="7.7688140">
    <ele>141.7</ele>
   </trkpt>
   <trkpt lat="48.5770170" lon="7.7687750">
    <ele>141.7</ele>
   </trkpt>
   <trkpt lat="48.5770310" lon="7.7687610">
    <ele>141.7</ele>
   </trkpt>
   <trkpt lat="48.5770600" lon="7.7687200">
    <ele>141.7</ele>
   </trkpt>
   <trkpt lat="48.5770730" lon="7.7687100">
    <ele>141.7</ele>
   </trkpt>
   <trkpt lat="48.5770930" lon="7.7686820">
    <ele>141.7</ele>
   </trkpt>
   <trkpt lat="48.5771260" lon="7.7686640">
    <ele>141.7</ele>
   </trkpt>
   <trkpt lat="48.5771510" lon="7.7686170">
    <ele>141.7</ele>
   </trkpt>
   <trkpt lat="48.5771620" lon="7.7686020">
    <ele>141.7</ele>
   </trkpt>
   <trkpt lat="48.5771810" lon="7.7685750">
    <ele>141.7</ele>
   </trkpt>
   <trkpt lat="48.5771930" lon="7.7685720">
    <ele>141.7</ele>
   </trkpt>
   <trkpt lat="48.5772280" lon="7.7685430">
    <ele>141.7</ele>
   </trkpt>
   <trkpt lat="48.5772400" lon="7.7685280">
    <ele>141.7</ele>
   </trkpt>
   <trkpt lat="48.5772760" lon="7.7684840">
    <ele>141.7</ele>
   </trkpt>
   <trkpt lat="48.5772860" lon="7.7684280">
    <ele>141.7</ele>
   </trkpt>
   <trkpt lat="48.5772870" lon="7.7684050">
    <ele>141.7</ele>
   </trkpt>
   <trkpt lat="48.5772870" lon="7.7683510">
    <ele>141.7</ele>
   </trkpt>
   <trkpt lat="48.5772820" lon="7.7682910">
    <ele>141.7</ele>
   </trkpt>
   <trkpt lat="48.5772790" lon="7.7682350">
    <ele>141.6</ele>
   </trkpt>
   <trkpt lat="48.5772760" lon="7.7681860">
    <ele>141.6</ele>
   </trkpt>
   <trkpt lat="48.5772720" lon="7.7681220">
    <ele>141.6</ele>
   </trkpt>
   <trkpt lat="48.5772710" lon="7.7680970">
    <ele>141.6</ele>
   </trkpt>
   <trkpt lat="48.5772680" lon="7.7680510">
    <ele>141.6</ele>
   </trkpt>
   <trkpt lat="48.5772720" lon="7.7680040">
    <ele>141.6</ele>
   </trkpt>
   <trkpt lat="48.5772790" lon="7.7679620">
    <ele>141.6</ele>
   </trkpt>
   <trkpt lat="48.5772840" lon="7.7679170">
    <ele>141.6</ele>
   </trkpt>
   <trkpt lat="48.5772830" lon="7.7678670">
    <ele>141.6</ele>
   </trkpt>
   <trkpt lat="48.5772870" lon="7.7678210">
    <ele>141.6</ele>
   </trkpt>
   <trkpt lat="48.5772890" lon="7.7677720">
    <ele>141.6</ele>
   </trkpt>
   <trkpt lat="48.5772940" lon="7.7677610">
    <ele>141.6</ele>
   </trkpt>
   <trkpt lat="48.5772940" lon="7.7677200">
    <ele>141.6</ele>
   </trkpt>
   <trkpt lat="48.5772860" lon="7.7676730">
    <ele>141.6</ele>
   </trkpt>
   <trkpt lat="48.5772810" lon="7.7676140">
    <ele>141.6</ele>
   </trkpt>
   <trkpt lat="48.5772770" lon="7.7675940">
    <ele>141.6</ele>
   </trkpt>
   <trkpt lat="48.5772780" lon="7.7675530">
    <ele>141.6</ele>
   </trkpt>
   <trkpt lat="48.5772830" lon="7.7674910">
    <ele>141.6</ele>
   </trkpt>
   <trkpt lat="48.5772860" lon="7.7674680">
    <ele>141.6</ele>
   </trkpt>
   <trkpt lat="48.5773000" lon="7.7674280">
    <ele>141.6</ele>
   </trkpt>
   <trkpt lat="48.5773050" lon="7.7673840">
    <ele>141.6</ele>
   </trkpt>
   <trkpt lat="48.5773090" lon="7.7673420">
    <ele>141.6</ele>
   </trkpt>
   <trkpt lat="48.5773240" lon="7.7673050">
    <ele>141.6</ele>
   </trkpt>
   <trkpt lat="48.5773000" lon="7.7672610">
    <ele>141.6</ele>
   </trkpt>
   <trkpt lat="48.5772890" lon="7.7672210">
    <ele>141.6</ele>
   </trkpt>
   <trkpt lat="48.5772800" lon="7.7671710">
    <ele>141.6</ele>
   </trkpt>
   <trkpt lat="48.5772830" lon="7.7671260">
    <ele>141.6</ele>
   </trkpt>
   <trkpt lat="48.5773080" lon="7.7670750">
    <ele>141.6</ele>
   </trkpt>
   <trkpt lat="48.5773410" lon="7.7670260">
    <ele>141.6</ele>
   </trkpt>
   <trkpt lat="48.5773310" lon="7.7669650">
    <ele>141.6</ele>
   </trkpt>
   <trkpt lat="48.5773450" lon="7.7669420">
    <ele>141.6</ele>
   </trkpt>
   <trkpt lat="48.5773420" lon="7.7669190">
    <ele>141.6</ele>
   </trkpt>
   <trkpt lat="48.5773380" lon="7.7668960">
    <ele>141.6</ele>
   </trkpt>
   <trkpt lat="48.5773160" lon="7.7668380">
    <ele>141.6</ele>
   </trkpt>
   <trkpt lat="48.5773290" lon="7.7667940">
    <ele>141.6</ele>
   </trkpt>
   <trkpt lat="48.5773330" lon="7.7667290">
    <ele>141.6</ele>
   </trkpt>
   <trkpt lat="48.5773400" lon="7.7666990">
    <ele>141.6</ele>
   </trkpt>
   <trkpt lat="48.5773520" lon="7.7666390">
    <ele>141.6</ele>
   </trkpt>
   <trkpt lat="48.5773530" lon="7.7666160">
    <ele>141.6</ele>
   </trkpt>
   <trkpt lat="48.5773590" lon="7.7665640">
    <ele>141.6</ele>
   </trkpt>
   <trkpt lat="48.5773780" lon="7.7665320">
    <ele>141.6</ele>
   </trkpt>
   <trkpt lat="48.5773790" lon="7.7665170">
    <ele>141.6</ele>
   </trkpt>
   <trkpt lat="48.5773830" lon="7.7664660">
    <ele>141.6</ele>
   </trkpt>
   <trkpt lat="48.5773830" lon="7.7664480">
    <ele>141.6</ele>
   </trkpt>
   <trkpt lat="48.5773920" lon="7.7663930">
    <ele>141.6</ele>
   </trkpt>
   <trkpt lat="48.5773940" lon="7.7663510">
    <ele>141.6</ele>
   </trkpt>
   <trkpt lat="48.5773860" lon="7.7663020">
    <ele>141.6</ele>
   </trkpt>
   <trkpt lat="48.5773650" lon="7.7662530">
    <ele>141.6</ele>
   </trkpt>
   <trkpt lat="48.5773380" lon="7.7662130">
    <ele>141.6</ele>
   </trkpt>
   <trkpt lat="48.5773510" lon="7.7661630">
    <ele>141.6</ele>
   </trkpt>
   <trkpt lat="48.5773670" lon="7.7661300">
    <ele>141.6</ele>
   </trkpt>
   <trkpt lat="48.5773990" lon="7.7661030">
    <ele>141.6</ele>
   </trkpt>
   <trkpt lat="48.5774100" lon="7.7660910">
    <ele>141.6</ele>
   </trkpt>
   <trkpt lat="48.5773950" lon="7.7659810">
    <ele>141.6</ele>
   </trkpt>
   <trkpt lat="48.5774130" lon="7.7659440">
    <ele>141.6</ele>
   </trkpt>
   <trkpt lat="48.5774160" lon="7.7659250">
    <ele>141.6</ele>
   </trkpt>
   <trkpt lat="48.5774290" lon="7.7658840">
    <ele>141.6</ele>
   </trkpt>
   <trkpt lat="48.5774350" lon="7.7658680">
    <ele>141.6</ele>
   </trkpt>
   <trkpt lat="48.5774520" lon="7.7658240">
    <ele>141.6</ele>
   </trkpt>
   <trkpt lat="48.5774570" lon="7.7658070">
    <ele>141.7</ele>
   </trkpt>
   <trkpt lat="48.5774610" lon="7.7657570">
    <ele>141.7</ele>
   </trkpt>
   <trkpt lat="48.5774660" lon="7.7657030">
    <ele>141.7</ele>
   </trkpt>
   <trkpt lat="48.5774630" lon="7.7656550">
    <ele>141.7</ele>
   </trkpt>
   <trkpt lat="48.5774850" lon="7.7656050">
    <ele>141.7</ele>
   </trkpt>
   <trkpt lat="48.5774930" lon="7.7655870">
    <ele>141.7</ele>
   </trkpt>
   <trkpt lat="48.5775130" lon="7.7655150">
    <ele>141.6</ele>
   </trkpt>
   <trkpt lat="48.5775360" lon="7.7654690">
    <ele>141.6</ele>
   </trkpt>
   <trkpt lat="48.5775440" lon="7.7654530">
    <ele>141.6</ele>
   </trkpt>
   <trkpt lat="48.5775470" lon="7.7654120">
    <ele>141.6</ele>
   </trkpt>
   <trkpt lat="48.5775270" lon="7.7653560">
    <ele>141.6</ele>
   </trkpt>
   <trkpt lat="48.5775430" lon="7.7653190">
    <ele>141.6</ele>
   </trkpt>
   <trkpt lat="48.5775540" lon="7.7652810">
    <ele>141.6</ele>
   </trkpt>
   <trkpt lat="48.5775680" lon="7.7652320">
    <ele>141.5</ele>
   </trkpt>
   <trkpt lat="48.5775750" lon="7.7652160">
    <ele>141.5</ele>
   </trkpt>
   <trkpt lat="48.5775860" lon="7.7651650">
    <ele>141.5</ele>
   </trkpt>
   <trkpt lat="48.5775910" lon="7.7651490">
    <ele>141.5</ele>
   </trkpt>
   <trkpt lat="48.5775990" lon="7.7650870">
    <ele>141.5</ele>
   </trkpt>
   <trkpt lat="48.5776010" lon="7.7650640">
    <ele>141.5</ele>
   </trkpt>
   <trkpt lat="48.5776220" lon="7.7650630">
    <ele>141.5</ele>
   </trkpt>
   <trkpt lat="48.5776270" lon="7.7650480">
    <ele>141.5</ele>
   </trkpt>
   <trkpt lat="48.5776310" lon="7.7649960">
    <ele>141.5</ele>
   </trkpt>
   <trkpt lat="48.5776310" lon="7.7649510">
    <ele>141.5</ele>
   </trkpt>
   <trkpt lat="48.5776420" lon="7.7649050">
    <ele>141.4</ele>
   </trkpt>
   <trkpt lat="48.5776340" lon="7.7648570">
    <ele>141.4</ele>
   </trkpt>
   <trkpt lat="48.5776420" lon="7.7648110">
    <ele>141.4</ele>
   </trkpt>
   <trkpt lat="48.5776420" lon="7.7647510">
    <ele>141.4</ele>
   </trkpt>
   <trkpt lat="48.5776390" lon="7.7647300">
    <ele>141.4</ele>
   </trkpt>
   <trkpt lat="48.5776550" lon="7.7646710">
    <ele>141.4</ele>
   </trkpt>
   <trkpt lat="48.5776600" lon="7.7646460">
    <ele>141.4</ele>
   </trkpt>
   <trkpt lat="48.5776680" lon="7.7645870">
    <ele>141.3</ele>
   </trkpt>
   <trkpt lat="48.5776700" lon="7.7645670">
    <ele>141.3</ele>
   </trkpt>
   <trkpt lat="48.5776860" lon="7.7645260">
    <ele>141.3</ele>
   </trkpt>
   <trkpt lat="48.5777110" lon="7.7644920">
    <ele>141.3</ele>
   </trkpt>
   <trkpt lat="48.5777190" lon="7.7644790">
    <ele>141.3</ele>
   </trkpt>
   <trkpt lat="48.5777310" lon="7.7644200">
    <ele>141.3</ele>
   </trkpt>
   <trkpt lat="48.5777280" lon="7.7643850">
    <ele>141.4</ele>
   </trkpt>
   <trkpt lat="48.5777200" lon="7.7643310">
    <ele>141.4</ele>
   </trkpt>
   <trkpt lat="48.5777170" lon="7.7642760">
    <ele>141.4</ele>
   </trkpt>
   <trkpt lat="48.5777290" lon="7.7642210">
    <ele>141.5</ele>
   </trkpt>
   <trkpt lat="48.5777320" lon="7.7641710">
    <ele>141.5</ele>
   </trkpt>
   <trkpt lat="48.5777340" lon="7.7641230">
    <ele>141.5</ele>
   </trkpt>
   <trkpt lat="48.5777450" lon="7.7640620">
    <ele>141.6</ele>
   </trkpt>
   <trkpt lat="48.5777440" lon="7.7640340">
    <ele>141.6</ele>
   </trkpt>
   <trkpt lat="48.5777450" lon="7.7639840">
    <ele>141.6</ele>
   </trkpt>
   <trkpt lat="48.5777510" lon="7.7639230">
    <ele>141.6</ele>
   </trkpt>
   <trkpt lat="48.5777520" lon="7.7638970">
    <ele>141.6</ele>
   </trkpt>
   <trkpt lat="48.5777500" lon="7.7638450">
    <ele>141.7</ele>
   </trkpt>
   <trkpt lat="48.5777600" lon="7.7637990">
    <ele>141.7</ele>
   </trkpt>
   <trkpt lat="48.5777630" lon="7.7637510">
    <ele>141.7</ele>
   </trkpt>
   <trkpt lat="48.5777690" lon="7.7636920">
    <ele>141.7</ele>
   </trkpt>
   <trkpt lat="48.5777700" lon="7.7636730">
    <ele>141.7</ele>
   </trkpt>
   <trkpt lat="48.5777840" lon="7.7636360">
    <ele>141.7</ele>
   </trkpt>
   <trkpt lat="48.5777940" lon="7.7635940">
    <ele>141.7</ele>
   </trkpt>
   <trkpt lat="48.5777970" lon="7.7635800">
    <ele>141.7</ele>
   </trkpt>
   <trkpt lat="48.5778040" lon="7.7635300">
    <ele>141.8</ele>
   </trkpt>
   <trkpt lat="48.5778070" lon="7.7635080">
    <ele>141.8</ele>
   </trkpt>
   <trkpt lat="48.5778130" lon="7.7634630">
    <ele>141.8</ele>
   </trkpt>
   <trkpt lat="48.5778210" lon="7.7634150">
    <ele>141.8</ele>
   </trkpt>
   <trkpt lat="48.5778310" lon="7.7633550">
    <ele>141.8</ele>
   </trkpt>
   <trkpt lat="48.5778340" lon="7.7633320">
    <ele>141.8</ele>
   </trkpt>
   <trkpt lat="48.5778390" lon="7.7632890">
    <ele>141.8</ele>
   </trkpt>
   <trkpt lat="48.5778360" lon="7.7632430">
    <ele>141.8</ele>
   </trkpt>
   <trkpt lat="48.5778430" lon="7.7632030">
    <ele>141.8</ele>
   </trkpt>
   <trkpt lat="48.5778530" lon="7.7631570">
    <ele>141.8</ele>
   </trkpt>
   <trkpt lat="48.5778540" lon="7.7631430">
    <ele>141.8</ele>
   </trkpt>
   <trkpt lat="48.5778590" lon="7.7631020">
    <ele>141.8</ele>
   </trkpt>
   <trkpt lat="48.5778620" lon="7.7630560">
    <ele>141.8</ele>
   </trkpt>
   <trkpt lat="48.5778700" lon="7.7630020">
    <ele>141.8</ele>
   </trkpt>
   <trkpt lat="48.5778790" lon="7.7629860">
    <ele>141.9</ele>
   </trkpt>
   <trkpt lat="48.5778840" lon="7.7629370">
    <ele>141.9</ele>
   </trkpt>
   <trkpt lat="48.5778920" lon="7.7628760">
    <ele>141.9</ele>
   </trkpt>
   <trkpt lat="48.5778960" lon="7.7628540">
    <ele>141.9</ele>
   </trkpt>
   <trkpt lat="48.5779020" lon="7.7628120">
    <ele>141.9</ele>
   </trkpt>
   <trkpt lat="48.5779080" lon="7.7627720">
    <ele>141.9</ele>
   </trkpt>
   <trkpt lat="48.5779120" lon="7.7627280">
    <ele>141.9</ele>
   </trkpt>
   <trkpt lat="48.5779150" lon="7.7626710">
    <ele>141.9</ele>
   </trkpt>
   <trkpt lat="48.5779170" lon="7.7626510">
    <ele>141.9</ele>
   </trkpt>
   <trkpt lat="48.5779310" lon="7.7626170">
    <ele>141.9</ele>
   </trkpt>
   <trkpt lat="48.5779420" lon="7.7625520">
    <ele>141.9</ele>
   </trkpt>
   <trkpt lat="48.5779480" lon="7.7625040">
    <ele>141.9</ele>
   </trkpt>
   <trkpt lat="48.5779630" lon="7.7624680">
    <ele>141.9</ele>
   </trkpt>
   <trkpt lat="48.5779680" lon="7.7624140">
    <ele>141.9</ele>
   </trkpt>
   <trkpt lat="48.5779760" lon="7.7623960">
    <ele>141.9</ele>
   </trkpt>
   <trkpt lat="48.5779840" lon="7.7623510">
    <ele>141.9</ele>
   </trkpt>
   <trkpt lat="48.5779790" lon="7.7623020">
    <ele>141.8</ele>
   </trkpt>
   <trkpt lat="48.5779760" lon="7.7622470">
    <ele>141.8</ele>
   </trkpt>
   <trkpt lat="48.5779780" lon="7.7621970">
    <ele>141.8</ele>
   </trkpt>
   <trkpt lat="48.5779810" lon="7.7621540">
    <ele>141.8</ele>
   </trkpt>
   <trkpt lat="48.5779910" lon="7.7621150">
    <ele>141.8</ele>
   </trkpt>
   <trkpt lat="48.5779880" lon="7.7620590">
    <ele>141.8</ele>
   </trkpt>
   <trkpt lat="48.5779860" lon="7.7620410">
    <ele>141.8</ele>
   </trkpt>
   <trkpt lat="48.5779780" lon="7.7620020">
    <ele>141.8</ele>
   </trkpt>
   <trkpt lat="48.5779970" lon="7.7619470">
    <ele>141.8</ele>
   </trkpt>
   <trkpt lat="48.5779990" lon="7.7619220">
    <ele>141.8</ele>
   </trkpt>
   <trkpt lat="48.5780010" lon="7.7618880">
    <ele>141.8</ele>
   </trkpt>
   <trkpt lat="48.5779810" lon="7.7618810">
    <ele>141.8</ele>
   </trkpt>
   <trkpt lat="48.5779690" lon="7.7618470">
    <ele>141.8</ele>
   </trkpt>
   <trkpt lat="48.5779550" lon="7.7618300">
    <ele>141.8</ele>
   </trkpt>
   <trkpt lat="48.5779510" lon="7.7617800">
    <ele>141.8</ele>
   </trkpt>
   <trkpt lat="48.5779640" lon="7.7617240">
    <ele>141.8</ele>
   </trkpt>
   <trkpt lat="48.5779880" lon="7.7616920">
    <ele>141.8</ele>
   </trkpt>
   <trkpt lat="48.5780110" lon="7.7616440">
    <ele>141.8</ele>
   </trkpt>
   <trkpt lat="48.5780210" lon="7.7616180">
    <ele>141.8</ele>
   </trkpt>
   <trkpt lat="48.5780350" lon="7.7615680">
    <ele>141.8</ele>
   </trkpt>
   <trkpt lat="48.5780540" lon="7.7615020">
    <ele>141.8</ele>
   </trkpt>
   <trkpt lat="48.5780590" lon="7.7614690">
    <ele>141.8</ele>
   </trkpt>
   <trkpt lat="48.5780720" lon="7.7614160">
    <ele>141.8</ele>
   </trkpt>
   <trkpt lat="48.5780830" lon="7.7613690">
    <ele>141.8</ele>
   </trkpt>
   <trkpt lat="48.5780810" lon="7.7613190">
    <ele>141.8</ele>
   </trkpt>
   <trkpt lat="48.5780940" lon="7.7612780">
    <ele>141.7</ele>
   </trkpt>
   <trkpt lat="48.5781200" lon="7.7612420">
    <ele>141.7</ele>
   </trkpt>
   <trkpt lat="48.5781500" lon="7.7612180">
    <ele>141.7</ele>
   </trkpt>
   <trkpt lat="48.5781830" lon="7.7611980">
    <ele>141.8</ele>
   </trkpt>
   <trkpt lat="48.5782140" lon="7.7612070">
    <ele>141.8</ele>
   </trkpt>
   <trkpt lat="48.5782590" lon="7.7612760">
    <ele>141.8</ele>
   </trkpt>
   <trkpt lat="48.5783070" lon="7.7613180">
    <ele>141.9</ele>
   </trkpt>
   <trkpt lat="48.5783460" lon="7.7613630">
    <ele>141.9</ele>
   </trkpt>
   <trkpt lat="48.5783760" lon="7.7613750">
    <ele>141.9</ele>
   </trkpt>
   <trkpt lat="48.5783820" lon="7.7613740">
    <ele>141.9</ele>
   </trkpt>
   <trkpt lat="48.5784170" lon="7.7613660">
    <ele>141.9</ele>
   </trkpt>
   <trkpt lat="48.5784300" lon="7.7613720">
    <ele>141.9</ele>
   </trkpt>
   <trkpt lat="48.5784530" lon="7.7613910">
    <ele>141.9</ele>
   </trkpt>
   <trkpt lat="48.5784910" lon="7.7614230">
    <ele>142.0</ele>
   </trkpt>
   <trkpt lat="48.5785100" lon="7.7614280">
    <ele>142.0</ele>
   </trkpt>
   <trkpt lat="48.5785460" lon="7.7614570">
    <ele>142.0</ele>
   </trkpt>
   <trkpt lat="48.5785620" lon="7.7614670">
    <ele>142.0</ele>
   </trkpt>
   <trkpt lat="48.5786030" lon="7.7614780">
    <ele>142.0</ele>
   </trkpt>
   <trkpt lat="48.5786360" lon="7.7615060">
    <ele>142.0</ele>
   </trkpt>
   <trkpt lat="48.5786460" lon="7.7615190">
    <ele>142.1</ele>
   </trkpt>
   <trkpt lat="48.5786780" lon="7.7615140">
    <ele>142.1</ele>
   </trkpt>
   <trkpt lat="48.5786940" lon="7.7615680">
    <ele>142.1</ele>
   </trkpt>
   <trkpt lat="48.5786990" lon="7.7615890">
    <ele>142.1</ele>
   </trkpt>
   <trkpt lat="48.5787470" lon="7.7616090">
    <ele>142.2</ele>
   </trkpt>
   <trkpt lat="48.5787750" lon="7.7616210">
    <ele>142.2</ele>
   </trkpt>
   <trkpt lat="48.5787990" lon="7.7616150">
    <ele>142.3</ele>
   </trkpt>
   <trkpt lat="48.5788060" lon="7.7616340">
    <ele>142.3</ele>
   </trkpt>
   <trkpt lat="48.5788010" lon="7.7616840">
    <ele>142.3</ele>
   </trkpt>
   <trkpt lat="48.5787960" lon="7.7617130">
    <ele>142.4</ele>
   </trkpt>
   <trkpt lat="48.5787840" lon="7.7617630">
    <ele>142.4</ele>
   </trkpt>
   <trkpt lat="48.5787820" lon="7.7618060">
    <ele>142.4</ele>
   </trkpt>
   <trkpt lat="48.5787760" lon="7.7618210">
    <ele>142.4</ele>
   </trkpt>
   <trkpt lat="48.5788010" lon="7.7618590">
    <ele>142.4</ele>
   </trkpt>
   <trkpt lat="48.5787780" lon="7.7619220">
    <ele>142.5</ele>
   </trkpt>
   <trkpt lat="48.5787590" lon="7.7619460">
    <ele>142.5</ele>
   </trkpt>
   <trkpt lat="48.5787690" lon="7.7619980">
    <ele>142.5</ele>
   </trkpt>
   <trkpt lat="48.5787660" lon="7.7620150">
    <ele>142.5</ele>
   </trkpt>
   <trkpt lat="48.5787480" lon="7.7620520">
    <ele>142.5</ele>
   </trkpt>
   <trkpt lat="48.5787440" lon="7.7620980">
    <ele>142.5</ele>
   </trkpt>
   <trkpt lat="48.5787370" lon="7.7621400">
    <ele>142.5</ele>
   </trkpt>
   <trkpt lat="48.5787140" lon="7.7621700">
    <ele>142.5</ele>
   </trkpt>
   <trkpt lat="48.5787160" lon="7.7622130">
    <ele>142.5</ele>
   </trkpt>
   <trkpt lat="48.5787310" lon="7.7622510">
    <ele>142.5</ele>
   </trkpt>
   <trkpt lat="48.5787460" lon="7.7622870">
    <ele>142.5</ele>
   </trkpt>
   <trkpt lat="48.5787530" lon="7.7623470">
    <ele>142.5</ele>
   </trkpt>
   <trkpt lat="48.5787530" lon="7.7623760">
    <ele>142.5</ele>
   </trkpt>
   <trkpt lat="48.5787590" lon="7.7624050">
    <ele>142.5</ele>
   </trkpt>
   <trkpt lat="48.5787640" lon="7.7624010">
    <ele>142.5</ele>
   </trkpt>
   <trkpt lat="48.5787630" lon="7.7623860">
    <ele>142.5</ele>
   </trkpt>
   <trkpt lat="48.5787780" lon="7.7624080">
    <ele>142.5</ele>
   </trkpt>
   <trkpt lat="48.5787820" lon="7.7624560">
    <ele>142.5</ele>
   </trkpt>
   <trkpt lat="48.5787740" lon="7.7625110">
    <ele>142.4</ele>
   </trkpt>
   <trkpt lat="48.5787650" lon="7.7625900">
    <ele>142.4</ele>
   </trkpt>
   <trkpt lat="48.5787460" lon="7.7626570">
    <ele>142.4</ele>
   </trkpt>
   <trkpt lat="48.5787380" lon="7.7627120">
    <ele>142.3</ele>
   </trkpt>
   <trkpt lat="48.5787380" lon="7.7627650">
    <ele>142.3</ele>
   </trkpt>
   <trkpt lat="48.5787380" lon="7.7628090">
    <ele>142.3</ele>
   </trkpt>
   <trkpt lat="48.5787220" lon="7.7628660">
    <ele>142.3</ele>
   </trkpt>
   <trkpt lat="48.5787090" lon="7.7629160">
    <ele>142.3</ele>
   </trkpt>
   <trkpt lat="48.5787020" lon="7.7629340">
    <ele>142.3</ele>
   </trkpt>
   <trkpt lat="48.5787040" lon="7.7629880">
    <ele>142.2</ele>
   </trkpt>
   <trkpt lat="48.5787060" lon="7.7630060">
    <ele>142.2</ele>
   </trkpt>
   <trkpt lat="48.5786920" lon="7.7630350">
    <ele>142.2</ele>
   </trkpt>
   <trkpt lat="48.5786890" lon="7.7630570">
    <ele>142.2</ele>
   </trkpt>
   <trkpt lat="48.5786860" lon="7.7630800">
    <ele>142.2</ele>
   </trkpt>
   <trkpt lat="48.5786520" lon="7.7631300">
    <ele>142.2</ele>
   </trkpt>
   <trkpt lat="48.5786350" lon="7.7631730">
    <ele>142.1</ele>
   </trkpt>
   <trkpt lat="48.5786260" lon="7.7632420">
    <ele>142.0</ele>
   </trkpt>
   <trkpt lat="48.5786050" lon="7.7632870">
    <ele>142.0</ele>
   </trkpt>
   <trkpt lat="48.5786050" lon="7.7633480">
    <ele>141.9</ele>
   </trkpt>
   <trkpt lat="48.5786020" lon="7.7633700">
    <ele>141.9</ele>
   </trkpt>
   <trkpt lat="48.5785890" lon="7.7634280">
    <ele>141.9</ele>
   </trkpt>
   <trkpt lat="48.5785990" lon="7.7634670">
    <ele>141.9</ele>
   </trkpt>
   <trkpt lat="48.5785890" lon="7.7635070">
    <ele>141.9</ele>
   </trkpt>
   <trkpt lat="48.5785790" lon="7.7635600">
    <ele>141.8</ele>
   </trkpt>
   <trkpt lat="48.5785750" lon="7.7636220">
    <ele>141.8</ele>
   </trkpt>
   <trkpt lat="48.5785770" lon="7.7636460">
    <ele>141.8</ele>
   </trkpt>
   <trkpt lat="48.5785770" lon="7.7637060">
    <ele>141.8</ele>
   </trkpt>
   <trkpt lat="48.5785770" lon="7.7637270">
    <ele>141.8</ele>
   </trkpt>
   <trkpt lat="48.5785870" lon="7.7637860">
    <ele>141.7</ele>
   </trkpt>
   <trkpt lat="48.5785880" lon="7.7638110">
    <ele>141.7</ele>
   </trkpt>
   <trkpt lat="48.5785810" lon="7.7638640">
    <ele>141.7</ele>
   </trkpt>
   <trkpt lat="48.5785820" lon="7.7638850">
    <ele>141.7</ele>
   </trkpt>
   <trkpt lat="48.5785840" lon="7.7639510">
    <ele>141.6</ele>
   </trkpt>
   <trkpt lat="48.5785920" lon="7.7640080">
    <ele>141.6</ele>
   </trkpt>
   <trkpt lat="48.5786010" lon="7.7640250">
    <ele>141.6</ele>
   </trkpt>
   <trkpt lat="48.5786330" lon="7.7640300">
    <ele>141.6</ele>
   </trkpt>
   <trkpt lat="48.5786430" lon="7.7640570">
    <ele>141.5</ele>
   </trkpt>
   <trkpt lat="48.5786430" lon="7.7640700">
    <ele>141.5</ele>
   </trkpt>
   <trkpt lat="48.5786570" lon="7.7640860">
    <ele>141.5</ele>
   </trkpt>
   <trkpt lat="48.5786580" lon="7.7641100">
    <ele>141.5</ele>
   </trkpt>
   <trkpt lat="48.5786590" lon="7.7641350">
    <ele>141.5</ele>
   </trkpt>
   <trkpt lat="48.5786600" lon="7.7641600">
    <ele>141.5</ele>
   </trkpt>
   <trkpt lat="48.5786540" lon="7.7641690">
    <ele>141.5</ele>
   </trkpt>
   <trkpt lat="48.5786500" lon="7.7641820">
    <ele>141.4</ele>
   </trkpt>
   <trkpt lat="48.5786430" lon="7.7641960">
    <ele>141.4</ele>
   </trkpt>
   <trkpt lat="48.5786500" lon="7.7642220">
    <ele>141.4</ele>
   </trkpt>
   <trkpt lat="48.5786520" lon="7.7642410">
    <ele>141.4</ele>
   </trkpt>
   <trkpt lat="48.5786370" lon="7.7642960">
    <ele>141.4</ele>
   </trkpt>
   <trkpt lat="48.5786340" lon="7.7643220">
    <ele>141.4</ele>
   </trkpt>
   <trkpt lat="48.5786180" lon="7.7643770">
    <ele>141.4</ele>
   </trkpt>
   <trkpt lat="48.5786320" lon="7.7644190">
    <ele>141.4</ele>
   </trkpt>
   <trkpt lat="48.5786120" lon="7.7644660">
    <ele>141.4</ele>
   </trkpt>
   <trkpt lat="48.5785860" lon="7.7645360">
    <ele>141.3</ele>
   </trkpt>
   <trkpt lat="48.5785700" lon="7.7645840">
    <ele>141.3</ele>
   </trkpt>
   <trkpt lat="48.5785560" lon="7.7646590">
    <ele>141.3</ele>
   </trkpt>
   <trkpt lat="48.5785410" lon="7.7647220">
    <ele>141.3</ele>
   </trkpt>
   <trkpt lat="48.5785330" lon="7.7647470">
    <ele>141.3</ele>
   </trkpt>
   <trkpt lat="48.5785250" lon="7.7648000">
    <ele>141.3</ele>
   </trkpt>
   <trkpt lat="48.5785190" lon="7.7648630">
    <ele>141.3</ele>
   </trkpt>
   <trkpt lat="48.5785180" lon="7.7648930">
    <ele>141.3</ele>
   </trkpt>
   <trkpt lat="48.5785030" lon="7.7649500">
    <ele>141.3</ele>
   </trkpt>
   <trkpt lat="48.5784930" lon="7.7649950">
    <ele>141.3</ele>
   </trkpt>
   <trkpt lat="48.5784740" lon="7.7650420">
    <ele>141.2</ele>
   </trkpt>
   <trkpt lat="48.5784530" lon="7.7651040">
    <ele>141.2</ele>
   </trkpt>
   <trkpt lat="48.5784620" lon="7.7651720">
    <ele>141.1</ele>
   </trkpt>
   <trkpt lat="48.5784470" lon="7.7652130">
    <ele>141.1</ele>
   </trkpt>
   <trkpt lat="48.5784480" lon="7.7652660">
    <ele>141.1</ele>
   </trkpt>
   <trkpt lat="48.5784430" lon="7.7653300">
    <ele>141.1</ele>
   </trkpt>
   <trkpt lat="48.5784410" lon="7.7653760">
    <ele>141.0</ele>
   </trkpt>
   <trkpt lat="48.5784410" lon="7.7654210">
    <ele>141.0</ele>
   </trkpt>
   <trkpt lat="48.5784290" lon="7.7654720">
    <ele>141.0</ele>
   </trkpt>
   <trkpt lat="48.5784170" lon="7.7655290">
    <ele>141.0</ele>
   </trkpt>
   <trkpt lat="48.5784110" lon="7.7655840">
    <ele>141.0</ele>
   </trkpt>
   <trkpt lat="48.5784030" lon="7.7656020">
    <ele>141.0</ele>
   </trkpt>
   <trkpt lat="48.5784140" lon="7.7656590">
    <ele>141.0</ele>
   </trkpt>
   <trkpt lat="48.5784150" lon="7.7656800">
    <ele>141.0</ele>
   </trkpt>
   <trkpt lat="48.5784110" lon="7.7657290">
    <ele>141.0</ele>
   </trkpt>
   <trkpt lat="48.5784160" lon="7.7657940">
    <ele>141.0</ele>
   </trkpt>
   <trkpt lat="48.5784160" lon="7.7658250">
    <ele>141.0</ele>
   </trkpt>
   <trkpt lat="48.5784070" lon="7.7658790">
    <ele>141.0</ele>
   </trkpt>
   <trkpt lat="48.5784050" lon="7.7658980">
    <ele>141.0</ele>
   </trkpt>
   <trkpt lat="48.5784080" lon="7.7659550">
    <ele>141.0</ele>
   </trkpt>
   <trkpt lat="48.5784030" lon="7.7659730">
    <ele>141.0</ele>
   </trkpt>
   <trkpt lat="48.5784040" lon="7.7660160">
    <ele>141.0</ele>
   </trkpt>
   <trkpt lat="48.5784050" lon="7.7660580">
    <ele>141.0</ele>
   </trkpt>
   <trkpt lat="48.5784110" lon="7.7661120">
    <ele>141.0</ele>
   </trkpt>
   <trkpt lat="48.5784200" lon="7.7661670">
    <ele>141.0</ele>
   </trkpt>
   <trkpt lat="48.5784240" lon="7.7661850">
    <ele>141.0</ele>
   </trkpt>
   <trkpt lat="48.5784310" lon="7.7662410">
    <ele>141.0</ele>
   </trkpt>
   <trkpt lat="48.5784290" lon="7.7662630">
    <ele>141.0</ele>
   </trkpt>
   <trkpt lat="48.5784220" lon="7.7663200">
    <ele>141.0</ele>
   </trkpt>
   <trkpt lat="48.5784190" lon="7.7663860">
    <ele>141.0</ele>
   </trkpt>
   <trkpt lat="48.5784200" lon="7.7664150">
    <ele>141.0</ele>
   </trkpt>
   <trkpt lat="48.5784240" lon="7.7664660">
    <ele>141.0</ele>
   </trkpt>
   <trkpt lat="48.5784240" lon="7.7664810">
    <ele>141.0</ele>
   </trkpt>
   <trkpt lat="48.5784220" lon="7.7665370">
    <ele>141.0</ele>
   </trkpt>
   <trkpt lat="48.5784250" lon="7.7665590">
    <ele>141.1</ele>
   </trkpt>
   <trkpt lat="48.5784230" lon="7.7666070">
    <ele>141.1</ele>
   </trkpt>
   <trkpt lat="48.5784210" lon="7.7666440">
    <ele>141.1</ele>
   </trkpt>
   <trkpt lat="48.5784150" lon="7.7666940">
    <ele>141.1</ele>
   </trkpt>
   <trkpt lat="48.5783950" lon="7.7667110">
    <ele>141.1</ele>
   </trkpt>
   <trkpt lat="48.5784110" lon="7.7667580">
    <ele>141.1</ele>
   </trkpt>
   <trkpt lat="48.5784210" lon="7.7667720">
    <ele>141.1</ele>
   </trkpt>
   <trkpt lat="48.5784510" lon="7.7667970">
    <ele>141.2</ele>
   </trkpt>
   <trkpt lat="48.5784830" lon="7.7668110">
    <ele>141.2</ele>
   </trkpt>
   <trkpt lat="48.5784940" lon="7.7668090">
    <ele>141.2</ele>
   </trkpt>
   <trkpt lat="48.5785250" lon="7.7668300">
    <ele>141.2</ele>
   </trkpt>
   <trkpt lat="48.5785540" lon="7.7668380">
    <ele>141.2</ele>
   </trkpt>
   <trkpt lat="48.5785950" lon="7.7668410">
    <ele>141.2</ele>
   </trkpt>
   <trkpt lat="48.5786110" lon="7.7668420">
    <ele>141.3</ele>
   </trkpt>
   <trkpt lat="48.5786170" lon="7.7668480">
    <ele>141.3</ele>
   </trkpt>
   <trkpt lat="48.5786270" lon="7.7668460">
    <ele>141.3</ele>
   </trkpt>
   <trkpt lat="48.5786160" lon="7.7668520">
    <ele>141.3</ele>
   </trkpt>
   <trkpt lat="48.5786370" lon="7.7668630">
    <ele>141.3</ele>
   </trkpt>
   <trkpt lat="48.5786680" lon="7.7668890">
    <ele>141.3</ele>
   </trkpt>
   <trkpt lat="48.5786890" lon="7.7669000">
    <ele>141.3</ele>
   </trkpt>
   <trkpt lat="48.5787380" lon="7.7669040">
    <ele>141.4</ele>
   </trkpt>
   <trkpt lat="48.5787690" lon="7.7668830">
    <ele>141.4</ele>
   </trkpt>
   <trkpt lat="48.5788020" lon="7.7668960">
    <ele>141.4</ele>
   </trkpt>
   <trkpt lat="48.5788380" lon="7.7668730">
    <ele>141.4</ele>
   </trkpt>
   <trkpt lat="48.5788530" lon="7.7668720">
    <ele>141.5</ele>
   </trkpt>
   <trkpt lat="48.5788890" lon="7.7668950">
    <ele>141.5</ele>
   </trkpt>
   <trkpt lat="48.5789270" lon="7.7669210">
    <ele>141.5</ele>
   </trkpt>
   <trkpt lat="48.5789680" lon="7.7669400">
    <ele>141.5</ele>
   </trkpt>
   <trkpt lat="48.5790130" lon="7.7669330">
    <ele>141.5</ele>
   </trkpt>
   <trkpt lat="48.5790510" lon="7.7669280">
    <ele>141.5</ele>
   </trkpt>
   <trkpt lat="48.5790880" lon="7.7669340">
    <ele>141.5</ele>
   </trkpt>
   <trkpt lat="48.5791250" lon="7.7669290">
    <ele>141.5</ele>
   </trkpt>
   <trkpt lat="48.5791640" lon="7.7669320">
    <ele>141.5</ele>
   </trkpt>
   <trkpt lat="48.5791930" lon="7.7669610">
    <ele>141.5</ele>
   </trkpt>
   <trkpt lat="48.5792290" lon="7.7669620">
    <ele>141.5</ele>
   </trkpt>
   <trkpt lat="48.5792710" lon="7.7669710">
    <ele>141.5</ele>
   </trkpt>
   <trkpt lat="48.5793150" lon="7.7669740">
    <ele>141.5</ele>
   </trkpt>
   <trkpt lat="48.5793500" lon="7.7669720">
    <ele>141.5</ele>
   </trkpt>
   <trkpt lat="48.5793790" lon="7.7669840">
    <ele>141.5</ele>
   </trkpt>
   <trkpt lat="48.5794180" lon="7.7669960">
    <ele>141.5</ele>
   </trkpt>
   <trkpt lat="48.5794480" lon="7.7670000">
    <ele>141.4</ele>
   </trkpt>
   <trkpt lat="48.5794850" lon="7.7669890">
    <ele>141.4</ele>
   </trkpt>
   <trkpt lat="48.5795130" lon="7.7669910">
    <ele>141.4</ele>
   </trkpt>
   <trkpt lat="48.5795390" lon="7.7670080">
    <ele>141.4</ele>
   </trkpt>
   <trkpt lat="48.5795650" lon="7.7670180">
    <ele>141.4</ele>
   </trkpt>
   <trkpt lat="48.5796030" lon="7.7670140">
    <ele>141.4</ele>
   </trkpt>
   <trkpt lat="48.5796370" lon="7.7669990">
    <ele>141.4</ele>
   </trkpt>
   <trkpt lat="48.5796720" lon="7.7670150">
    <ele>141.4</ele>
   </trkpt>
   <trkpt lat="48.5797090" lon="7.7670130">
    <ele>141.4</ele>
   </trkpt>
   <trkpt lat="48.5797220" lon="7.7670210">
    <ele>141.4</ele>
   </trkpt>
   <trkpt lat="48.5797570" lon="7.7670060">
    <ele>141.4</ele>
   </trkpt>
   <trkpt lat="48.5797670" lon="7.7670050">
    <ele>141.5</ele>
   </trkpt>
   <trkpt lat="48.5798020" lon="7.7669990">
    <ele>141.5</ele>
   </trkpt>
   <trkpt lat="48.5798160" lon="7.7669910">
    <ele>141.5</ele>
   </trkpt>
   <trkpt lat="48.5798540" lon="7.7669540">
    <ele>141.5</ele>
   </trkpt>
   <trkpt lat="48.5798780" lon="7.7669170">
    <ele>141.5</ele>
   </trkpt>
   <trkpt lat="48.5798830" lon="7.7668610">
    <ele>141.5</ele>
   </trkpt>
   <trkpt lat="48.5798940" lon="7.7668120">
    <ele>141.5</ele>
   </trkpt>
   <trkpt lat="48.5799240" lon="7.7667730">
    <ele>141.4</ele>
   </trkpt>
   <trkpt lat="48.5799400" lon="7.7667640">
    <ele>141.4</ele>
   </trkpt>
   <trkpt lat="48.5799630" lon="7.7667410">
    <ele>141.4</ele>
   </trkpt>
   <trkpt lat="48.5799750" lon="7.7667030">
    <ele>141.4</ele>
   </trkpt>
   <trkpt lat="48.5799930" lon="7.7666520">
    <ele>141.4</ele>
   </trkpt>
   <trkpt lat="48.5799950" lon="7.7666300">
    <ele>141.4</ele>
   </trkpt>
   <trkpt lat="48.5800050" lon="7.7665790">
    <ele>141.3</ele>
   </trkpt>
   <trkpt lat="48.5800150" lon="7.7665360">
    <ele>141.3</ele>
   </trkpt>
   <trkpt lat="48.5800270" lon="7.7664940">
    <ele>141.3</ele>
   </trkpt>
   <trkpt lat="48.5800220" lon="7.7664420">
    <ele>141.2</ele>
   </trkpt>
   <trkpt lat="48.5800260" lon="7.7663800">
    <ele>141.2</ele>
   </trkpt>
   <trkpt lat="48.5800340" lon="7.7663370">
    <ele>141.2</ele>
   </trkpt>
   <trkpt lat="48.5800350" lon="7.7662910">
    <ele>141.1</ele>
   </trkpt>
   <trkpt lat="48.5800370" lon="7.7662360">
    <ele>141.1</ele>
   </trkpt>
   <trkpt lat="48.5800500" lon="7.7661790">
    <ele>141.0</ele>
   </trkpt>
   <trkpt lat="48.5800620" lon="7.7661330">
    <ele>141.0</ele>
   </trkpt>
   <trkpt lat="48.5800720" lon="7.7661140">
    <ele>141.0</ele>
   </trkpt>
   <trkpt lat="48.5800840" lon="7.7660700">
    <ele>140.9</ele>
   </trkpt>
   <trkpt lat="48.5800870" lon="7.7660550">
    <ele>140.9</ele>
   </trkpt>
   <trkpt lat="48.5800950" lon="7.7660160">
    <ele>140.9</ele>
   </trkpt>
   <trkpt lat="48.5801200" lon="7.7659700">
    <ele>140.8</ele>
   </trkpt>
   <trkpt lat="48.5801400" lon="7.7659300">
    <ele>140.8</ele>
   </trkpt>
   <trkpt lat="48.5801500" lon="7.7658910">
    <ele>140.8</ele>
   </trkpt>
   <trkpt lat="48.5801690" lon="7.7658500">
    <ele>140.7</ele>
   </trkpt>
   <trkpt lat="48.5801780" lon="7.7658380">
    <ele>140.7</ele>
   </trkpt>
   <trkpt lat="48.5801940" lon="7.7657830">
    <ele>140.7</ele>
   </trkpt>
   <trkpt lat="48.5802020" lon="7.7657650">
    <ele>140.7</ele>
   </trkpt>
   <trkpt lat="48.5802150" lon="7.7657250">
    <ele>140.7</ele>
   </trkpt>
   <trkpt lat="48.5802160" lon="7.7656740">
    <ele>140.7</ele>
   </trkpt>
   <trkpt lat="48.5802080" lon="7.7656330">
    <ele>140.6</ele>
   </trkpt>
   <trkpt lat="48.5801970" lon="7.7655820">
    <ele>140.6</ele>
   </trkpt>
   <trkpt lat="48.5801970" lon="7.7655250">
    <ele>140.6</ele>
   </trkpt>
   <trkpt lat="48.5802020" lon="7.7655070">
    <ele>140.6</ele>
   </trkpt>
   <trkpt lat="48.5802070" lon="7.7654670">
    <ele>140.7</ele>
   </trkpt>
   <trkpt lat="48.5802130" lon="7.7654080">
    <ele>140.7</ele>
   </trkpt>
   <trkpt lat="48.5802130" lon="7.7653840">
    <ele>140.7</ele>
   </trkpt>
   <trkpt lat="48.5802200" lon="7.7653450">
    <ele>140.7</ele>
   </trkpt>
   <trkpt lat="48.5802390" lon="7.7653420">
    <ele>140.7</ele>
   </trkpt>
   <trkpt lat="48.5802390" lon="7.7652990">
    <ele>140.7</ele>
   </trkpt>
   <trkpt lat="48.5802440" lon="7.7652550">
    <ele>140.7</ele>
   </trkpt>
   <trkpt lat="48.5802510" lon="7.7652100">
    <ele>140.8</ele>
   </trkpt>
   <trkpt lat="48.5802630" lon="7.7651720">
    <ele>140.8</ele>
   </trkpt>
   <trkpt lat="48.5802730" lon="7.7651620">
    <ele>140.8</ele>
   </trkpt>
   <trkpt lat="48.5802580" lon="7.7651200">
    <ele>140.9</ele>
   </trkpt>
   <trkpt lat="48.5802490" lon="7.7650700">
    <ele>140.9</ele>
   </trkpt>
   <trkpt lat="48.5802550" lon="7.7650090">
    <ele>141.0</ele>
   </trkpt>
   <trkpt lat="48.5802580" lon="7.7649870">
    <ele>141.0</ele>
   </trkpt>
   <trkpt lat="48.5802680" lon="7.7649420">
    <ele>141.0</ele>
   </trkpt>
   <trkpt lat="48.5803190" lon="7.7649870">
    <ele>141.1</ele>
   </trkpt>
   <trkpt lat="48.5803480" lon="7.7649910">
    <ele>141.2</ele>
   </trkpt>
   <trkpt lat="48.5803620" lon="7.7649900">
    <ele>141.2</ele>
   </trkpt>
   <trkpt lat="48.5803590" lon="7.7649420">
    <ele>141.3</ele>
   </trkpt>
   <trkpt lat="48.5803740" lon="7.7649150">
    <ele>141.3</ele>
   </trkpt>
   <trkpt lat="48.5803870" lon="7.7648960">
    <ele>141.3</ele>
   </trkpt>
   <trkpt lat="48.5803990" lon="7.7648770">
    <ele>141.3</ele>
   </trkpt>
   <trkpt lat="48.5804280" lon="7.7648540">
    <ele>141.3</ele>
   </trkpt>
   <trkpt lat="48.5804580" lon="7.7648250">
    <ele>141.4</ele>
   </trkpt>
   <trkpt lat="48.5804900" lon="7.7648280">
    <ele>141.4</ele>
   </trkpt>
   <trkpt lat="48.5805290" lon="7.7648250">
    <ele>141.4</ele>
   </trkpt>
   <trkpt lat="48.5805550" lon="7.7648090">
    <ele>141.4</ele>
   </trkpt>
   <trkpt lat="48.5805930" lon="7.7647890">
    <ele>141.4</ele>
   </trkpt>
   <trkpt lat="48.5806110" lon="7.7647980">
    <ele>141.4</ele>
   </trkpt>
   <trkpt lat="48.5806540" lon="7.7647980">
    <ele>141.4</ele>
   </trkpt>
   <trkpt lat="48.5806750" lon="7.7647920">
    <ele>141.4</ele>
   </trkpt>
   <trkpt lat="48.5807080" lon="7.7647930">
    <ele>141.4</ele>
   </trkpt>
   <trkpt lat="48.5807200" lon="7.7647930">
    <ele>141.4</ele>
   </trkpt>
   <trkpt lat="48.5807350" lon="7.7647580">
    <ele>141.4</ele>
   </trkpt>
   <trkpt lat="48.5807300" lon="7.7646830">
    <ele>141.3</ele>
   </trkpt>
   <trkpt lat="48.5807320" lon="7.7646300">
    <ele>141.3</ele>
   </trkpt>
   <trkpt lat="48.5807300" lon="7.7646110">
    <ele>141.3</ele>
   </trkpt>
   <trkpt lat="48.5807440" lon="7.7645750">
    <ele>141.3</ele>
   </trkpt>
   <trkpt lat="48.5807520" lon="7.7645370">
    <ele>141.2</ele>
   </trkpt>
   <trkpt lat="48.5807590" lon="7.7645280">
    <ele>141.2</ele>
   </trkpt>
   <trkpt lat="48.5807920" lon="7.7644860">
    <ele>141.2</ele>
   </trkpt>
   <trkpt lat="48.5808030" lon="7.7644620">
    <ele>141.2</ele>
   </trkpt>
   <trkpt lat="48.5808250" lon="7.7644220">
    <ele>141.2</ele>
   </trkpt>
   <trkpt lat="48.5808280" lon="7.7644100">
    <ele>141.2</ele>
   </trkpt>
   <trkpt lat="48.5808630" lon="7.7643870">
    <ele>141.2</ele>
   </trkpt>
   <trkpt lat="48.5808960" lon="7.7643770">
    <ele>141.2</ele>
   </trkpt>
   <trkpt lat="48.5809220" lon="7.7643140">
    <ele>141.2</ele>
   </trkpt>
   <trkpt lat="48.5809390" lon="7.7642610">
    <ele>141.2</ele>
   </trkpt>
   <trkpt lat="48.5809500" lon="7.7642220">
    <ele>141.2</ele>
   </trkpt>
   <trkpt lat="48.5809660" lon="7.7641880">
    <ele>141.2</ele>
   </trkpt>
   <trkpt lat="48.5809680" lon="7.7641410">
    <ele>141.2</ele>
   </trkpt>
   <trkpt lat="48.5809780" lon="7.7640740">
    <ele>141.2</ele>
   </trkpt>
   <trkpt lat="48.5809690" lon="7.7640290">
    <ele>141.3</ele>
   </trkpt>
   <trkpt lat="48.5809820" lon="7.7639820">
    <ele>141.3</ele>
   </trkpt>
   <trkpt lat="48.5809980" lon="7.7639410">
    <ele>141.3</ele>
   </trkpt>
   <trkpt lat="48.5810130" lon="7.7639060">
    <ele>141.3</ele>
   </trkpt>
   <trkpt lat="48.5810250" lon="7.7638630">
    <ele>141.3</ele>
   </trkpt>
   <trkpt lat="48.5810350" lon="7.7638400">
    <ele>141.3</ele>
   </trkpt>
   <trkpt lat="48.5810370" lon="7.7638170">
    <ele>141.3</ele>
   </trkpt>
   <trkpt lat="48.5810390" lon="7.7637930">
    <ele>141.4</ele>
   </trkpt>
   <trkpt lat="48.5810720" lon="7.7637600">
    <ele>141.4</ele>
   </trkpt>
   <trkpt lat="48.5810890" lon="7.7637570">
    <ele>141.4</ele>
   </trkpt>
   <trkpt lat="48.5811010" lon="7.7637350">
    <ele>141.4</ele>
   </trkpt>
   <trkpt lat="48.5811030" lon="7.7637150">
    <ele>141.4</ele>
   </trkpt>
   <trkpt lat="48.5811110" lon="7.7636450">
    <ele>141.5</ele>
   </trkpt>
   <trkpt lat="48.5811230" lon="7.7635980">
    <ele>141.5</ele>
   </trkpt>
   <trkpt lat="48.5811290" lon="7.7635570">
    <ele>141.5</ele>
   </trkpt>
   <trkpt lat="48.5811260" lon="7.7634990">
    <ele>141.6</ele>
   </trkpt>
   <trkpt lat="48.5811900" lon="7.7635000">
    <ele>141.6</ele>
   </trkpt>
   <trkpt lat="48.5812110" lon="7.7634720">
    <ele>141.6</ele>
   </trkpt>
   <trkpt lat="48.5812250" lon="7.7634300">
    <ele>141.7</ele>
   </trkpt>
   <trkpt lat="48.5812330" lon="7.7633910">
    <ele>141.7</ele>
   </trkpt>
   <trkpt lat="48.5812420" lon="7.7633460">
    <ele>141.7</ele>
   </trkpt>
   <trkpt lat="48.5812450" lon="7.7633270">
    <ele>141.7</ele>
   </trkpt>
   <trkpt lat="48.5812540" lon="7.7632840">
    <ele>141.7</ele>
   </trkpt>
   <trkpt lat="48.5812580" lon="7.7632430">
    <ele>141.7</ele>
   </trkpt>
   <trkpt lat="48.5812650" lon="7.7632020">
    <ele>141.7</ele>
   </trkpt>
   <trkpt lat="48.5812680" lon="7.7631460">
    <ele>141.8</ele>
   </trkpt>
   <trkpt lat="48.5812710" lon="7.7630870">
    <ele>141.8</ele>
   </trkpt>
   <trkpt lat="48.5812710" lon="7.7630560">
    <ele>141.8</ele>
   </trkpt>
   <trkpt lat="48.5813230" lon="7.7631080">
    <ele>141.8</ele>
   </trkpt>
   <trkpt lat="48.5813680" lon="7.7631550">
    <ele>141.9</ele>
   </trkpt>
   <trkpt lat="48.5814120" lon="7.7632030">
    <ele>141.9</ele>
   </trkpt>
   <trkpt lat="48.5814390" lon="7.7632150">
    <ele>141.9</ele>
   </trkpt>
   <trkpt lat="48.5814550" lon="7.7631990">
    <ele>141.9</ele>
   </trkpt>
   <trkpt lat="48.5814420" lon="7.7631640">
    <ele>142.0</ele>
   </trkpt>
   <trkpt lat="48.5814290" lon="7.7631210">
    <ele>142.0</ele>
   </trkpt>
   <trkpt lat="48.5814030" lon="7.7630850">
    <ele>142.0</ele>
   </trkpt>
   <trkpt lat="48.5813960" lon="7.7630170">
    <ele>142.0</ele>
   </trkpt>
   <trkpt lat="48.5813980" lon="7.7629230">
    <ele>142.1</ele>
   </trkpt>
   <trkpt lat="48.5814120" lon="7.7628420">
    <ele>142.1</ele>
   </trkpt>
   <trkpt lat="48.5814260" lon="7.7627610">
    <ele>142.2</ele>
   </trkpt>
   <trkpt lat="48.5814390" lon="7.7626790">
    <ele>142.3</ele>
   </trkpt>
   <trkpt lat="48.5814450" lon="7.7626350">
    <ele>142.3</ele>
   </trkpt>
   <trkpt lat="48.5814550" lon="7.7625860">
    <ele>142.3</ele>
   </trkpt>
   <trkpt lat="48.5814680" lon="7.7625440">
    <ele>142.3</ele>
   </trkpt>
   <trkpt lat="48.5814590" lon="7.7624910">
    <ele>142.3</ele>
   </trkpt>
   <trkpt lat="48.5814660" lon="7.7624400">
    <ele>142.3</ele>
   </trkpt>
   <trkpt lat="48.5814740" lon="7.7624010">
    <ele>142.3</ele>
   </trkpt>
   <trkpt lat="48.5814790" lon="7.7623510">
    <ele>142.3</ele>
   </trkpt>
   <trkpt lat="48.5814820" lon="7.7623090">
    <ele>142.4</ele>
   </trkpt>
   <trkpt lat="48.5814880" lon="7.7622630">
    <ele>142.4</ele>
   </trkpt>
   <trkpt lat="48.5814920" lon="7.7622410">
    <ele>142.4</ele>
   </trkpt>
   <trkpt lat="48.5814920" lon="7.7621830">
    <ele>142.4</ele>
   </trkpt>
   <trkpt lat="48.5814960" lon="7.7621620">
    <ele>142.4</ele>
   </trkpt>
   <trkpt lat="48.5815080" lon="7.7621440">
    <ele>142.4</ele>
   </trkpt>
   <trkpt lat="48.5815080" lon="7.7621030">
    <ele>142.4</ele>
   </trkpt>
   <trkpt lat="48.5815160" lon="7.7620520">
    <ele>142.4</ele>
   </trkpt>
   <trkpt lat="48.5815230" lon="7.7620260">
    <ele>142.4</ele>
   </trkpt>
   <trkpt lat="48.5815200" lon="7.7619580">
    <ele>142.4</ele>
   </trkpt>
   <trkpt lat="48.5815230" lon="7.7619270">
    <ele>142.4</ele>
   </trkpt>
   <trkpt lat="48.5815110" lon="7.7618840">
    <ele>142.5</ele>
   </trkpt>
   <trkpt lat="48.5815320" lon="7.7618440">
    <ele>142.5</ele>
   </trkpt>
   <trkpt lat="48.5815430" lon="7.7618290">
    <ele>142.5</ele>
   </trkpt>
   <trkpt lat="48.5815370" lon="7.7617800">
    <ele>142.5</ele>
   </trkpt>
   <trkpt lat="48.5815450" lon="7.7617380">
    <ele>142.5</ele>
   </trkpt>
   <trkpt lat="48.5815450" lon="7.7616870">
    <ele>142.5</ele>
   </trkpt>
   <trkpt lat="48.5815580" lon="7.7616440">
    <ele>142.5</ele>
   </trkpt>
   <trkpt lat="48.5815590" lon="7.7616000">
    <ele>142.5</ele>
   </trkpt>
   <trkpt lat="48.5815570" lon="7.7615550">
    <ele>142.5</ele>
   </trkpt>
   <trkpt lat="48.5815600" lon="7.7615090">
    <ele>142.5</ele>
   </trkpt>
   <trkpt lat="48.5815690" lon="7.7614670">
    <ele>142.5</ele>
   </trkpt>
   <trkpt lat="48.5815800" lon="7.7614270">
    <ele>142.5</ele>
   </trkpt>
   <trkpt lat="48.5815860" lon="7.7613660">
    <ele>142.5</ele>
   </trkpt>
   <trkpt lat="48.5815830" lon="7.7613380">
    <ele>142.4</ele>
   </trkpt>
   <trkpt lat="48.5815710" lon="7.7612780">
    <ele>142.4</ele>
   </trkpt>
   <trkpt lat="48.5815750" lon="7.7612280">
    <ele>142.4</ele>
   </trkpt>
   <trkpt lat="48.5815840" lon="7.7612180">
    <ele>142.4</ele>
   </trkpt>
   <trkpt lat="48.5815940" lon="7.7611640">
    <ele>142.4</ele>
   </trkpt>
   <trkpt lat="48.5816000" lon="7.7611490">
    <ele>142.4</ele>
   </trkpt>
   <trkpt lat="48.5816210" lon="7.7610990">
    <ele>142.3</ele>
   </trkpt>
   <trkpt lat="48.5816240" lon="7.7610590">
    <ele>142.3</ele>
   </trkpt>
   <trkpt lat="48.5816230" lon="7.7610170">
    <ele>142.3</ele>
   </trkpt>
   <trkpt lat="48.5816380" lon="7.7609610">
    <ele>142.3</ele>
   </trkpt>
   <trkpt lat="48.5816420" lon="7.7609400">
    <ele>142.3</ele>
   </trkpt>
   <trkpt lat="48.5816530" lon="7.7609240">
    <ele>142.3</ele>
   </trkpt>
   <trkpt lat="48.5816560" lon="7.7608950">
    <ele>142.3</ele>
   </trkpt>
   <trkpt lat="48.5816460" lon="7.7608340">
    <ele>142.2</ele>
   </trkpt>
   <trkpt lat="48.5816540" lon="7.7607920">
    <ele>142.2</ele>
   </trkpt>
   <trkpt lat="48.5816750" lon="7.7607390">
    <ele>142.2</ele>
   </trkpt>
   <trkpt lat="48.5816860" lon="7.7607170">
    <ele>142.2</ele>
   </trkpt>
   <trkpt lat="48.5816950" lon="7.7606690">
    <ele>142.2</ele>
   </trkpt>
   <trkpt lat="48.5817030" lon="7.7606290">
    <ele>142.2</ele>
   </trkpt>
   <trkpt lat="48.5817010" lon="7.7605840">
    <ele>142.2</ele>
   </trkpt>
   <trkpt lat="48.5817040" lon="7.7605170">
    <ele>142.2</ele>
   </trkpt>
   <trkpt lat="48.5817020" lon="7.7604880">
    <ele>142.2</ele>
   </trkpt>
   <trkpt lat="48.5816930" lon="7.7604380">
    <ele>142.2</ele>
   </trkpt>
   <trkpt lat="48.5816920" lon="7.7603780">
    <ele>142.1</ele>
   </trkpt>
   <trkpt lat="48.5816890" lon="7.7603550">
    <ele>142.1</ele>
   </trkpt>
   <trkpt lat="48.5816830" lon="7.7603150">
    <ele>142.1</ele>
   </trkpt>
   <trkpt lat="48.5816820" lon="7.7602710">
    <ele>142.1</ele>
   </trkpt>
   <trkpt lat="48.5817110" lon="7.7601730">
    <ele>142.1</ele>
   </trkpt>
   <trkpt lat="48.5817190" lon="7.7601310">
    <ele>142.1</ele>
   </trkpt>
   <trkpt lat="48.5817350" lon="7.7600750">
    <ele>142.1</ele>
   </trkpt>
   <trkpt lat="48.5817420" lon="7.7600560">
    <ele>142.1</ele>
   </trkpt>
   <trkpt lat="48.5817850" lon="7.7600360">
    <ele>142.2</ele>
   </trkpt>
   <trkpt lat="48.5818610" lon="7.7600580">
    <ele>142.3</ele>
   </trkpt>
   <trkpt lat="48.5818900" lon="7.7600750">
    <ele>142.3</ele>
   </trkpt>
   <trkpt lat="48.5819290" lon="7.7601090">
    <ele>142.3</ele>
   </trkpt>
   <trkpt lat="48.5819450" lon="7.7601280">
    <ele>142.3</ele>
   </trkpt>
   <trkpt lat="48.5819770" lon="7.7601440">
    <ele>142.3</ele>
   </trkpt>
   <trkpt lat="48.5820120" lon="7.7601610">
    <ele>142.3</ele>
   </trkpt>
   <trkpt lat="48.5820450" lon="7.7601720">
    <ele>142.3</ele>
   </trkpt>
   <trkpt lat="48.5820790" lon="7.7601820">
    <ele>142.3</ele>
   </trkpt>
   <trkpt lat="48.5821180" lon="7.7601930">
    <ele>142.3</ele>
   </trkpt>
   <trkpt lat="48.5821510" lon="7.7602120">
    <ele>142.4</ele>
   </trkpt>
   <trkpt lat="48.5821790" lon="7.7602330">
    <ele>142.4</ele>
   </trkpt>
   <trkpt lat="48.5821850" lon="7.7602460">
    <ele>142.4</ele>
   </trkpt>
   <trkpt lat="48.5822320" lon="7.7602640">
    <ele>142.4</ele>
   </trkpt>
   <trkpt lat="48.5822610" lon="7.7602730">
    <ele>142.4</ele>
   </trkpt>
   <trkpt lat="48.5822970" lon="7.7602710">
    <ele>142.4</ele>
   </trkpt>
   <trkpt lat="48.5823240" lon="7.7602790">
    <ele>142.4</ele>
   </trkpt>
   <trkpt lat="48.5823610" lon="7.7602820">
    <ele>142.4</ele>
   </trkpt>
   <trkpt lat="48.5823780" lon="7.7602790">
    <ele>142.4</ele>
   </trkpt>
   <trkpt lat="48.5824130" lon="7.7602890">
    <ele>142.4</ele>
   </trkpt>
   <trkpt lat="48.5824440" lon="7.7602850">
    <ele>142.4</ele>
   </trkpt>
   <trkpt lat="48.5824640" lon="7.7603060">
    <ele>142.4</ele>
   </trkpt>
   <trkpt lat="48.5824770" lon="7.7603010">
    <ele>142.3</ele>
   </trkpt>
   <trkpt lat="48.5824900" lon="7.7602960">
    <ele>142.3</ele>
   </trkpt>
   <trkpt lat="48.5824960" lon="7.7603080">
    <ele>142.3</ele>
   </trkpt>
   <trkpt lat="48.5825080" lon="7.7603300">
    <ele>142.3</ele>
   </trkpt>
   <trkpt lat="48.5825350" lon="7.7603460">
    <ele>142.3</ele>
   </trkpt>
   <trkpt lat="48.5825840" lon="7.7603590">
    <ele>142.3</ele>
   </trkpt>
   <trkpt lat="48.5826230" lon="7.7603610">
    <ele>142.3</ele>
   </trkpt>
   <trkpt lat="48.5826470" lon="7.7603510">
    <ele>142.3</ele>
   </trkpt>
   <trkpt lat="48.5826540" lon="7.7603550">
    <ele>142.3</ele>
   </trkpt>
   <trkpt lat="48.5826770" lon="7.7603530">
    <ele>142.2</ele>
   </trkpt>
   <trkpt lat="48.5826870" lon="7.7603600">
    <ele>142.2</ele>
   </trkpt>
   <trkpt lat="48.5827240" lon="7.7603730">
    <ele>142.2</ele>
   </trkpt>
   <trkpt lat="48.5827730" lon="7.7603990">
    <ele>142.2</ele>
   </trkpt>
   <trkpt lat="48.5828200" lon="7.7604080">
    <ele>142.2</ele>
   </trkpt>
   <trkpt lat="48.5828630" lon="7.7604180">
    <ele>142.2</ele>
   </trkpt>
   <trkpt lat="48.5829070" lon="7.7604250">
    <ele>142.2</ele>
   </trkpt>
   <trkpt lat="48.5829330" lon="7.7604530">
    <ele>142.2</ele>
   </trkpt>
   <trkpt lat="48.5829650" lon="7.7604630">
    <ele>142.2</ele>
   </trkpt>
   <trkpt lat="48.5829940" lon="7.7604600">
    <ele>142.2</ele>
   </trkpt>
   <trkpt lat="48.5830170" lon="7.7604250">
    <ele>142.2</ele>
   </trkpt>
   <trkpt lat="48.5830560" lon="7.7604000">
    <ele>142.2</ele>
   </trkpt>
   <trkpt lat="48.5830820" lon="7.7603780">
    <ele>142.2</ele>
   </trkpt>
   <trkpt lat="48.5831070" lon="7.7603530">
    <ele>142.2</ele>
   </trkpt>
   <trkpt lat="48.5831310" lon="7.7603160">
    <ele>142.2</ele>
   </trkpt>
   <trkpt lat="48.5831380" lon="7.7602990">
    <ele>142.2</ele>
   </trkpt>
   <trkpt lat="48.5831500" lon="7.7602500">
    <ele>142.2</ele>
   </trkpt>
   <trkpt lat="48.5831530" lon="7.7602320">
    <ele>142.2</ele>
   </trkpt>
   <trkpt lat="48.5831460" lon="7.7601820">
    <ele>142.2</ele>
   </trkpt>
   <trkpt lat="48.5831370" lon="7.7601250">
    <ele>142.1</ele>
   </trkpt>
   <trkpt lat="48.5831200" lon="7.7600680">
    <ele>142.1</ele>
   </trkpt>
   <trkpt lat="48.5830940" lon="7.7600040">
    <ele>142.1</ele>
   </trkpt>
   <trkpt lat="48.5830740" lon="7.7599370">
    <ele>142.1</ele>
   </trkpt>
   <trkpt lat="48.5830890" lon="7.7598950">
    <ele>142.1</ele>
   </trkpt>
   <trkpt lat="48.5830770" lon="7.7598460">
    <ele>142.1</ele>
   </trkpt>
   <trkpt lat="48.5830650" lon="7.7597930">
    <ele>142.1</ele>
   </trkpt>
   <trkpt lat="48.5830750" lon="7.7597490">
    <ele>142.1</ele>
   </trkpt>
   <trkpt lat="48.5830590" lon="7.7597080">
    <ele>142.1</ele>
   </trkpt>
   <trkpt lat="48.5830290" lon="7.7596320">
    <ele>142.0</ele>
   </trkpt>
   <trkpt lat="48.5829510" lon="7.7594990">
    <ele>142.0</ele>
   </trkpt>
   <trkpt lat="48.5829610" lon="7.7594610">
    <ele>142.0</ele>
   </trkpt>
   <trkpt lat="48.5829660" lon="7.7594440">
    <ele>142.0</ele>
   </trkpt>
   <trkpt lat="48.5829810" lon="7.7594020">
    <ele>142.0</ele>
   </trkpt>
   <trkpt lat="48.5829790" lon="7.7593850">
    <ele>142.0</ele>
   </trkpt>
   <trkpt lat="48.5829800" lon="7.7593310">
    <ele>141.9</ele>
   </trkpt>
   <trkpt lat="48.5829820" lon="7.7593090">
    <ele>141.9</ele>
   </trkpt>
   <trkpt lat="48.5829840" lon="7.7592520">
    <ele>141.9</ele>
   </trkpt>
   <trkpt lat="48.5829820" lon="7.7592300">
    <ele>141.9</ele>
   </trkpt>
   <trkpt lat="48.5829790" lon="7.7591740">
    <ele>141.9</ele>
   </trkpt>
   <trkpt lat="48.5829810" lon="7.7591550">
    <ele>141.9</ele>
   </trkpt>
   <trkpt lat="48.5829770" lon="7.7591140">
    <ele>141.9</ele>
   </trkpt>
   <trkpt lat="48.5829730" lon="7.7590570">
    <ele>141.8</ele>
   </trkpt>
   <trkpt lat="48.5829670" lon="7.7590380">
    <ele>141.8</ele>
   </trkpt>
   <trkpt lat="48.5829660" lon="7.7589940">
    <ele>141.8</ele>
   </trkpt>
   <trkpt lat="48.5829580" lon="7.7589450">
    <ele>141.8</ele>
   </trkpt>
   <trkpt lat="48.5829570" lon="7.7589320">
    <ele>141.8</ele>
   </trkpt>
   <trkpt lat="48.5829490" lon="7.7588760">
    <ele>141.8</ele>
   </trkpt>
   <trkpt lat="48.5829470" lon="7.7588530">
    <ele>141.8</ele>
   </trkpt>
   <trkpt lat="48.5829400" lon="7.7587880">
    <ele>141.7</ele>
   </trkpt>
   <trkpt lat="48.5829350" lon="7.7587300">
    <ele>141.6</ele>
   </trkpt>
   <trkpt lat="48.5829300" lon="7.7587120">
    <ele>141.5</ele>
   </trkpt>
   <trkpt lat="48.5829380" lon="7.7586550">
    <ele>141.5</ele>
   </trkpt>
   <trkpt lat="48.5829350" lon="7.7586360">
    <ele>141.4</ele>
   </trkpt>
   <trkpt lat="48.5829250" lon="7.7585880">
    <ele>141.3</ele>
   </trkpt>
   <trkpt lat="48.5829000" lon="7.7585510">
    <ele>141.3</ele>
   </trkpt>
   <trkpt lat="48.5828970" lon="7.7585300">
    <ele>141.2</ele>
   </trkpt>
   <trkpt lat="48.5829040" lon="7.7584740">
    <ele>141.1</ele>
   </trkpt>
   <trkpt lat="48.5829240" lon="7.7584330">
    <ele>141.1</ele>
   </trkpt>
   <trkpt lat="48.5829380" lon="7.7583970">
    <ele>141.0</ele>
   </trkpt>
   <trkpt lat="48.5829440" lon="7.7583430">
    <ele>140.9</ele>
   </trkpt>
   <trkpt lat="48.5829670" lon="7.7583000">
    <ele>140.8</ele>
   </trkpt>
   <trkpt lat="48.5829750" lon="7.7582550">
    <ele>140.7</ele>
   </trkpt>
   <trkpt lat="48.5829810" lon="7.7582300">
    <ele>140.7</ele>
   </trkpt>
   <trkpt lat="48.5830050" lon="7.7582050">
    <ele>140.6</ele>
   </trkpt>
   <trkpt lat="48.5830120" lon="7.7581560">
    <ele>140.6</ele>
   </trkpt>
   <trkpt lat="48.5830370" lon="7.7581220">
    <ele>140.5</ele>
   </trkpt>
   <trkpt lat="48.5830240" lon="7.7580500">
    <ele>140.4</ele>
   </trkpt>
   <trkpt lat="48.5830380" lon="7.7580100">
    <ele>140.3</ele>
   </trkpt>
   <trkpt lat="48.5830390" lon="7.7579980">
    <ele>140.3</ele>
   </trkpt>
   <trkpt lat="48.5830680" lon="7.7579720">
    <ele>140.3</ele>
   </trkpt>
   <trkpt lat="48.5831150" lon="7.7579640">
    <ele>140.2</ele>
   </trkpt>
   <trkpt lat="48.5831110" lon="7.7579030">
    <ele>140.2</ele>
   </trkpt>
   <trkpt lat="48.5830920" lon="7.7578450">
    <ele>140.2</ele>
   </trkpt>
   <trkpt lat="48.5830740" lon="7.7578110">
    <ele>140.2</ele>
   </trkpt>
   <trkpt lat="48.5830290" lon="7.7577900">
    <ele>140.2</ele>
   </trkpt>
   <trkpt lat="48.5830070" lon="7.7577870">
    <ele>140.2</ele>
   </trkpt>
   <trkpt lat="48.5829870" lon="7.7577420">
    <ele>140.2</ele>
   </trkpt>
   <trkpt lat="48.5829480" lon="7.7577120">
    <ele>140.3</ele>
   </trkpt>
   <trkpt lat="48.5829210" lon="7.7576930">
    <ele>140.3</ele>
   </trkpt>
   <trkpt lat="48.5828950" lon="7.7576700">
    <ele>140.3</ele>
   </trkpt>
   <trkpt lat="48.5828640" lon="7.7576550">
    <ele>140.3</ele>
   </trkpt>
   <trkpt lat="48.5828430" lon="7.7576290">
    <ele>140.4</ele>
   </trkpt>
   <trkpt lat="48.5828100" lon="7.7576180">
    <ele>140.4</ele>
   </trkpt>
   <trkpt lat="48.5827880" lon="7.7575890">
    <ele>140.4</ele>
   </trkpt>
   <trkpt lat="48.5827640" lon="7.7575700">
    <ele>140.4</ele>
   </trkpt>
   <trkpt lat="48.5827340" lon="7.7575510">
    <ele>140.5</ele>
   </trkpt>
   <trkpt lat="48.5827100" lon="7.7575190">
    <ele>140.5</ele>
   </trkpt>
   <trkpt lat="48.5826770" lon="7.7574840">
    <ele>140.5</ele>
   </trkpt>
   <trkpt lat="48.5826640" lon="7.7574700">
    <ele>140.6</ele>
   </trkpt>
   <trkpt lat="48.5826370" lon="7.7574440">
    <ele>140.6</ele>
   </trkpt>
   <trkpt lat="48.5826060" lon="7.7574280">
    <ele>140.6</ele>
   </trkpt>
   <trkpt lat="48.5825910" lon="7.7573830">
    <ele>140.7</ele>
   </trkpt>
   <trkpt lat="48.5825580" lon="7.7573450">
    <ele>140.7</ele>
   </trkpt>
   <trkpt lat="48.5825450" lon="7.7573340">
    <ele>140.7</ele>
   </trkpt>
   <trkpt lat="48.5825260" lon="7.7572890">
    <ele>140.8</ele>
   </trkpt>
   <trkpt lat="48.5825160" lon="7.7572750">
    <ele>140.8</ele>
   </trkpt>
   <trkpt lat="48.5824960" lon="7.7572460">
    <ele>140.8</ele>
   </trkpt>
   <trkpt lat="48.5824740" lon="7.7572120">
    <ele>140.9</ele>
   </trkpt>
   <trkpt lat="48.5824480" lon="7.7571630">
    <ele>140.9</ele>
   </trkpt>
   <trkpt lat="48.5824420" lon="7.7571390">
    <ele>141.0</ele>
   </trkpt>
   <trkpt lat="48.5824270" lon="7.7570980">
    <ele>141.0</ele>
   </trkpt>
   <trkpt lat="48.5824180" lon="7.7570420">
    <ele>141.0</ele>
   </trkpt>
   <trkpt lat="48.5824130" lon="7.7570210">
    <ele>141.1</ele>
   </trkpt>
   <trkpt lat="48.5824010" lon="7.7569650">
    <ele>141.1</ele>
   </trkpt>
   <trkpt lat="48.5823920" lon="7.7569500">
    <ele>141.1</ele>
   </trkpt>
   <trkpt lat="48.5823690" lon="7.7569140">
    <ele>141.2</ele>
   </trkpt>
   <trkpt lat="48.5823520" lon="7.7568680">
    <ele>141.2</ele>
   </trkpt>
   <trkpt lat="48.5823270" lon="7.7568260">
    <ele>141.2</ele>
   </trkpt>
   <trkpt lat="48.5823200" lon="7.7567680">
    <ele>141.3</ele>
   </trkpt>
   <trkpt lat="48.5822910" lon="7.7567260">
    <ele>141.3</ele>
   </trkpt>
   <trkpt lat="48.5822800" lon="7.7567110">
    <ele>141.3</ele>
   </trkpt>
   <trkpt lat="48.5822510" lon="7.7566930">
    <ele>141.3</ele>
   </trkpt>
   <trkpt lat="48.5822270" lon="7.7566670">
    <ele>141.3</ele>
   </trkpt>
   <trkpt lat="48.5821990" lon="7.7566250">
    <ele>141.3</ele>
   </trkpt>
   <trkpt lat="48.5821900" lon="7.7566020">
    <ele>141.3</ele>
   </trkpt>
   <trkpt lat="48.5821650" lon="7.7565620">
    <ele>141.3</ele>
   </trkpt>
   <trkpt lat="48.5821280" lon="7.7565450">
    <ele>141.3</ele>
   </trkpt>
   <trkpt lat="48.5821060" lon="7.7565160">
    <ele>141.3</ele>
   </trkpt>
   <trkpt lat="48.5820700" lon="7.7564990">
    <ele>141.3</ele>
   </trkpt>
   <trkpt lat="48.5820570" lon="7.7564910">
    <ele>141.3</ele>
   </trkpt>
   <trkpt lat="48.5820310" lon="7.7564650">
    <ele>141.3</ele>
   </trkpt>
   <trkpt lat="48.5820000" lon="7.7564430">
    <ele>141.2</ele>
   </trkpt>
   <trkpt lat="48.5819720" lon="7.7564210">
    <ele>141.2</ele>
   </trkpt>
   <trkpt lat="48.5819600" lon="7.7563740">
    <ele>141.2</ele>
   </trkpt>
   <trkpt lat="48.5819400" lon="7.7563260">
    <ele>141.1</ele>
   </trkpt>
   <trkpt lat="48.5819270" lon="7.7562810">
    <ele>141.1</ele>
   </trkpt>
   <trkpt lat="48.5819210" lon="7.7562680">
    <ele>141.1</ele>
   </trkpt>
   <trkpt lat="48.5819110" lon="7.7562130">
    <ele>141.1</ele>
   </trkpt>
   <trkpt lat="48.5819010" lon="7.7561950">
    <ele>141.1</ele>
   </trkpt>
   <trkpt lat="48.5818840" lon="7.7561430">
    <ele>141.0</ele>
   </trkpt>
   <trkpt lat="48.5818610" lon="7.7561090">
    <ele>141.0</ele>
   </trkpt>
   <trkpt lat="48.5818370" lon="7.7560750">
    <ele>141.0</ele>
   </trkpt>
   <trkpt lat="48.5818140" lon="7.7560340">
    <ele>140.9</ele>
   </trkpt>
   <trkpt lat="48.5817880" lon="7.7559900">
    <ele>140.8</ele>
   </trkpt>
   <trkpt lat="48.5817760" lon="7.7559780">
    <ele>140.8</ele>
   </trkpt>
   <trkpt lat="48.5817520" lon="7.7559530">
    <ele>140.8</ele>
   </trkpt>
   <trkpt lat="48.5817350" lon="7.7559100">
    <ele>140.7</ele>
   </trkpt>
   <trkpt lat="48.5817240" lon="7.7558610">
    <ele>140.7</ele>
   </trkpt>
   <trkpt lat="48.5817100" lon="7.7558240">
    <ele>140.6</ele>
   </trkpt>
   <trkpt lat="48.5816960" lon="7.7557860">
    <ele>140.6</ele>
   </trkpt>
   <trkpt lat="48.5816720" lon="7.7557460">
    <ele>140.6</ele>
   </trkpt>
   <trkpt lat="48.5816510" lon="7.7557140">
    <ele>140.6</ele>
   </trkpt>
   <trkpt lat="48.5816310" lon="7.7556860">
    <ele>140.5</ele>
   </trkpt>
   <trkpt lat="48.5816150" lon="7.7556390">
    <ele>140.5</ele>
   </trkpt>
   <trkpt lat="48.5815930" lon="7.7555880">
    <ele>140.5</ele>
   </trkpt>
   <trkpt lat="48.5815660" lon="7.7555410">
    <ele>140.5</ele>
   </trkpt>
   <trkpt lat="48.5815480" lon="7.7554940">
    <ele>140.5</ele>
   </trkpt>
   <trkpt lat="48.5815180" lon="7.7554440">
    <ele>140.5</ele>
   </trkpt>
   <trkpt lat="48.5814930" lon="7.7553940">
    <ele>140.5</ele>
   </trkpt>
   <trkpt lat="48.5814730" lon="7.7553610">
    <ele>140.5</ele>
   </trkpt>
   <trkpt lat="48.5814490" lon="7.7553140">
    <ele>140.5</ele>
   </trkpt>
   <trkpt lat="48.5814310" lon="7.7552780">
    <ele>140.5</ele>
   </trkpt>
   <trkpt lat="48.5813830" lon="7.7552430">
    <ele>140.5</ele>
   </trkpt>
   <trkpt lat="48.5813570" lon="7.7552060">
    <ele>140.5</ele>
   </trkpt>
   <trkpt lat="48.5813270" lon="7.7551690">
    <ele>140.5</ele>
   </trkpt>
   <trkpt lat="48.5813060" lon="7.7551220">
    <ele>140.5</ele>
   </trkpt>
   <trkpt lat="48.5812890" lon="7.7550820">
    <ele>140.5</ele>
   </trkpt>
   <trkpt lat="48.5812710" lon="7.7550450">
    <ele>140.5</ele>
   </trkpt>
   <trkpt lat="48.5812330" lon="7.7550040">
    <ele>140.5</ele>
   </trkpt>
   <trkpt lat="48.5812190" lon="7.7549800">
    <ele>140.5</ele>
   </trkpt>
   <trkpt lat="48.5811990" lon="7.7549510">
    <ele>140.5</ele>
   </trkpt>
   <trkpt lat="48.5811900" lon="7.7548980">
    <ele>140.5</ele>
   </trkpt>
   <trkpt lat="48.5811720" lon="7.7548470">
    <ele>140.5</ele>
   </trkpt>
   <trkpt lat="48.5811660" lon="7.7548220">
    <ele>140.5</ele>
   </trkpt>
   <trkpt lat="48.5811650" lon="7.7547770">
    <ele>140.5</ele>
   </trkpt>
   <trkpt lat="48.5811560" lon="7.7547330">
    <ele>140.5</ele>
   </trkpt>
   <trkpt lat="48.5811420" lon="7.7546970">
    <ele>140.5</ele>
   </trkpt>
   <trkpt lat="48.5811340" lon="7.7546540">
    <ele>140.5</ele>
   </trkpt>
   <trkpt lat="48.5811120" lon="7.7546100">
    <ele>140.5</ele>
   </trkpt>
   <trkpt lat="48.5811030" lon="7.7546030">
    <ele>140.5</ele>
   </trkpt>
   <trkpt lat="48.5810800" lon="7.7545570">
    <ele>140.5</ele>
   </trkpt>
   <trkpt lat="48.5810710" lon="7.7545390">
    <ele>140.5</ele>
   </trkpt>
   <trkpt lat="48.5810550" lon="7.7545030">
    <ele>140.5</ele>
   </trkpt>
   <trkpt lat="48.5810370" lon="7.7544540">
    <ele>140.5</ele>
   </trkpt>
   <trkpt lat="48.5810250" lon="7.7544180">
    <ele>140.5</ele>
   </trkpt>
   <trkpt lat="48.5810010" lon="7.7543820">
    <ele>140.5</ele>
   </trkpt>
   <trkpt lat="48.5809870" lon="7.7543770">
    <ele>140.5</ele>
   </trkpt>
   <trkpt lat="48.5809670" lon="7.7543480">
    <ele>140.6</ele>
   </trkpt>
   <trkpt lat="48.5809490" lon="7.7543050">
    <ele>140.6</ele>
   </trkpt>
   <trkpt lat="48.5809320" lon="7.7542640">
    <ele>140.6</ele>
   </trkpt>
   <trkpt lat="48.5809090" lon="7.7542250">
    <ele>140.6</ele>
   </trkpt>
   <trkpt lat="48.5808960" lon="7.7542170">
    <ele>140.6</ele>
   </trkpt>
   <trkpt lat="48.5808880" lon="7.7541760">
    <ele>140.6</ele>
   </trkpt>
   <trkpt lat="48.5808670" lon="7.7541310">
    <ele>140.6</ele>
   </trkpt>
   <trkpt lat="48.5808610" lon="7.7541170">
    <ele>140.6</ele>
   </trkpt>
   <trkpt lat="48.5808460" lon="7.7540720">
    <ele>140.6</ele>
   </trkpt>
   <trkpt lat="48.5808240" lon="7.7540310">
    <ele>140.6</ele>
   </trkpt>
   <trkpt lat="48.5808070" lon="7.7539940">
    <ele>140.7</ele>
   </trkpt>
   <trkpt lat="48.5807840" lon="7.7539660">
    <ele>140.7</ele>
   </trkpt>
   <trkpt lat="48.5807700" lon="7.7539290">
    <ele>140.7</ele>
   </trkpt>
   <trkpt lat="48.5807460" lon="7.7538870">
    <ele>140.7</ele>
   </trkpt>
   <trkpt lat="48.5807390" lon="7.7538710">
    <ele>140.7</ele>
   </trkpt>
   <trkpt lat="48.5807260" lon="7.7538200">
    <ele>140.7</ele>
   </trkpt>
   <trkpt lat="48.5807240" lon="7.7538000">
    <ele>140.7</ele>
   </trkpt>
   <trkpt lat="48.5807010" lon="7.7537650">
    <ele>140.7</ele>
   </trkpt>
   <trkpt lat="48.5806710" lon="7.7537430">
    <ele>140.8</ele>
   </trkpt>
   <trkpt lat="48.5806390" lon="7.7536930">
    <ele>140.8</ele>
   </trkpt>
   <trkpt lat="48.5806290" lon="7.7536660">
    <ele>140.8</ele>
   </trkpt>
   <trkpt lat="48.5806040" lon="7.7536370">
    <ele>140.9</ele>
   </trkpt>
   <trkpt lat="48.5805960" lon="7.7536240">
    <ele>140.9</ele>
   </trkpt>
   <trkpt lat="48.5805730" lon="7.7535870">
    <ele>140.9</ele>
   </trkpt>
   <trkpt lat="48.5805670" lon="7.7535740">
    <ele>140.9</ele>
   </trkpt>
   <trkpt lat="48.5805630" lon="7.7535280">
    <ele>141.0</ele>
   </trkpt>
   <trkpt lat="48.5805440" lon="7.7534980">
    <ele>141.0</ele>
   </trkpt>
   <trkpt lat="48.5805080" lon="7.7535020">
    <ele>141.0</ele>
   </trkpt>
   <trkpt lat="48.5804810" lon="7.7534560">
    <ele>141.1</ele>
   </trkpt>
   <trkpt lat="48.5804700" lon="7.7534320">
    <ele>141.1</ele>
   </trkpt>
   <trkpt lat="48.5804550" lon="7.7533740">
    <ele>141.1</ele>
   </trkpt>
   <trkpt lat="48.5804500" lon="7.7533520">
    <ele>141.1</ele>
   </trkpt>
   <trkpt lat="48.5804300" lon="7.7533020">
    <ele>141.1</ele>
   </trkpt>
   <trkpt lat="48.5804180" lon="7.7532880">
    <ele>141.0</ele>
   </trkpt>
   <trkpt lat="48.5803970" lon="7.7532580">
    <ele>141.0</ele>
   </trkpt>
   <trkpt lat="48.5803790" lon="7.7532020">
    <ele>141.0</ele>
   </trkpt>
   <trkpt lat="48.5803750" lon="7.7531810">
    <ele>141.0</ele>
   </trkpt>
   <trkpt lat="48.5803530" lon="7.7531330">
    <ele>140.9</ele>
   </trkpt>
   <trkpt lat="48.5803470" lon="7.7531170">
    <ele>140.9</ele>
   </trkpt>
   <trkpt lat="48.5803280" lon="7.7530850">
    <ele>140.9</ele>
   </trkpt>
   <trkpt lat="48.5803050" lon="7.7530510">
    <ele>140.8</ele>
   </trkpt>
   <trkpt lat="48.5802760" lon="7.7530140">
    <ele>140.7</ele>
   </trkpt>
   <trkpt lat="48.5802660" lon="7.7530000">
    <ele>140.7</ele>
   </trkpt>
   <trkpt lat="48.5802530" lon="7.7529590">
    <ele>140.6</ele>
   </trkpt>
   <trkpt lat="48.5802370" lon="7.7529080">
    <ele>140.6</ele>
   </trkpt>
   <trkpt lat="48.5802300" lon="7.7528950">
    <ele>140.6</ele>
   </trkpt>
   <trkpt lat="48.5802090" lon="7.7528670">
    <ele>140.5</ele>
   </trkpt>
   <trkpt lat="48.5801860" lon="7.7528430">
    <ele>140.5</ele>
   </trkpt>
   <trkpt lat="48.5801630" lon="7.7528140">
    <ele>140.5</ele>
   </trkpt>
   <trkpt lat="48.5801460" lon="7.7527730">
    <ele>140.4</ele>
   </trkpt>
   <trkpt lat="48.5801400" lon="7.7527220">
    <ele>140.4</ele>
   </trkpt>
   <trkpt lat="48.5801230" lon="7.7526860">
    <ele>140.4</ele>
   </trkpt>
   <trkpt lat="48.5800980" lon="7.7526440">
    <ele>140.4</ele>
   </trkpt>
   <trkpt lat="48.5800890" lon="7.7526290">
    <ele>140.4</ele>
   </trkpt>
   <trkpt lat="48.5800720" lon="7.7525940">
    <ele>140.4</ele>
   </trkpt>
   <trkpt lat="48.5800580" lon="7.7525580">
    <ele>140.4</ele>
   </trkpt>
   <trkpt lat="48.5800420" lon="7.7525190">
    <ele>140.4</ele>
   </trkpt>
   <trkpt lat="48.5800380" lon="7.7524730">
    <ele>140.4</ele>
   </trkpt>
   <trkpt lat="48.5800120" lon="7.7524430">
    <ele>140.4</ele>
   </trkpt>
   <trkpt lat="48.5799900" lon="7.7523930">
    <ele>140.4</ele>
   </trkpt>
   <trkpt lat="48.5799810" lon="7.7523790">
    <ele>140.4</ele>
   </trkpt>
   <trkpt lat="48.5799610" lon="7.7523390">
    <ele>140.4</ele>
   </trkpt>
   <trkpt lat="48.5799500" lon="7.7523000">
    <ele>140.5</ele>
   </trkpt>
   <trkpt lat="48.5799340" lon="7.7522500">
    <ele>140.5</ele>
   </trkpt>
   <trkpt lat="48.5799260" lon="7.7522340">
    <ele>140.5</ele>
   </trkpt>
   <trkpt lat="48.5799150" lon="7.7521960">
    <ele>140.5</ele>
   </trkpt>
   <trkpt lat="48.5798980" lon="7.7521550">
    <ele>140.5</ele>
   </trkpt>
   <trkpt lat="48.5798800" lon="7.7521240">
    <ele>140.5</ele>
   </trkpt>
   <trkpt lat="48.5798640" lon="7.7520870">
    <ele>140.5</ele>
   </trkpt>
   <trkpt lat="48.5798430" lon="7.7520500">
    <ele>140.5</ele>
   </trkpt>
   <trkpt lat="48.5798260" lon="7.7520010">
    <ele>140.5</ele>
   </trkpt>
   <trkpt lat="48.5798210" lon="7.7519830">
    <ele>140.5</ele>
   </trkpt>
   <trkpt lat="48.5798140" lon="7.7519570">
    <ele>140.5</ele>
   </trkpt>
   <trkpt lat="48.5798040" lon="7.7519350">
    <ele>140.5</ele>
   </trkpt>
   <trkpt lat="48.5797680" lon="7.7519100">
    <ele>140.5</ele>
   </trkpt>
   <trkpt lat="48.5797770" lon="7.7518520">
    <ele>140.5</ele>
   </trkpt>
   <trkpt lat="48.5797490" lon="7.7518360">
    <ele>140.5</ele>
   </trkpt>
   <trkpt lat="48.5797340" lon="7.7517980">
    <ele>140.5</ele>
   </trkpt>
   <trkpt lat="48.5796930" lon="7.7517790">
    <ele>140.5</ele>
   </trkpt>
   <trkpt lat="48.5796740" lon="7.7517440">
    <ele>140.5</ele>
   </trkpt>
   <trkpt lat="48.5796480" lon="7.7517140">
    <ele>140.5</ele>
   </trkpt>
   <trkpt lat="48.5796260" lon="7.7516740">
    <ele>140.6</ele>
   </trkpt>
   <trkpt lat="48.5796210" lon="7.7516580">
    <ele>140.6</ele>
   </trkpt>
   <trkpt lat="48.5796060" lon="7.7516050">
    <ele>140.6</ele>
   </trkpt>
   <trkpt lat="48.5796030" lon="7.7515560">
    <ele>140.6</ele>
   </trkpt>
   <trkpt lat="48.5795770" lon="7.7515240">
    <ele>140.7</ele>
   </trkpt>
   <trkpt lat="48.5795490" lon="7.7514970">
    <ele>140.7</ele>
   </trkpt>
   <trkpt lat="48.5795500" lon="7.7514450">
    <ele>140.8</ele>
   </trkpt>
   <trkpt lat="48.5795360" lon="7.7514050">
    <ele>140.8</ele>
   </trkpt>
   <trkpt lat="48.5795010" lon="7.7513660">
    <ele>140.9</ele>
   </trkpt>
   <trkpt lat="48.5794850" lon="7.7513560">
    <ele>141.0</ele>
   </trkpt>
   <trkpt lat="48.5794650" lon="7.7513170">
    <ele>141.0</ele>
   </trkpt>
   <trkpt lat="48.5794480" lon="7.7512790">
    <ele>141.1</ele>
   </trkpt>
   <trkpt lat="48.5794330" lon="7.7512150">
    <ele>141.2</ele>
   </trkpt>
   <trkpt lat="48.5794160" lon="7.7511770">
    <ele>141.3</ele>
   </trkpt>
   <trkpt lat="48.5793930" lon="7.7511410">
    <ele>141.4</ele>
   </trkpt>
   <trkpt lat="48.5793890" lon="7.7510880">
    <ele>141.5</ele>
   </trkpt>
   <trkpt lat="48.5793890" lon="7.7510210">
    <ele>141.6</ele>
   </trkpt>
   <trkpt lat="48.5793920" lon="7.7509920">
    <ele>141.7</ele>
   </trkpt>
   <trkpt lat="48.5794100" lon="7.7509460">
    <ele>141.8</ele>
   </trkpt>
   <trkpt lat="48.5794260" lon="7.7509060">
    <ele>142.0</ele>
   </trkpt>
   <trkpt lat="48.5794450" lon="7.7508520">
    <ele>142.2</ele>
   </trkpt>
   <trkpt lat="48.5794870" lon="7.7508200">
    <ele>142.2</ele>
   </trkpt>
   <trkpt lat="48.5795180" lon="7.7507790">
    <ele>142.3</ele>
   </trkpt>
   <trkpt lat="48.5795390" lon="7.7507330">
    <ele>142.3</ele>
   </trkpt>
   <trkpt lat="48.5795750" lon="7.7506990">
    <ele>142.3</ele>
   </trkpt>
   <trkpt lat="48.5796000" lon="7.7506680">
    <ele>142.4</ele>
   </trkpt>
   <trkpt lat="48.5796330" lon="7.7506330">
    <ele>142.4</ele>
   </trkpt>
   <trkpt lat="48.5796510" lon="7.7505620">
    <ele>142.4</ele>
   </trkpt>
   <trkpt lat="48.5796680" lon="7.7505010">
    <ele>142.4</ele>
   </trkpt>
   <trkpt lat="48.5797070" lon="7.7504630">
    <ele>142.4</ele>
   </trkpt>
   <trkpt lat="48.5797350" lon="7.7504220">
    <ele>142.4</ele>
   </trkpt>
   <trkpt lat="48.5797570" lon="7.7504180">
    <ele>142.4</ele>
   </trkpt>
   <trkpt lat="48.5797990" lon="7.7504000">
    <ele>142.4</ele>
   </trkpt>
   <trkpt lat="48.5798710" lon="7.7504450">
    <ele>142.4</ele>
   </trkpt>
   <trkpt lat="48.5799220" lon="7.7504930">
    <ele>142.4</ele>
   </trkpt>
   <trkpt lat="48.5799390" lon="7.7505340">
    <ele>142.4</ele>
   </trkpt>
   <trkpt lat="48.5799610" lon="7.7505780">
    <ele>142.4</ele>
   </trkpt>
   <trkpt lat="48.5799850" lon="7.7506080">
    <ele>142.5</ele>
   </trkpt>
   <trkpt lat="48.5799990" lon="7.7506490">
    <ele>142.5</ele>
   </trkpt>
   <trkpt lat="48.5800220" lon="7.7506870">
    <ele>142.6</ele>
   </trkpt>
   <trkpt lat="48.5800510" lon="7.7507240">
    <ele>142.6</ele>
   </trkpt>
   <trkpt lat="48.5800800" lon="7.7507510">
    <ele>142.7</ele>
   </trkpt>
   <trkpt lat="48.5800960" lon="7.7508100">
    <ele>142.7</ele>
   </trkpt>
   <trkpt lat="48.5801260" lon="7.7508410">
    <ele>142.7</ele>
   </trkpt>
   <trkpt lat="48.5801540" lon="7.7508770">
    <ele>142.7</ele>
   </trkpt>
   <trkpt lat="48.5801760" lon="7.7509200">
    <ele>142.7</ele>
   </trkpt>
   <trkpt lat="48.5802070" lon="7.7509580">
    <ele>142.7</ele>
   </trkpt>
   <trkpt lat="48.5802190" lon="7.7510210">
    <ele>142.7</ele>
   </trkpt>
   <trkpt lat="48.5802520" lon="7.7510570">
    <ele>142.7</ele>
   </trkpt>
   <trkpt lat="48.5802800" lon="7.7510760">
    <ele>142.7</ele>
   </trkpt>
   <trkpt lat="48.5803100" lon="7.7510900">
    <ele>142.7</ele>
   </trkpt>
   <trkpt lat="48.5803400" lon="7.7511110">
    <ele>142.8</ele>
   </trkpt>
   <trkpt lat="48.5803680" lon="7.7511230">
    <ele>142.8</ele>
   </trkpt>
   <trkpt lat="48.5804030" lon="7.7511220">
    <ele>142.9</ele>
   </trkpt>
   <trkpt lat="48.5804390" lon="7.7511220">
    <ele>143.0</ele>
   </trkpt>
   <trkpt lat="48.5804880" lon="7.7510830">
    <ele>143.2</ele>
   </trkpt>
   <trkpt lat="48.5805410" lon="7.7510540">
    <ele>143.5</ele>
   </trkpt>
   <trkpt lat="48.5805600" lon="7.7510880">
    <ele>143.7</ele>
   </trkpt>
   <trkpt lat="48.5805890" lon="7.7511090">
    <ele>143.9</ele>
   </trkpt>
   <trkpt lat="48.5806150" lon="7.7511130">
    <ele>144.2</ele>
   </trkpt>
   <trkpt lat="48.5806250" lon="7.7511090">
    <ele>144.1</ele>
   </trkpt>
   <trkpt lat="48.5806430" lon="7.7511230">
    <ele>144.4</ele>
   </trkpt>
   <trkpt lat="48.5806570" lon="7.7511290">
    <ele>144.3</ele>
   </trkpt>
   <trkpt lat="48.5806700" lon="7.7511340">
    <ele>144.5</ele>
   </trkpt>
   <trkpt lat="48.5806970" lon="7.7511780">
    <ele>144.7</ele>
   </trkpt>
   <trkpt lat="48.5807310" lon="7.7512260">
    <ele>144.9</ele>
   </trkpt>
   <trkpt lat="48.5807440" lon="7.7512480">
    <ele>144.9</ele>
   </trkpt>
   <trkpt lat="48.5807630" lon="7.7512840">
    <ele>145.0</ele>
   </trkpt>
   <trkpt lat="48.5807730" lon="7.7513290">
    <ele>145.0</ele>
   </trkpt>
   <trkpt lat="48.5807690" lon="7.7513500">
    <ele>145.0</ele>
   </trkpt>
   <trkpt lat="48.5807900" lon="7.7513760">
    <ele>145.1</ele>
   </trkpt>
   <trkpt lat="48.5807750" lon="7.7514120">
    <ele>144.9</ele>
   </trkpt>
   <trkpt lat="48.5807690" lon="7.7514260">
    <ele>144.8</ele>
   </trkpt>
   <trkpt lat="48.5807960" lon="7.7514410">
    <ele>145.0</ele>
   </trkpt>
   <trkpt lat="48.5808140" lon="7.7515010">
    <ele>145.1</ele>
   </trkpt>
   <trkpt lat="48.5808270" lon="7.7515450">
    <ele>145.0</ele>
   </trkpt>
   <trkpt lat="48.5808480" lon="7.7515850">
    <ele>145.2</ele>
   </trkpt>
   <trkpt lat="48.5808700" lon="7.7516150">
    <ele>145.5</ele>
   </trkpt>
   <trkpt lat="48.5808930" lon="7.7516510">
    <ele>145.4</ele>
   </trkpt>
   <trkpt lat="48.5809100" lon="7.7516860">
    <ele>145.5</ele>
   </trkpt>
   <trkpt lat="48.5809360" lon="7.7517280">
    <ele>145.6</ele>
   </trkpt>
   <trkpt lat="48.5809650" lon="7.7517490">
    <ele>145.8</ele>
   </trkpt>
   <trkpt lat="48.5809900" lon="7.7517760">
    <ele>145.9</ele>
   </trkpt>
   <trkpt lat="48.5810490" lon="7.7517580">
    <ele>146.1</ele>
   </trkpt>
   <trkpt lat="48.5810840" lon="7.7517790">
    <ele>146.2</ele>
   </trkpt>
   <trkpt lat="48.5811210" lon="7.7517970">
    <ele>146.3</ele>
   </trkpt>
   <trkpt lat="48.5811480" lon="7.7518250">
    <ele>146.2</ele>
   </trkpt>
   <trkpt lat="48.5811850" lon="7.7517380">
    <ele>146.3</ele>
   </trkpt>
   <trkpt lat="48.5811450" lon="7.7516600">
    <ele>146.3</ele>
   </trkpt>
   <trkpt lat="48.5811480" lon="7.7516330">
    <ele>146.3</ele>
   </trkpt>
   <trkpt lat="48.5811370" lon="7.7515970">
    <ele>146.2</ele>
   </trkpt>
   <trkpt lat="48.5811270" lon="7.7515610">
    <ele>146.2</ele>
   </trkpt>
   <trkpt lat="48.5811210" lon="7.7515870">
    <ele>146.2</ele>
   </trkpt>
   <trkpt lat="48.5811500" lon="7.7516060">
    <ele>146.1</ele>
   </trkpt>
   <trkpt lat="48.5811690" lon="7.7516500">
    <ele>146.1</ele>
   </trkpt>
   <trkpt lat="48.5811780" lon="7.7516730">
    <ele>146.1</ele>
   </trkpt>
   <trkpt lat="48.5812070" lon="7.7516890">
    <ele>146.0</ele>
   </trkpt>
   <trkpt lat="48.5812510" lon="7.7516720">
    <ele>145.9</ele>
   </trkpt>
   <trkpt lat="48.5812850" lon="7.7517160">
    <ele>145.8</ele>
   </trkpt>
   <trkpt lat="48.5812870" lon="7.7517800">
    <ele>145.8</ele>
   </trkpt>
   <trkpt lat="48.5813090" lon="7.7518230">
    <ele>145.6</ele>
   </trkpt>
   <trkpt lat="48.5813160" lon="7.7518370">
    <ele>145.6</ele>
   </trkpt>
   <trkpt lat="48.5813320" lon="7.7518710">
    <ele>145.4</ele>
   </trkpt>
   <trkpt lat="48.5813480" lon="7.7519090">
    <ele>145.3</ele>
   </trkpt>
   <trkpt lat="48.5813730" lon="7.7519380">
    <ele>145.2</ele>
   </trkpt>
   <trkpt lat="48.5814000" lon="7.7519670">
    <ele>145.2</ele>
   </trkpt>
   <trkpt lat="48.5814160" lon="7.7520040">
    <ele>145.1</ele>
   </trkpt>
   <trkpt lat="48.5814390" lon="7.7520350">
    <ele>145.0</ele>
   </trkpt>
   <trkpt lat="48.5814430" lon="7.7520950">
    <ele>144.9</ele>
   </trkpt>
   <trkpt lat="48.5814390" lon="7.7521160">
    <ele>144.9</ele>
   </trkpt>
   <trkpt lat="48.5814390" lon="7.7521630">
    <ele>144.8</ele>
   </trkpt>
   <trkpt lat="48.5814470" lon="7.7521750">
    <ele>144.7</ele>
   </trkpt>
   <trkpt lat="48.5814520" lon="7.7522220">
    <ele>144.6</ele>
   </trkpt>
   <trkpt lat="48.5814540" lon="7.7522400">
    <ele>144.6</ele>
   </trkpt>
   <trkpt lat="48.5814600" lon="7.7522920">
    <ele>144.5</ele>
   </trkpt>
   <trkpt lat="48.5814630" lon="7.7523100">
    <ele>144.4</ele>
   </trkpt>
   <trkpt lat="48.5814830" lon="7.7523580">
    <ele>144.3</ele>
   </trkpt>
   <trkpt lat="48.5814900" lon="7.7523750">
    <ele>144.3</ele>
   </trkpt>
   <trkpt lat="48.5815130" lon="7.7524070">
    <ele>144.2</ele>
   </trkpt>
   <trkpt lat="48.5815120" lon="7.7524740">
    <ele>144.0</ele>
   </trkpt>
   <trkpt lat="48.5815060" lon="7.7525050">
    <ele>143.9</ele>
   </trkpt>
   <trkpt lat="48.5815040" lon="7.7525580">
    <ele>143.8</ele>
   </trkpt>
   <trkpt lat="48.5815190" lon="7.7526020">
    <ele>143.7</ele>
   </trkpt>
   <trkpt lat="48.5815270" lon="7.7526100">
    <ele>143.7</ele>
   </trkpt>
   <trkpt lat="48.5815430" lon="7.7526550">
    <ele>143.7</ele>
   </trkpt>
   <trkpt lat="48.5815490" lon="7.7526690">
    <ele>143.6</ele>
   </trkpt>
   <trkpt lat="48.5815700" lon="7.7527030">
    <ele>143.6</ele>
   </trkpt>
   <trkpt lat="48.5815860" lon="7.7527600">
    <ele>143.6</ele>
   </trkpt>
   <trkpt lat="48.5816070" lon="7.7527880">
    <ele>143.5</ele>
   </trkpt>
   <trkpt lat="48.5816220" lon="7.7528420">
    <ele>143.5</ele>
   </trkpt>
   <trkpt lat="48.5816320" lon="7.7528600">
    <ele>143.5</ele>
   </trkpt>
   <trkpt lat="48.5816440" lon="7.7528820">
    <ele>143.5</ele>
   </trkpt>
   <trkpt lat="48.5816560" lon="7.7528920">
    <ele>143.4</ele>
   </trkpt>
   <trkpt lat="48.5816840" lon="7.7529300">
    <ele>143.4</ele>
   </trkpt>
   <trkpt lat="48.5816940" lon="7.7529410">
    <ele>143.4</ele>
   </trkpt>
   <trkpt lat="48.5817160" lon="7.7529680">
    <ele>143.4</ele>
   </trkpt>
   <trkpt lat="48.5817390" lon="7.7530000">
    <ele>143.3</ele>
   </trkpt>
   <trkpt lat="48.5817400" lon="7.7530780">
    <ele>143.3</ele>
   </trkpt>
   <trkpt lat="48.5817640" lon="7.7531160">
    <ele>143.3</ele>
   </trkpt>
   <trkpt lat="48.5817700" lon="7.7531320">
    <ele>143.2</ele>
   </trkpt>
   <trkpt lat="48.5817840" lon="7.7531690">
    <ele>143.2</ele>
   </trkpt>
   <trkpt lat="48.5817990" lon="7.7532050">
    <ele>143.2</ele>
   </trkpt>
   <trkpt lat="48.5818170" lon="7.7532560">
    <ele>143.2</ele>
   </trkpt>
   <trkpt lat="48.5818160" lon="7.7532850">
    <ele>143.1</ele>
   </trkpt>
   <trkpt lat="48.5818110" lon="7.7533300">
    <ele>143.0</ele>
   </trkpt>
   <trkpt lat="48.5818100" lon="7.7533450">
    <ele>143.0</ele>
   </trkpt>
   <trkpt lat="48.5817970" lon="7.7533810">
    <ele>142.9</ele>
   </trkpt>
   <trkpt lat="48.5818000" lon="7.7534050">
    <ele>142.9</ele>
   </trkpt>
   <trkpt lat="48.5818030" lon="7.7534280">
    <ele>142.8</ele>
   </trkpt>
   <trkpt lat="48.5816740" lon="7.7535200">
    <ele>142.5</ele>
   </trkpt>
   <trkpt lat="48.5816620" lon="7.7535320">
    <ele>142.4</ele>
   </trkpt>
   <trkpt lat="48.5816590" lon="7.7535790">
    <ele>142.4</ele>
   </trkpt>
   <trkpt lat="48.5816460" lon="7.7535970">
    <ele>142.3</ele>
   </trkpt>
   <trkpt lat="48.5816420" lon="7.7536180">
    <ele>142.3</ele>
   </trkpt>
   <trkpt lat="48.5816470" lon="7.7536710">
    <ele>142.2</ele>
   </trkpt>
   <trkpt lat="48.5816450" lon="7.7537170">
    <ele>142.2</ele>
   </trkpt>
   <trkpt lat="48.5816620" lon="7.7537700">
    <ele>142.1</ele>
   </trkpt>
   <trkpt lat="48.5816730" lon="7.7537880">
    <ele>142.1</ele>
   </trkpt>
   <trkpt lat="48.5816980" lon="7.7538330">
    <ele>142.1</ele>
   </trkpt>
   <trkpt lat="48.5817080" lon="7.7538520">
    <ele>142.1</ele>
   </trkpt>
   <trkpt lat="48.5817430" lon="7.7538830">
    <ele>142.0</ele>
   </trkpt>
   <trkpt lat="48.5817600" lon="7.7539150">
    <ele>142.0</ele>
   </trkpt>
   <trkpt lat="48.5818040" lon="7.7539470">
    <ele>142.0</ele>
   </trkpt>
   <trkpt lat="48.5818300" lon="7.7539520">
    <ele>142.0</ele>
   </trkpt>
   <trkpt lat="48.5818510" lon="7.7539790">
    <ele>142.0</ele>
   </trkpt>
   <trkpt lat="48.5818660" lon="7.7540180">
    <ele>142.0</ele>
   </trkpt>
   <trkpt lat="48.5819040" lon="7.7540220">
    <ele>141.9</ele>
   </trkpt>
   <trkpt lat="48.5819200" lon="7.7540300">
    <ele>141.9</ele>
   </trkpt>
   <trkpt lat="48.5819770" lon="7.7540180">
    <ele>141.9</ele>
   </trkpt>
   <trkpt lat="48.5820120" lon="7.7540120">
    <ele>141.9</ele>
   </trkpt>
   <trkpt lat="48.5820620" lon="7.7540290">
    <ele>141.9</ele>
   </trkpt>
   <trkpt lat="48.5820860" lon="7.7540320">
    <ele>141.9</ele>
   </trkpt>
   <trkpt lat="48.5821230" lon="7.7540490">
    <ele>141.9</ele>
   </trkpt>
   <trkpt lat="48.5821180" lon="7.7541050">
    <ele>141.9</ele>
   </trkpt>
   <trkpt lat="48.5820930" lon="7.7541890">
    <ele>141.9</ele>
   </trkpt>
   <trkpt lat="48.5820990" lon="7.7542530">
    <ele>141.9</ele>
   </trkpt>
   <trkpt lat="48.5820950" lon="7.7542810">
    <ele>141.9</ele>
   </trkpt>
   <trkpt lat="48.5820640" lon="7.7543370">
    <ele>141.9</ele>
   </trkpt>
   <trkpt lat="48.5820700" lon="7.7543680">
    <ele>141.9</ele>
   </trkpt>
   <trkpt lat="48.5820590" lon="7.7543810">
    <ele>141.9</ele>
   </trkpt>
   <trkpt lat="48.5820930" lon="7.7544300">
    <ele>141.9</ele>
   </trkpt>
   <trkpt lat="48.5821080" lon="7.7544480">
    <ele>141.9</ele>
   </trkpt>
   <trkpt lat="48.5821340" lon="7.7545080">
    <ele>142.0</ele>
   </trkpt>
   <trkpt lat="48.5821510" lon="7.7545490">
    <ele>142.0</ele>
   </trkpt>
   <trkpt lat="48.5821640" lon="7.7545980">
    <ele>142.0</ele>
   </trkpt>
   <trkpt lat="48.5821660" lon="7.7546170">
    <ele>142.0</ele>
   </trkpt>
   <trkpt lat="48.5821960" lon="7.7546470">
    <ele>142.0</ele>
   </trkpt>
   <trkpt lat="48.5822090" lon="7.7546570">
    <ele>142.0</ele>
   </trkpt>
   <trkpt lat="48.5822260" lon="7.7546990">
    <ele>142.0</ele>
   </trkpt>
   <trkpt lat="48.5822440" lon="7.7547500">
    <ele>142.0</ele>
   </trkpt>
   <trkpt lat="48.5822540" lon="7.7547650">
    <ele>142.0</ele>
   </trkpt>
   <trkpt lat="48.5822740" lon="7.7548090">
    <ele>142.0</ele>
   </trkpt>
   <trkpt lat="48.5822840" lon="7.7548290">
    <ele>142.0</ele>
   </trkpt>
   <trkpt lat="48.5823060" lon="7.7548890">
    <ele>142.0</ele>
   </trkpt>
   <trkpt lat="48.5823130" lon="7.7549260">
    <ele>142.0</ele>
   </trkpt>
   <trkpt lat="48.5823340" lon="7.7549640">
    <ele>142.0</ele>
   </trkpt>
   <trkpt lat="48.5823360" lon="7.7549770">
    <ele>142.0</ele>
   </trkpt>
   <trkpt lat="48.5823660" lon="7.7550030">
    <ele>142.0</ele>
   </trkpt>
   <trkpt lat="48.5823880" lon="7.7550050">
    <ele>142.0</ele>
   </trkpt>
   <trkpt lat="48.5824090" lon="7.7550260">
    <ele>142.0</ele>
   </trkpt>
   <trkpt lat="48.5824250" lon="7.7550290">
    <ele>142.0</ele>
   </trkpt>
   <trkpt lat="48.5824500" lon="7.7550640">
    <ele>141.9</ele>
   </trkpt>
   <trkpt lat="48.5824680" lon="7.7550590">
    <ele>141.9</ele>
   </trkpt>
   <trkpt lat="48.5824610" lon="7.7551130">
    <ele>141.9</ele>
   </trkpt>
   <trkpt lat="48.5824110" lon="7.7551580">
    <ele>141.9</ele>
   </trkpt>
   <trkpt lat="48.5823970" lon="7.7552150">
    <ele>141.8</ele>
   </trkpt>
   <trkpt lat="48.5824210" lon="7.7552490">
    <ele>141.8</ele>
   </trkpt>
   <trkpt lat="48.5824490" lon="7.7552920">
    <ele>141.8</ele>
   </trkpt>
   <trkpt lat="48.5824700" lon="7.7553010">
    <ele>141.8</ele>
   </trkpt>
   <trkpt lat="48.5824890" lon="7.7553350">
    <ele>141.8</ele>
   </trkpt>
   <trkpt lat="48.5825190" lon="7.7553520">
    <ele>141.7</ele>
   </trkpt>
   <trkpt lat="48.5825250" lon="7.7553540">
    <ele>141.7</ele>
   </trkpt>
   <trkpt lat="48.5825650" lon="7.7553900">
    <ele>141.7</ele>
   </trkpt>
   <trkpt lat="48.5825860" lon="7.7554240">
    <ele>141.7</ele>
   </trkpt>
   <trkpt lat="48.5825910" lon="7.7554350">
    <ele>141.7</ele>
   </trkpt>
   <trkpt lat="48.5826250" lon="7.7554710">
    <ele>141.7</ele>
   </trkpt>
   <trkpt lat="48.5826580" lon="7.7555180">
    <ele>141.7</ele>
   </trkpt>
   <trkpt lat="48.5826860" lon="7.7555440">
    <ele>141.7</ele>
   </trkpt>
   <trkpt lat="48.5827100" lon="7.7555950">
    <ele>141.7</ele>
   </trkpt>
   <trkpt lat="48.5827550" lon="7.7555540">
    <ele>141.8</ele>
   </trkpt>
   <trkpt lat="48.5827870" lon="7.7555800">
    <ele>141.8</ele>
   </trkpt>
   <trkpt lat="48.5828190" lon="7.7556170">
    <ele>141.9</ele>
   </trkpt>
   <trkpt lat="48.5828530" lon="7.7555990">
    <ele>141.9</ele>
   </trkpt>
   <trkpt lat="48.5828720" lon="7.7555910">
    <ele>141.9</ele>
   </trkpt>
   <trkpt lat="48.5828910" lon="7.7555840">
    <ele>142.0</ele>
   </trkpt>
   <trkpt lat="48.5829260" lon="7.7555570">
    <ele>142.1</ele>
   </trkpt>
   <trkpt lat="48.5829500" lon="7.7555320">
    <ele>142.1</ele>
   </trkpt>
   <trkpt lat="48.5829600" lon="7.7555200">
    <ele>142.2</ele>
   </trkpt>
   <trkpt lat="48.5829660" lon="7.7554760">
    <ele>142.2</ele>
   </trkpt>
   <trkpt lat="48.5829780" lon="7.7554350">
    <ele>142.3</ele>
   </trkpt>
   <trkpt lat="48.5829790" lon="7.7554200">
    <ele>142.3</ele>
   </trkpt>
   <trkpt lat="48.5830290" lon="7.7554450">
    <ele>142.5</ele>
   </trkpt>
   <trkpt lat="48.5830500" lon="7.7554140">
    <ele>142.6</ele>
   </trkpt>
   <trkpt lat="48.5830760" lon="7.7553670">
    <ele>142.7</ele>
   </trkpt>
   <trkpt lat="48.5830890" lon="7.7553490">
    <ele>142.7</ele>
   </trkpt>
   <trkpt lat="48.5831170" lon="7.7553120">
    <ele>142.9</ele>
   </trkpt>
   <trkpt lat="48.5831230" lon="7.7552970">
    <ele>142.9</ele>
   </trkpt>
   <trkpt lat="48.5831390" lon="7.7552570">
    <ele>143.0</ele>
   </trkpt>
   <trkpt lat="48.5831540" lon="7.7552210">
    <ele>143.1</ele>
   </trkpt>
   <trkpt lat="48.5831560" lon="7.7551960">
    <ele>143.1</ele>
   </trkpt>
   <trkpt lat="48.5831830" lon="7.7551860">
    <ele>143.2</ele>
   </trkpt>
   <trkpt lat="48.5831940" lon="7.7551460">
    <ele>143.3</ele>
   </trkpt>
   <trkpt lat="48.5831950" lon="7.7551320">
    <ele>143.4</ele>
   </trkpt>
   <trkpt lat="48.5832230" lon="7.7550960">
    <ele>143.5</ele>
   </trkpt>
   <trkpt lat="48.5832310" lon="7.7550790">
    <ele>143.5</ele>
   </trkpt>
   <trkpt lat="48.5832540" lon="7.7550350">
    <ele>143.6</ele>
   </trkpt>
   <trkpt lat="48.5832690" lon="7.7549930">
    <ele>143.7</ele>
   </trkpt>
   <trkpt lat="48.5832710" lon="7.7549780">
    <ele>143.7</ele>
   </trkpt>
   <trkpt lat="48.5833040" lon="7.7549520">
    <ele>143.8</ele>
   </trkpt>
   <trkpt lat="48.5833200" lon="7.7549440">
    <ele>143.8</ele>
   </trkpt>
   <trkpt lat="48.5833470" lon="7.7549170">
    <ele>143.9</ele>
   </trkpt>
   <trkpt lat="48.5833700" lon="7.7548780">
    <ele>144.0</ele>
   </trkpt>
   <trkpt lat="48.5834060" lon="7.7548610">
    <ele>144.0</ele>
   </trkpt>
   <trkpt lat="48.5834340" lon="7.7548380">
    <ele>144.1</ele>
   </trkpt>
   <trkpt lat="48.5834420" lon="7.7548320">
    <ele>144.1</ele>
   </trkpt>
   <trkpt lat="48.5834760" lon="7.7548160">
    <ele>144.2</ele>
   </trkpt>
   <trkpt lat="48.5834850" lon="7.7548130">
    <ele>144.2</ele>
   </trkpt>
   <trkpt lat="48.5835120" lon="7.7547600">
    <ele>144.2</ele>
   </trkpt>
   <trkpt lat="48.5835240" lon="7.7547390">
    <ele>144.3</ele>
   </trkpt>
   <trkpt lat="48.5835470" lon="7.7547000">
    <ele>144.3</ele>
   </trkpt>
   <trkpt lat="48.5835770" lon="7.7546670">
    <ele>144.3</ele>
   </trkpt>
   <trkpt lat="48.5835890" lon="7.7546560">
    <ele>144.3</ele>
   </trkpt>
   <trkpt lat="48.5836170" lon="7.7546330">
    <ele>144.3</ele>
   </trkpt>
   <trkpt lat="48.5836210" lon="7.7546530">
    <ele>144.3</ele>
   </trkpt>
   <trkpt lat="48.5836460" lon="7.7546410">
    <ele>144.3</ele>
   </trkpt>
   <trkpt lat="48.5836840" lon="7.7546400">
    <ele>144.3</ele>
   </trkpt>
   <trkpt lat="48.5837100" lon="7.7546190">
    <ele>144.3</ele>
   </trkpt>
   <trkpt lat="48.5837210" lon="7.7546100">
    <ele>144.3</ele>
   </trkpt>
   <trkpt lat="48.5837470" lon="7.7545690">
    <ele>144.3</ele>
   </trkpt>
   <trkpt lat="48.5838070" lon="7.7545420">
    <ele>144.3</ele>
   </trkpt>
   <trkpt lat="48.5838540" lon="7.7545450">
    <ele>144.3</ele>
   </trkpt>
   <trkpt lat="48.5838880" lon="7.7545520">
    <ele>144.3</ele>
   </trkpt>
   <trkpt lat="48.5839120" lon="7.7546030">
    <ele>144.3</ele>
   </trkpt>
   <trkpt lat="48.5839130" lon="7.7545670">
    <ele>144.3</ele>
   </trkpt>
   <trkpt lat="48.5839420" lon="7.7545760">
    <ele>144.2</ele>
   </trkpt>
   <trkpt lat="48.5839640" lon="7.7545910">
    <ele>144.2</ele>
   </trkpt>
   <trkpt lat="48.5839780" lon="7.7545870">
    <ele>144.2</ele>
   </trkpt>
   <trkpt lat="48.5840040" lon="7.7545800">
    <ele>144.2</ele>
   </trkpt>
   <trkpt lat="48.5840110" lon="7.7545670">
    <ele>144.2</ele>
   </trkpt>
   <trkpt lat="48.5839540" lon="7.7546110">
    <ele>144.2</ele>
   </trkpt>
   <trkpt lat="48.5839470" lon="7.7545770">
    <ele>144.1</ele>
   </trkpt>
   <trkpt lat="48.5839370" lon="7.7545390">
    <ele>144.1</ele>
   </trkpt>
   <trkpt lat="48.5839530" lon="7.7544960">
    <ele>144.1</ele>
   </trkpt>
   <trkpt lat="48.5839970" lon="7.7544920">
    <ele>144.0</ele>
   </trkpt>
   <trkpt lat="48.5840310" lon="7.7544880">
    <ele>144.0</ele>
   </trkpt>
   <trkpt lat="48.5840700" lon="7.7544960">
    <ele>144.0</ele>
   </trkpt>
   <trkpt lat="48.5840850" lon="7.7545250">
    <ele>143.9</ele>
   </trkpt>
   <trkpt lat="48.5841330" lon="7.7545690">
    <ele>143.9</ele>
   </trkpt>
   <trkpt lat="48.5841760" lon="7.7545750">
    <ele>143.9</ele>
   </trkpt>
   <trkpt lat="48.5841990" lon="7.7546130">
    <ele>143.8</ele>
   </trkpt>
   <trkpt lat="48.5842260" lon="7.7546370">
    <ele>143.8</ele>
   </trkpt>
   <trkpt lat="48.5842290" lon="7.7546970">
    <ele>143.8</ele>
   </trkpt>
   <trkpt lat="48.5842770" lon="7.7546730">
    <ele>143.8</ele>
   </trkpt>
   <trkpt lat="48.5843060" lon="7.7546730">
    <ele>143.8</ele>
   </trkpt>
   <trkpt lat="48.5843440" lon="7.7546730">
    <ele>143.8</ele>
   </trkpt>
   <trkpt lat="48.5843740" lon="7.7546530">
    <ele>143.7</ele>
   </trkpt>
   <trkpt lat="48.5843970" lon="7.7546450">
    <ele>143.7</ele>
   </trkpt>
   <trkpt lat="48.5844280" lon="7.7546370">
    <ele>143.7</ele>
   </trkpt>
   <trkpt lat="48.5844740" lon="7.7546400">
    <ele>143.7</ele>
   </trkpt>
   <trkpt lat="48.5844960" lon="7.7546400">
    <ele>143.7</ele>
   </trkpt>
   <trkpt lat="48.5845230" lon="7.7546510">
    <ele>143.7</ele>
   </trkpt>
   <trkpt lat="48.5845480" lon="7.7546290">
    <ele>143.7</ele>
   </trkpt>
   <trkpt lat="48.5845560" lon="7.7546280">
    <ele>143.7</ele>
   </trkpt>
   <trkpt lat="48.5845830" lon="7.7546320">
    <ele>143.7</ele>
   </trkpt>
   <trkpt lat="48.5846130" lon="7.7546060">
    <ele>143.6</ele>
   </trkpt>
   <trkpt lat="48.5846610" lon="7.7546300">
    <ele>143.6</ele>
   </trkpt>
   <trkpt lat="48.5847030" lon="7.7546200">
    <ele>143.6</ele>
   </trkpt>
   <trkpt lat="48.5846890" lon="7.7544890">
    <ele>143.6</ele>
   </trkpt>
   <trkpt lat="48.5847070" lon="7.7544230">
    <ele>143.6</ele>
   </trkpt>
   <trkpt lat="48.5846970" lon="7.7543330">
    <ele>143.6</ele>
   </trkpt>
   <trkpt lat="48.5847310" lon="7.7543160">
    <ele>143.5</ele>
   </trkpt>
   <trkpt lat="48.5847390" lon="7.7543100">
    <ele>143.5</ele>
   </trkpt>
   <trkpt lat="48.5847440" lon="7.7542460">
    <ele>143.5</ele>
   </trkpt>
   <trkpt lat="48.5847480" lon="7.7542080">
    <ele>143.5</ele>
   </trkpt>
   <trkpt lat="48.5847510" lon="7.7541920">
    <ele>143.5</ele>
   </trkpt>
   <trkpt lat="48.5847730" lon="7.7541680">
    <ele>143.5</ele>
   </trkpt>
   <trkpt lat="48.5847780" lon="7.7541480">
    <ele>143.5</ele>
   </trkpt>
   <trkpt lat="48.5847880" lon="7.7540900">
    <ele>143.5</ele>
   </trkpt>
   <trkpt lat="48.5847970" lon="7.7540700">
    <ele>143.5</ele>
   </trkpt>
   <trkpt lat="48.5848060" lon="7.7540320">
    <ele>143.5</ele>
   </trkpt>
   <trkpt lat="48.5848300" lon="7.7539860">
    <ele>143.5</ele>
   </trkpt>
   <trkpt lat="48.5848420" lon="7.7539460">
    <ele>143.5</ele>
   </trkpt>
   <trkpt lat="48.5848400" lon="7.7538870">
    <ele>143.5</ele>
   </trkpt>
   <trkpt lat="48.5848520" lon="7.7538400">
    <ele>143.5</ele>
   </trkpt>
   <trkpt lat="48.5848500" lon="7.7537990">
    <ele>143.5</ele>
   </trkpt>
   <trkpt lat="48.5848400" lon="7.7537480">
    <ele>143.5</ele>
   </trkpt>
   <trkpt lat="48.5848420" lon="7.7537060">
    <ele>143.5</ele>
   </trkpt>
   <trkpt lat="48.5848440" lon="7.7536890">
    <ele>143.5</ele>
   </trkpt>
   <trkpt lat="48.5848360" lon="7.7536490">
    <ele>143.5</ele>
   </trkpt>
   <trkpt lat="48.5848360" lon="7.7536060">
    <ele>143.5</ele>
   </trkpt>
   <trkpt lat="48.5848530" lon="7.7535470">
    <ele>143.5</ele>
   </trkpt>
   <trkpt lat="48.5848640" lon="7.7535240">
    <ele>143.5</ele>
   </trkpt>
   <trkpt lat="48.5848700" lon="7.7535150">
    <ele>143.5</ele>
   </trkpt>
   <trkpt lat="48.5848620" lon="7.7534820">
    <ele>143.6</ele>
   </trkpt>
   <trkpt lat="48.5848880" lon="7.7534310">
    <ele>143.6</ele>
   </trkpt>
   <trkpt lat="48.5849050" lon="7.7534090">
    <ele>143.6</ele>
   </trkpt>
   <trkpt lat="48.5849180" lon="7.7533600">
    <ele>143.6</ele>
   </trkpt>
   <trkpt lat="48.5849280" lon="7.7533180">
    <ele>143.6</ele>
   </trkpt>
   <trkpt lat="48.5849320" lon="7.7532580">
    <ele>143.6</ele>
   </trkpt>
   <trkpt lat="48.5849210" lon="7.7532080">
    <ele>143.6</ele>
   </trkpt>
   <trkpt lat="48.5849180" lon="7.7531870">
    <ele>143.6</ele>
   </trkpt>
   <trkpt lat="48.5849050" lon="7.7531470">
    <ele>143.6</ele>
   </trkpt>
   <trkpt lat="48.5849010" lon="7.7530820">
    <ele>143.6</ele>
   </trkpt>
   <trkpt lat="48.5848930" lon="7.7530410">
    <ele>143.6</ele>
   </trkpt>
   <trkpt lat="48.5848870" lon="7.7529930">
    <ele>143.6</ele>
   </trkpt>
   <trkpt lat="48.5848840" lon="7.7529710">
    <ele>143.6</ele>
   </trkpt>
   <trkpt lat="48.5848810" lon="7.7529210">
    <ele>143.7</ele>
   </trkpt>
   <trkpt lat="48.5848830" lon="7.7528980">
    <ele>143.7</ele>
   </trkpt>
   <trkpt lat="48.5848740" lon="7.7528520">
    <ele>143.7</ele>
   </trkpt>
   <trkpt lat="48.5848600" lon="7.7528080">
    <ele>143.7</ele>
   </trkpt>
   <trkpt lat="48.5848580" lon="7.7527700">
    <ele>143.7</ele>
   </trkpt>
   <trkpt lat="48.5848570" lon="7.7527480">
    <ele>143.7</ele>
   </trkpt>
   <trkpt lat="48.5848450" lon="7.7526850">
    <ele>143.7</ele>
   </trkpt>
   <trkpt lat="48.5848400" lon="7.7526600">
    <ele>143.7</ele>
   </trkpt>
   <trkpt lat="48.5848580" lon="7.7526100">
    <ele>143.7</ele>
   </trkpt>
   <trkpt lat="48.5848690" lon="7.7525940">
    <ele>143.7</ele>
   </trkpt>
   <trkpt lat="48.5848690" lon="7.7525300">
    <ele>143.7</ele>
   </trkpt>
   <trkpt lat="48.5848700" lon="7.7525030">
    <ele>143.7</ele>
   </trkpt>
   <trkpt lat="48.5848860" lon="7.7524620">
    <ele>143.8</ele>
   </trkpt>
   <trkpt lat="48.5848760" lon="7.7524170">
    <ele>143.8</ele>
   </trkpt>
   <trkpt lat="48.5848590" lon="7.7523660">
    <ele>143.8</ele>
   </trkpt>
   <trkpt lat="48.5848460" lon="7.7523280">
    <ele>143.8</ele>
   </trkpt>
   <trkpt lat="48.5848440" lon="7.7522760">
    <ele>143.9</ele>
   </trkpt>
   <trkpt lat="48.5848360" lon="7.7522630">
    <ele>143.9</ele>
   </trkpt>
   <trkpt lat="48.5848000" lon="7.7522600">
    <ele>143.9</ele>
   </trkpt>
   <trkpt lat="48.5847530" lon="7.7522320">
    <ele>143.9</ele>
   </trkpt>
   <trkpt lat="48.5847150" lon="7.7522090">
    <ele>143.9</ele>
   </trkpt>
   <trkpt lat="48.5846930" lon="7.7521740">
    <ele>144.0</ele>
   </trkpt>
   <trkpt lat="48.5846820" lon="7.7521580">
    <ele>144.0</ele>
   </trkpt>
   <trkpt lat="48.5846800" lon="7.7521060">
    <ele>144.0</ele>
   </trkpt>
   <trkpt lat="48.5846830" lon="7.7520760">
    <ele>144.0</ele>
   </trkpt>
   <trkpt lat="48.5846860" lon="7.7520240">
    <ele>144.0</ele>
   </trkpt>
   <trkpt lat="48.5846740" lon="7.7520010">
    <ele>144.0</ele>
   </trkpt>
   <trkpt lat="48.5846500" lon="7.7519590">
    <ele>144.1</ele>
   </trkpt>
   <trkpt lat="48.5846440" lon="7.7519410">
    <ele>144.1</ele>
   </trkpt>
   <trkpt lat="48.5846400" lon="7.7519130">
    <ele>144.1</ele>
   </trkpt>
   <trkpt lat="48.5846420" lon="7.7518890">
    <ele>144.1</ele>
   </trkpt>
   <trkpt lat="48.5846060" lon="7.7518540">
    <ele>144.1</ele>
   </trkpt>
   <trkpt lat="48.5846090" lon="7.7517790">
    <ele>144.2</ele>
   </trkpt>
   <trkpt lat="48.5846110" lon="7.7517280">
    <ele>144.2</ele>
   </trkpt>
   <trkpt lat="48.5846200" lon="7.7516810">
    <ele>144.2</ele>
   </trkpt>
   <trkpt lat="48.5846630" lon="7.7516290">
    <ele>144.2</ele>
   </trkpt>
   <trkpt lat="48.5846650" lon="7.7515870">
    <ele>144.2</ele>
   </trkpt>
   <trkpt lat="48.5846190" lon="7.7515570">
    <ele>144.3</ele>
   </trkpt>
   <trkpt lat="48.5845850" lon="7.7515480">
    <ele>144.3</ele>
   </trkpt>
   <trkpt lat="48.5845130" lon="7.7515260">
    <ele>144.3</ele>
   </trkpt>
   <trkpt lat="48.5845160" lon="7.7514740">
    <ele>144.3</ele>
   </trkpt>
   <trkpt lat="48.5845200" lon="7.7514540">
    <ele>144.3</ele>
   </trkpt>
   <trkpt lat="48.5845520" lon="7.7514130">
    <ele>144.4</ele>
   </trkpt>
   <trkpt lat="48.5845370" lon="7.7513520">
    <ele>144.4</ele>
   </trkpt>
   <trkpt lat="48.5845240" lon="7.7513270">
    <ele>144.4</ele>
   </trkpt>
   <trkpt lat="48.5845230" lon="7.7512990">
    <ele>144.4</ele>
   </trkpt>
   <trkpt lat="48.5845210" lon="7.7512740">
    <ele>144.5</ele>
   </trkpt>
   <trkpt lat="48.5845170" lon="7.7512330">
    <ele>144.5</ele>
   </trkpt>
   <trkpt lat="48.5845100" lon="7.7511760">
    <ele>144.5</ele>
   </trkpt>
   <trkpt lat="48.5845100" lon="7.7511560">
    <ele>144.5</ele>
   </trkpt>
   <trkpt lat="48.5845070" lon="7.7511080">
    <ele>144.6</ele>
   </trkpt>
   <trkpt lat="48.5845050" lon="7.7510920">
    <ele>144.6</ele>
   </trkpt>
   <trkpt lat="48.5845050" lon="7.7510340">
    <ele>144.6</ele>
   </trkpt>
   <trkpt lat="48.5844970" lon="7.7510110">
    <ele>144.7</ele>
   </trkpt>
   <trkpt lat="48.5844660" lon="7.7509690">
    <ele>144.7</ele>
   </trkpt>
   <trkpt lat="48.5844500" lon="7.7509570">
    <ele>144.8</ele>
   </trkpt>
   <trkpt lat="48.5844200" lon="7.7509380">
    <ele>144.8</ele>
   </trkpt>
   <trkpt lat="48.5843970" lon="7.7508970">
    <ele>144.8</ele>
   </trkpt>
   <trkpt lat="48.5843920" lon="7.7508800">
    <ele>144.9</ele>
   </trkpt>
   <trkpt lat="48.5843790" lon="7.7508440">
    <ele>144.9</ele>
   </trkpt>
   <trkpt lat="48.5843620" lon="7.7507930">
    <ele>144.9</ele>
   </trkpt>
   <trkpt lat="48.5843540" lon="7.7507740">
    <ele>144.9</ele>
   </trkpt>
   <trkpt lat="48.5843390" lon="7.7507300">
    <ele>145.0</ele>
   </trkpt>
   <trkpt lat="48.5843170" lon="7.7506880">
    <ele>145.0</ele>
   </trkpt>
   <trkpt lat="48.5843110" lon="7.7506480">
    <ele>145.1</ele>
   </trkpt>
   <trkpt lat="48.5843130" lon="7.7506100">
    <ele>145.1</ele>
   </trkpt>
   <trkpt lat="48.5842980" lon="7.7505970">
    <ele>145.1</ele>
   </trkpt>
   <trkpt lat="48.5843100" lon="7.7505430">
    <ele>145.1</ele>
   </trkpt>
   <trkpt lat="48.5843080" lon="7.7505240">
    <ele>145.1</ele>
   </trkpt>
   <trkpt lat="48.5842980" lon="7.7504790">
    <ele>145.2</ele>
   </trkpt>
   <trkpt lat="48.5842730" lon="7.7504440">
    <ele>145.2</ele>
   </trkpt>
   <trkpt lat="48.5842570" lon="7.7504280">
    <ele>145.2</ele>
   </trkpt>
   <trkpt lat="48.5842220" lon="7.7503850">
    <ele>145.2</ele>
   </trkpt>
   <trkpt lat="48.5841950" lon="7.7503740">
    <ele>145.2</ele>
   </trkpt>
   <trkpt lat="48.5841440" lon="7.7503660">
    <ele>145.2</ele>
   </trkpt>
   <trkpt lat="48.5841160" lon="7.7503510">
    <ele>145.2</ele>
   </trkpt>
   <trkpt lat="48.5840940" lon="7.7503250">
    <ele>145.2</ele>
   </trkpt>
   <trkpt lat="48.5840980" lon="7.7502840">
    <ele>145.2</ele>
   </trkpt>
   <trkpt lat="48.5840900" lon="7.7502260">
    <ele>145.2</ele>
   </trkpt>
   <trkpt lat="48.5840940" lon="7.7501810">
    <ele>145.2</ele>
   </trkpt>
   <trkpt lat="48.5841090" lon="7.7501390">
    <ele>145.1</ele>
   </trkpt>
   <trkpt lat="48.5840770" lon="7.7501070">
    <ele>145.1</ele>
   </trkpt>
   <trkpt lat="48.5840580" lon="7.7500770">
    <ele>145.1</ele>
   </trkpt>
   <trkpt lat="48.5840600" lon="7.7500250">
    <ele>145.1</ele>
   </trkpt>
   <trkpt lat="48.5840560" lon="7.7500100">
    <ele>145.1</ele>
   </trkpt>
   <trkpt lat="48.5840520" lon="7.7499630">
    <ele>145.1</ele>
   </trkpt>
   <trkpt lat="48.5840540" lon="7.7499500">
    <ele>145.0</ele>
   </trkpt>
   <trkpt lat="48.5840360" lon="7.7499070">
    <ele>145.0</ele>
   </trkpt>
   <trkpt lat="48.5840480" lon="7.7498550">
    <ele>145.0</ele>
   </trkpt>
   <trkpt lat="48.5840670" lon="7.7498370">
    <ele>145.0</ele>
   </trkpt>
   <trkpt lat="48.5840540" lon="7.7497820">
    <ele>145.0</ele>
   </trkpt>
   <trkpt lat="48.5840510" lon="7.7497580">
    <ele>145.0</ele>
   </trkpt>
   <trkpt lat="48.5840450" lon="7.7497180">
    <ele>145.0</ele>
   </trkpt>
   <trkpt lat="48.5840170" lon="7.7497100">
    <ele>145.0</ele>
   </trkpt>
   <trkpt lat="48.5839840" lon="7.7497110">
    <ele>145.1</ele>
   </trkpt>
   <trkpt lat="48.5839390" lon="7.7497220">
    <ele>145.1</ele>
   </trkpt>
   <trkpt lat="48.5839070" lon="7.7497360">
    <ele>145.1</ele>
   </trkpt>
   <trkpt lat="48.5838970" lon="7.7497410">
    <ele>145.1</ele>
   </trkpt>
   <trkpt lat="48.5838700" lon="7.7497580">
    <ele>145.1</ele>
   </trkpt>
   <trkpt lat="48.5838420" lon="7.7497910">
    <ele>145.1</ele>
   </trkpt>
   <trkpt lat="48.5838050" lon="7.7498080">
    <ele>145.2</ele>
   </trkpt>
   <trkpt lat="48.5837800" lon="7.7498400">
    <ele>145.2</ele>
   </trkpt>
   <trkpt lat="48.5837490" lon="7.7498530">
    <ele>145.2</ele>
   </trkpt>
   <trkpt lat="48.5837150" lon="7.7498560">
    <ele>145.2</ele>
   </trkpt>
   <trkpt lat="48.5836800" lon="7.7498660">
    <ele>145.3</ele>
   </trkpt>
   <trkpt lat="48.5836660" lon="7.7498820">
    <ele>145.3</ele>
   </trkpt>
   <trkpt lat="48.5836380" lon="7.7499090">
    <ele>145.3</ele>
   </trkpt>
   <trkpt lat="48.5836090" lon="7.7499180">
    <ele>145.4</ele>
   </trkpt>
   <trkpt lat="48.5835670" lon="7.7499380">
    <ele>145.4</ele>
   </trkpt>
   <trkpt lat="48.5835450" lon="7.7499680">
    <ele>145.5</ele>
   </trkpt>
   <trkpt lat="48.5835280" lon="7.7500170">
    <ele>145.5</ele>
   </trkpt>
   <trkpt lat="48.5834890" lon="7.7500120">
    <ele>145.6</ele>
   </trkpt>
   <trkpt lat="48.5834790" lon="7.7500620">
    <ele>145.6</ele>
   </trkpt>
   <trkpt lat="48.5834760" lon="7.7500920">
    <ele>145.7</ele>
   </trkpt>
   <trkpt lat="48.5834540" lon="7.7501610">
    <ele>145.7</ele>
   </trkpt>
   <trkpt lat="48.5834370" lon="7.7502010">
    <ele>145.8</ele>
   </trkpt>
   <trkpt lat="48.5834250" lon="7.7502410">
    <ele>145.8</ele>
   </trkpt>
   <trkpt lat="48.5833920" lon="7.7502490">
    <ele>145.9</ele>
   </trkpt>
   <trkpt lat="48.5833760" lon="7.7502600">
    <ele>145.9</ele>
   </trkpt>
   <trkpt lat="48.5833620" lon="7.7502570">
    <ele>145.9</ele>
   </trkpt>
   <trkpt lat="48.5833280" lon="7.7502890">
    <ele>146.0</ele>
   </trkpt>
   <trkpt lat="48.5833190" lon="7.7503050">
    <ele>146.0</ele>
   </trkpt>
   <trkpt lat="48.5832830" lon="7.7503330">
    <ele>146.0</ele>
   </trkpt>
   <trkpt lat="48.5832700" lon="7.7503430">
    <ele>146.1</ele>
   </trkpt>
   <trkpt lat="48.5832550" lon="7.7503810">
    <ele>146.1</ele>
   </trkpt>
   <trkpt lat="48.5832450" lon="7.7503960">
    <ele>146.1</ele>
   </trkpt>
   <trkpt lat="48.5831620" lon="7.7504530">
    <ele>146.3</ele>
   </trkpt>
   <trkpt lat="48.5831400" lon="7.7504770">
    <ele>146.3</ele>
   </trkpt>
   <trkpt lat="48.5831340" lon="7.7504940">
    <ele>146.3</ele>
   </trkpt>
   <trkpt lat="48.5831050" lon="7.7504850">
    <ele>146.3</ele>
   </trkpt>
   <trkpt lat="48.5830870" lon="7.7505200">
    <ele>146.3</ele>
   </trkpt>
   <trkpt lat="48.5830710" lon="7.7505230">
    <ele>146.4</ele>
   </trkpt>
   <trkpt lat="48.5830710" lon="7.7505700">
    <ele>146.4</ele>
   </trkpt>
   <trkpt lat="48.5830600" lon="7.7505870">
    <ele>146.4</ele>
   </trkpt>
   <trkpt lat="48.5830270" lon="7.7505710">
    <ele>146.4</ele>
   </trkpt>
   <trkpt lat="48.5829930" lon="7.7506110">
    <ele>146.5</ele>
   </trkpt>
   <trkpt lat="48.5829800" lon="7.7506260">
    <ele>146.5</ele>
   </trkpt>
   <trkpt lat="48.5829450" lon="7.7506350">
    <ele>146.5</ele>
   </trkpt>
   <trkpt lat="48.5829490" lon="7.7506860">
    <ele>146.6</ele>
   </trkpt>
   <trkpt lat="48.5829510" lon="7.7506980">
    <ele>146.6</ele>
   </trkpt>
   <trkpt lat="48.5829300" lon="7.7507830">
    <ele>146.6</ele>
   </trkpt>
   <trkpt lat="48.5829120" lon="7.7508320">
    <ele>146.7</ele>
   </trkpt>
   <trkpt lat="48.5828780" lon="7.7508360">
    <ele>146.7</ele>
   </trkpt>
   <trkpt lat="48.5828670" lon="7.7508530">
    <ele>146.7</ele>
   </trkpt>
   <trkpt lat="48.5828600" lon="7.7509290">
    <ele>146.8</ele>
   </trkpt>
   <trkpt lat="48.5828310" lon="7.7509370">
    <ele>146.8</ele>
   </trkpt>
   <trkpt lat="48.5828150" lon="7.7509820">
    <ele>146.8</ele>
   </trkpt>
   <trkpt lat="48.5827820" lon="7.7509730">
    <ele>146.8</ele>
   </trkpt>
   <trkpt lat="48.5827510" lon="7.7509430">
    <ele>146.9</ele>
   </trkpt>
   <trkpt lat="48.5827310" lon="7.7509730">
    <ele>146.9</ele>
   </trkpt>
   <trkpt lat="48.5827230" lon="7.7509970">
    <ele>146.9</ele>
   </trkpt>
   <trkpt lat="48.5827140" lon="7.7510200">
    <ele>146.9</ele>
   </trkpt>
   <trkpt lat="48.5827440" lon="7.7510830">
    <ele>146.9</ele>
   </trkpt>
   <trkpt lat="48.5827480" lon="7.7511370">
    <ele>146.9</ele>
   </trkpt>
   <trkpt lat="48.5827670" lon="7.7511940">
    <ele>146.9</ele>
   </trkpt>
   <trkpt lat="48.5827710" lon="7.7512350">
    <ele>146.9</ele>
   </trkpt>
   <trkpt lat="48.5827570" lon="7.7512860">
    <ele>146.9</ele>
   </trkpt>
   <trkpt lat="48.5827500" lon="7.7513000">
    <ele>146.9</ele>
   </trkpt>
   <trkpt lat="48.5827510" lon="7.7513490">
    <ele>146.9</ele>
   </trkpt>
   <trkpt lat="48.5827470" lon="7.7513650">
    <ele>146.9</ele>
   </trkpt>
   <trkpt lat="48.5827710" lon="7.7514090">
    <ele>146.9</ele>
   </trkpt>
   <trkpt lat="48.5827990" lon="7.7514520">
    <ele>146.9</ele>
   </trkpt>
   <trkpt lat="48.5828130" lon="7.7514650">
    <ele>146.8</ele>
   </trkpt>
   <trkpt lat="48.5828370" lon="7.7514990">
    <ele>146.8</ele>
   </trkpt>
   <trkpt lat="48.5828770" lon="7.7515290">
    <ele>146.8</ele>
   </trkpt>
   <trkpt lat="48.5828980" lon="7.7515680">
    <ele>146.8</ele>
   </trkpt>
   <trkpt lat="48.5829090" lon="7.7515810">
    <ele>146.8</ele>
   </trkpt>
   <trkpt lat="48.5829450" lon="7.7515940">
    <ele>146.8</ele>
   </trkpt>
   <trkpt lat="48.5829750" lon="7.7516110">
    <ele>146.7</ele>
   </trkpt>
   <trkpt lat="48.5829980" lon="7.7516560">
    <ele>146.7</ele>
   </trkpt>
   <trkpt lat="48.5830060" lon="7.7517010">
    <ele>146.7</ele>
   </trkpt>
   <trkpt lat="48.5830260" lon="7.7517340">
    <ele>146.7</ele>
   </trkpt>
   <trkpt lat="48.5830380" lon="7.7517410">
    <ele>146.6</ele>
   </trkpt>
   <trkpt lat="48.5830580" lon="7.7517730">
    <ele>146.6</ele>
   </trkpt>
   <trkpt lat="48.5830870" lon="7.7517740">
    <ele>146.6</ele>
   </trkpt>
   <trkpt lat="48.5831020" lon="7.7518140">
    <ele>146.5</ele>
   </trkpt>
   <trkpt lat="48.5831150" lon="7.7518340">
    <ele>146.5</ele>
   </trkpt>
   <trkpt lat="48.5831560" lon="7.7518410">
    <ele>146.5</ele>
   </trkpt>
   <trkpt lat="48.5831420" lon="7.7519230">
    <ele>146.4</ele>
   </trkpt>
   <trkpt lat="48.5831880" lon="7.7519250">
    <ele>146.4</ele>
   </trkpt>
   <trkpt lat="48.5832230" lon="7.7519360">
    <ele>146.3</ele>
   </trkpt>
   <trkpt lat="48.5832420" lon="7.7519450">
    <ele>146.3</ele>
   </trkpt>
   <trkpt lat="48.5832470" lon="7.7519910">
    <ele>146.3</ele>
   </trkpt>
   <trkpt lat="48.5832330" lon="7.7520310">
    <ele>146.2</ele>
   </trkpt>
   <trkpt lat="48.5832600" lon="7.7520530">
    <ele>146.2</ele>
   </trkpt>
   <trkpt lat="48.5832820" lon="7.7520900">
    <ele>146.2</ele>
   </trkpt>
   <trkpt lat="48.5832910" lon="7.7521180">
    <ele>146.1</ele>
   </trkpt>
   <trkpt lat="48.5833000" lon="7.7521300">
    <ele>146.1</ele>
   </trkpt>
   <trkpt lat="48.5833080" lon="7.7521410">
    <ele>146.1</ele>
   </trkpt>
   <trkpt lat="48.5833410" lon="7.7521360">
    <ele>146.1</ele>
   </trkpt>
   <trkpt lat="48.5833760" lon="7.7521640">
    <ele>146.0</ele>
   </trkpt>
   <trkpt lat="48.5833880" lon="7.7521770">
    <ele>146.0</ele>
   </trkpt>
   <trkpt lat="48.5834100" lon="7.7522180">
    <ele>146.0</ele>
   </trkpt>
   <trkpt lat="48.5834460" lon="7.7522280">
    <ele>145.9</ele>
   </trkpt>
   <trkpt lat="48.5834560" lon="7.7522320">
    <ele>145.9</ele>
   </trkpt>
   <trkpt lat="48.5834780" lon="7.7522770">
    <ele>145.8</ele>
   </trkpt>
   <trkpt lat="48.5834980" lon="7.7523140">
    <ele>145.8</ele>
   </trkpt>
   <trkpt lat="48.5835070" lon="7.7523280">
    <ele>145.8</ele>
   </trkpt>
   <trkpt lat="48.5835220" lon="7.7523650">
    <ele>145.7</ele>
   </trkpt>
   <trkpt lat="48.5835280" lon="7.7523810">
    <ele>145.7</ele>
   </trkpt>
   <trkpt lat="48.5835560" lon="7.7524270">
    <ele>145.7</ele>
   </trkpt>
   <trkpt lat="48.5835700" lon="7.7524460">
    <ele>145.7</ele>
   </trkpt>
   <trkpt lat="48.5835850" lon="7.7524730">
    <ele>145.6</ele>
   </trkpt>
   <trkpt lat="48.5835890" lon="7.7524890">
    <ele>145.6</ele>
   </trkpt>
   <trkpt lat="48.5836430" lon="7.7524860">
    <ele>145.6</ele>
   </trkpt>
   <trkpt lat="48.5836660" lon="7.7525410">
    <ele>145.5</ele>
   </trkpt>
   <trkpt lat="48.5836930" lon="7.7525780">
    <ele>145.5</ele>
   </trkpt>
   <trkpt lat="48.5837030" lon="7.7526000">
    <ele>145.5</ele>
   </trkpt>
   <trkpt lat="48.5837190" lon="7.7525940">
    <ele>145.5</ele>
   </trkpt>
   <trkpt lat="48.5837070" lon="7.7526490">
    <ele>145.5</ele>
   </trkpt>
   <trkpt lat="48.5837040" lon="7.7527140">
    <ele>145.4</ele>
   </trkpt>
   <trkpt lat="48.5837310" lon="7.7527470">
    <ele>145.4</ele>
   </trkpt>
   <trkpt lat="48.5837530" lon="7.7527420">
    <ele>145.4</ele>
   </trkpt>
   <trkpt lat="48.5837450" lon="7.7528300">
    <ele>145.4</ele>
   </trkpt>
   <trkpt lat="48.5837430" lon="7.7528940">
    <ele>145.4</ele>
   </trkpt>
   <trkpt lat="48.5837260" lon="7.7529390">
    <ele>145.4</ele>
   </trkpt>
   <trkpt lat="48.5837070" lon="7.7530170">
    <ele>145.4</ele>
   </trkpt>
   <trkpt lat="48.5837140" lon="7.7530650">
    <ele>145.4</ele>
   </trkpt>
   <trkpt lat="48.5837100" lon="7.7530850">
    <ele>145.4</ele>
   </trkpt>
   <trkpt lat="48.5836230" lon="7.7531800">
    <ele>145.4</ele>
   </trkpt>
   <trkpt lat="48.5836050" lon="7.7532170">
    <ele>145.4</ele>
   </trkpt>
   <trkpt lat="48.5835810" lon="7.7532750">
    <ele>145.4</ele>
   </trkpt>
   <trkpt lat="48.5835760" lon="7.7533140">
    <ele>145.5</ele>
   </trkpt>
   <trkpt lat="48.5835310" lon="7.7533010">
    <ele>145.5</ele>
   </trkpt>
   <trkpt lat="48.5835160" lon="7.7533020">
    <ele>145.5</ele>
   </trkpt>
   <trkpt lat="48.5834980" lon="7.7532970">
    <ele>145.5</ele>
   </trkpt>
   <trkpt lat="48.5834540" lon="7.7533400">
    <ele>145.5</ele>
   </trkpt>
   <trkpt lat="48.5834240" lon="7.7533510">
    <ele>145.6</ele>
   </trkpt>
   <trkpt lat="48.5834020" lon="7.7533950">
    <ele>145.6</ele>
   </trkpt>
   <trkpt lat="48.5833680" lon="7.7533870">
    <ele>145.6</ele>
   </trkpt>
   <trkpt lat="48.5834010" lon="7.7534280">
    <ele>145.6</ele>
   </trkpt>
   <trkpt lat="48.5833780" lon="7.7534480">
    <ele>145.6</ele>
   </trkpt>
   <trkpt lat="48.5833790" lon="7.7534970">
    <ele>145.6</ele>
   </trkpt>
   <trkpt lat="48.5833710" lon="7.7535370">
    <ele>145.6</ele>
   </trkpt>
   <trkpt lat="48.5833620" lon="7.7535780">
    <ele>145.6</ele>
   </trkpt>
   <trkpt lat="48.5833460" lon="7.7536190">
    <ele>145.6</ele>
   </trkpt>
   <trkpt lat="48.5833040" lon="7.7535830">
    <ele>145.6</ele>
   </trkpt>
   <trkpt lat="48.5832220" lon="7.7535990">
    <ele>145.5</ele>
   </trkpt>
   <trkpt lat="48.5832080" lon="7.7536060">
    <ele>145.5</ele>
   </trkpt>
   <trkpt lat="48.5831360" lon="7.7536760">
    <ele>145.5</ele>
   </trkpt>
   <trkpt lat="48.5830630" lon="7.7535880">
    <ele>145.4</ele>
   </trkpt>
   <trkpt lat="48.5830170" lon="7.7535210">
    <ele>145.4</ele>
   </trkpt>
   <trkpt lat="48.5829790" lon="7.7534670">
    <ele>145.5</ele>
   </trkpt>
   <trkpt lat="48.5829490" lon="7.7534230">
    <ele>145.5</ele>
   </trkpt>
   <trkpt lat="48.5829120" lon="7.7533940">
    <ele>145.6</ele>
   </trkpt>
   <trkpt lat="48.5828980" lon="7.7533780">
    <ele>145.6</ele>
   </trkpt>
   <trkpt lat="48.5828810" lon="7.7533300">
    <ele>145.6</ele>
   </trkpt>
   <trkpt lat="48.5828800" lon="7.7532760">
    <ele>145.7</ele>
   </trkpt>
   <trkpt lat="48.5828900" lon="7.7532160">
    <ele>145.7</ele>
   </trkpt>
   <trkpt lat="48.5829040" lon="7.7531950">
    <ele>145.7</ele>
   </trkpt>
   <trkpt lat="48.5828860" lon="7.7531510">
    <ele>145.8</ele>
   </trkpt>
   <trkpt lat="48.5828750" lon="7.7531120">
    <ele>145.8</ele>
   </trkpt>
   <trkpt lat="48.5828680" lon="7.7530910">
    <ele>145.8</ele>
   </trkpt>
   <trkpt lat="48.5828670" lon="7.7530320">
    <ele>145.8</ele>
   </trkpt>
   <trkpt lat="48.5828430" lon="7.7530090">
    <ele>145.8</ele>
   </trkpt>
   <trkpt lat="48.5828190" lon="7.7529720">
    <ele>145.8</ele>
   </trkpt>
   <trkpt lat="48.5828060" lon="7.7529170">
    <ele>145.8</ele>
   </trkpt>
   <trkpt lat="48.5827930" lon="7.7528870">
    <ele>145.8</ele>
   </trkpt>
   <trkpt lat="48.5827970" lon="7.7528310">
    <ele>145.8</ele>
   </trkpt>
   <trkpt lat="48.5828040" lon="7.7528110">
    <ele>145.8</ele>
   </trkpt>
   <trkpt lat="48.5827970" lon="7.7527700">
    <ele>145.8</ele>
   </trkpt>
   <trkpt lat="48.5827740" lon="7.7527590">
    <ele>145.8</ele>
   </trkpt>
   <trkpt lat="48.5827500" lon="7.7527470">
    <ele>145.8</ele>
   </trkpt>
   <trkpt lat="48.5827220" lon="7.7527110">
    <ele>145.8</ele>
   </trkpt>
   <trkpt lat="48.5827370" lon="7.7526520">
    <ele>145.9</ele>
   </trkpt>
   <trkpt lat="48.5827500" lon="7.7526270">
    <ele>145.9</ele>
   </trkpt>
   <trkpt lat="48.5827260" lon="7.7525800">
    <ele>145.9</ele>
   </trkpt>
   <trkpt lat="48.5827190" lon="7.7525630">
    <ele>145.9</ele>
   </trkpt>
   <trkpt lat="48.5826970" lon="7.7525110">
    <ele>145.9</ele>
   </trkpt>
   <trkpt lat="48.5826730" lon="7.7524550">
    <ele>145.9</ele>
   </trkpt>
   <trkpt lat="48.5826630" lon="7.7524320">
    <ele>145.9</ele>
   </trkpt>
   <trkpt lat="48.5826420" lon="7.7523760">
    <ele>145.9</ele>
   </trkpt>
   <trkpt lat="48.5826330" lon="7.7523560">
    <ele>146.0</ele>
   </trkpt>
   <trkpt lat="48.5826160" lon="7.7523170">
    <ele>146.0</ele>
   </trkpt>
   <trkpt lat="48.5826110" lon="7.7523070">
    <ele>146.0</ele>
   </trkpt>
   <trkpt lat="48.5826130" lon="7.7522620">
    <ele>146.0</ele>
   </trkpt>
   <trkpt lat="48.5826280" lon="7.7522270">
    <ele>146.0</ele>
   </trkpt>
   <trkpt lat="48.5825620" lon="7.7522290">
    <ele>146.1</ele>
   </trkpt>
   <trkpt lat="48.5825470" lon="7.7521810">
    <ele>146.1</ele>
   </trkpt>
   <trkpt lat="48.5825390" lon="7.7521620">
    <ele>146.2</ele>
   </trkpt>
   <trkpt lat="48.5825190" lon="7.7521220">
    <ele>146.2</ele>
   </trkpt>
   <trkpt lat="48.5825170" lon="7.7521040">
    <ele>146.2</ele>
   </trkpt>
   <trkpt lat="48.5824860" lon="7.7520600">
    <ele>146.3</ele>
   </trkpt>
   <trkpt lat="48.5824650" lon="7.7520160">
    <ele>146.3</ele>
   </trkpt>
   <trkpt lat="48.5824410" lon="7.7519840">
    <ele>146.4</ele>
   </trkpt>
   <trkpt lat="48.5824340" lon="7.7519190">
    <ele>146.4</ele>
   </trkpt>
   <trkpt lat="48.5824330" lon="7.7518890">
    <ele>146.5</ele>
   </trkpt>
   <trkpt lat="48.5824150" lon="7.7518370">
    <ele>146.5</ele>
   </trkpt>
   <trkpt lat="48.5824010" lon="7.7518160">
    <ele>146.5</ele>
   </trkpt>
   <trkpt lat="48.5823800" lon="7.7517780">
    <ele>146.6</ele>
   </trkpt>
   <trkpt lat="48.5823680" lon="7.7517670">
    <ele>146.6</ele>
   </trkpt>
   <trkpt lat="48.5823460" lon="7.7517220">
    <ele>146.7</ele>
   </trkpt>
   <trkpt lat="48.5823350" lon="7.7516820">
    <ele>146.7</ele>
   </trkpt>
   <trkpt lat="48.5823220" lon="7.7516270">
    <ele>146.8</ele>
   </trkpt>
   <trkpt lat="48.5823190" lon="7.7516040">
    <ele>146.8</ele>
   </trkpt>
   <trkpt lat="48.5823080" lon="7.7515550">
    <ele>146.9</ele>
   </trkpt>
   <trkpt lat="48.5823040" lon="7.7515390">
    <ele>146.9</ele>
   </trkpt>
   <trkpt lat="48.5822750" lon="7.7515180">
    <ele>146.9</ele>
   </trkpt>
   <trkpt lat="48.5823000" lon="7.7514370">
    <ele>147.0</ele>
   </trkpt>
   <trkpt lat="48.5823290" lon="7.7513740">
    <ele>147.1</ele>
   </trkpt>
   <trkpt lat="48.5823590" lon="7.7513190">
    <ele>147.1</ele>
   </trkpt>
   <trkpt lat="48.5823650" lon="7.7512560">
    <ele>147.1</ele>
   </trkpt>
   <trkpt lat="48.5823750" lon="7.7512090">
    <ele>147.2</ele>
   </trkpt>
   <trkpt lat="48.5823750" lon="7.7511830">
    <ele>147.2</ele>
   </trkpt>
   <trkpt lat="48.5823670" lon="7.7511320">
    <ele>147.2</ele>
   </trkpt>
   <trkpt lat="48.5823670" lon="7.7511180">
    <ele>147.2</ele>
   </trkpt>
   <trkpt lat="48.5823360" lon="7.7510850">
    <ele>147.3</ele>
   </trkpt>
   <trkpt lat="48.5823080" lon="7.7510390">
    <ele>147.3</ele>
   </trkpt>
   <trkpt lat="48.5822900" lon="7.7510280">
    <ele>147.3</ele>
   </trkpt>
   <trkpt lat="48.5822620" lon="7.7510010">
    <ele>147.3</ele>
   </trkpt>
   <trkpt lat="48.5822360" lon="7.7509490">
    <ele>147.4</ele>
   </trkpt>
   <trkpt lat="48.5822280" lon="7.7509270">
    <ele>147.4</ele>
   </trkpt>
   <trkpt lat="48.5822100" lon="7.7508910">
    <ele>147.4</ele>
   </trkpt>
   <trkpt lat="48.5822000" lon="7.7508370">
    <ele>147.4</ele>
   </trkpt>
   <trkpt lat="48.5821940" lon="7.7508210">
    <ele>147.4</ele>
   </trkpt>
   <trkpt lat="48.5821750" lon="7.7507830">
    <ele>147.5</ele>
   </trkpt>
   <trkpt lat="48.5821600" lon="7.7507370">
    <ele>147.5</ele>
   </trkpt>
   <trkpt lat="48.5821560" lon="7.7507240">
    <ele>147.5</ele>
   </trkpt>
   <trkpt lat="48.5821440" lon="7.7506750">
    <ele>147.5</ele>
   </trkpt>
   <trkpt lat="48.5821400" lon="7.7506550">
    <ele>147.5</ele>
   </trkpt>
   <trkpt lat="48.5821490" lon="7.7505900">
    <ele>147.6</ele>
   </trkpt>
   <trkpt lat="48.5821630" lon="7.7505630">
    <ele>147.6</ele>
   </trkpt>
   <trkpt lat="48.5821550" lon="7.7505180">
    <ele>147.6</ele>
   </trkpt>
   <trkpt lat="48.5821390" lon="7.7504580">
    <ele>147.6</ele>
   </trkpt>
   <trkpt lat="48.5821260" lon="7.7504090">
    <ele>147.7</ele>
   </trkpt>
   <trkpt lat="48.5820940" lon="7.7503800">
    <ele>147.7</ele>
   </trkpt>
   <trkpt lat="48.5820650" lon="7.7503430">
    <ele>147.7</ele>
   </trkpt>
   <trkpt lat="48.5820280" lon="7.7503250">
    <ele>147.8</ele>
   </trkpt>
   <trkpt lat="48.5819410" lon="7.7503400">
    <ele>147.8</ele>
   </trkpt>
   <trkpt lat="48.5819120" lon="7.7502960">
    <ele>147.8</ele>
   </trkpt>
   <trkpt lat="48.5818990" lon="7.7502800">
    <ele>147.8</ele>
   </trkpt>
   <trkpt lat="48.5818930" lon="7.7502400">
    <ele>147.8</ele>
   </trkpt>
   <trkpt lat="48.5818910" lon="7.7501800">
    <ele>147.9</ele>
   </trkpt>
   <trkpt lat="48.5818860" lon="7.7501330">
    <ele>147.9</ele>
   </trkpt>
   <trkpt lat="48.5818890" lon="7.7500430">
    <ele>147.9</ele>
   </trkpt>
   <trkpt lat="48.5818340" lon="7.7500540">
    <ele>147.9</ele>
   </trkpt>
   <trkpt lat="48.5817920" lon="7.7500310">
    <ele>147.9</ele>
   </trkpt>
   <trkpt lat="48.5817500" lon="7.7500240">
    <ele>147.8</ele>
   </trkpt>
   <trkpt lat="48.5817310" lon="7.7500240">
    <ele>147.8</ele>
   </trkpt>
   <trkpt lat="48.5816930" lon="7.7500450">
    <ele>147.7</ele>
   </trkpt>
   <trkpt lat="48.5816640" lon="7.7500580">
    <ele>147.7</ele>
   </trkpt>
   <trkpt lat="48.5816360" lon="7.7500780">
    <ele>147.7</ele>
   </trkpt>
   <trkpt lat="48.5816040" lon="7.7500790">
    <ele>147.6</ele>
   </trkpt>
   <trkpt lat="48.5815780" lon="7.7501420">
    <ele>147.6</ele>
   </trkpt>
   <trkpt lat="48.5815390" lon="7.7501410">
    <ele>147.6</ele>
   </trkpt>
   <trkpt lat="48.5815240" lon="7.7501290">
    <ele>147.6</ele>
   </trkpt>
   <trkpt lat="48.5814910" lon="7.7501290">
    <ele>147.5</ele>
   </trkpt>
   <trkpt lat="48.5814630" lon="7.7501110">
    <ele>147.5</ele>
   </trkpt>
   <trkpt lat="48.5814370" lon="7.7500890">
    <ele>147.5</ele>
   </trkpt>
   <trkpt lat="48.5814090" lon="7.7500580">
    <ele>147.5</ele>
   </trkpt>
   <trkpt lat="48.5813830" lon="7.7499770">
    <ele>147.4</ele>
   </trkpt>
   <trkpt lat="48.5813650" lon="7.7499390">
    <ele>147.3</ele>
   </trkpt>
   <trkpt lat="48.5813400" lon="7.7499070">
    <ele>147.3</ele>
   </trkpt>
   <trkpt lat="48.5813260" lon="7.7498610">
    <ele>147.2</ele>
   </trkpt>
   <trkpt lat="48.5813160" lon="7.7498130">
    <ele>147.1</ele>
   </trkpt>
   <trkpt lat="48.5813050" lon="7.7497700">
    <ele>147.0</ele>
   </trkpt>
   <trkpt lat="48.5812900" lon="7.7497300">
    <ele>146.9</ele>
   </trkpt>
   <trkpt lat="48.5812710" lon="7.7496840">
    <ele>146.8</ele>
   </trkpt>
   <trkpt lat="48.5812510" lon="7.7496350">
    <ele>146.8</ele>
   </trkpt>
   <trkpt lat="48.5812440" lon="7.7495840">
    <ele>146.7</ele>
   </trkpt>
   <trkpt lat="48.5812240" lon="7.7495440">
    <ele>146.6</ele>
   </trkpt>
   <trkpt lat="48.5812480" lon="7.7494790">
    <ele>146.5</ele>
   </trkpt>
   <trkpt lat="48.5812430" lon="7.7494310">
    <ele>146.4</ele>
   </trkpt>
   <trkpt lat="48.5812310" lon="7.7493820">
    <ele>146.3</ele>
   </trkpt>
   <trkpt lat="48.5812220" lon="7.7493270">
    <ele>146.2</ele>
   </trkpt>
   <trkpt lat="48.5812190" lon="7.7493040">
    <ele>146.1</ele>
   </trkpt>
   <trkpt lat="48.5812110" lon="7.7492590">
    <ele>146.0</ele>
   </trkpt>
   <trkpt lat="48.5812030" lon="7.7492070">
    <ele>145.9</ele>
   </trkpt>
   <trkpt lat="48.5811840" lon="7.7491690">
    <ele>145.8</ele>
   </trkpt>
   <trkpt lat="48.5811740" lon="7.7491530">
    <ele>145.8</ele>
   </trkpt>
   <trkpt lat="48.5811650" lon="7.7491100">
    <ele>145.7</ele>
   </trkpt>
   <trkpt lat="48.5811650" lon="7.7490930">
    <ele>145.7</ele>
   </trkpt>
   <trkpt lat="48.5811690" lon="7.7490680">
    <ele>145.6</ele>
   </trkpt>
   <trkpt lat="48.5811690" lon="7.7490430">
    <ele>145.5</ele>
   </trkpt>
   <trkpt lat="48.5811790" lon="7.7490000">
    <ele>145.6</ele>
   </trkpt>
  </trkseg>
 </trk>
</gpx>
