<?xml version="1.0" encoding="UTF-8" ?>
<gpx version="1.1" xmlns:xsi="http://www.w3.org/2001/XMLSchema-instance" 
    xmlns="http://www.topografix.com/GPX/1/1" 
    xsi:schemaLocation="http://www.topografix.com/GPX/1/1 http://www.topografix.com/GPX/1/1/gpx.xsd" 
    creator="Openrunner - https://www.openrunner.com" >	<trk>
						<name>ASTL24_SaintéLyon_82km VF-20254645</name>
						<trkseg>
					<trkpt lat="45.450230" lon="4.398340">
						<ele>493</ele>
</trkpt>
					<trkpt lat="45.453450" lon="4.399060">
						<ele>495</ele>
</trkpt>
					<trkpt lat="45.457500" lon="4.404960">
						<ele>492</ele>
</trkpt>
					<trkpt lat="45.457670" lon="4.405640">
						<ele>493</ele>
</trkpt>
					<trkpt lat="45.457470" lon="4.405900">
						<ele>494</ele>
</trkpt>
					<trkpt lat="45.453520" lon="4.410160">
						<ele>490</ele>
</trkpt>
					<trkpt lat="45.453660" lon="4.410590">
						<ele>490</ele>
</trkpt>
					<trkpt lat="45.455330" lon="4.413060">
						<ele>500</ele>
</trkpt>
					<trkpt lat="45.455340" lon="4.413050">
						<ele>500</ele>
</trkpt>
					<trkpt lat="45.455320" lon="4.413000">
						<ele>500</ele>
</trkpt>
					<trkpt lat="45.455300" lon="4.413200">
						<ele>501</ele>
</trkpt>
					<trkpt lat="45.455240" lon="4.413310">
						<ele>501</ele>
</trkpt>
					<trkpt lat="45.454850" lon="4.413410">
						<ele>501</ele>
</trkpt>
					<trkpt lat="45.454760" lon="4.413480">
						<ele>501</ele>
</trkpt>
					<trkpt lat="45.454630" lon="4.413600">
						<ele>501</ele>
</trkpt>
					<trkpt lat="45.452250" lon="4.417440">
						<ele>509</ele>
</trkpt>
					<trkpt lat="45.452260" lon="4.417410">
						<ele>509</ele>
</trkpt>
					<trkpt lat="45.452450" lon="4.418110">
						<ele>511</ele>
</trkpt>
					<trkpt lat="45.452880" lon="4.418980">
						<ele>514</ele>
</trkpt>
					<trkpt lat="45.453040" lon="4.419160">
						<ele>514</ele>
</trkpt>
					<trkpt lat="45.453620" lon="4.419480">
						<ele>513</ele>
</trkpt>
					<trkpt lat="45.453790" lon="4.419670">
						<ele>513</ele>
</trkpt>
					<trkpt lat="45.454440" lon="4.420630">
						<ele>517</ele>
</trkpt>
					<trkpt lat="45.455260" lon="4.422140">
						<ele>521</ele>
</trkpt>
					<trkpt lat="45.455510" lon="4.422560">
						<ele>520</ele>
</trkpt>
					<trkpt lat="45.455610" lon="4.422810">
						<ele>520</ele>
</trkpt>
					<trkpt lat="45.455740" lon="4.423710">
						<ele>523</ele>
</trkpt>
					<trkpt lat="45.455840" lon="4.423970">
						<ele>523</ele>
</trkpt>
					<trkpt lat="45.456390" lon="4.425020">
						<ele>528</ele>
</trkpt>
					<trkpt lat="45.456700" lon="4.425560">
						<ele>532</ele>
</trkpt>
					<trkpt lat="45.456810" lon="4.425630">
						<ele>532</ele>
</trkpt>
					<trkpt lat="45.457130" lon="4.425870">
						<ele>532</ele>
</trkpt>
					<trkpt lat="45.457300" lon="4.425970">
						<ele>532</ele>
</trkpt>
					<trkpt lat="45.457790" lon="4.425980">
						<ele>530</ele>
</trkpt>
					<trkpt lat="45.457990" lon="4.426050">
						<ele>530</ele>
</trkpt>
					<trkpt lat="45.458150" lon="4.426170">
						<ele>531</ele>
</trkpt>
					<trkpt lat="45.458730" lon="4.427100">
						<ele>538</ele>
</trkpt>
					<trkpt lat="45.458850" lon="4.427480">
						<ele>540</ele>
</trkpt>
					<trkpt lat="45.458890" lon="4.427830">
						<ele>539</ele>
</trkpt>
					<trkpt lat="45.458940" lon="4.428610">
						<ele>540</ele>
</trkpt>
					<trkpt lat="45.459130" lon="4.429160">
						<ele>543</ele>
</trkpt>
					<trkpt lat="45.459140" lon="4.429240">
						<ele>544</ele>
</trkpt>
					<trkpt lat="45.459140" lon="4.429340">
						<ele>545</ele>
</trkpt>
					<trkpt lat="45.459030" lon="4.429670">
						<ele>549</ele>
</trkpt>
					<trkpt lat="45.459000" lon="4.429830">
						<ele>551</ele>
</trkpt>
					<trkpt lat="45.458900" lon="4.430920">
						<ele>550</ele>
</trkpt>
					<trkpt lat="45.458910" lon="4.431320">
						<ele>550</ele>
</trkpt>
					<trkpt lat="45.458990" lon="4.431930">
						<ele>553</ele>
</trkpt>
					<trkpt lat="45.459230" lon="4.432680">
						<ele>558</ele>
</trkpt>
					<trkpt lat="45.459260" lon="4.432810">
						<ele>559</ele>
</trkpt>
					<trkpt lat="45.459270" lon="4.433050">
						<ele>561</ele>
</trkpt>
					<trkpt lat="45.459220" lon="4.433730">
						<ele>564</ele>
</trkpt>
					<trkpt lat="45.459260" lon="4.434070">
						<ele>564</ele>
</trkpt>
					<trkpt lat="45.459320" lon="4.434330">
						<ele>565</ele>
</trkpt>
					<trkpt lat="45.459460" lon="4.434660">
						<ele>566</ele>
</trkpt>
					<trkpt lat="45.459620" lon="4.435200">
						<ele>566</ele>
</trkpt>
					<trkpt lat="45.460500" lon="4.436920">
						<ele>576</ele>
</trkpt>
					<trkpt lat="45.460640" lon="4.437020">
						<ele>577</ele>
</trkpt>
					<trkpt lat="45.460630" lon="4.437190">
						<ele>578</ele>
</trkpt>
					<trkpt lat="45.460590" lon="4.437390">
						<ele>579</ele>
</trkpt>
					<trkpt lat="45.460380" lon="4.437990">
						<ele>583</ele>
</trkpt>
					<trkpt lat="45.460370" lon="4.438480">
						<ele>586</ele>
</trkpt>
					<trkpt lat="45.460430" lon="4.440130">
						<ele>598</ele>
</trkpt>
					<trkpt lat="45.460630" lon="4.441180">
						<ele>602</ele>
</trkpt>
					<trkpt lat="45.460810" lon="4.441870">
						<ele>607</ele>
</trkpt>
					<trkpt lat="45.460830" lon="4.442010">
						<ele>608</ele>
</trkpt>
					<trkpt lat="45.460850" lon="4.442590">
						<ele>613</ele>
</trkpt>
					<trkpt lat="45.460880" lon="4.443010">
						<ele>616</ele>
</trkpt>
					<trkpt lat="45.460960" lon="4.443320">
						<ele>619</ele>
</trkpt>
					<trkpt lat="45.461080" lon="4.443740">
						<ele>621</ele>
</trkpt>
					<trkpt lat="45.461660" lon="4.445350">
						<ele>628</ele>
</trkpt>
					<trkpt lat="45.461910" lon="4.445940">
						<ele>628</ele>
</trkpt>
					<trkpt lat="45.462220" lon="4.446100">
						<ele>629</ele>
</trkpt>
					<trkpt lat="45.462790" lon="4.446230">
						<ele>630</ele>
</trkpt>
					<trkpt lat="45.463560" lon="4.446340">
						<ele>629</ele>
</trkpt>
					<trkpt lat="45.464300" lon="4.446510">
						<ele>626</ele>
</trkpt>
					<trkpt lat="45.464550" lon="4.446600">
						<ele>623</ele>
</trkpt>
					<trkpt lat="45.464810" lon="4.446850">
						<ele>620</ele>
</trkpt>
					<trkpt lat="45.465060" lon="4.447390">
						<ele>621</ele>
</trkpt>
					<trkpt lat="45.465470" lon="4.447990">
						<ele>618</ele>
</trkpt>
					<trkpt lat="45.465840" lon="4.448850">
						<ele>620</ele>
</trkpt>
					<trkpt lat="45.466070" lon="4.449270">
						<ele>619</ele>
</trkpt>
					<trkpt lat="45.466460" lon="4.449740">
						<ele>619</ele>
</trkpt>
					<trkpt lat="45.466840" lon="4.450140">
						<ele>617</ele>
</trkpt>
					<trkpt lat="45.467150" lon="4.450660">
						<ele>613</ele>
</trkpt>
					<trkpt lat="45.467240" lon="4.450970">
						<ele>612</ele>
</trkpt>
					<trkpt lat="45.467370" lon="4.451670">
						<ele>607</ele>
</trkpt>
					<trkpt lat="45.467540" lon="4.452050">
						<ele>603</ele>
</trkpt>
					<trkpt lat="45.467590" lon="4.452090">
						<ele>602</ele>
</trkpt>
					<trkpt lat="45.467720" lon="4.452540">
						<ele>599</ele>
</trkpt>
					<trkpt lat="45.467900" lon="4.452860">
						<ele>597</ele>
</trkpt>
					<trkpt lat="45.468520" lon="4.453740">
						<ele>594</ele>
</trkpt>
					<trkpt lat="45.469530" lon="4.454690">
						<ele>594</ele>
</trkpt>
					<trkpt lat="45.469830" lon="4.455170">
						<ele>594</ele>
</trkpt>
					<trkpt lat="45.470160" lon="4.455490">
						<ele>593</ele>
</trkpt>
					<trkpt lat="45.470660" lon="4.456190">
						<ele>590</ele>
</trkpt>
					<trkpt lat="45.471170" lon="4.456680">
						<ele>587</ele>
</trkpt>
					<trkpt lat="45.472720" lon="4.457600">
						<ele>584</ele>
</trkpt>
					<trkpt lat="45.473020" lon="4.457720">
						<ele>583</ele>
</trkpt>
					<trkpt lat="45.473170" lon="4.457730">
						<ele>582</ele>
</trkpt>
					<trkpt lat="45.473350" lon="4.457720">
						<ele>582</ele>
</trkpt>
					<trkpt lat="45.473990" lon="4.457590">
						<ele>580</ele>
</trkpt>
					<trkpt lat="45.474320" lon="4.457410">
						<ele>578</ele>
</trkpt>
					<trkpt lat="45.474590" lon="4.457090">
						<ele>575</ele>
</trkpt>
					<trkpt lat="45.476230" lon="4.455800">
						<ele>562</ele>
</trkpt>
					<trkpt lat="45.476940" lon="4.455050">
						<ele>552</ele>
</trkpt>
					<trkpt lat="45.477030" lon="4.454980">
						<ele>550</ele>
</trkpt>
					<trkpt lat="45.477340" lon="4.454850">
						<ele>544</ele>
</trkpt>
					<trkpt lat="45.477450" lon="4.454760">
						<ele>542</ele>
</trkpt>
					<trkpt lat="45.477500" lon="4.454680">
						<ele>541</ele>
</trkpt>
					<trkpt lat="45.477560" lon="4.454420">
						<ele>539</ele>
</trkpt>
					<trkpt lat="45.478240" lon="4.453900">
						<ele>526</ele>
</trkpt>
					<trkpt lat="45.478460" lon="4.453850">
						<ele>523</ele>
</trkpt>
					<trkpt lat="45.478600" lon="4.453930">
						<ele>521</ele>
</trkpt>
					<trkpt lat="45.478730" lon="4.453500">
						<ele>519</ele>
</trkpt>
					<trkpt lat="45.478790" lon="4.453050">
						<ele>518</ele>
</trkpt>
					<trkpt lat="45.478960" lon="4.452840">
						<ele>515</ele>
</trkpt>
					<trkpt lat="45.479270" lon="4.452520">
						<ele>513</ele>
</trkpt>
					<trkpt lat="45.479650" lon="4.452350">
						<ele>511</ele>
</trkpt>
					<trkpt lat="45.479610" lon="4.452280">
						<ele>511</ele>
</trkpt>
					<trkpt lat="45.479870" lon="4.452420">
						<ele>510</ele>
</trkpt>
					<trkpt lat="45.479920" lon="4.452380">
						<ele>510</ele>
</trkpt>
					<trkpt lat="45.479980" lon="4.452350">
						<ele>510</ele>
</trkpt>
					<trkpt lat="45.480050" lon="4.452370">
						<ele>510</ele>
</trkpt>
					<trkpt lat="45.480260" lon="4.452140">
						<ele>510</ele>
</trkpt>
					<trkpt lat="45.480360" lon="4.451920">
						<ele>509</ele>
</trkpt>
					<trkpt lat="45.480430" lon="4.451700">
						<ele>510</ele>
</trkpt>
					<trkpt lat="45.480530" lon="4.451740">
						<ele>510</ele>
</trkpt>
					<trkpt lat="45.481090" lon="4.451620">
						<ele>511</ele>
</trkpt>
					<trkpt lat="45.481310" lon="4.451550">
						<ele>511</ele>
</trkpt>
					<trkpt lat="45.481390" lon="4.451480">
						<ele>511</ele>
</trkpt>
					<trkpt lat="45.481470" lon="4.451370">
						<ele>511</ele>
</trkpt>
					<trkpt lat="45.481510" lon="4.451250">
						<ele>511</ele>
</trkpt>
					<trkpt lat="45.481630" lon="4.450770">
						<ele>511</ele>
</trkpt>
					<trkpt lat="45.481720" lon="4.450580">
						<ele>511</ele>
</trkpt>
					<trkpt lat="45.482270" lon="4.449930">
						<ele>514</ele>
</trkpt>
					<trkpt lat="45.482490" lon="4.450780">
						<ele>517</ele>
</trkpt>
					<trkpt lat="45.482690" lon="4.451930">
						<ele>518</ele>
</trkpt>
					<trkpt lat="45.482740" lon="4.452140">
						<ele>517</ele>
</trkpt>
					<trkpt lat="45.482810" lon="4.452250">
						<ele>517</ele>
</trkpt>
					<trkpt lat="45.482900" lon="4.452330">
						<ele>517</ele>
</trkpt>
					<trkpt lat="45.483000" lon="4.452380">
						<ele>517</ele>
</trkpt>
					<trkpt lat="45.483870" lon="4.452390">
						<ele>523</ele>
</trkpt>
					<trkpt lat="45.483970" lon="4.452420">
						<ele>524</ele>
</trkpt>
					<trkpt lat="45.484210" lon="4.452590">
						<ele>525</ele>
</trkpt>
					<trkpt lat="45.484340" lon="4.452640">
						<ele>525</ele>
</trkpt>
					<trkpt lat="45.484490" lon="4.452630">
						<ele>525</ele>
</trkpt>
					<trkpt lat="45.485200" lon="4.452200">
						<ele>530</ele>
</trkpt>
					<trkpt lat="45.485260" lon="4.452270">
						<ele>531</ele>
</trkpt>
					<trkpt lat="45.485240" lon="4.452390">
						<ele>530</ele>
</trkpt>
					<trkpt lat="45.485340" lon="4.452730">
						<ele>529</ele>
</trkpt>
					<trkpt lat="45.485510" lon="4.453220">
						<ele>526</ele>
</trkpt>
					<trkpt lat="45.485510" lon="4.453310">
						<ele>525</ele>
</trkpt>
					<trkpt lat="45.485400" lon="4.453610">
						<ele>520</ele>
</trkpt>
					<trkpt lat="45.485400" lon="4.453690">
						<ele>519</ele>
</trkpt>
					<trkpt lat="45.485420" lon="4.453750">
						<ele>518</ele>
</trkpt>
					<trkpt lat="45.485480" lon="4.453760">
						<ele>518</ele>
</trkpt>
					<trkpt lat="45.485760" lon="4.453670">
						<ele>520</ele>
</trkpt>
					<trkpt lat="45.485950" lon="4.453670">
						<ele>519</ele>
</trkpt>
					<trkpt lat="45.486450" lon="4.453760">
						<ele>515</ele>
</trkpt>
					<trkpt lat="45.486820" lon="4.453880">
						<ele>510</ele>
</trkpt>
					<trkpt lat="45.487070" lon="4.454010">
						<ele>506</ele>
</trkpt>
					<trkpt lat="45.487580" lon="4.454490">
						<ele>496</ele>
</trkpt>
					<trkpt lat="45.487640" lon="4.454720">
						<ele>492</ele>
</trkpt>
					<trkpt lat="45.487870" lon="4.455150">
						<ele>487</ele>
</trkpt>
					<trkpt lat="45.487750" lon="4.455190">
						<ele>485</ele>
</trkpt>
					<trkpt lat="45.487590" lon="4.455180">
						<ele>484</ele>
</trkpt>
					<trkpt lat="45.487570" lon="4.455350">
						<ele>481</ele>
</trkpt>
					<trkpt lat="45.487600" lon="4.455660">
						<ele>477</ele>
</trkpt>
					<trkpt lat="45.487730" lon="4.456130">
						<ele>472</ele>
</trkpt>
					<trkpt lat="45.487860" lon="4.456340">
						<ele>471</ele>
</trkpt>
					<trkpt lat="45.488260" lon="4.456790">
						<ele>472</ele>
</trkpt>
					<trkpt lat="45.489670" lon="4.457670">
						<ele>487</ele>
</trkpt>
					<trkpt lat="45.489830" lon="4.457820">
						<ele>487</ele>
</trkpt>
					<trkpt lat="45.490300" lon="4.458590">
						<ele>484</ele>
</trkpt>
					<trkpt lat="45.490390" lon="4.458910">
						<ele>482</ele>
</trkpt>
					<trkpt lat="45.490460" lon="4.459740">
						<ele>480</ele>
</trkpt>
					<trkpt lat="45.490480" lon="4.459880">
						<ele>480</ele>
</trkpt>
					<trkpt lat="45.490580" lon="4.460020">
						<ele>478</ele>
</trkpt>
					<trkpt lat="45.490790" lon="4.460110">
						<ele>475</ele>
</trkpt>
					<trkpt lat="45.491380" lon="4.460170">
						<ele>476</ele>
</trkpt>
					<trkpt lat="45.491580" lon="4.460230">
						<ele>477</ele>
</trkpt>
					<trkpt lat="45.491670" lon="4.460190">
						<ele>476</ele>
</trkpt>
					<trkpt lat="45.491710" lon="4.460460">
						<ele>479</ele>
</trkpt>
					<trkpt lat="45.491780" lon="4.460660">
						<ele>481</ele>
</trkpt>
					<trkpt lat="45.491980" lon="4.460870">
						<ele>484</ele>
</trkpt>
					<trkpt lat="45.492220" lon="4.460940">
						<ele>487</ele>
</trkpt>
					<trkpt lat="45.492400" lon="4.461080">
						<ele>489</ele>
</trkpt>
					<trkpt lat="45.492500" lon="4.461290">
						<ele>490</ele>
</trkpt>
					<trkpt lat="45.492710" lon="4.461500">
						<ele>497</ele>
</trkpt>
					<trkpt lat="45.492770" lon="4.461680">
						<ele>499</ele>
</trkpt>
					<trkpt lat="45.492890" lon="4.461850">
						<ele>504</ele>
</trkpt>
					<trkpt lat="45.493040" lon="4.461880">
						<ele>508</ele>
</trkpt>
					<trkpt lat="45.493090" lon="4.461750">
						<ele>508</ele>
</trkpt>
					<trkpt lat="45.493060" lon="4.461220">
						<ele>505</ele>
</trkpt>
					<trkpt lat="45.493090" lon="4.461020">
						<ele>505</ele>
</trkpt>
					<trkpt lat="45.493190" lon="4.460880">
						<ele>507</ele>
</trkpt>
					<trkpt lat="45.493440" lon="4.460610">
						<ele>512</ele>
</trkpt>
					<trkpt lat="45.493880" lon="4.460380">
						<ele>521</ele>
</trkpt>
					<trkpt lat="45.494100" lon="4.460330">
						<ele>526</ele>
</trkpt>
					<trkpt lat="45.494230" lon="4.460330">
						<ele>528</ele>
</trkpt>
					<trkpt lat="45.494380" lon="4.460390">
						<ele>529</ele>
</trkpt>
					<trkpt lat="45.494410" lon="4.460490">
						<ele>530</ele>
</trkpt>
					<trkpt lat="45.494250" lon="4.460940">
						<ele>534</ele>
</trkpt>
					<trkpt lat="45.494200" lon="4.461260">
						<ele>536</ele>
</trkpt>
					<trkpt lat="45.494110" lon="4.461500">
						<ele>536</ele>
</trkpt>
					<trkpt lat="45.494050" lon="4.461760">
						<ele>536</ele>
</trkpt>
					<trkpt lat="45.494050" lon="4.462110">
						<ele>538</ele>
</trkpt>
					<trkpt lat="45.494140" lon="4.462510">
						<ele>543</ele>
</trkpt>
					<trkpt lat="45.494220" lon="4.462720">
						<ele>545</ele>
</trkpt>
					<trkpt lat="45.494480" lon="4.463290">
						<ele>551</ele>
</trkpt>
					<trkpt lat="45.494810" lon="4.463940">
						<ele>561</ele>
</trkpt>
					<trkpt lat="45.494770" lon="4.464220">
						<ele>562</ele>
</trkpt>
					<trkpt lat="45.494780" lon="4.464470">
						<ele>565</ele>
</trkpt>
					<trkpt lat="45.494890" lon="4.465000">
						<ele>574</ele>
</trkpt>
					<trkpt lat="45.494930" lon="4.465070">
						<ele>575</ele>
</trkpt>
					<trkpt lat="45.495040" lon="4.465180">
						<ele>578</ele>
</trkpt>
					<trkpt lat="45.495320" lon="4.465390">
						<ele>582</ele>
</trkpt>
					<trkpt lat="45.495510" lon="4.465440">
						<ele>583</ele>
</trkpt>
					<trkpt lat="45.495870" lon="4.465460">
						<ele>586</ele>
</trkpt>
					<trkpt lat="45.496120" lon="4.465510">
						<ele>589</ele>
</trkpt>
					<trkpt lat="45.496420" lon="4.465700">
						<ele>593</ele>
</trkpt>
					<trkpt lat="45.496160" lon="4.466200">
						<ele>597</ele>
</trkpt>
					<trkpt lat="45.496050" lon="4.466310">
						<ele>597</ele>
</trkpt>
					<trkpt lat="45.496080" lon="4.466350">
						<ele>598</ele>
</trkpt>
					<trkpt lat="45.496110" lon="4.466360">
						<ele>598</ele>
</trkpt>
					<trkpt lat="45.496370" lon="4.466330">
						<ele>600</ele>
</trkpt>
					<trkpt lat="45.496500" lon="4.466350">
						<ele>601</ele>
</trkpt>
					<trkpt lat="45.496860" lon="4.466590">
						<ele>605</ele>
</trkpt>
					<trkpt lat="45.497630" lon="4.467060">
						<ele>613</ele>
</trkpt>
					<trkpt lat="45.498170" lon="4.467430">
						<ele>616</ele>
</trkpt>
					<trkpt lat="45.498420" lon="4.467640">
						<ele>617</ele>
</trkpt>
					<trkpt lat="45.498690" lon="4.467880">
						<ele>618</ele>
</trkpt>
					<trkpt lat="45.499090" lon="4.468400">
						<ele>622</ele>
</trkpt>
					<trkpt lat="45.499670" lon="4.469590">
						<ele>627</ele>
</trkpt>
					<trkpt lat="45.499860" lon="4.470010">
						<ele>630</ele>
</trkpt>
					<trkpt lat="45.500080" lon="4.470830">
						<ele>638</ele>
</trkpt>
					<trkpt lat="45.500200" lon="4.470850">
						<ele>639</ele>
</trkpt>
					<trkpt lat="45.501890" lon="4.471630">
						<ele>657</ele>
</trkpt>
					<trkpt lat="45.502410" lon="4.471890">
						<ele>662</ele>
</trkpt>
					<trkpt lat="45.502440" lon="4.471920">
						<ele>663</ele>
</trkpt>
					<trkpt lat="45.502480" lon="4.472010">
						<ele>664</ele>
</trkpt>
					<trkpt lat="45.502510" lon="4.472310">
						<ele>666</ele>
</trkpt>
					<trkpt lat="45.502550" lon="4.472300">
						<ele>667</ele>
</trkpt>
					<trkpt lat="45.502680" lon="4.472220">
						<ele>668</ele>
</trkpt>
					<trkpt lat="45.502790" lon="4.472200">
						<ele>670</ele>
</trkpt>
					<trkpt lat="45.502850" lon="4.472220">
						<ele>671</ele>
</trkpt>
					<trkpt lat="45.503010" lon="4.472410">
						<ele>675</ele>
</trkpt>
					<trkpt lat="45.503440" lon="4.472830">
						<ele>683</ele>
</trkpt>
					<trkpt lat="45.503890" lon="4.473190">
						<ele>689</ele>
</trkpt>
					<trkpt lat="45.504180" lon="4.473460">
						<ele>692</ele>
</trkpt>
					<trkpt lat="45.504230" lon="4.473490">
						<ele>692</ele>
</trkpt>
					<trkpt lat="45.504510" lon="4.473560">
						<ele>694</ele>
</trkpt>
					<trkpt lat="45.504770" lon="4.473560">
						<ele>697</ele>
</trkpt>
					<trkpt lat="45.504860" lon="4.473580">
						<ele>698</ele>
</trkpt>
					<trkpt lat="45.504870" lon="4.473600">
						<ele>698</ele>
</trkpt>
					<trkpt lat="45.505050" lon="4.473560">
						<ele>699</ele>
</trkpt>
					<trkpt lat="45.505390" lon="4.473590">
						<ele>700</ele>
</trkpt>
					<trkpt lat="45.505970" lon="4.473690">
						<ele>701</ele>
</trkpt>
					<trkpt lat="45.506330" lon="4.473980">
						<ele>700</ele>
</trkpt>
					<trkpt lat="45.506600" lon="4.474340">
						<ele>700</ele>
</trkpt>
					<trkpt lat="45.506890" lon="4.474830">
						<ele>703</ele>
</trkpt>
					<trkpt lat="45.507390" lon="4.475430">
						<ele>707</ele>
</trkpt>
					<trkpt lat="45.507960" lon="4.476230">
						<ele>712</ele>
</trkpt>
					<trkpt lat="45.508060" lon="4.476450">
						<ele>713</ele>
</trkpt>
					<trkpt lat="45.508290" lon="4.477080">
						<ele>719</ele>
</trkpt>
					<trkpt lat="45.508450" lon="4.477750">
						<ele>723</ele>
</trkpt>
					<trkpt lat="45.508570" lon="4.478160">
						<ele>725</ele>
</trkpt>
					<trkpt lat="45.508730" lon="4.479450">
						<ele>728</ele>
</trkpt>
					<trkpt lat="45.508860" lon="4.479980">
						<ele>728</ele>
</trkpt>
					<trkpt lat="45.508900" lon="4.480080">
						<ele>727</ele>
</trkpt>
					<trkpt lat="45.509360" lon="4.480670">
						<ele>729</ele>
</trkpt>
					<trkpt lat="45.509690" lon="4.481130">
						<ele>730</ele>
</trkpt>
					<trkpt lat="45.509880" lon="4.481330">
						<ele>732</ele>
</trkpt>
					<trkpt lat="45.510100" lon="4.481390">
						<ele>733</ele>
</trkpt>
					<trkpt lat="45.510160" lon="4.481420">
						<ele>732</ele>
</trkpt>
					<trkpt lat="45.510490" lon="4.481730">
						<ele>730</ele>
</trkpt>
					<trkpt lat="45.510560" lon="4.481830">
						<ele>730</ele>
</trkpt>
					<trkpt lat="45.510870" lon="4.482630">
						<ele>732</ele>
</trkpt>
					<trkpt lat="45.511040" lon="4.482920">
						<ele>732</ele>
</trkpt>
					<trkpt lat="45.511210" lon="4.483090">
						<ele>734</ele>
</trkpt>
					<trkpt lat="45.511500" lon="4.483580">
						<ele>738</ele>
</trkpt>
					<trkpt lat="45.511740" lon="4.483790">
						<ele>741</ele>
</trkpt>
					<trkpt lat="45.512290" lon="4.484180">
						<ele>748</ele>
</trkpt>
					<trkpt lat="45.512320" lon="4.484240">
						<ele>748</ele>
</trkpt>
					<trkpt lat="45.512320" lon="4.484310">
						<ele>749</ele>
</trkpt>
					<trkpt lat="45.512300" lon="4.484400">
						<ele>749</ele>
</trkpt>
					<trkpt lat="45.512240" lon="4.484560">
						<ele>749</ele>
</trkpt>
					<trkpt lat="45.512250" lon="4.484610">
						<ele>749</ele>
</trkpt>
					<trkpt lat="45.512360" lon="4.484680">
						<ele>751</ele>
</trkpt>
					<trkpt lat="45.512590" lon="4.484750">
						<ele>755</ele>
</trkpt>
					<trkpt lat="45.512660" lon="4.484800">
						<ele>756</ele>
</trkpt>
					<trkpt lat="45.512710" lon="4.484870">
						<ele>757</ele>
</trkpt>
					<trkpt lat="45.512800" lon="4.484910">
						<ele>758</ele>
</trkpt>
					<trkpt lat="45.513200" lon="4.484920">
						<ele>761</ele>
</trkpt>
					<trkpt lat="45.513680" lon="4.485010">
						<ele>768</ele>
</trkpt>
					<trkpt lat="45.514230" lon="4.485070">
						<ele>777</ele>
</trkpt>
					<trkpt lat="45.514350" lon="4.485060">
						<ele>778</ele>
</trkpt>
					<trkpt lat="45.514450" lon="4.485010">
						<ele>780</ele>
</trkpt>
					<trkpt lat="45.514530" lon="4.485010">
						<ele>781</ele>
</trkpt>
					<trkpt lat="45.514680" lon="4.485140">
						<ele>784</ele>
</trkpt>
					<trkpt lat="45.515330" lon="4.485950">
						<ele>796</ele>
</trkpt>
					<trkpt lat="45.515450" lon="4.486250">
						<ele>798</ele>
</trkpt>
					<trkpt lat="45.515270" lon="4.486430">
						<ele>799</ele>
</trkpt>
					<trkpt lat="45.515000" lon="4.486760">
						<ele>802</ele>
</trkpt>
					<trkpt lat="45.514960" lon="4.486820">
						<ele>802</ele>
</trkpt>
					<trkpt lat="45.514950" lon="4.486880">
						<ele>802</ele>
</trkpt>
					<trkpt lat="45.515180" lon="4.487300">
						<ele>804</ele>
</trkpt>
					<trkpt lat="45.515360" lon="4.487540">
						<ele>804</ele>
</trkpt>
					<trkpt lat="45.515460" lon="4.487780">
						<ele>804</ele>
</trkpt>
					<trkpt lat="45.515600" lon="4.488360">
						<ele>803</ele>
</trkpt>
					<trkpt lat="45.515640" lon="4.488460">
						<ele>802</ele>
</trkpt>
					<trkpt lat="45.515780" lon="4.488670">
						<ele>801</ele>
</trkpt>
					<trkpt lat="45.515890" lon="4.488980">
						<ele>797</ele>
</trkpt>
					<trkpt lat="45.515990" lon="4.489440">
						<ele>792</ele>
</trkpt>
					<trkpt lat="45.516350" lon="4.490120">
						<ele>789</ele>
</trkpt>
					<trkpt lat="45.516340" lon="4.490300">
						<ele>789</ele>
</trkpt>
					<trkpt lat="45.516350" lon="4.490480">
						<ele>790</ele>
</trkpt>
					<trkpt lat="45.516350" lon="4.491060">
						<ele>792</ele>
</trkpt>
					<trkpt lat="45.516210" lon="4.491700">
						<ele>791</ele>
</trkpt>
					<trkpt lat="45.516150" lon="4.492420">
						<ele>791</ele>
</trkpt>
					<trkpt lat="45.516150" lon="4.492740">
						<ele>791</ele>
</trkpt>
					<trkpt lat="45.516290" lon="4.493360">
						<ele>790</ele>
</trkpt>
					<trkpt lat="45.516370" lon="4.493830">
						<ele>789</ele>
</trkpt>
					<trkpt lat="45.516520" lon="4.494330">
						<ele>789</ele>
</trkpt>
					<trkpt lat="45.516730" lon="4.494910">
						<ele>788</ele>
</trkpt>
					<trkpt lat="45.516980" lon="4.495490">
						<ele>783</ele>
</trkpt>
					<trkpt lat="45.517140" lon="4.495800">
						<ele>784</ele>
</trkpt>
					<trkpt lat="45.517220" lon="4.496170">
						<ele>788</ele>
</trkpt>
					<trkpt lat="45.517130" lon="4.497280">
						<ele>793</ele>
</trkpt>
					<trkpt lat="45.517190" lon="4.497750">
						<ele>795</ele>
</trkpt>
					<trkpt lat="45.517350" lon="4.498480">
						<ele>797</ele>
</trkpt>
					<trkpt lat="45.517650" lon="4.499440">
						<ele>790</ele>
</trkpt>
					<trkpt lat="45.517850" lon="4.499720">
						<ele>785</ele>
</trkpt>
					<trkpt lat="45.518020" lon="4.499860">
						<ele>783</ele>
</trkpt>
					<trkpt lat="45.518530" lon="4.500070">
						<ele>780</ele>
</trkpt>
					<trkpt lat="45.518810" lon="4.500420">
						<ele>774</ele>
</trkpt>
					<trkpt lat="45.519280" lon="4.501420">
						<ele>762</ele>
</trkpt>
					<trkpt lat="45.519450" lon="4.501590">
						<ele>760</ele>
</trkpt>
					<trkpt lat="45.519570" lon="4.501670">
						<ele>759</ele>
</trkpt>
					<trkpt lat="45.520070" lon="4.501760">
						<ele>756</ele>
</trkpt>
					<trkpt lat="45.520210" lon="4.501920">
						<ele>752</ele>
</trkpt>
					<trkpt lat="45.520210" lon="4.501520">
						<ele>750</ele>
</trkpt>
					<trkpt lat="45.520150" lon="4.501250">
						<ele>750</ele>
</trkpt>
					<trkpt lat="45.520250" lon="4.500920">
						<ele>743</ele>
</trkpt>
					<trkpt lat="45.520350" lon="4.500680">
						<ele>737</ele>
</trkpt>
					<trkpt lat="45.520420" lon="4.500300">
						<ele>731</ele>
</trkpt>
					<trkpt lat="45.520430" lon="4.499250">
						<ele>722</ele>
</trkpt>
					<trkpt lat="45.520540" lon="4.498630">
						<ele>710</ele>
</trkpt>
					<trkpt lat="45.520680" lon="4.498300">
						<ele>700</ele>
</trkpt>
					<trkpt lat="45.520680" lon="4.497760">
						<ele>700</ele>
</trkpt>
					<trkpt lat="45.520840" lon="4.497380">
						<ele>695</ele>
</trkpt>
					<trkpt lat="45.521160" lon="4.496920">
						<ele>689</ele>
</trkpt>
					<trkpt lat="45.521570" lon="4.496520">
						<ele>676</ele>
</trkpt>
					<trkpt lat="45.521780" lon="4.496460">
						<ele>668</ele>
</trkpt>
					<trkpt lat="45.521930" lon="4.496320">
						<ele>663</ele>
</trkpt>
					<trkpt lat="45.521940" lon="4.496030">
						<ele>663</ele>
</trkpt>
					<trkpt lat="45.521570" lon="4.495390">
						<ele>664</ele>
</trkpt>
					<trkpt lat="45.521470" lon="4.495140">
						<ele>661</ele>
</trkpt>
					<trkpt lat="45.521290" lon="4.495050">
						<ele>666</ele>
</trkpt>
					<trkpt lat="45.521020" lon="4.494280">
						<ele>655</ele>
</trkpt>
					<trkpt lat="45.520930" lon="4.493790">
						<ele>650</ele>
</trkpt>
					<trkpt lat="45.520920" lon="4.493500">
						<ele>647</ele>
</trkpt>
					<trkpt lat="45.521300" lon="4.493070">
						<ele>645</ele>
</trkpt>
					<trkpt lat="45.521620" lon="4.493150">
						<ele>641</ele>
</trkpt>
					<trkpt lat="45.521730" lon="4.493080">
						<ele>641</ele>
</trkpt>
					<trkpt lat="45.521830" lon="4.492850">
						<ele>643</ele>
</trkpt>
					<trkpt lat="45.521880" lon="4.492330">
						<ele>651</ele>
</trkpt>
					<trkpt lat="45.522390" lon="4.492450">
						<ele>646</ele>
</trkpt>
					<trkpt lat="45.522470" lon="4.492780">
						<ele>638</ele>
</trkpt>
					<trkpt lat="45.522560" lon="4.492860">
						<ele>636</ele>
</trkpt>
					<trkpt lat="45.522620" lon="4.492850">
						<ele>636</ele>
</trkpt>
					<trkpt lat="45.522850" lon="4.493060">
						<ele>630</ele>
</trkpt>
					<trkpt lat="45.522930" lon="4.493170">
						<ele>627</ele>
</trkpt>
					<trkpt lat="45.523010" lon="4.493360">
						<ele>622</ele>
</trkpt>
					<trkpt lat="45.523130" lon="4.493540">
						<ele>618</ele>
</trkpt>
					<trkpt lat="45.523750" lon="4.494320">
						<ele>600</ele>
</trkpt>
					<trkpt lat="45.524090" lon="4.494680">
						<ele>592</ele>
</trkpt>
					<trkpt lat="45.524710" lon="4.495570">
						<ele>582</ele>
</trkpt>
					<trkpt lat="45.525250" lon="4.496510">
						<ele>567</ele>
</trkpt>
					<trkpt lat="45.525470" lon="4.496720">
						<ele>564</ele>
</trkpt>
					<trkpt lat="45.526310" lon="4.497080">
						<ele>558</ele>
</trkpt>
					<trkpt lat="45.526460" lon="4.497200">
						<ele>556</ele>
</trkpt>
					<trkpt lat="45.526850" lon="4.497320">
						<ele>555</ele>
</trkpt>
					<trkpt lat="45.526900" lon="4.497420">
						<ele>554</ele>
</trkpt>
					<trkpt lat="45.527000" lon="4.497700">
						<ele>552</ele>
</trkpt>
					<trkpt lat="45.527100" lon="4.497860">
						<ele>551</ele>
</trkpt>
					<trkpt lat="45.527220" lon="4.498220">
						<ele>546</ele>
</trkpt>
					<trkpt lat="45.527330" lon="4.498380">
						<ele>543</ele>
</trkpt>
					<trkpt lat="45.527370" lon="4.498350">
						<ele>542</ele>
</trkpt>
					<trkpt lat="45.527430" lon="4.498350">
						<ele>540</ele>
</trkpt>
					<trkpt lat="45.527870" lon="4.498610">
						<ele>541</ele>
</trkpt>
					<trkpt lat="45.528110" lon="4.498700">
						<ele>541</ele>
</trkpt>
					<trkpt lat="45.528700" lon="4.499080">
						<ele>536</ele>
</trkpt>
					<trkpt lat="45.528910" lon="4.499230">
						<ele>534</ele>
</trkpt>
					<trkpt lat="45.529180" lon="4.499370">
						<ele>532</ele>
</trkpt>
					<trkpt lat="45.529600" lon="4.499850">
						<ele>526</ele>
</trkpt>
					<trkpt lat="45.530010" lon="4.500210">
						<ele>520</ele>
</trkpt>
					<trkpt lat="45.530090" lon="4.500240">
						<ele>521</ele>
</trkpt>
					<trkpt lat="45.530200" lon="4.500200">
						<ele>523</ele>
</trkpt>
					<trkpt lat="45.530140" lon="4.500030">
						<ele>524</ele>
</trkpt>
					<trkpt lat="45.530070" lon="4.499860">
						<ele>526</ele>
</trkpt>
					<trkpt lat="45.530080" lon="4.499640">
						<ele>532</ele>
</trkpt>
					<trkpt lat="45.530120" lon="4.499430">
						<ele>537</ele>
</trkpt>
					<trkpt lat="45.530010" lon="4.498100">
						<ele>565</ele>
</trkpt>
					<trkpt lat="45.530040" lon="4.497800">
						<ele>572</ele>
</trkpt>
					<trkpt lat="45.529650" lon="4.497560">
						<ele>577</ele>
</trkpt>
					<trkpt lat="45.529560" lon="4.497450">
						<ele>579</ele>
</trkpt>
					<trkpt lat="45.529520" lon="4.497180">
						<ele>585</ele>
</trkpt>
					<trkpt lat="45.529390" lon="4.496880">
						<ele>591</ele>
</trkpt>
					<trkpt lat="45.529200" lon="4.496600">
						<ele>597</ele>
</trkpt>
					<trkpt lat="45.528960" lon="4.496360">
						<ele>601</ele>
</trkpt>
					<trkpt lat="45.528860" lon="4.496160">
						<ele>604</ele>
</trkpt>
					<trkpt lat="45.528670" lon="4.495280">
						<ele>619</ele>
</trkpt>
					<trkpt lat="45.528660" lon="4.495050">
						<ele>623</ele>
</trkpt>
					<trkpt lat="45.528590" lon="4.494720">
						<ele>628</ele>
</trkpt>
					<trkpt lat="45.528490" lon="4.494400">
						<ele>633</ele>
</trkpt>
					<trkpt lat="45.528430" lon="4.494370">
						<ele>633</ele>
</trkpt>
					<trkpt lat="45.528320" lon="4.494230">
						<ele>634</ele>
</trkpt>
					<trkpt lat="45.528480" lon="4.494010">
						<ele>639</ele>
</trkpt>
					<trkpt lat="45.528390" lon="4.493850">
						<ele>640</ele>
</trkpt>
					<trkpt lat="45.528510" lon="4.493930">
						<ele>640</ele>
</trkpt>
					<trkpt lat="45.528630" lon="4.493970">
						<ele>641</ele>
</trkpt>
					<trkpt lat="45.528720" lon="4.493970">
						<ele>642</ele>
</trkpt>
					<trkpt lat="45.528940" lon="4.493890">
						<ele>646</ele>
</trkpt>
					<trkpt lat="45.529220" lon="4.493640">
						<ele>654</ele>
</trkpt>
					<trkpt lat="45.529500" lon="4.493310">
						<ele>665</ele>
</trkpt>
					<trkpt lat="45.529630" lon="4.493260">
						<ele>668</ele>
</trkpt>
					<trkpt lat="45.529790" lon="4.493220">
						<ele>670</ele>
</trkpt>
					<trkpt lat="45.530090" lon="4.493240">
						<ele>672</ele>
</trkpt>
					<trkpt lat="45.530330" lon="4.493290">
						<ele>672</ele>
</trkpt>
					<trkpt lat="45.530430" lon="4.493270">
						<ele>673</ele>
</trkpt>
					<trkpt lat="45.530530" lon="4.493190">
						<ele>675</ele>
</trkpt>
					<trkpt lat="45.530580" lon="4.493120">
						<ele>678</ele>
</trkpt>
					<trkpt lat="45.530740" lon="4.492670">
						<ele>691</ele>
</trkpt>
					<trkpt lat="45.531180" lon="4.492160">
						<ele>703</ele>
</trkpt>
					<trkpt lat="45.531800" lon="4.491520">
						<ele>716</ele>
</trkpt>
					<trkpt lat="45.532030" lon="4.491200">
						<ele>721</ele>
</trkpt>
					<trkpt lat="45.532120" lon="4.491130">
						<ele>722</ele>
</trkpt>
					<trkpt lat="45.532170" lon="4.490960">
						<ele>725</ele>
</trkpt>
					<trkpt lat="45.532320" lon="4.490700">
						<ele>729</ele>
</trkpt>
					<trkpt lat="45.532490" lon="4.490450">
						<ele>732</ele>
</trkpt>
					<trkpt lat="45.532600" lon="4.490200">
						<ele>734</ele>
</trkpt>
					<trkpt lat="45.532730" lon="4.489790">
						<ele>737</ele>
</trkpt>
					<trkpt lat="45.532820" lon="4.489320">
						<ele>740</ele>
</trkpt>
					<trkpt lat="45.532920" lon="4.488950">
						<ele>743</ele>
</trkpt>
					<trkpt lat="45.532950" lon="4.488720">
						<ele>745</ele>
</trkpt>
					<trkpt lat="45.532970" lon="4.488080">
						<ele>751</ele>
</trkpt>
					<trkpt lat="45.532970" lon="4.487910">
						<ele>752</ele>
</trkpt>
					<trkpt lat="45.532950" lon="4.487870">
						<ele>753</ele>
</trkpt>
					<trkpt lat="45.533120" lon="4.487570">
						<ele>755</ele>
</trkpt>
					<trkpt lat="45.533130" lon="4.487450">
						<ele>756</ele>
</trkpt>
					<trkpt lat="45.533530" lon="4.486650">
						<ele>757</ele>
</trkpt>
					<trkpt lat="45.533800" lon="4.486460">
						<ele>757</ele>
</trkpt>
					<trkpt lat="45.534330" lon="4.486180">
						<ele>756</ele>
</trkpt>
					<trkpt lat="45.534480" lon="4.486090">
						<ele>755</ele>
</trkpt>
					<trkpt lat="45.534570" lon="4.486070">
						<ele>754</ele>
</trkpt>
					<trkpt lat="45.534670" lon="4.486070">
						<ele>753</ele>
</trkpt>
					<trkpt lat="45.534810" lon="4.486110">
						<ele>752</ele>
</trkpt>
					<trkpt lat="45.534930" lon="4.486180">
						<ele>751</ele>
</trkpt>
					<trkpt lat="45.535030" lon="4.486340">
						<ele>751</ele>
</trkpt>
					<trkpt lat="45.535310" lon="4.486480">
						<ele>750</ele>
</trkpt>
					<trkpt lat="45.535480" lon="4.486600">
						<ele>749</ele>
</trkpt>
					<trkpt lat="45.535770" lon="4.486690">
						<ele>748</ele>
</trkpt>
					<trkpt lat="45.535840" lon="4.486720">
						<ele>747</ele>
</trkpt>
					<trkpt lat="45.535910" lon="4.486700">
						<ele>747</ele>
</trkpt>
					<trkpt lat="45.536020" lon="4.486670">
						<ele>745</ele>
</trkpt>
					<trkpt lat="45.536580" lon="4.486690">
						<ele>741</ele>
</trkpt>
					<trkpt lat="45.536680" lon="4.486650">
						<ele>740</ele>
</trkpt>
					<trkpt lat="45.536740" lon="4.486580">
						<ele>738</ele>
</trkpt>
					<trkpt lat="45.537170" lon="4.486650">
						<ele>734</ele>
</trkpt>
					<trkpt lat="45.537640" lon="4.486910">
						<ele>734</ele>
</trkpt>
					<trkpt lat="45.537810" lon="4.486910">
						<ele>734</ele>
</trkpt>
					<trkpt lat="45.538180" lon="4.486790">
						<ele>733</ele>
</trkpt>
					<trkpt lat="45.538610" lon="4.486720">
						<ele>731</ele>
</trkpt>
					<trkpt lat="45.538810" lon="4.486770">
						<ele>732</ele>
</trkpt>
					<trkpt lat="45.539060" lon="4.486880">
						<ele>733</ele>
</trkpt>
					<trkpt lat="45.539170" lon="4.486950">
						<ele>733</ele>
</trkpt>
					<trkpt lat="45.539590" lon="4.487160">
						<ele>737</ele>
</trkpt>
					<trkpt lat="45.539880" lon="4.487420">
						<ele>737</ele>
</trkpt>
					<trkpt lat="45.540340" lon="4.488010">
						<ele>742</ele>
</trkpt>
					<trkpt lat="45.540500" lon="4.488170">
						<ele>742</ele>
</trkpt>
					<trkpt lat="45.541210" lon="4.488610">
						<ele>748</ele>
</trkpt>
					<trkpt lat="45.541440" lon="4.488800">
						<ele>750</ele>
</trkpt>
					<trkpt lat="45.541790" lon="4.489280">
						<ele>751</ele>
</trkpt>
					<trkpt lat="45.541860" lon="4.489330">
						<ele>752</ele>
</trkpt>
					<trkpt lat="45.541960" lon="4.489330">
						<ele>753</ele>
</trkpt>
					<trkpt lat="45.542120" lon="4.489230">
						<ele>756</ele>
</trkpt>
					<trkpt lat="45.542210" lon="4.489130">
						<ele>758</ele>
</trkpt>
					<trkpt lat="45.542530" lon="4.489560">
						<ele>759</ele>
</trkpt>
					<trkpt lat="45.542750" lon="4.489180">
						<ele>765</ele>
</trkpt>
					<trkpt lat="45.542680" lon="4.488990">
						<ele>765</ele>
</trkpt>
					<trkpt lat="45.542510" lon="4.488740">
						<ele>765</ele>
</trkpt>
					<trkpt lat="45.543050" lon="4.488080">
						<ele>778</ele>
</trkpt>
					<trkpt lat="45.543310" lon="4.487780">
						<ele>784</ele>
</trkpt>
					<trkpt lat="45.543380" lon="4.487930">
						<ele>784</ele>
</trkpt>
					<trkpt lat="45.543590" lon="4.488480">
						<ele>781</ele>
</trkpt>
					<trkpt lat="45.543700" lon="4.488740">
						<ele>778</ele>
</trkpt>
					<trkpt lat="45.543760" lon="4.488810">
						<ele>778</ele>
</trkpt>
					<trkpt lat="45.544130" lon="4.489200">
						<ele>775</ele>
</trkpt>
					<trkpt lat="45.544310" lon="4.489450">
						<ele>774</ele>
</trkpt>
					<trkpt lat="45.544360" lon="4.489590">
						<ele>773</ele>
</trkpt>
					<trkpt lat="45.544390" lon="4.489820">
						<ele>771</ele>
</trkpt>
					<trkpt lat="45.544390" lon="4.490150">
						<ele>768</ele>
</trkpt>
					<trkpt lat="45.544350" lon="4.490640">
						<ele>764</ele>
</trkpt>
					<trkpt lat="45.544370" lon="4.490920">
						<ele>762</ele>
</trkpt>
					<trkpt lat="45.544420" lon="4.491230">
						<ele>761</ele>
</trkpt>
					<trkpt lat="45.544550" lon="4.491640">
						<ele>759</ele>
</trkpt>
					<trkpt lat="45.544680" lon="4.491910">
						<ele>759</ele>
</trkpt>
					<trkpt lat="45.544790" lon="4.492190">
						<ele>760</ele>
</trkpt>
					<trkpt lat="45.544830" lon="4.492420">
						<ele>760</ele>
</trkpt>
					<trkpt lat="45.544820" lon="4.493970">
						<ele>759</ele>
</trkpt>
					<trkpt lat="45.544850" lon="4.494580">
						<ele>759</ele>
</trkpt>
					<trkpt lat="45.544820" lon="4.494950">
						<ele>759</ele>
</trkpt>
					<trkpt lat="45.544770" lon="4.495090">
						<ele>759</ele>
</trkpt>
					<trkpt lat="45.544390" lon="4.495860">
						<ele>764</ele>
</trkpt>
					<trkpt lat="45.544270" lon="4.496160">
						<ele>766</ele>
</trkpt>
					<trkpt lat="45.543960" lon="4.497400">
						<ele>770</ele>
</trkpt>
					<trkpt lat="45.544380" lon="4.498450">
						<ele>773</ele>
</trkpt>
					<trkpt lat="45.544650" lon="4.499650">
						<ele>773</ele>
</trkpt>
					<trkpt lat="45.544970" lon="4.500660">
						<ele>775</ele>
</trkpt>
					<trkpt lat="45.545190" lon="4.501680">
						<ele>770</ele>
</trkpt>
					<trkpt lat="45.545830" lon="4.503240">
						<ele>772</ele>
</trkpt>
					<trkpt lat="45.546140" lon="4.504250">
						<ele>772</ele>
</trkpt>
					<trkpt lat="45.546240" lon="4.504470">
						<ele>770</ele>
</trkpt>
					<trkpt lat="45.546480" lon="4.504840">
						<ele>768</ele>
</trkpt>
					<trkpt lat="45.547290" lon="4.504810">
						<ele>775</ele>
</trkpt>
					<trkpt lat="45.547940" lon="4.505020">
						<ele>773</ele>
</trkpt>
					<trkpt lat="45.548400" lon="4.505020">
						<ele>776</ele>
</trkpt>
					<trkpt lat="45.549050" lon="4.506360">
						<ele>767</ele>
</trkpt>
					<trkpt lat="45.549370" lon="4.506470">
						<ele>769</ele>
</trkpt>
					<trkpt lat="45.549810" lon="4.506430">
						<ele>773</ele>
</trkpt>
					<trkpt lat="45.550150" lon="4.506370">
						<ele>775</ele>
</trkpt>
					<trkpt lat="45.550170" lon="4.506300">
						<ele>776</ele>
</trkpt>
					<trkpt lat="45.550680" lon="4.506620">
						<ele>767</ele>
</trkpt>
					<trkpt lat="45.551050" lon="4.507020">
						<ele>764</ele>
</trkpt>
					<trkpt lat="45.552040" lon="4.506990">
						<ele>762</ele>
</trkpt>
					<trkpt lat="45.551560" lon="4.506550">
						<ele>771</ele>
</trkpt>
					<trkpt lat="45.551420" lon="4.506370">
						<ele>773</ele>
</trkpt>
					<trkpt lat="45.551400" lon="4.506220">
						<ele>775</ele>
</trkpt>
					<trkpt lat="45.551410" lon="4.506080">
						<ele>777</ele>
</trkpt>
					<trkpt lat="45.551460" lon="4.505800">
						<ele>780</ele>
</trkpt>
					<trkpt lat="45.551570" lon="4.505540">
						<ele>786</ele>
</trkpt>
					<trkpt lat="45.551710" lon="4.505280">
						<ele>790</ele>
</trkpt>
					<trkpt lat="45.551920" lon="4.504600">
						<ele>796</ele>
</trkpt>
					<trkpt lat="45.552150" lon="4.503730">
						<ele>803</ele>
</trkpt>
					<trkpt lat="45.552260" lon="4.503380">
						<ele>806</ele>
</trkpt>
					<trkpt lat="45.552330" lon="4.503000">
						<ele>808</ele>
</trkpt>
					<trkpt lat="45.552400" lon="4.502890">
						<ele>808</ele>
</trkpt>
					<trkpt lat="45.552450" lon="4.502580">
						<ele>811</ele>
</trkpt>
					<trkpt lat="45.552510" lon="4.502180">
						<ele>812</ele>
</trkpt>
					<trkpt lat="45.552300" lon="4.501140">
						<ele>816</ele>
</trkpt>
					<trkpt lat="45.552520" lon="4.500860">
						<ele>817</ele>
</trkpt>
					<trkpt lat="45.552800" lon="4.500570">
						<ele>818</ele>
</trkpt>
					<trkpt lat="45.552880" lon="4.500470">
						<ele>819</ele>
</trkpt>
					<trkpt lat="45.553090" lon="4.500070">
						<ele>823</ele>
</trkpt>
					<trkpt lat="45.553230" lon="4.499620">
						<ele>827</ele>
</trkpt>
					<trkpt lat="45.553480" lon="4.499290">
						<ele>830</ele>
</trkpt>
					<trkpt lat="45.553530" lon="4.499210">
						<ele>830</ele>
</trkpt>
					<trkpt lat="45.553540" lon="4.499130">
						<ele>831</ele>
</trkpt>
					<trkpt lat="45.553640" lon="4.499450">
						<ele>827</ele>
</trkpt>
					<trkpt lat="45.553670" lon="4.499510">
						<ele>826</ele>
</trkpt>
					<trkpt lat="45.553740" lon="4.499550">
						<ele>825</ele>
</trkpt>
					<trkpt lat="45.554460" lon="4.499780">
						<ele>816</ele>
</trkpt>
					<trkpt lat="45.554670" lon="4.499810">
						<ele>814</ele>
</trkpt>
					<trkpt lat="45.555350" lon="4.499860">
						<ele>809</ele>
</trkpt>
					<trkpt lat="45.555580" lon="4.499900">
						<ele>807</ele>
</trkpt>
					<trkpt lat="45.555990" lon="4.500110">
						<ele>802</ele>
</trkpt>
					<trkpt lat="45.556050" lon="4.500180">
						<ele>801</ele>
</trkpt>
					<trkpt lat="45.556060" lon="4.500270">
						<ele>799</ele>
</trkpt>
					<trkpt lat="45.556310" lon="4.500710">
						<ele>790</ele>
</trkpt>
					<trkpt lat="45.556810" lon="4.501550">
						<ele>769</ele>
</trkpt>
					<trkpt lat="45.556950" lon="4.502000">
						<ele>758</ele>
</trkpt>
					<trkpt lat="45.557140" lon="4.502220">
						<ele>753</ele>
</trkpt>
					<trkpt lat="45.557190" lon="4.502420">
						<ele>748</ele>
</trkpt>
					<trkpt lat="45.557260" lon="4.502510">
						<ele>746</ele>
</trkpt>
					<trkpt lat="45.557420" lon="4.502560">
						<ele>744</ele>
</trkpt>
					<trkpt lat="45.557660" lon="4.502570">
						<ele>747</ele>
</trkpt>
					<trkpt lat="45.557750" lon="4.502670">
						<ele>746</ele>
</trkpt>
					<trkpt lat="45.557800" lon="4.502750">
						<ele>744</ele>
</trkpt>
					<trkpt lat="45.557950" lon="4.503110">
						<ele>737</ele>
</trkpt>
					<trkpt lat="45.558300" lon="4.503770">
						<ele>724</ele>
</trkpt>
					<trkpt lat="45.558560" lon="4.504340">
						<ele>710</ele>
</trkpt>
					<trkpt lat="45.558700" lon="4.504500">
						<ele>707</ele>
</trkpt>
					<trkpt lat="45.559100" lon="4.504040">
						<ele>719</ele>
</trkpt>
					<trkpt lat="45.559940" lon="4.502790">
						<ele>738</ele>
</trkpt>
					<trkpt lat="45.560320" lon="4.501900">
						<ele>753</ele>
</trkpt>
					<trkpt lat="45.560470" lon="4.501620">
						<ele>757</ele>
</trkpt>
					<trkpt lat="45.560600" lon="4.501050">
						<ele>769</ele>
</trkpt>
					<trkpt lat="45.560700" lon="4.500540">
						<ele>779</ele>
</trkpt>
					<trkpt lat="45.560830" lon="4.500140">
						<ele>785</ele>
</trkpt>
					<trkpt lat="45.560890" lon="4.499830">
						<ele>792</ele>
</trkpt>
					<trkpt lat="45.561090" lon="4.499720">
						<ele>787</ele>
</trkpt>
					<trkpt lat="45.561370" lon="4.499690">
						<ele>777</ele>
</trkpt>
					<trkpt lat="45.561530" lon="4.499600">
						<ele>773</ele>
</trkpt>
					<trkpt lat="45.561890" lon="4.499360">
						<ele>770</ele>
</trkpt>
					<trkpt lat="45.562040" lon="4.499310">
						<ele>770</ele>
</trkpt>
					<trkpt lat="45.562330" lon="4.499320">
						<ele>765</ele>
</trkpt>
					<trkpt lat="45.562580" lon="4.499390">
						<ele>763</ele>
</trkpt>
					<trkpt lat="45.562860" lon="4.499520">
						<ele>765</ele>
</trkpt>
					<trkpt lat="45.563010" lon="4.499630">
						<ele>764</ele>
</trkpt>
					<trkpt lat="45.563440" lon="4.500020">
						<ele>761</ele>
</trkpt>
					<trkpt lat="45.563600" lon="4.500090">
						<ele>765</ele>
</trkpt>
					<trkpt lat="45.563790" lon="4.500250">
						<ele>767</ele>
</trkpt>
					<trkpt lat="45.564030" lon="4.500500">
						<ele>767</ele>
</trkpt>
					<trkpt lat="45.564200" lon="4.500720">
						<ele>766</ele>
</trkpt>
					<trkpt lat="45.564270" lon="4.500750">
						<ele>767</ele>
</trkpt>
					<trkpt lat="45.564580" lon="4.500770">
						<ele>775</ele>
</trkpt>
					<trkpt lat="45.564710" lon="4.500750">
						<ele>779</ele>
</trkpt>
					<trkpt lat="45.564890" lon="4.500780">
						<ele>783</ele>
</trkpt>
					<trkpt lat="45.565670" lon="4.500980">
						<ele>795</ele>
</trkpt>
					<trkpt lat="45.566050" lon="4.501080">
						<ele>800</ele>
</trkpt>
					<trkpt lat="45.566660" lon="4.501120">
						<ele>812</ele>
</trkpt>
					<trkpt lat="45.566750" lon="4.501110">
						<ele>813</ele>
</trkpt>
					<trkpt lat="45.567000" lon="4.501030">
						<ele>818</ele>
</trkpt>
					<trkpt lat="45.567320" lon="4.500840">
						<ele>824</ele>
</trkpt>
					<trkpt lat="45.567590" lon="4.500600">
						<ele>825</ele>
</trkpt>
					<trkpt lat="45.567730" lon="4.500730">
						<ele>825</ele>
</trkpt>
					<trkpt lat="45.568260" lon="4.501570">
						<ele>829</ele>
</trkpt>
					<trkpt lat="45.568610" lon="4.502250">
						<ele>837</ele>
</trkpt>
					<trkpt lat="45.568670" lon="4.502470">
						<ele>839</ele>
</trkpt>
					<trkpt lat="45.568710" lon="4.502760">
						<ele>842</ele>
</trkpt>
					<trkpt lat="45.568720" lon="4.503400">
						<ele>846</ele>
</trkpt>
					<trkpt lat="45.568770" lon="4.503850">
						<ele>852</ele>
</trkpt>
					<trkpt lat="45.568830" lon="4.504520">
						<ele>861</ele>
</trkpt>
					<trkpt lat="45.569170" lon="4.506080">
						<ele>876</ele>
</trkpt>
					<trkpt lat="45.569260" lon="4.506610">
						<ele>879</ele>
</trkpt>
					<trkpt lat="45.569260" lon="4.507390">
						<ele>877</ele>
</trkpt>
					<trkpt lat="45.569280" lon="4.507620">
						<ele>875</ele>
</trkpt>
					<trkpt lat="45.569360" lon="4.507910">
						<ele>872</ele>
</trkpt>
					<trkpt lat="45.569460" lon="4.508160">
						<ele>870</ele>
</trkpt>
					<trkpt lat="45.569670" lon="4.508930">
						<ele>865</ele>
</trkpt>
					<trkpt lat="45.569780" lon="4.509760">
						<ele>863</ele>
</trkpt>
					<trkpt lat="45.569800" lon="4.510100">
						<ele>863</ele>
</trkpt>
					<trkpt lat="45.569840" lon="4.510420">
						<ele>864</ele>
</trkpt>
					<trkpt lat="45.569970" lon="4.511050">
						<ele>866</ele>
</trkpt>
					<trkpt lat="45.570130" lon="4.511640">
						<ele>868</ele>
</trkpt>
					<trkpt lat="45.570240" lon="4.512160">
						<ele>868</ele>
</trkpt>
					<trkpt lat="45.570270" lon="4.512400">
						<ele>869</ele>
</trkpt>
					<trkpt lat="45.570290" lon="4.512880">
						<ele>867</ele>
</trkpt>
					<trkpt lat="45.570270" lon="4.513230">
						<ele>865</ele>
</trkpt>
					<trkpt lat="45.570190" lon="4.513800">
						<ele>863</ele>
</trkpt>
					<trkpt lat="45.570190" lon="4.514100">
						<ele>862</ele>
</trkpt>
					<trkpt lat="45.570090" lon="4.514210">
						<ele>862</ele>
</trkpt>
					<trkpt lat="45.569940" lon="4.514500">
						<ele>861</ele>
</trkpt>
					<trkpt lat="45.569820" lon="4.516440">
						<ele>860</ele>
</trkpt>
					<trkpt lat="45.569810" lon="4.517140">
						<ele>863</ele>
</trkpt>
					<trkpt lat="45.569870" lon="4.518140">
						<ele>873</ele>
</trkpt>
					<trkpt lat="45.569980" lon="4.518480">
						<ele>879</ele>
</trkpt>
					<trkpt lat="45.570060" lon="4.518880">
						<ele>883</ele>
</trkpt>
					<trkpt lat="45.570040" lon="4.519260">
						<ele>885</ele>
</trkpt>
					<trkpt lat="45.569850" lon="4.519900">
						<ele>885</ele>
</trkpt>
					<trkpt lat="45.569860" lon="4.520460">
						<ele>884</ele>
</trkpt>
					<trkpt lat="45.569790" lon="4.520840">
						<ele>881</ele>
</trkpt>
					<trkpt lat="45.569810" lon="4.521140">
						<ele>882</ele>
</trkpt>
					<trkpt lat="45.569890" lon="4.521510">
						<ele>884</ele>
</trkpt>
					<trkpt lat="45.570010" lon="4.521940">
						<ele>886</ele>
</trkpt>
					<trkpt lat="45.569990" lon="4.522660">
						<ele>886</ele>
</trkpt>
					<trkpt lat="45.570220" lon="4.523740">
						<ele>875</ele>
</trkpt>
					<trkpt lat="45.570330" lon="4.523960">
						<ele>873</ele>
</trkpt>
					<trkpt lat="45.570520" lon="4.524250">
						<ele>870</ele>
</trkpt>
					<trkpt lat="45.570600" lon="4.524400">
						<ele>869</ele>
</trkpt>
					<trkpt lat="45.570750" lon="4.524960">
						<ele>868</ele>
</trkpt>
					<trkpt lat="45.570830" lon="4.525080">
						<ele>869</ele>
</trkpt>
					<trkpt lat="45.571000" lon="4.525250">
						<ele>869</ele>
</trkpt>
					<trkpt lat="45.571150" lon="4.525430">
						<ele>869</ele>
</trkpt>
					<trkpt lat="45.571260" lon="4.525710">
						<ele>870</ele>
</trkpt>
					<trkpt lat="45.571510" lon="4.526090">
						<ele>872</ele>
</trkpt>
					<trkpt lat="45.571620" lon="4.526290">
						<ele>873</ele>
</trkpt>
					<trkpt lat="45.571820" lon="4.527150">
						<ele>872</ele>
</trkpt>
					<trkpt lat="45.571900" lon="4.527580">
						<ele>870</ele>
</trkpt>
					<trkpt lat="45.572150" lon="4.528270">
						<ele>869</ele>
</trkpt>
					<trkpt lat="45.572460" lon="4.528740">
						<ele>874</ele>
</trkpt>
					<trkpt lat="45.572630" lon="4.528840">
						<ele>875</ele>
</trkpt>
					<trkpt lat="45.572730" lon="4.529160">
						<ele>874</ele>
</trkpt>
					<trkpt lat="45.572810" lon="4.529610">
						<ele>872</ele>
</trkpt>
					<trkpt lat="45.572880" lon="4.530570">
						<ele>870</ele>
</trkpt>
					<trkpt lat="45.572890" lon="4.531230">
						<ele>870</ele>
</trkpt>
					<trkpt lat="45.572850" lon="4.532520">
						<ele>871</ele>
</trkpt>
					<trkpt lat="45.572820" lon="4.532820">
						<ele>871</ele>
</trkpt>
					<trkpt lat="45.572700" lon="4.533580">
						<ele>870</ele>
</trkpt>
					<trkpt lat="45.572700" lon="4.533750">
						<ele>870</ele>
</trkpt>
					<trkpt lat="45.572840" lon="4.534500">
						<ele>868</ele>
</trkpt>
					<trkpt lat="45.572960" lon="4.534810">
						<ele>867</ele>
</trkpt>
					<trkpt lat="45.573060" lon="4.534950">
						<ele>867</ele>
</trkpt>
					<trkpt lat="45.573260" lon="4.535560">
						<ele>866</ele>
</trkpt>
					<trkpt lat="45.573270" lon="4.535830">
						<ele>865</ele>
</trkpt>
					<trkpt lat="45.573210" lon="4.536170">
						<ele>865</ele>
</trkpt>
					<trkpt lat="45.573150" lon="4.536380">
						<ele>864</ele>
</trkpt>
					<trkpt lat="45.572990" lon="4.536730">
						<ele>863</ele>
</trkpt>
					<trkpt lat="45.572860" lon="4.536970">
						<ele>861</ele>
</trkpt>
					<trkpt lat="45.572730" lon="4.537300">
						<ele>859</ele>
</trkpt>
					<trkpt lat="45.572680" lon="4.537660">
						<ele>857</ele>
</trkpt>
					<trkpt lat="45.572690" lon="4.538090">
						<ele>857</ele>
</trkpt>
					<trkpt lat="45.572660" lon="4.538530">
						<ele>856</ele>
</trkpt>
					<trkpt lat="45.572620" lon="4.538700">
						<ele>855</ele>
</trkpt>
					<trkpt lat="45.572530" lon="4.538850">
						<ele>853</ele>
</trkpt>
					<trkpt lat="45.572420" lon="4.538850">
						<ele>850</ele>
</trkpt>
					<trkpt lat="45.572030" lon="4.539530">
						<ele>839</ele>
</trkpt>
					<trkpt lat="45.571750" lon="4.540260">
						<ele>831</ele>
</trkpt>
					<trkpt lat="45.571640" lon="4.540770">
						<ele>828</ele>
</trkpt>
					<trkpt lat="45.571500" lon="4.541050">
						<ele>823</ele>
</trkpt>
					<trkpt lat="45.571380" lon="4.541500">
						<ele>820</ele>
</trkpt>
					<trkpt lat="45.571040" lon="4.542980">
						<ele>805</ele>
</trkpt>
					<trkpt lat="45.571040" lon="4.543420">
						<ele>804</ele>
</trkpt>
					<trkpt lat="45.570970" lon="4.543730">
						<ele>799</ele>
</trkpt>
					<trkpt lat="45.570840" lon="4.544200">
						<ele>791</ele>
</trkpt>
					<trkpt lat="45.570780" lon="4.544650">
						<ele>785</ele>
</trkpt>
					<trkpt lat="45.570750" lon="4.545350">
						<ele>778</ele>
</trkpt>
					<trkpt lat="45.570690" lon="4.545680">
						<ele>773</ele>
</trkpt>
					<trkpt lat="45.570640" lon="4.545870">
						<ele>771</ele>
</trkpt>
					<trkpt lat="45.571490" lon="4.545510">
						<ele>783</ele>
</trkpt>
					<trkpt lat="45.571960" lon="4.545440">
						<ele>792</ele>
</trkpt>
					<trkpt lat="45.572190" lon="4.545580">
						<ele>793</ele>
</trkpt>
					<trkpt lat="45.572790" lon="4.546360">
						<ele>790</ele>
</trkpt>
					<trkpt lat="45.573310" lon="4.546660">
						<ele>800</ele>
</trkpt>
					<trkpt lat="45.573960" lon="4.546970">
						<ele>808</ele>
</trkpt>
					<trkpt lat="45.574520" lon="4.547480">
						<ele>809</ele>
</trkpt>
					<trkpt lat="45.575060" lon="4.548210">
						<ele>806</ele>
</trkpt>
					<trkpt lat="45.575740" lon="4.548990">
						<ele>810</ele>
</trkpt>
					<trkpt lat="45.576060" lon="4.549290">
						<ele>812</ele>
</trkpt>
					<trkpt lat="45.576330" lon="4.549520">
						<ele>812</ele>
</trkpt>
					<trkpt lat="45.576510" lon="4.549710">
						<ele>812</ele>
</trkpt>
					<trkpt lat="45.576670" lon="4.549920">
						<ele>812</ele>
</trkpt>
					<trkpt lat="45.577450" lon="4.551150">
						<ele>814</ele>
</trkpt>
					<trkpt lat="45.577610" lon="4.551310">
						<ele>814</ele>
</trkpt>
					<trkpt lat="45.577750" lon="4.551380">
						<ele>815</ele>
</trkpt>
					<trkpt lat="45.578180" lon="4.551380">
						<ele>818</ele>
</trkpt>
					<trkpt lat="45.578550" lon="4.551350">
						<ele>818</ele>
</trkpt>
					<trkpt lat="45.578530" lon="4.551990">
						<ele>815</ele>
</trkpt>
					<trkpt lat="45.578460" lon="4.552480">
						<ele>813</ele>
</trkpt>
					<trkpt lat="45.578520" lon="4.553230">
						<ele>809</ele>
</trkpt>
					<trkpt lat="45.578570" lon="4.553520">
						<ele>807</ele>
</trkpt>
					<trkpt lat="45.578760" lon="4.554120">
						<ele>804</ele>
</trkpt>
					<trkpt lat="45.578990" lon="4.554490">
						<ele>805</ele>
</trkpt>
					<trkpt lat="45.579030" lon="4.554630">
						<ele>806</ele>
</trkpt>
					<trkpt lat="45.579050" lon="4.554920">
						<ele>806</ele>
</trkpt>
					<trkpt lat="45.579090" lon="4.555110">
						<ele>806</ele>
</trkpt>
					<trkpt lat="45.579170" lon="4.555700">
						<ele>805</ele>
</trkpt>
					<trkpt lat="45.579230" lon="4.555950">
						<ele>804</ele>
</trkpt>
					<trkpt lat="45.579530" lon="4.556920">
						<ele>805</ele>
</trkpt>
					<trkpt lat="45.579720" lon="4.557700">
						<ele>807</ele>
</trkpt>
					<trkpt lat="45.579880" lon="4.557330">
						<ele>807</ele>
</trkpt>
					<trkpt lat="45.579950" lon="4.557250">
						<ele>808</ele>
</trkpt>
					<trkpt lat="45.580190" lon="4.556410">
						<ele>804</ele>
</trkpt>
					<trkpt lat="45.580360" lon="4.556090">
						<ele>802</ele>
</trkpt>
					<trkpt lat="45.580580" lon="4.555820">
						<ele>800</ele>
</trkpt>
					<trkpt lat="45.580820" lon="4.555660">
						<ele>799</ele>
</trkpt>
					<trkpt lat="45.580980" lon="4.555510">
						<ele>800</ele>
</trkpt>
					<trkpt lat="45.581070" lon="4.555370">
						<ele>800</ele>
</trkpt>
					<trkpt lat="45.581150" lon="4.555310">
						<ele>801</ele>
</trkpt>
					<trkpt lat="45.581150" lon="4.555310">
						<ele>801</ele>
</trkpt>
					<trkpt lat="45.581750" lon="4.554880">
						<ele>804</ele>
</trkpt>
					<trkpt lat="45.582350" lon="4.554550">
						<ele>813</ele>
</trkpt>
					<trkpt lat="45.582600" lon="4.554310">
						<ele>817</ele>
</trkpt>
					<trkpt lat="45.582700" lon="4.554110">
						<ele>818</ele>
</trkpt>
					<trkpt lat="45.582860" lon="4.553670">
						<ele>822</ele>
</trkpt>
					<trkpt lat="45.582920" lon="4.553460">
						<ele>823</ele>
</trkpt>
					<trkpt lat="45.582950" lon="4.553390">
						<ele>823</ele>
</trkpt>
					<trkpt lat="45.583020" lon="4.553330">
						<ele>824</ele>
</trkpt>
					<trkpt lat="45.583190" lon="4.553300">
						<ele>826</ele>
</trkpt>
					<trkpt lat="45.583320" lon="4.553350">
						<ele>827</ele>
</trkpt>
					<trkpt lat="45.583420" lon="4.553400">
						<ele>829</ele>
</trkpt>
					<trkpt lat="45.583470" lon="4.553470">
						<ele>830</ele>
</trkpt>
					<trkpt lat="45.583530" lon="4.553670">
						<ele>831</ele>
</trkpt>
					<trkpt lat="45.583380" lon="4.554380">
						<ele>830</ele>
</trkpt>
					<trkpt lat="45.583250" lon="4.554840">
						<ele>829</ele>
</trkpt>
					<trkpt lat="45.583210" lon="4.555120">
						<ele>829</ele>
</trkpt>
					<trkpt lat="45.583200" lon="4.555600">
						<ele>830</ele>
</trkpt>
					<trkpt lat="45.583230" lon="4.556020">
						<ele>831</ele>
</trkpt>
					<trkpt lat="45.583370" lon="4.556930">
						<ele>832</ele>
</trkpt>
					<trkpt lat="45.583540" lon="4.557470">
						<ele>833</ele>
</trkpt>
					<trkpt lat="45.583700" lon="4.557740">
						<ele>831</ele>
</trkpt>
					<trkpt lat="45.584560" lon="4.558560">
						<ele>831</ele>
</trkpt>
					<trkpt lat="45.584660" lon="4.558750">
						<ele>830</ele>
</trkpt>
					<trkpt lat="45.585060" lon="4.559340">
						<ele>827</ele>
</trkpt>
					<trkpt lat="45.585200" lon="4.559470">
						<ele>825</ele>
</trkpt>
					<trkpt lat="45.585720" lon="4.559720">
						<ele>823</ele>
</trkpt>
					<trkpt lat="45.585950" lon="4.559770">
						<ele>822</ele>
</trkpt>
					<trkpt lat="45.586190" lon="4.559930">
						<ele>820</ele>
</trkpt>
					<trkpt lat="45.586460" lon="4.560180">
						<ele>817</ele>
</trkpt>
					<trkpt lat="45.586620" lon="4.560440">
						<ele>816</ele>
</trkpt>
					<trkpt lat="45.586650" lon="4.560480">
						<ele>816</ele>
</trkpt>
					<trkpt lat="45.586820" lon="4.560520">
						<ele>815</ele>
</trkpt>
					<trkpt lat="45.587170" lon="4.560690">
						<ele>813</ele>
</trkpt>
					<trkpt lat="45.587420" lon="4.560700">
						<ele>813</ele>
</trkpt>
					<trkpt lat="45.587690" lon="4.560630">
						<ele>811</ele>
</trkpt>
					<trkpt lat="45.587940" lon="4.560610">
						<ele>809</ele>
</trkpt>
					<trkpt lat="45.588110" lon="4.560640">
						<ele>807</ele>
</trkpt>
					<trkpt lat="45.588540" lon="4.560640">
						<ele>803</ele>
</trkpt>
					<trkpt lat="45.588710" lon="4.560720">
						<ele>801</ele>
</trkpt>
					<trkpt lat="45.588860" lon="4.560870">
						<ele>800</ele>
</trkpt>
					<trkpt lat="45.589050" lon="4.561170">
						<ele>796</ele>
</trkpt>
					<trkpt lat="45.589350" lon="4.561200">
						<ele>791</ele>
</trkpt>
					<trkpt lat="45.589690" lon="4.561410">
						<ele>786</ele>
</trkpt>
					<trkpt lat="45.590120" lon="4.561590">
						<ele>780</ele>
</trkpt>
					<trkpt lat="45.590240" lon="4.561710">
						<ele>777</ele>
</trkpt>
					<trkpt lat="45.590300" lon="4.561810">
						<ele>775</ele>
</trkpt>
					<trkpt lat="45.590370" lon="4.562040">
						<ele>773</ele>
</trkpt>
					<trkpt lat="45.590380" lon="4.562160">
						<ele>772</ele>
</trkpt>
					<trkpt lat="45.590370" lon="4.562470">
						<ele>771</ele>
</trkpt>
					<trkpt lat="45.590370" lon="4.562550">
						<ele>770</ele>
</trkpt>
					<trkpt lat="45.590390" lon="4.562600">
						<ele>769</ele>
</trkpt>
					<trkpt lat="45.590580" lon="4.562510">
						<ele>766</ele>
</trkpt>
					<trkpt lat="45.590750" lon="4.562460">
						<ele>763</ele>
</trkpt>
					<trkpt lat="45.590850" lon="4.562520">
						<ele>760</ele>
</trkpt>
					<trkpt lat="45.590940" lon="4.562700">
						<ele>757</ele>
</trkpt>
					<trkpt lat="45.591070" lon="4.562990">
						<ele>752</ele>
</trkpt>
					<trkpt lat="45.591090" lon="4.563210">
						<ele>749</ele>
</trkpt>
					<trkpt lat="45.591230" lon="4.563530">
						<ele>743</ele>
</trkpt>
					<trkpt lat="45.591330" lon="4.563740">
						<ele>740</ele>
</trkpt>
					<trkpt lat="45.591440" lon="4.563790">
						<ele>738</ele>
</trkpt>
					<trkpt lat="45.591580" lon="4.563720">
						<ele>738</ele>
</trkpt>
					<trkpt lat="45.591800" lon="4.563480">
						<ele>739</ele>
</trkpt>
					<trkpt lat="45.591840" lon="4.563240">
						<ele>741</ele>
</trkpt>
					<trkpt lat="45.591930" lon="4.563210">
						<ele>742</ele>
</trkpt>
					<trkpt lat="45.592080" lon="4.563390">
						<ele>741</ele>
</trkpt>
					<trkpt lat="45.592130" lon="4.563580">
						<ele>740</ele>
</trkpt>
					<trkpt lat="45.592130" lon="4.563790">
						<ele>738</ele>
</trkpt>
					<trkpt lat="45.592070" lon="4.564040">
						<ele>736</ele>
</trkpt>
					<trkpt lat="45.591960" lon="4.564650">
						<ele>729</ele>
</trkpt>
					<trkpt lat="45.592010" lon="4.564970">
						<ele>726</ele>
</trkpt>
					<trkpt lat="45.592200" lon="4.565180">
						<ele>725</ele>
</trkpt>
					<trkpt lat="45.592460" lon="4.565360">
						<ele>722</ele>
</trkpt>
					<trkpt lat="45.593040" lon="4.565690">
						<ele>716</ele>
</trkpt>
					<trkpt lat="45.593810" lon="4.566010">
						<ele>710</ele>
</trkpt>
					<trkpt lat="45.594400" lon="4.566160">
						<ele>707</ele>
</trkpt>
					<trkpt lat="45.594670" lon="4.566460">
						<ele>704</ele>
</trkpt>
					<trkpt lat="45.594990" lon="4.567140">
						<ele>700</ele>
</trkpt>
					<trkpt lat="45.595490" lon="4.567870">
						<ele>695</ele>
</trkpt>
					<trkpt lat="45.595290" lon="4.567570">
						<ele>696</ele>
</trkpt>
					<trkpt lat="45.595620" lon="4.567240">
						<ele>694</ele>
</trkpt>
					<trkpt lat="45.595760" lon="4.567210">
						<ele>692</ele>
</trkpt>
					<trkpt lat="45.595850" lon="4.568310">
						<ele>692</ele>
</trkpt>
					<trkpt lat="45.596000" lon="4.568670">
						<ele>692</ele>
</trkpt>
					<trkpt lat="45.596060" lon="4.569340">
						<ele>693</ele>
</trkpt>
					<trkpt lat="45.596260" lon="4.570120">
						<ele>693</ele>
</trkpt>
					<trkpt lat="45.596220" lon="4.570200">
						<ele>694</ele>
</trkpt>
					<trkpt lat="45.596420" lon="4.570430">
						<ele>694</ele>
</trkpt>
					<trkpt lat="45.597090" lon="4.571020">
						<ele>693</ele>
</trkpt>
					<trkpt lat="45.597960" lon="4.571110">
						<ele>692</ele>
</trkpt>
					<trkpt lat="45.598580" lon="4.570800">
						<ele>695</ele>
</trkpt>
					<trkpt lat="45.598950" lon="4.570900">
						<ele>695</ele>
</trkpt>
					<trkpt lat="45.598950" lon="4.570880">
						<ele>695</ele>
</trkpt>
					<trkpt lat="45.599310" lon="4.571000">
						<ele>696</ele>
</trkpt>
					<trkpt lat="45.599400" lon="4.571110">
						<ele>696</ele>
</trkpt>
					<trkpt lat="45.599600" lon="4.571840">
						<ele>693</ele>
</trkpt>
					<trkpt lat="45.599680" lon="4.572280">
						<ele>692</ele>
</trkpt>
					<trkpt lat="45.599710" lon="4.573120">
						<ele>687</ele>
</trkpt>
					<trkpt lat="45.599970" lon="4.573950">
						<ele>693</ele>
</trkpt>
					<trkpt lat="45.600040" lon="4.574230">
						<ele>694</ele>
</trkpt>
					<trkpt lat="45.600130" lon="4.575200">
						<ele>690</ele>
</trkpt>
					<trkpt lat="45.600190" lon="4.575440">
						<ele>689</ele>
</trkpt>
					<trkpt lat="45.600300" lon="4.575770">
						<ele>689</ele>
</trkpt>
					<trkpt lat="45.600620" lon="4.576410">
						<ele>690</ele>
</trkpt>
					<trkpt lat="45.600880" lon="4.576870">
						<ele>692</ele>
</trkpt>
					<trkpt lat="45.601030" lon="4.577420">
						<ele>689</ele>
</trkpt>
					<trkpt lat="45.600990" lon="4.577930">
						<ele>689</ele>
</trkpt>
					<trkpt lat="45.600800" lon="4.578150">
						<ele>683</ele>
</trkpt>
					<trkpt lat="45.600630" lon="4.578530">
						<ele>681</ele>
</trkpt>
					<trkpt lat="45.600620" lon="4.578850">
						<ele>686</ele>
</trkpt>
					<trkpt lat="45.600640" lon="4.579320">
						<ele>692</ele>
</trkpt>
					<trkpt lat="45.600760" lon="4.579610">
						<ele>699</ele>
</trkpt>
					<trkpt lat="45.600810" lon="4.580400">
						<ele>702</ele>
</trkpt>
					<trkpt lat="45.600800" lon="4.580590">
						<ele>701</ele>
</trkpt>
					<trkpt lat="45.600850" lon="4.580730">
						<ele>703</ele>
</trkpt>
					<trkpt lat="45.600900" lon="4.581720">
						<ele>706</ele>
</trkpt>
					<trkpt lat="45.601030" lon="4.582370">
						<ele>710</ele>
</trkpt>
					<trkpt lat="45.601140" lon="4.583120">
						<ele>710</ele>
</trkpt>
					<trkpt lat="45.601190" lon="4.583030">
						<ele>713</ele>
</trkpt>
					<trkpt lat="45.601370" lon="4.582020">
						<ele>723</ele>
</trkpt>
					<trkpt lat="45.601630" lon="4.580170">
						<ele>737</ele>
</trkpt>
					<trkpt lat="45.601700" lon="4.579950">
						<ele>740</ele>
</trkpt>
					<trkpt lat="45.601800" lon="4.579860">
						<ele>741</ele>
</trkpt>
					<trkpt lat="45.602070" lon="4.579750">
						<ele>745</ele>
</trkpt>
					<trkpt lat="45.602220" lon="4.579500">
						<ele>747</ele>
</trkpt>
					<trkpt lat="45.602310" lon="4.579250">
						<ele>748</ele>
</trkpt>
					<trkpt lat="45.602440" lon="4.578310">
						<ele>749</ele>
</trkpt>
					<trkpt lat="45.602400" lon="4.577870">
						<ele>749</ele>
</trkpt>
					<trkpt lat="45.602450" lon="4.577720">
						<ele>752</ele>
</trkpt>
					<trkpt lat="45.602510" lon="4.578150">
						<ele>752</ele>
</trkpt>
					<trkpt lat="45.602830" lon="4.578890">
						<ele>757</ele>
</trkpt>
					<trkpt lat="45.602950" lon="4.579240">
						<ele>759</ele>
</trkpt>
					<trkpt lat="45.603130" lon="4.579980">
						<ele>761</ele>
</trkpt>
					<trkpt lat="45.603540" lon="4.581270">
						<ele>765</ele>
</trkpt>
					<trkpt lat="45.603610" lon="4.581620">
						<ele>765</ele>
</trkpt>
					<trkpt lat="45.603610" lon="4.581720">
						<ele>765</ele>
</trkpt>
					<trkpt lat="45.603740" lon="4.582160">
						<ele>765</ele>
</trkpt>
					<trkpt lat="45.603850" lon="4.582770">
						<ele>764</ele>
</trkpt>
					<trkpt lat="45.604180" lon="4.583450">
						<ele>767</ele>
</trkpt>
					<trkpt lat="45.604220" lon="4.583680">
						<ele>766</ele>
</trkpt>
					<trkpt lat="45.604640" lon="4.584520">
						<ele>770</ele>
</trkpt>
					<trkpt lat="45.605240" lon="4.586480">
						<ele>773</ele>
</trkpt>
					<trkpt lat="45.605410" lon="4.586800">
						<ele>774</ele>
</trkpt>
					<trkpt lat="45.606220" lon="4.587510">
						<ele>779</ele>
</trkpt>
					<trkpt lat="45.606470" lon="4.587770">
						<ele>779</ele>
</trkpt>
					<trkpt lat="45.606990" lon="4.589040">
						<ele>771</ele>
</trkpt>
					<trkpt lat="45.607490" lon="4.589590">
						<ele>767</ele>
</trkpt>
					<trkpt lat="45.607870" lon="4.589910">
						<ele>765</ele>
</trkpt>
					<trkpt lat="45.608090" lon="4.589950">
						<ele>765</ele>
</trkpt>
					<trkpt lat="45.608290" lon="4.590020">
						<ele>766</ele>
</trkpt>
					<trkpt lat="45.608540" lon="4.590320">
						<ele>769</ele>
</trkpt>
					<trkpt lat="45.608720" lon="4.590740">
						<ele>770</ele>
</trkpt>
					<trkpt lat="45.608870" lon="4.591200">
						<ele>771</ele>
</trkpt>
					<trkpt lat="45.608990" lon="4.591610">
						<ele>771</ele>
</trkpt>
					<trkpt lat="45.608820" lon="4.593700">
						<ele>766</ele>
</trkpt>
					<trkpt lat="45.608680" lon="4.594410">
						<ele>763</ele>
</trkpt>
					<trkpt lat="45.608670" lon="4.594830">
						<ele>763</ele>
</trkpt>
					<trkpt lat="45.608710" lon="4.595250">
						<ele>764</ele>
</trkpt>
					<trkpt lat="45.608770" lon="4.595550">
						<ele>764</ele>
</trkpt>
					<trkpt lat="45.608930" lon="4.595860">
						<ele>765</ele>
</trkpt>
					<trkpt lat="45.609040" lon="4.596050">
						<ele>766</ele>
</trkpt>
					<trkpt lat="45.609290" lon="4.596280">
						<ele>767</ele>
</trkpt>
					<trkpt lat="45.609800" lon="4.597610">
						<ele>760</ele>
</trkpt>
					<trkpt lat="45.609930" lon="4.597720">
						<ele>761</ele>
</trkpt>
					<trkpt lat="45.610230" lon="4.597790">
						<ele>763</ele>
</trkpt>
					<trkpt lat="45.610280" lon="4.597950">
						<ele>762</ele>
</trkpt>
					<trkpt lat="45.610270" lon="4.598130">
						<ele>761</ele>
</trkpt>
					<trkpt lat="45.610180" lon="4.598420">
						<ele>757</ele>
</trkpt>
					<trkpt lat="45.610180" lon="4.598520">
						<ele>757</ele>
</trkpt>
					<trkpt lat="45.610120" lon="4.598800">
						<ele>755</ele>
</trkpt>
					<trkpt lat="45.610130" lon="4.599050">
						<ele>755</ele>
</trkpt>
					<trkpt lat="45.610210" lon="4.599300">
						<ele>756</ele>
</trkpt>
					<trkpt lat="45.610470" lon="4.599730">
						<ele>758</ele>
</trkpt>
					<trkpt lat="45.610980" lon="4.600250">
						<ele>759</ele>
</trkpt>
					<trkpt lat="45.611700" lon="4.600620">
						<ele>759</ele>
</trkpt>
					<trkpt lat="45.611780" lon="4.600880">
						<ele>757</ele>
</trkpt>
					<trkpt lat="45.611800" lon="4.601390">
						<ele>751</ele>
</trkpt>
					<trkpt lat="45.611850" lon="4.601730">
						<ele>748</ele>
</trkpt>
					<trkpt lat="45.611870" lon="4.602030">
						<ele>744</ele>
</trkpt>
					<trkpt lat="45.612050" lon="4.602660">
						<ele>741</ele>
</trkpt>
					<trkpt lat="45.612060" lon="4.602760">
						<ele>740</ele>
</trkpt>
					<trkpt lat="45.612280" lon="4.603030">
						<ele>742</ele>
</trkpt>
					<trkpt lat="45.612370" lon="4.603200">
						<ele>741</ele>
</trkpt>
					<trkpt lat="45.612570" lon="4.603490">
						<ele>742</ele>
</trkpt>
					<trkpt lat="45.612800" lon="4.603640">
						<ele>748</ele>
</trkpt>
					<trkpt lat="45.612860" lon="4.603840">
						<ele>747</ele>
</trkpt>
					<trkpt lat="45.612930" lon="4.604010">
						<ele>748</ele>
</trkpt>
					<trkpt lat="45.612950" lon="4.604280">
						<ele>746</ele>
</trkpt>
					<trkpt lat="45.612980" lon="4.604520">
						<ele>746</ele>
</trkpt>
					<trkpt lat="45.612980" lon="4.604830">
						<ele>745</ele>
</trkpt>
					<trkpt lat="45.613000" lon="4.604990">
						<ele>745</ele>
</trkpt>
					<trkpt lat="45.613050" lon="4.605150">
						<ele>745</ele>
</trkpt>
					<trkpt lat="45.613230" lon="4.605430">
						<ele>747</ele>
</trkpt>
					<trkpt lat="45.613590" lon="4.605760">
						<ele>748</ele>
</trkpt>
					<trkpt lat="45.614000" lon="4.605810">
						<ele>752</ele>
</trkpt>
					<trkpt lat="45.614150" lon="4.605870">
						<ele>752</ele>
</trkpt>
					<trkpt lat="45.614390" lon="4.605840">
						<ele>754</ele>
</trkpt>
					<trkpt lat="45.614520" lon="4.605880">
						<ele>754</ele>
</trkpt>
					<trkpt lat="45.614580" lon="4.605880">
						<ele>755</ele>
</trkpt>
					<trkpt lat="45.614690" lon="4.605740">
						<ele>759</ele>
</trkpt>
					<trkpt lat="45.614760" lon="4.605740">
						<ele>759</ele>
</trkpt>
					<trkpt lat="45.614890" lon="4.605870">
						<ele>757</ele>
</trkpt>
					<trkpt lat="45.614970" lon="4.606000">
						<ele>754</ele>
</trkpt>
					<trkpt lat="45.615260" lon="4.606220">
						<ele>753</ele>
</trkpt>
					<trkpt lat="45.615350" lon="4.606350">
						<ele>752</ele>
</trkpt>
					<trkpt lat="45.615580" lon="4.606490">
						<ele>753</ele>
</trkpt>
					<trkpt lat="45.615820" lon="4.606760">
						<ele>752</ele>
</trkpt>
					<trkpt lat="45.616450" lon="4.607610">
						<ele>743</ele>
</trkpt>
					<trkpt lat="45.616520" lon="4.607680">
						<ele>743</ele>
</trkpt>
					<trkpt lat="45.616630" lon="4.607700">
						<ele>744</ele>
</trkpt>
					<trkpt lat="45.616780" lon="4.607640">
						<ele>747</ele>
</trkpt>
					<trkpt lat="45.616990" lon="4.607660">
						<ele>748</ele>
</trkpt>
					<trkpt lat="45.617110" lon="4.607590">
						<ele>751</ele>
</trkpt>
					<trkpt lat="45.617340" lon="4.607410">
						<ele>757</ele>
</trkpt>
					<trkpt lat="45.617470" lon="4.607480">
						<ele>757</ele>
</trkpt>
					<trkpt lat="45.617630" lon="4.607450">
						<ele>759</ele>
</trkpt>
					<trkpt lat="45.617720" lon="4.607550">
						<ele>757</ele>
</trkpt>
					<trkpt lat="45.617820" lon="4.607590">
						<ele>757</ele>
</trkpt>
					<trkpt lat="45.617820" lon="4.607940">
						<ele>747</ele>
</trkpt>
					<trkpt lat="45.617850" lon="4.608100">
						<ele>743</ele>
</trkpt>
					<trkpt lat="45.618140" lon="4.608510">
						<ele>734</ele>
</trkpt>
					<trkpt lat="45.618280" lon="4.608600">
						<ele>731</ele>
</trkpt>
					<trkpt lat="45.618660" lon="4.608530">
						<ele>731</ele>
</trkpt>
					<trkpt lat="45.618920" lon="4.608590">
						<ele>727</ele>
</trkpt>
					<trkpt lat="45.619520" lon="4.608900">
						<ele>710</ele>
</trkpt>
					<trkpt lat="45.619840" lon="4.608920">
						<ele>709</ele>
</trkpt>
					<trkpt lat="45.620010" lon="4.608860">
						<ele>711</ele>
</trkpt>
					<trkpt lat="45.620190" lon="4.608850">
						<ele>715</ele>
</trkpt>
					<trkpt lat="45.620320" lon="4.608860">
						<ele>718</ele>
</trkpt>
					<trkpt lat="45.620460" lon="4.608930">
						<ele>719</ele>
</trkpt>
					<trkpt lat="45.620520" lon="4.609100">
						<ele>717</ele>
</trkpt>
					<trkpt lat="45.620510" lon="4.609260">
						<ele>715</ele>
</trkpt>
					<trkpt lat="45.620330" lon="4.609680">
						<ele>704</ele>
</trkpt>
					<trkpt lat="45.620140" lon="4.610360">
						<ele>691</ele>
</trkpt>
					<trkpt lat="45.619950" lon="4.611160">
						<ele>682</ele>
</trkpt>
					<trkpt lat="45.619950" lon="4.611370">
						<ele>680</ele>
</trkpt>
					<trkpt lat="45.619980" lon="4.611530">
						<ele>680</ele>
</trkpt>
					<trkpt lat="45.620160" lon="4.611420">
						<ele>685</ele>
</trkpt>
					<trkpt lat="45.620250" lon="4.611250">
						<ele>689</ele>
</trkpt>
					<trkpt lat="45.620440" lon="4.611160">
						<ele>696</ele>
</trkpt>
					<trkpt lat="45.620720" lon="4.611010">
						<ele>706</ele>
</trkpt>
					<trkpt lat="45.620880" lon="4.610830">
						<ele>713</ele>
</trkpt>
					<trkpt lat="45.621040" lon="4.610430">
						<ele>722</ele>
</trkpt>
					<trkpt lat="45.621190" lon="4.610280">
						<ele>729</ele>
</trkpt>
					<trkpt lat="45.621370" lon="4.610280">
						<ele>735</ele>
</trkpt>
					<trkpt lat="45.621400" lon="4.610320">
						<ele>735</ele>
</trkpt>
					<trkpt lat="45.621450" lon="4.610220">
						<ele>739</ele>
</trkpt>
					<trkpt lat="45.621500" lon="4.609960">
						<ele>746</ele>
</trkpt>
					<trkpt lat="45.621580" lon="4.609890">
						<ele>750</ele>
</trkpt>
					<trkpt lat="45.621620" lon="4.609770">
						<ele>754</ele>
</trkpt>
					<trkpt lat="45.621690" lon="4.609650">
						<ele>758</ele>
</trkpt>
					<trkpt lat="45.621760" lon="4.609530">
						<ele>762</ele>
</trkpt>
					<trkpt lat="45.621810" lon="4.609510">
						<ele>764</ele>
</trkpt>
					<trkpt lat="45.621830" lon="4.609420">
						<ele>766</ele>
</trkpt>
					<trkpt lat="45.621830" lon="4.609310">
						<ele>768</ele>
</trkpt>
					<trkpt lat="45.621880" lon="4.609260">
						<ele>771</ele>
</trkpt>
					<trkpt lat="45.622010" lon="4.609270">
						<ele>775</ele>
</trkpt>
					<trkpt lat="45.622040" lon="4.609140">
						<ele>778</ele>
</trkpt>
					<trkpt lat="45.622070" lon="4.609100">
						<ele>779</ele>
</trkpt>
					<trkpt lat="45.622140" lon="4.609070">
						<ele>782</ele>
</trkpt>
					<trkpt lat="45.622190" lon="4.608980">
						<ele>784</ele>
</trkpt>
					<trkpt lat="45.622290" lon="4.608980">
						<ele>788</ele>
</trkpt>
					<trkpt lat="45.622340" lon="4.608900">
						<ele>790</ele>
</trkpt>
					<trkpt lat="45.622460" lon="4.608910">
						<ele>794</ele>
</trkpt>
					<trkpt lat="45.622620" lon="4.608790">
						<ele>800</ele>
</trkpt>
					<trkpt lat="45.622750" lon="4.608630">
						<ele>805</ele>
</trkpt>
					<trkpt lat="45.622950" lon="4.608480">
						<ele>813</ele>
</trkpt>
					<trkpt lat="45.623060" lon="4.608230">
						<ele>820</ele>
</trkpt>
					<trkpt lat="45.623270" lon="4.608020">
						<ele>829</ele>
</trkpt>
					<trkpt lat="45.623420" lon="4.607780">
						<ele>835</ele>
</trkpt>
					<trkpt lat="45.623590" lon="4.607760">
						<ele>839</ele>
</trkpt>
					<trkpt lat="45.623740" lon="4.607620">
						<ele>845</ele>
</trkpt>
					<trkpt lat="45.623920" lon="4.607620">
						<ele>849</ele>
</trkpt>
					<trkpt lat="45.623960" lon="4.607450">
						<ele>852</ele>
</trkpt>
					<trkpt lat="45.623950" lon="4.607170">
						<ele>851</ele>
</trkpt>
					<trkpt lat="45.623990" lon="4.606900">
						<ele>852</ele>
</trkpt>
					<trkpt lat="45.624100" lon="4.606770">
						<ele>856</ele>
</trkpt>
					<trkpt lat="45.624290" lon="4.606490">
						<ele>858</ele>
</trkpt>
					<trkpt lat="45.624390" lon="4.606120">
						<ele>856</ele>
</trkpt>
					<trkpt lat="45.624480" lon="4.606020">
						<ele>856</ele>
</trkpt>
					<trkpt lat="45.624660" lon="4.606010">
						<ele>857</ele>
</trkpt>
					<trkpt lat="45.624800" lon="4.606180">
						<ele>859</ele>
</trkpt>
					<trkpt lat="45.624890" lon="4.606160">
						<ele>859</ele>
</trkpt>
					<trkpt lat="45.625300" lon="4.605380">
						<ele>855</ele>
</trkpt>
					<trkpt lat="45.625290" lon="4.605310">
						<ele>855</ele>
</trkpt>
					<trkpt lat="45.625230" lon="4.605170">
						<ele>855</ele>
</trkpt>
					<trkpt lat="45.625230" lon="4.605100">
						<ele>855</ele>
</trkpt>
					<trkpt lat="45.625640" lon="4.604260">
						<ele>861</ele>
</trkpt>
					<trkpt lat="45.625750" lon="4.604090">
						<ele>863</ele>
</trkpt>
					<trkpt lat="45.625810" lon="4.604070">
						<ele>863</ele>
</trkpt>
					<trkpt lat="45.626060" lon="4.604090">
						<ele>861</ele>
</trkpt>
					<trkpt lat="45.626170" lon="4.604080">
						<ele>860</ele>
</trkpt>
					<trkpt lat="45.626300" lon="4.604020">
						<ele>859</ele>
</trkpt>
					<trkpt lat="45.626580" lon="4.603720">
						<ele>860</ele>
</trkpt>
					<trkpt lat="45.626870" lon="4.603510">
						<ele>859</ele>
</trkpt>
					<trkpt lat="45.627130" lon="4.603140">
						<ele>857</ele>
</trkpt>
					<trkpt lat="45.627330" lon="4.602960">
						<ele>854</ele>
</trkpt>
					<trkpt lat="45.627790" lon="4.602680">
						<ele>849</ele>
</trkpt>
					<trkpt lat="45.628570" lon="4.602340">
						<ele>840</ele>
</trkpt>
					<trkpt lat="45.628770" lon="4.602200">
						<ele>838</ele>
</trkpt>
					<trkpt lat="45.628870" lon="4.602030">
						<ele>838</ele>
</trkpt>
					<trkpt lat="45.628960" lon="4.601790">
						<ele>839</ele>
</trkpt>
					<trkpt lat="45.629070" lon="4.601680">
						<ele>839</ele>
</trkpt>
					<trkpt lat="45.629480" lon="4.600560">
						<ele>843</ele>
</trkpt>
					<trkpt lat="45.629560" lon="4.600390">
						<ele>843</ele>
</trkpt>
					<trkpt lat="45.629640" lon="4.600410">
						<ele>844</ele>
</trkpt>
					<trkpt lat="45.629740" lon="4.600390">
						<ele>844</ele>
</trkpt>
					<trkpt lat="45.629820" lon="4.600350">
						<ele>845</ele>
</trkpt>
					<trkpt lat="45.629860" lon="4.600290">
						<ele>845</ele>
</trkpt>
					<trkpt lat="45.630150" lon="4.599490">
						<ele>853</ele>
</trkpt>
					<trkpt lat="45.630220" lon="4.599120">
						<ele>855</ele>
</trkpt>
					<trkpt lat="45.630020" lon="4.598830">
						<ele>853</ele>
</trkpt>
					<trkpt lat="45.629980" lon="4.598750">
						<ele>852</ele>
</trkpt>
					<trkpt lat="45.629930" lon="4.598300">
						<ele>853</ele>
</trkpt>
					<trkpt lat="45.629940" lon="4.598110">
						<ele>854</ele>
</trkpt>
					<trkpt lat="45.630090" lon="4.598060">
						<ele>856</ele>
</trkpt>
					<trkpt lat="45.630070" lon="4.597710">
						<ele>857</ele>
</trkpt>
					<trkpt lat="45.630160" lon="4.597360">
						<ele>858</ele>
</trkpt>
					<trkpt lat="45.630770" lon="4.595420">
						<ele>859</ele>
</trkpt>
					<trkpt lat="45.630830" lon="4.595290">
						<ele>859</ele>
</trkpt>
					<trkpt lat="45.630930" lon="4.595180">
						<ele>859</ele>
</trkpt>
					<trkpt lat="45.630900" lon="4.595020">
						<ele>858</ele>
</trkpt>
					<trkpt lat="45.631020" lon="4.594640">
						<ele>855</ele>
</trkpt>
					<trkpt lat="45.631170" lon="4.594250">
						<ele>852</ele>
</trkpt>
					<trkpt lat="45.631310" lon="4.593710">
						<ele>844</ele>
</trkpt>
					<trkpt lat="45.631420" lon="4.593410">
						<ele>840</ele>
</trkpt>
					<trkpt lat="45.631780" lon="4.593590">
						<ele>841</ele>
</trkpt>
					<trkpt lat="45.631990" lon="4.593070">
						<ele>834</ele>
</trkpt>
					<trkpt lat="45.632090" lon="4.592930">
						<ele>832</ele>
</trkpt>
					<trkpt lat="45.632520" lon="4.592660">
						<ele>826</ele>
</trkpt>
					<trkpt lat="45.633260" lon="4.592500">
						<ele>822</ele>
</trkpt>
					<trkpt lat="45.633370" lon="4.592440">
						<ele>822</ele>
</trkpt>
					<trkpt lat="45.633490" lon="4.592290">
						<ele>824</ele>
</trkpt>
					<trkpt lat="45.633620" lon="4.591880">
						<ele>825</ele>
</trkpt>
					<trkpt lat="45.633680" lon="4.591780">
						<ele>826</ele>
</trkpt>
					<trkpt lat="45.633670" lon="4.591550">
						<ele>825</ele>
</trkpt>
					<trkpt lat="45.633700" lon="4.591370">
						<ele>826</ele>
</trkpt>
					<trkpt lat="45.633670" lon="4.590560">
						<ele>824</ele>
</trkpt>
					<trkpt lat="45.633750" lon="4.590110">
						<ele>824</ele>
</trkpt>
					<trkpt lat="45.633790" lon="4.589810">
						<ele>824</ele>
</trkpt>
					<trkpt lat="45.633850" lon="4.589530">
						<ele>824</ele>
</trkpt>
					<trkpt lat="45.633860" lon="4.589330">
						<ele>823</ele>
</trkpt>
					<trkpt lat="45.634080" lon="4.587440">
						<ele>825</ele>
</trkpt>
					<trkpt lat="45.634370" lon="4.587700">
						<ele>834</ele>
</trkpt>
					<trkpt lat="45.634900" lon="4.588610">
						<ele>847</ele>
</trkpt>
					<trkpt lat="45.634940" lon="4.588490">
						<ele>848</ele>
</trkpt>
					<trkpt lat="45.634940" lon="4.588290">
						<ele>849</ele>
</trkpt>
					<trkpt lat="45.634830" lon="4.587970">
						<ele>848</ele>
</trkpt>
					<trkpt lat="45.634560" lon="4.586900">
						<ele>843</ele>
</trkpt>
					<trkpt lat="45.634360" lon="4.585810">
						<ele>837</ele>
</trkpt>
					<trkpt lat="45.634220" lon="4.585200">
						<ele>834</ele>
</trkpt>
					<trkpt lat="45.633850" lon="4.583050">
						<ele>834</ele>
</trkpt>
					<trkpt lat="45.633860" lon="4.582760">
						<ele>835</ele>
</trkpt>
					<trkpt lat="45.633840" lon="4.582220">
						<ele>835</ele>
</trkpt>
					<trkpt lat="45.634150" lon="4.582290">
						<ele>838</ele>
</trkpt>
					<trkpt lat="45.634630" lon="4.582630">
						<ele>840</ele>
</trkpt>
					<trkpt lat="45.634870" lon="4.582870">
						<ele>842</ele>
</trkpt>
					<trkpt lat="45.635040" lon="4.583010">
						<ele>844</ele>
</trkpt>
					<trkpt lat="45.635440" lon="4.583590">
						<ele>849</ele>
</trkpt>
					<trkpt lat="45.635740" lon="4.583970">
						<ele>853</ele>
</trkpt>
					<trkpt lat="45.635980" lon="4.584200">
						<ele>856</ele>
</trkpt>
					<trkpt lat="45.636400" lon="4.584520">
						<ele>861</ele>
</trkpt>
					<trkpt lat="45.636430" lon="4.584580">
						<ele>861</ele>
</trkpt>
					<trkpt lat="45.636280" lon="4.584650">
						<ele>861</ele>
</trkpt>
					<trkpt lat="45.636290" lon="4.584770">
						<ele>862</ele>
</trkpt>
					<trkpt lat="45.636180" lon="4.584930">
						<ele>863</ele>
</trkpt>
					<trkpt lat="45.636130" lon="4.585060">
						<ele>864</ele>
</trkpt>
					<trkpt lat="45.636110" lon="4.585200">
						<ele>865</ele>
</trkpt>
					<trkpt lat="45.636130" lon="4.585510">
						<ele>868</ele>
</trkpt>
					<trkpt lat="45.636110" lon="4.585650">
						<ele>869</ele>
</trkpt>
					<trkpt lat="45.635950" lon="4.586170">
						<ele>873</ele>
</trkpt>
					<trkpt lat="45.635920" lon="4.586290">
						<ele>874</ele>
</trkpt>
					<trkpt lat="45.635930" lon="4.586500">
						<ele>877</ele>
</trkpt>
					<trkpt lat="45.635980" lon="4.586680">
						<ele>879</ele>
</trkpt>
					<trkpt lat="45.636110" lon="4.586900">
						<ele>881</ele>
</trkpt>
					<trkpt lat="45.636160" lon="4.586960">
						<ele>881</ele>
</trkpt>
					<trkpt lat="45.636420" lon="4.587020">
						<ele>884</ele>
</trkpt>
					<trkpt lat="45.636730" lon="4.587060">
						<ele>887</ele>
</trkpt>
					<trkpt lat="45.637080" lon="4.587110">
						<ele>890</ele>
</trkpt>
					<trkpt lat="45.637530" lon="4.587160">
						<ele>894</ele>
</trkpt>
					<trkpt lat="45.637690" lon="4.587090">
						<ele>894</ele>
</trkpt>
					<trkpt lat="45.637820" lon="4.586960">
						<ele>894</ele>
</trkpt>
					<trkpt lat="45.637920" lon="4.586920">
						<ele>894</ele>
</trkpt>
					<trkpt lat="45.638010" lon="4.586960">
						<ele>895</ele>
</trkpt>
					<trkpt lat="45.638670" lon="4.587390">
						<ele>896</ele>
</trkpt>
					<trkpt lat="45.638820" lon="4.587440">
						<ele>896</ele>
</trkpt>
					<trkpt lat="45.639230" lon="4.587920">
						<ele>893</ele>
</trkpt>
					<trkpt lat="45.639360" lon="4.588000">
						<ele>892</ele>
</trkpt>
					<trkpt lat="45.639520" lon="4.588090">
						<ele>891</ele>
</trkpt>
					<trkpt lat="45.639670" lon="4.588110">
						<ele>890</ele>
</trkpt>
					<trkpt lat="45.639840" lon="4.588090">
						<ele>889</ele>
</trkpt>
					<trkpt lat="45.640020" lon="4.588030">
						<ele>887</ele>
</trkpt>
					<trkpt lat="45.640720" lon="4.587980">
						<ele>874</ele>
</trkpt>
					<trkpt lat="45.640810" lon="4.588000">
						<ele>872</ele>
</trkpt>
					<trkpt lat="45.640730" lon="4.588300">
						<ele>876</ele>
</trkpt>
					<trkpt lat="45.640450" lon="4.588840">
						<ele>883</ele>
</trkpt>
					<trkpt lat="45.640430" lon="4.589010">
						<ele>884</ele>
</trkpt>
					<trkpt lat="45.640460" lon="4.589450">
						<ele>885</ele>
</trkpt>
					<trkpt lat="45.640440" lon="4.589900">
						<ele>887</ele>
</trkpt>
					<trkpt lat="45.640380" lon="4.590230">
						<ele>889</ele>
</trkpt>
					<trkpt lat="45.640160" lon="4.590680">
						<ele>896</ele>
</trkpt>
					<trkpt lat="45.639960" lon="4.591130">
						<ele>901</ele>
</trkpt>
					<trkpt lat="45.639720" lon="4.591360">
						<ele>906</ele>
</trkpt>
					<trkpt lat="45.639540" lon="4.591560">
						<ele>910</ele>
</trkpt>
					<trkpt lat="45.639440" lon="4.591750">
						<ele>912</ele>
</trkpt>
					<trkpt lat="45.639490" lon="4.592050">
						<ele>913</ele>
</trkpt>
					<trkpt lat="45.639620" lon="4.592390">
						<ele>914</ele>
</trkpt>
					<trkpt lat="45.639690" lon="4.592980">
						<ele>917</ele>
</trkpt>
					<trkpt lat="45.639750" lon="4.593310">
						<ele>919</ele>
</trkpt>
					<trkpt lat="45.639690" lon="4.593630">
						<ele>921</ele>
</trkpt>
					<trkpt lat="45.639460" lon="4.594200">
						<ele>925</ele>
</trkpt>
					<trkpt lat="45.639390" lon="4.594250">
						<ele>925</ele>
</trkpt>
					<trkpt lat="45.639200" lon="4.594290">
						<ele>925</ele>
</trkpt>
					<trkpt lat="45.638940" lon="4.594530">
						<ele>923</ele>
</trkpt>
					<trkpt lat="45.638790" lon="4.594570">
						<ele>922</ele>
</trkpt>
					<trkpt lat="45.638590" lon="4.594570">
						<ele>922</ele>
</trkpt>
					<trkpt lat="45.638300" lon="4.594600">
						<ele>920</ele>
</trkpt>
					<trkpt lat="45.638100" lon="4.594540">
						<ele>919</ele>
</trkpt>
					<trkpt lat="45.638000" lon="4.594470">
						<ele>919</ele>
</trkpt>
					<trkpt lat="45.637610" lon="4.593890">
						<ele>923</ele>
</trkpt>
					<trkpt lat="45.637330" lon="4.593570">
						<ele>921</ele>
</trkpt>
					<trkpt lat="45.637210" lon="4.593410">
						<ele>920</ele>
</trkpt>
					<trkpt lat="45.637180" lon="4.593210">
						<ele>919</ele>
</trkpt>
					<trkpt lat="45.637040" lon="4.592960">
						<ele>914</ele>
</trkpt>
					<trkpt lat="45.636880" lon="4.592620">
						<ele>908</ele>
</trkpt>
					<trkpt lat="45.636860" lon="4.592300">
						<ele>906</ele>
</trkpt>
					<trkpt lat="45.636720" lon="4.592090">
						<ele>901</ele>
</trkpt>
					<trkpt lat="45.636630" lon="4.591870">
						<ele>897</ele>
</trkpt>
					<trkpt lat="45.636570" lon="4.591770">
						<ele>895</ele>
</trkpt>
					<trkpt lat="45.636470" lon="4.591830">
						<ele>893</ele>
</trkpt>
					<trkpt lat="45.635790" lon="4.592550">
						<ele>882</ele>
</trkpt>
					<trkpt lat="45.635690" lon="4.592740">
						<ele>879</ele>
</trkpt>
					<trkpt lat="45.635310" lon="4.593750">
						<ele>864</ele>
</trkpt>
					<trkpt lat="45.635170" lon="4.594010">
						<ele>859</ele>
</trkpt>
					<trkpt lat="45.635110" lon="4.594170">
						<ele>857</ele>
</trkpt>
					<trkpt lat="45.635080" lon="4.594210">
						<ele>856</ele>
</trkpt>
					<trkpt lat="45.635040" lon="4.594640">
						<ele>855</ele>
</trkpt>
					<trkpt lat="45.635130" lon="4.594760">
						<ele>857</ele>
</trkpt>
					<trkpt lat="45.635250" lon="4.595700">
						<ele>859</ele>
</trkpt>
					<trkpt lat="45.635340" lon="4.595860">
						<ele>860</ele>
</trkpt>
					<trkpt lat="45.635480" lon="4.596040">
						<ele>861</ele>
</trkpt>
					<trkpt lat="45.635580" lon="4.596190">
						<ele>862</ele>
</trkpt>
					<trkpt lat="45.635660" lon="4.596420">
						<ele>862</ele>
</trkpt>
					<trkpt lat="45.635710" lon="4.596640">
						<ele>861</ele>
</trkpt>
					<trkpt lat="45.635760" lon="4.596750">
						<ele>861</ele>
</trkpt>
					<trkpt lat="45.635880" lon="4.596850">
						<ele>861</ele>
</trkpt>
					<trkpt lat="45.635980" lon="4.596980">
						<ele>860</ele>
</trkpt>
					<trkpt lat="45.636100" lon="4.597380">
						<ele>857</ele>
</trkpt>
					<trkpt lat="45.636160" lon="4.598050">
						<ele>854</ele>
</trkpt>
					<trkpt lat="45.636350" lon="4.598890">
						<ele>851</ele>
</trkpt>
					<trkpt lat="45.636650" lon="4.599370">
						<ele>846</ele>
</trkpt>
					<trkpt lat="45.636820" lon="4.599540">
						<ele>843</ele>
</trkpt>
					<trkpt lat="45.637190" lon="4.600230">
						<ele>840</ele>
</trkpt>
					<trkpt lat="45.637410" lon="4.600460">
						<ele>838</ele>
</trkpt>
					<trkpt lat="45.637750" lon="4.601180">
						<ele>829</ele>
</trkpt>
					<trkpt lat="45.637870" lon="4.601340">
						<ele>826</ele>
</trkpt>
					<trkpt lat="45.637960" lon="4.601520">
						<ele>823</ele>
</trkpt>
					<trkpt lat="45.638090" lon="4.601600">
						<ele>820</ele>
</trkpt>
					<trkpt lat="45.638200" lon="4.601750">
						<ele>818</ele>
</trkpt>
					<trkpt lat="45.638500" lon="4.602520">
						<ele>805</ele>
</trkpt>
					<trkpt lat="45.638910" lon="4.602970">
						<ele>798</ele>
</trkpt>
					<trkpt lat="45.639240" lon="4.603300">
						<ele>796</ele>
</trkpt>
					<trkpt lat="45.639340" lon="4.603510">
						<ele>794</ele>
</trkpt>
					<trkpt lat="45.639460" lon="4.603680">
						<ele>792</ele>
</trkpt>
					<trkpt lat="45.639700" lon="4.603830">
						<ele>791</ele>
</trkpt>
					<trkpt lat="45.639950" lon="4.604030">
						<ele>790</ele>
</trkpt>
					<trkpt lat="45.640130" lon="4.604110">
						<ele>789</ele>
</trkpt>
					<trkpt lat="45.640460" lon="4.604420">
						<ele>783</ele>
</trkpt>
					<trkpt lat="45.640570" lon="4.604610">
						<ele>781</ele>
</trkpt>
					<trkpt lat="45.640640" lon="4.604850">
						<ele>778</ele>
</trkpt>
					<trkpt lat="45.640620" lon="4.605070">
						<ele>775</ele>
</trkpt>
					<trkpt lat="45.640470" lon="4.605180">
						<ele>772</ele>
</trkpt>
					<trkpt lat="45.640270" lon="4.605250">
						<ele>769</ele>
</trkpt>
					<trkpt lat="45.640000" lon="4.605190">
						<ele>768</ele>
</trkpt>
					<trkpt lat="45.639900" lon="4.605230">
						<ele>766</ele>
</trkpt>
					<trkpt lat="45.639750" lon="4.605380">
						<ele>761</ele>
</trkpt>
					<trkpt lat="45.639630" lon="4.605460">
						<ele>758</ele>
</trkpt>
					<trkpt lat="45.638820" lon="4.605850">
						<ele>742</ele>
</trkpt>
					<trkpt lat="45.638530" lon="4.605950">
						<ele>738</ele>
</trkpt>
					<trkpt lat="45.638270" lon="4.605980">
						<ele>737</ele>
</trkpt>
					<trkpt lat="45.638020" lon="4.606150">
						<ele>735</ele>
</trkpt>
					<trkpt lat="45.637690" lon="4.606750">
						<ele>730</ele>
</trkpt>
					<trkpt lat="45.637740" lon="4.607270">
						<ele>723</ele>
</trkpt>
					<trkpt lat="45.637740" lon="4.607850">
						<ele>714</ele>
</trkpt>
					<trkpt lat="45.637960" lon="4.608840">
						<ele>695</ele>
</trkpt>
					<trkpt lat="45.638040" lon="4.609440">
						<ele>687</ele>
</trkpt>
					<trkpt lat="45.638110" lon="4.609700">
						<ele>682</ele>
</trkpt>
					<trkpt lat="45.638150" lon="4.610150">
						<ele>677</ele>
</trkpt>
					<trkpt lat="45.638380" lon="4.610920">
						<ele>667</ele>
</trkpt>
					<trkpt lat="45.638500" lon="4.611230">
						<ele>664</ele>
</trkpt>
					<trkpt lat="45.638620" lon="4.611340">
						<ele>660</ele>
</trkpt>
					<trkpt lat="45.638750" lon="4.611360">
						<ele>656</ele>
</trkpt>
					<trkpt lat="45.638690" lon="4.610990">
						<ele>657</ele>
</trkpt>
					<trkpt lat="45.638720" lon="4.610880">
						<ele>655</ele>
</trkpt>
					<trkpt lat="45.638810" lon="4.610860">
						<ele>652</ele>
</trkpt>
					<trkpt lat="45.639200" lon="4.611930">
						<ele>641</ele>
</trkpt>
					<trkpt lat="45.639200" lon="4.612260">
						<ele>639</ele>
</trkpt>
					<trkpt lat="45.638910" lon="4.613390">
						<ele>632</ele>
</trkpt>
					<trkpt lat="45.638810" lon="4.613660">
						<ele>630</ele>
</trkpt>
					<trkpt lat="45.638800" lon="4.613760">
						<ele>629</ele>
</trkpt>
					<trkpt lat="45.638790" lon="4.614220">
						<ele>625</ele>
</trkpt>
					<trkpt lat="45.638830" lon="4.614910">
						<ele>625</ele>
</trkpt>
					<trkpt lat="45.638880" lon="4.615300">
						<ele>626</ele>
</trkpt>
					<trkpt lat="45.639060" lon="4.615960">
						<ele>631</ele>
</trkpt>
					<trkpt lat="45.639130" lon="4.616270">
						<ele>634</ele>
</trkpt>
					<trkpt lat="45.639100" lon="4.616320">
						<ele>634</ele>
</trkpt>
					<trkpt lat="45.639020" lon="4.616580">
						<ele>633</ele>
</trkpt>
					<trkpt lat="45.638900" lon="4.617460">
						<ele>635</ele>
</trkpt>
					<trkpt lat="45.638640" lon="4.618620">
						<ele>635</ele>
</trkpt>
					<trkpt lat="45.638640" lon="4.618760">
						<ele>634</ele>
</trkpt>
					<trkpt lat="45.638670" lon="4.618950">
						<ele>634</ele>
</trkpt>
					<trkpt lat="45.638810" lon="4.619250">
						<ele>635</ele>
</trkpt>
					<trkpt lat="45.638910" lon="4.619560">
						<ele>634</ele>
</trkpt>
					<trkpt lat="45.638960" lon="4.619820">
						<ele>632</ele>
</trkpt>
					<trkpt lat="45.638940" lon="4.620050">
						<ele>631</ele>
</trkpt>
					<trkpt lat="45.638770" lon="4.620430">
						<ele>631</ele>
</trkpt>
					<trkpt lat="45.638470" lon="4.620900">
						<ele>629</ele>
</trkpt>
					<trkpt lat="45.638130" lon="4.621380">
						<ele>626</ele>
</trkpt>
					<trkpt lat="45.637870" lon="4.621990">
						<ele>626</ele>
</trkpt>
					<trkpt lat="45.637540" lon="4.622630">
						<ele>625</ele>
</trkpt>
					<trkpt lat="45.637370" lon="4.622860">
						<ele>622</ele>
</trkpt>
					<trkpt lat="45.637200" lon="4.623300">
						<ele>620</ele>
</trkpt>
					<trkpt lat="45.637160" lon="4.623520">
						<ele>618</ele>
</trkpt>
					<trkpt lat="45.637180" lon="4.623730">
						<ele>617</ele>
</trkpt>
					<trkpt lat="45.637400" lon="4.624150">
						<ele>620</ele>
</trkpt>
					<trkpt lat="45.637380" lon="4.624590">
						<ele>620</ele>
</trkpt>
					<trkpt lat="45.637260" lon="4.624790">
						<ele>617</ele>
</trkpt>
					<trkpt lat="45.637040" lon="4.625000">
						<ele>613</ele>
</trkpt>
					<trkpt lat="45.636900" lon="4.625090">
						<ele>611</ele>
</trkpt>
					<trkpt lat="45.636900" lon="4.625140">
						<ele>611</ele>
</trkpt>
					<trkpt lat="45.636800" lon="4.625540">
						<ele>613</ele>
</trkpt>
					<trkpt lat="45.636690" lon="4.625800">
						<ele>612</ele>
</trkpt>
					<trkpt lat="45.636270" lon="4.627000">
						<ele>604</ele>
</trkpt>
					<trkpt lat="45.636020" lon="4.627370">
						<ele>596</ele>
</trkpt>
					<trkpt lat="45.635840" lon="4.627680">
						<ele>591</ele>
</trkpt>
					<trkpt lat="45.635760" lon="4.628000">
						<ele>588</ele>
</trkpt>
					<trkpt lat="45.635740" lon="4.628370">
						<ele>586</ele>
</trkpt>
					<trkpt lat="45.635710" lon="4.628660">
						<ele>583</ele>
</trkpt>
					<trkpt lat="45.635650" lon="4.628860">
						<ele>581</ele>
</trkpt>
					<trkpt lat="45.635510" lon="4.629170">
						<ele>576</ele>
</trkpt>
					<trkpt lat="45.635390" lon="4.629370">
						<ele>572</ele>
</trkpt>
					<trkpt lat="45.635390" lon="4.629410">
						<ele>572</ele>
</trkpt>
					<trkpt lat="45.635520" lon="4.629480">
						<ele>572</ele>
</trkpt>
					<trkpt lat="45.635830" lon="4.629550">
						<ele>575</ele>
</trkpt>
					<trkpt lat="45.635990" lon="4.629550">
						<ele>577</ele>
</trkpt>
					<trkpt lat="45.636150" lon="4.629570">
						<ele>579</ele>
</trkpt>
					<trkpt lat="45.636410" lon="4.629540">
						<ele>583</ele>
</trkpt>
					<trkpt lat="45.636890" lon="4.629530">
						<ele>590</ele>
</trkpt>
					<trkpt lat="45.637400" lon="4.629780">
						<ele>594</ele>
</trkpt>
					<trkpt lat="45.637520" lon="4.629910">
						<ele>594</ele>
</trkpt>
					<trkpt lat="45.637940" lon="4.630910">
						<ele>602</ele>
</trkpt>
					<trkpt lat="45.638040" lon="4.631030">
						<ele>604</ele>
</trkpt>
					<trkpt lat="45.638150" lon="4.631080">
						<ele>607</ele>
</trkpt>
					<trkpt lat="45.638360" lon="4.631010">
						<ele>612</ele>
</trkpt>
					<trkpt lat="45.638690" lon="4.630800">
						<ele>620</ele>
</trkpt>
					<trkpt lat="45.638960" lon="4.630720">
						<ele>625</ele>
</trkpt>
					<trkpt lat="45.639650" lon="4.630420">
						<ele>635</ele>
</trkpt>
					<trkpt lat="45.639960" lon="4.630230">
						<ele>639</ele>
</trkpt>
					<trkpt lat="45.640280" lon="4.630070">
						<ele>639</ele>
</trkpt>
					<trkpt lat="45.640890" lon="4.629850">
						<ele>637</ele>
</trkpt>
					<trkpt lat="45.641120" lon="4.629690">
						<ele>635</ele>
</trkpt>
					<trkpt lat="45.641270" lon="4.629530">
						<ele>635</ele>
</trkpt>
					<trkpt lat="45.641440" lon="4.629410">
						<ele>634</ele>
</trkpt>
					<trkpt lat="45.642140" lon="4.629040">
						<ele>627</ele>
</trkpt>
					<trkpt lat="45.642810" lon="4.628620">
						<ele>619</ele>
</trkpt>
					<trkpt lat="45.642860" lon="4.628870">
						<ele>617</ele>
</trkpt>
					<trkpt lat="45.643150" lon="4.629740">
						<ele>612</ele>
</trkpt>
					<trkpt lat="45.643210" lon="4.630050">
						<ele>611</ele>
</trkpt>
					<trkpt lat="45.643250" lon="4.630480">
						<ele>610</ele>
</trkpt>
					<trkpt lat="45.643370" lon="4.630840">
						<ele>610</ele>
</trkpt>
					<trkpt lat="45.643280" lon="4.631380">
						<ele>604</ele>
</trkpt>
					<trkpt lat="45.643260" lon="4.631590">
						<ele>601</ele>
</trkpt>
					<trkpt lat="45.643270" lon="4.631840">
						<ele>600</ele>
</trkpt>
					<trkpt lat="45.643330" lon="4.632310">
						<ele>598</ele>
</trkpt>
					<trkpt lat="45.643330" lon="4.632440">
						<ele>597</ele>
</trkpt>
					<trkpt lat="45.643260" lon="4.632840">
						<ele>592</ele>
</trkpt>
					<trkpt lat="45.643240" lon="4.633590">
						<ele>585</ele>
</trkpt>
					<trkpt lat="45.643210" lon="4.633770">
						<ele>582</ele>
</trkpt>
					<trkpt lat="45.643060" lon="4.633840">
						<ele>578</ele>
</trkpt>
					<trkpt lat="45.642890" lon="4.634040">
						<ele>574</ele>
</trkpt>
					<trkpt lat="45.642710" lon="4.634650">
						<ele>564</ele>
</trkpt>
					<trkpt lat="45.642190" lon="4.635610">
						<ele>541</ele>
</trkpt>
					<trkpt lat="45.641820" lon="4.636050">
						<ele>532</ele>
</trkpt>
					<trkpt lat="45.641690" lon="4.636470">
						<ele>527</ele>
</trkpt>
					<trkpt lat="45.641500" lon="4.636700">
						<ele>522</ele>
</trkpt>
					<trkpt lat="45.641360" lon="4.636660">
						<ele>520</ele>
</trkpt>
					<trkpt lat="45.641100" lon="4.636380">
						<ele>517</ele>
</trkpt>
					<trkpt lat="45.641090" lon="4.636800">
						<ele>514</ele>
</trkpt>
					<trkpt lat="45.641120" lon="4.636910">
						<ele>514</ele>
</trkpt>
					<trkpt lat="45.641330" lon="4.637030">
						<ele>517</ele>
</trkpt>
					<trkpt lat="45.641390" lon="4.637270">
						<ele>517</ele>
</trkpt>
					<trkpt lat="45.641290" lon="4.637550">
						<ele>514</ele>
</trkpt>
					<trkpt lat="45.641180" lon="4.637740">
						<ele>512</ele>
</trkpt>
					<trkpt lat="45.641160" lon="4.638040">
						<ele>513</ele>
</trkpt>
					<trkpt lat="45.641150" lon="4.638300">
						<ele>514</ele>
</trkpt>
					<trkpt lat="45.641270" lon="4.639230">
						<ele>522</ele>
</trkpt>
					<trkpt lat="45.641290" lon="4.639240">
						<ele>522</ele>
</trkpt>
					<trkpt lat="45.641330" lon="4.639240">
						<ele>523</ele>
</trkpt>
					<trkpt lat="45.641400" lon="4.638950">
						<ele>524</ele>
</trkpt>
					<trkpt lat="45.641530" lon="4.638650">
						<ele>527</ele>
</trkpt>
					<trkpt lat="45.641780" lon="4.638280">
						<ele>531</ele>
</trkpt>
					<trkpt lat="45.641810" lon="4.638320">
						<ele>532</ele>
</trkpt>
					<trkpt lat="45.641830" lon="4.639010">
						<ele>536</ele>
</trkpt>
					<trkpt lat="45.641880" lon="4.639230">
						<ele>538</ele>
</trkpt>
					<trkpt lat="45.642010" lon="4.639430">
						<ele>540</ele>
</trkpt>
					<trkpt lat="45.642150" lon="4.639560">
						<ele>542</ele>
</trkpt>
					<trkpt lat="45.642270" lon="4.639630">
						<ele>544</ele>
</trkpt>
					<trkpt lat="45.642890" lon="4.639830">
						<ele>549</ele>
</trkpt>
					<trkpt lat="45.643600" lon="4.639920">
						<ele>551</ele>
</trkpt>
					<trkpt lat="45.644250" lon="4.639960">
						<ele>551</ele>
</trkpt>
					<trkpt lat="45.644600" lon="4.640080">
						<ele>550</ele>
</trkpt>
					<trkpt lat="45.644810" lon="4.640200">
						<ele>549</ele>
</trkpt>
					<trkpt lat="45.644870" lon="4.640280">
						<ele>549</ele>
</trkpt>
					<trkpt lat="45.644930" lon="4.640530">
						<ele>547</ele>
</trkpt>
					<trkpt lat="45.644970" lon="4.640930">
						<ele>544</ele>
</trkpt>
					<trkpt lat="45.644960" lon="4.641200">
						<ele>543</ele>
</trkpt>
					<trkpt lat="45.644880" lon="4.641940">
						<ele>539</ele>
</trkpt>
					<trkpt lat="45.644860" lon="4.642500">
						<ele>540</ele>
</trkpt>
					<trkpt lat="45.645350" lon="4.642390">
						<ele>540</ele>
</trkpt>
					<trkpt lat="45.645560" lon="4.642260">
						<ele>539</ele>
</trkpt>
					<trkpt lat="45.645780" lon="4.641930">
						<ele>539</ele>
</trkpt>
					<trkpt lat="45.645930" lon="4.641630">
						<ele>539</ele>
</trkpt>
					<trkpt lat="45.646050" lon="4.641280">
						<ele>541</ele>
</trkpt>
					<trkpt lat="45.646160" lon="4.641200">
						<ele>542</ele>
</trkpt>
					<trkpt lat="45.646290" lon="4.641230">
						<ele>541</ele>
</trkpt>
					<trkpt lat="45.646670" lon="4.641510">
						<ele>539</ele>
</trkpt>
					<trkpt lat="45.646930" lon="4.641530">
						<ele>541</ele>
</trkpt>
					<trkpt lat="45.647730" lon="4.641200">
						<ele>547</ele>
</trkpt>
					<trkpt lat="45.648020" lon="4.641300">
						<ele>549</ele>
</trkpt>
					<trkpt lat="45.648460" lon="4.641520">
						<ele>550</ele>
</trkpt>
					<trkpt lat="45.648590" lon="4.641720">
						<ele>550</ele>
</trkpt>
					<trkpt lat="45.648720" lon="4.642010">
						<ele>550</ele>
</trkpt>
					<trkpt lat="45.648850" lon="4.642420">
						<ele>550</ele>
</trkpt>
					<trkpt lat="45.648940" lon="4.642500">
						<ele>551</ele>
</trkpt>
					<trkpt lat="45.649210" lon="4.642470">
						<ele>554</ele>
</trkpt>
					<trkpt lat="45.649390" lon="4.642420">
						<ele>554</ele>
</trkpt>
					<trkpt lat="45.649600" lon="4.642780">
						<ele>552</ele>
</trkpt>
					<trkpt lat="45.649970" lon="4.643580">
						<ele>547</ele>
</trkpt>
					<trkpt lat="45.650380" lon="4.644220">
						<ele>543</ele>
</trkpt>
					<trkpt lat="45.650580" lon="4.644590">
						<ele>543</ele>
</trkpt>
					<trkpt lat="45.651230" lon="4.644430">
						<ele>542</ele>
</trkpt>
					<trkpt lat="45.651330" lon="4.644380">
						<ele>542</ele>
</trkpt>
					<trkpt lat="45.651490" lon="4.644280">
						<ele>541</ele>
</trkpt>
					<trkpt lat="45.652370" lon="4.643350">
						<ele>535</ele>
</trkpt>
					<trkpt lat="45.653050" lon="4.643040">
						<ele>525</ele>
</trkpt>
					<trkpt lat="45.653280" lon="4.642860">
						<ele>521</ele>
</trkpt>
					<trkpt lat="45.653460" lon="4.642760">
						<ele>517</ele>
</trkpt>
					<trkpt lat="45.653760" lon="4.642760">
						<ele>511</ele>
</trkpt>
					<trkpt lat="45.654440" lon="4.642830">
						<ele>500</ele>
</trkpt>
					<trkpt lat="45.654590" lon="4.642830">
						<ele>498</ele>
</trkpt>
					<trkpt lat="45.654680" lon="4.642760">
						<ele>497</ele>
</trkpt>
					<trkpt lat="45.654810" lon="4.642480">
						<ele>495</ele>
</trkpt>
					<trkpt lat="45.654930" lon="4.642380">
						<ele>492</ele>
</trkpt>
					<trkpt lat="45.655300" lon="4.641870">
						<ele>487</ele>
</trkpt>
					<trkpt lat="45.655520" lon="4.641510">
						<ele>484</ele>
</trkpt>
					<trkpt lat="45.655920" lon="4.641090">
						<ele>481</ele>
</trkpt>
					<trkpt lat="45.656460" lon="4.640590">
						<ele>470</ele>
</trkpt>
					<trkpt lat="45.657160" lon="4.640150">
						<ele>453</ele>
</trkpt>
					<trkpt lat="45.657400" lon="4.639940">
						<ele>447</ele>
</trkpt>
					<trkpt lat="45.657530" lon="4.639550">
						<ele>440</ele>
</trkpt>
					<trkpt lat="45.657780" lon="4.639310">
						<ele>432</ele>
</trkpt>
					<trkpt lat="45.658170" lon="4.639240">
						<ele>426</ele>
</trkpt>
					<trkpt lat="45.658870" lon="4.639350">
						<ele>417</ele>
</trkpt>
					<trkpt lat="45.659150" lon="4.639520">
						<ele>413</ele>
</trkpt>
					<trkpt lat="45.659700" lon="4.639080">
						<ele>412</ele>
</trkpt>
					<trkpt lat="45.659820" lon="4.639340">
						<ele>410</ele>
</trkpt>
					<trkpt lat="45.659870" lon="4.639530">
						<ele>409</ele>
</trkpt>
					<trkpt lat="45.659890" lon="4.639950">
						<ele>409</ele>
</trkpt>
					<trkpt lat="45.660080" lon="4.640320">
						<ele>412</ele>
</trkpt>
					<trkpt lat="45.660320" lon="4.641030">
						<ele>418</ele>
</trkpt>
					<trkpt lat="45.660260" lon="4.641140">
						<ele>421</ele>
</trkpt>
					<trkpt lat="45.660080" lon="4.641230">
						<ele>426</ele>
</trkpt>
					<trkpt lat="45.659730" lon="4.641250">
						<ele>428</ele>
</trkpt>
					<trkpt lat="45.659540" lon="4.641350">
						<ele>429</ele>
</trkpt>
					<trkpt lat="45.659330" lon="4.641520">
						<ele>432</ele>
</trkpt>
					<trkpt lat="45.659280" lon="4.641750">
						<ele>437</ele>
</trkpt>
					<trkpt lat="45.659190" lon="4.641960">
						<ele>441</ele>
</trkpt>
					<trkpt lat="45.659200" lon="4.642140">
						<ele>444</ele>
</trkpt>
					<trkpt lat="45.659330" lon="4.642310">
						<ele>447</ele>
</trkpt>
					<trkpt lat="45.659430" lon="4.642360">
						<ele>448</ele>
</trkpt>
					<trkpt lat="45.659540" lon="4.642550">
						<ele>450</ele>
</trkpt>
					<trkpt lat="45.659630" lon="4.642780">
						<ele>452</ele>
</trkpt>
					<trkpt lat="45.659760" lon="4.643000">
						<ele>454</ele>
</trkpt>
					<trkpt lat="45.659820" lon="4.643250">
						<ele>457</ele>
</trkpt>
					<trkpt lat="45.659770" lon="4.643570">
						<ele>459</ele>
</trkpt>
					<trkpt lat="45.659550" lon="4.644330">
						<ele>467</ele>
</trkpt>
					<trkpt lat="45.659410" lon="4.644560">
						<ele>471</ele>
</trkpt>
					<trkpt lat="45.659150" lon="4.644860">
						<ele>477</ele>
</trkpt>
					<trkpt lat="45.659160" lon="4.645170">
						<ele>481</ele>
</trkpt>
					<trkpt lat="45.659270" lon="4.645550">
						<ele>484</ele>
</trkpt>
					<trkpt lat="45.659300" lon="4.645850">
						<ele>487</ele>
</trkpt>
					<trkpt lat="45.659270" lon="4.646110">
						<ele>490</ele>
</trkpt>
					<trkpt lat="45.659180" lon="4.646320">
						<ele>493</ele>
</trkpt>
					<trkpt lat="45.659170" lon="4.646590">
						<ele>495</ele>
</trkpt>
					<trkpt lat="45.659180" lon="4.646890">
						<ele>496</ele>
</trkpt>
					<trkpt lat="45.659160" lon="4.647200">
						<ele>497</ele>
</trkpt>
					<trkpt lat="45.659030" lon="4.647990">
						<ele>502</ele>
</trkpt>
					<trkpt lat="45.658950" lon="4.648180">
						<ele>504</ele>
</trkpt>
					<trkpt lat="45.658330" lon="4.648950">
						<ele>511</ele>
</trkpt>
					<trkpt lat="45.657960" lon="4.649260">
						<ele>515</ele>
</trkpt>
					<trkpt lat="45.657770" lon="4.649510">
						<ele>516</ele>
</trkpt>
					<trkpt lat="45.657660" lon="4.649640">
						<ele>517</ele>
</trkpt>
					<trkpt lat="45.656900" lon="4.650250">
						<ele>521</ele>
</trkpt>
					<trkpt lat="45.656230" lon="4.651220">
						<ele>528</ele>
</trkpt>
					<trkpt lat="45.655570" lon="4.652210">
						<ele>535</ele>
</trkpt>
					<trkpt lat="45.655420" lon="4.652520">
						<ele>537</ele>
</trkpt>
					<trkpt lat="45.655210" lon="4.652800">
						<ele>537</ele>
</trkpt>
					<trkpt lat="45.654910" lon="4.653130">
						<ele>538</ele>
</trkpt>
					<trkpt lat="45.654730" lon="4.653410">
						<ele>535</ele>
</trkpt>
					<trkpt lat="45.654650" lon="4.653670">
						<ele>532</ele>
</trkpt>
					<trkpt lat="45.654570" lon="4.653850">
						<ele>530</ele>
</trkpt>
					<trkpt lat="45.654430" lon="4.653940">
						<ele>528</ele>
</trkpt>
					<trkpt lat="45.654260" lon="4.653880">
						<ele>529</ele>
</trkpt>
					<trkpt lat="45.653840" lon="4.653600">
						<ele>536</ele>
</trkpt>
					<trkpt lat="45.653720" lon="4.653570">
						<ele>537</ele>
</trkpt>
					<trkpt lat="45.653650" lon="4.653590">
						<ele>538</ele>
</trkpt>
					<trkpt lat="45.653610" lon="4.653690">
						<ele>537</ele>
</trkpt>
					<trkpt lat="45.653550" lon="4.654400">
						<ele>530</ele>
</trkpt>
					<trkpt lat="45.653480" lon="4.654700">
						<ele>527</ele>
</trkpt>
					<trkpt lat="45.653360" lon="4.654950">
						<ele>526</ele>
</trkpt>
					<trkpt lat="45.653150" lon="4.655230">
						<ele>524</ele>
</trkpt>
					<trkpt lat="45.652880" lon="4.655430">
						<ele>523</ele>
</trkpt>
					<trkpt lat="45.652780" lon="4.655450">
						<ele>524</ele>
</trkpt>
					<trkpt lat="45.652250" lon="4.655420">
						<ele>528</ele>
</trkpt>
					<trkpt lat="45.651840" lon="4.655300">
						<ele>532</ele>
</trkpt>
					<trkpt lat="45.651710" lon="4.655340">
						<ele>532</ele>
</trkpt>
					<trkpt lat="45.651610" lon="4.655560">
						<ele>530</ele>
</trkpt>
					<trkpt lat="45.651620" lon="4.655780">
						<ele>527</ele>
</trkpt>
					<trkpt lat="45.651720" lon="4.656180">
						<ele>524</ele>
</trkpt>
					<trkpt lat="45.651690" lon="4.656530">
						<ele>524</ele>
</trkpt>
					<trkpt lat="45.651530" lon="4.656850">
						<ele>527</ele>
</trkpt>
					<trkpt lat="45.651440" lon="4.657090">
						<ele>528</ele>
</trkpt>
					<trkpt lat="45.651430" lon="4.657320">
						<ele>528</ele>
</trkpt>
					<trkpt lat="45.651570" lon="4.657850">
						<ele>527</ele>
</trkpt>
					<trkpt lat="45.651560" lon="4.658030">
						<ele>528</ele>
</trkpt>
					<trkpt lat="45.651510" lon="4.658170">
						<ele>528</ele>
</trkpt>
					<trkpt lat="45.651420" lon="4.658290">
						<ele>529</ele>
</trkpt>
					<trkpt lat="45.651180" lon="4.658540">
						<ele>530</ele>
</trkpt>
					<trkpt lat="45.650650" lon="4.659320">
						<ele>531</ele>
</trkpt>
					<trkpt lat="45.650080" lon="4.660050">
						<ele>534</ele>
</trkpt>
					<trkpt lat="45.649990" lon="4.660330">
						<ele>535</ele>
</trkpt>
					<trkpt lat="45.649920" lon="4.660450">
						<ele>534</ele>
</trkpt>
					<trkpt lat="45.649150" lon="4.661520">
						<ele>535</ele>
</trkpt>
					<trkpt lat="45.649070" lon="4.661640">
						<ele>535</ele>
</trkpt>
					<trkpt lat="45.648980" lon="4.661900">
						<ele>533</ele>
</trkpt>
					<trkpt lat="45.649370" lon="4.662310">
						<ele>532</ele>
</trkpt>
					<trkpt lat="45.650150" lon="4.662700">
						<ele>528</ele>
</trkpt>
					<trkpt lat="45.650300" lon="4.662680">
						<ele>527</ele>
</trkpt>
					<trkpt lat="45.650630" lon="4.662270">
						<ele>526</ele>
</trkpt>
					<trkpt lat="45.650950" lon="4.661950">
						<ele>525</ele>
</trkpt>
					<trkpt lat="45.651230" lon="4.661770">
						<ele>524</ele>
</trkpt>
					<trkpt lat="45.651730" lon="4.661720">
						<ele>520</ele>
</trkpt>
					<trkpt lat="45.652120" lon="4.661870">
						<ele>515</ele>
</trkpt>
					<trkpt lat="45.652530" lon="4.661800">
						<ele>511</ele>
</trkpt>
					<trkpt lat="45.652900" lon="4.661590">
						<ele>505</ele>
</trkpt>
					<trkpt lat="45.653240" lon="4.661520">
						<ele>498</ele>
</trkpt>
					<trkpt lat="45.653460" lon="4.661550">
						<ele>495</ele>
</trkpt>
					<trkpt lat="45.653770" lon="4.661930">
						<ele>490</ele>
</trkpt>
					<trkpt lat="45.653900" lon="4.662040">
						<ele>488</ele>
</trkpt>
					<trkpt lat="45.654010" lon="4.662240">
						<ele>486</ele>
</trkpt>
					<trkpt lat="45.654030" lon="4.662580">
						<ele>485</ele>
</trkpt>
					<trkpt lat="45.654610" lon="4.663690">
						<ele>472</ele>
</trkpt>
					<trkpt lat="45.654860" lon="4.664130">
						<ele>468</ele>
</trkpt>
					<trkpt lat="45.654860" lon="4.664200">
						<ele>467</ele>
</trkpt>
					<trkpt lat="45.655060" lon="4.664480">
						<ele>463</ele>
</trkpt>
					<trkpt lat="45.655160" lon="4.664910">
						<ele>457</ele>
</trkpt>
					<trkpt lat="45.655160" lon="4.665210">
						<ele>454</ele>
</trkpt>
					<trkpt lat="45.655450" lon="4.665600">
						<ele>447</ele>
</trkpt>
					<trkpt lat="45.655610" lon="4.665920">
						<ele>442</ele>
</trkpt>
					<trkpt lat="45.655800" lon="4.666590">
						<ele>435</ele>
</trkpt>
					<trkpt lat="45.655960" lon="4.666920">
						<ele>434</ele>
</trkpt>
					<trkpt lat="45.656150" lon="4.667130">
						<ele>435</ele>
</trkpt>
					<trkpt lat="45.656200" lon="4.667330">
						<ele>436</ele>
</trkpt>
					<trkpt lat="45.655970" lon="4.668470">
						<ele>430</ele>
</trkpt>
					<trkpt lat="45.656030" lon="4.668640">
						<ele>430</ele>
</trkpt>
					<trkpt lat="45.656150" lon="4.668730">
						<ele>432</ele>
</trkpt>
					<trkpt lat="45.656380" lon="4.668850">
						<ele>435</ele>
</trkpt>
					<trkpt lat="45.656640" lon="4.668920">
						<ele>439</ele>
</trkpt>
					<trkpt lat="45.656960" lon="4.668940">
						<ele>443</ele>
</trkpt>
					<trkpt lat="45.657420" lon="4.669040">
						<ele>450</ele>
</trkpt>
					<trkpt lat="45.657640" lon="4.669060">
						<ele>452</ele>
</trkpt>
					<trkpt lat="45.658280" lon="4.669190">
						<ele>455</ele>
</trkpt>
					<trkpt lat="45.658590" lon="4.669400">
						<ele>456</ele>
</trkpt>
					<trkpt lat="45.659490" lon="4.670240">
						<ele>454</ele>
</trkpt>
					<trkpt lat="45.659910" lon="4.670560">
						<ele>451</ele>
</trkpt>
					<trkpt lat="45.660160" lon="4.670820">
						<ele>449</ele>
</trkpt>
					<trkpt lat="45.660750" lon="4.670990">
						<ele>447</ele>
</trkpt>
					<trkpt lat="45.660970" lon="4.671030">
						<ele>447</ele>
</trkpt>
					<trkpt lat="45.661090" lon="4.671050">
						<ele>446</ele>
</trkpt>
					<trkpt lat="45.661190" lon="4.671030">
						<ele>446</ele>
</trkpt>
					<trkpt lat="45.661180" lon="4.671160">
						<ele>446</ele>
</trkpt>
					<trkpt lat="45.660860" lon="4.672250">
						<ele>444</ele>
</trkpt>
					<trkpt lat="45.660550" lon="4.673510">
						<ele>440</ele>
</trkpt>
					<trkpt lat="45.660530" lon="4.673710">
						<ele>440</ele>
</trkpt>
					<trkpt lat="45.660460" lon="4.674050">
						<ele>438</ele>
</trkpt>
					<trkpt lat="45.660470" lon="4.674240">
						<ele>438</ele>
</trkpt>
					<trkpt lat="45.660680" lon="4.674760">
						<ele>438</ele>
</trkpt>
					<trkpt lat="45.660900" lon="4.675230">
						<ele>439</ele>
</trkpt>
					<trkpt lat="45.661750" lon="4.676750">
						<ele>438</ele>
</trkpt>
					<trkpt lat="45.662150" lon="4.677340">
						<ele>434</ele>
</trkpt>
					<trkpt lat="45.662460" lon="4.677720">
						<ele>432</ele>
</trkpt>
					<trkpt lat="45.662730" lon="4.677990">
						<ele>428</ele>
</trkpt>
					<trkpt lat="45.663050" lon="4.678350">
						<ele>426</ele>
</trkpt>
					<trkpt lat="45.663270" lon="4.678650">
						<ele>424</ele>
</trkpt>
					<trkpt lat="45.663530" lon="4.678950">
						<ele>422</ele>
</trkpt>
					<trkpt lat="45.663770" lon="4.679240">
						<ele>420</ele>
</trkpt>
					<trkpt lat="45.664060" lon="4.679660">
						<ele>417</ele>
</trkpt>
					<trkpt lat="45.664020" lon="4.679770">
						<ele>416</ele>
</trkpt>
					<trkpt lat="45.663500" lon="4.680290">
						<ele>414</ele>
</trkpt>
					<trkpt lat="45.663600" lon="4.680350">
						<ele>414</ele>
</trkpt>
					<trkpt lat="45.663890" lon="4.680620">
						<ele>412</ele>
</trkpt>
					<trkpt lat="45.664320" lon="4.681120">
						<ele>409</ele>
</trkpt>
					<trkpt lat="45.664680" lon="4.681780">
						<ele>407</ele>
</trkpt>
					<trkpt lat="45.664920" lon="4.682060">
						<ele>406</ele>
</trkpt>
					<trkpt lat="45.665040" lon="4.682170">
						<ele>405</ele>
</trkpt>
					<trkpt lat="45.665720" lon="4.682610">
						<ele>401</ele>
</trkpt>
					<trkpt lat="45.666200" lon="4.682940">
						<ele>399</ele>
</trkpt>
					<trkpt lat="45.667180" lon="4.683410">
						<ele>393</ele>
</trkpt>
					<trkpt lat="45.667580" lon="4.683560">
						<ele>391</ele>
</trkpt>
					<trkpt lat="45.667980" lon="4.683830">
						<ele>388</ele>
</trkpt>
					<trkpt lat="45.668150" lon="4.683910">
						<ele>387</ele>
</trkpt>
					<trkpt lat="45.668340" lon="4.683980">
						<ele>386</ele>
</trkpt>
					<trkpt lat="45.668640" lon="4.684030">
						<ele>384</ele>
</trkpt>
					<trkpt lat="45.669090" lon="4.684160">
						<ele>381</ele>
</trkpt>
					<trkpt lat="45.669410" lon="4.684290">
						<ele>379</ele>
</trkpt>
					<trkpt lat="45.669610" lon="4.684050">
						<ele>380</ele>
</trkpt>
					<trkpt lat="45.669710" lon="4.684000">
						<ele>380</ele>
</trkpt>
					<trkpt lat="45.669860" lon="4.683960">
						<ele>380</ele>
</trkpt>
					<trkpt lat="45.670110" lon="4.683960">
						<ele>380</ele>
</trkpt>
					<trkpt lat="45.670370" lon="4.683860">
						<ele>380</ele>
</trkpt>
					<trkpt lat="45.670770" lon="4.683440">
						<ele>382</ele>
</trkpt>
					<trkpt lat="45.671080" lon="4.683940">
						<ele>380</ele>
</trkpt>
					<trkpt lat="45.671190" lon="4.684000">
						<ele>380</ele>
</trkpt>
					<trkpt lat="45.671970" lon="4.684590">
						<ele>378</ele>
</trkpt>
					<trkpt lat="45.672290" lon="4.684850">
						<ele>377</ele>
</trkpt>
					<trkpt lat="45.672430" lon="4.685060">
						<ele>376</ele>
</trkpt>
					<trkpt lat="45.672510" lon="4.685130">
						<ele>376</ele>
</trkpt>
					<trkpt lat="45.673020" lon="4.685390">
						<ele>375</ele>
</trkpt>
					<trkpt lat="45.673110" lon="4.685480">
						<ele>375</ele>
</trkpt>
					<trkpt lat="45.673190" lon="4.685590">
						<ele>375</ele>
</trkpt>
					<trkpt lat="45.674210" lon="4.688150">
						<ele>377</ele>
</trkpt>
					<trkpt lat="45.674290" lon="4.688510">
						<ele>378</ele>
</trkpt>
					<trkpt lat="45.674310" lon="4.688930">
						<ele>379</ele>
</trkpt>
					<trkpt lat="45.674340" lon="4.689120">
						<ele>379</ele>
</trkpt>
					<trkpt lat="45.674600" lon="4.690060">
						<ele>378</ele>
</trkpt>
					<trkpt lat="45.674670" lon="4.690210">
						<ele>378</ele>
</trkpt>
					<trkpt lat="45.674820" lon="4.690430">
						<ele>378</ele>
</trkpt>
					<trkpt lat="45.674960" lon="4.690590">
						<ele>378</ele>
</trkpt>
					<trkpt lat="45.674950" lon="4.690640">
						<ele>378</ele>
</trkpt>
					<trkpt lat="45.674960" lon="4.690590">
						<ele>378</ele>
</trkpt>
					<trkpt lat="45.675500" lon="4.691090">
						<ele>377</ele>
</trkpt>
					<trkpt lat="45.675930" lon="4.691470">
						<ele>375</ele>
</trkpt>
					<trkpt lat="45.676610" lon="4.691840">
						<ele>372</ele>
</trkpt>
					<trkpt lat="45.676830" lon="4.692030">
						<ele>371</ele>
</trkpt>
					<trkpt lat="45.677020" lon="4.692240">
						<ele>369</ele>
</trkpt>
					<trkpt lat="45.677180" lon="4.692470">
						<ele>369</ele>
</trkpt>
					<trkpt lat="45.677340" lon="4.692730">
						<ele>368</ele>
</trkpt>
					<trkpt lat="45.677440" lon="4.692950">
						<ele>367</ele>
</trkpt>
					<trkpt lat="45.677390" lon="4.693050">
						<ele>367</ele>
</trkpt>
					<trkpt lat="45.677400" lon="4.693170">
						<ele>367</ele>
</trkpt>
					<trkpt lat="45.677420" lon="4.693220">
						<ele>367</ele>
</trkpt>
					<trkpt lat="45.677490" lon="4.693290">
						<ele>367</ele>
</trkpt>
					<trkpt lat="45.677530" lon="4.693290">
						<ele>367</ele>
</trkpt>
					<trkpt lat="45.677640" lon="4.693480">
						<ele>367</ele>
</trkpt>
					<trkpt lat="45.677770" lon="4.693860">
						<ele>367</ele>
</trkpt>
					<trkpt lat="45.677830" lon="4.694450">
						<ele>367</ele>
</trkpt>
					<trkpt lat="45.677850" lon="4.694890">
						<ele>366</ele>
</trkpt>
					<trkpt lat="45.677890" lon="4.695150">
						<ele>366</ele>
</trkpt>
					<trkpt lat="45.677930" lon="4.695310">
						<ele>365</ele>
</trkpt>
					<trkpt lat="45.677760" lon="4.695420">
						<ele>365</ele>
</trkpt>
					<trkpt lat="45.677390" lon="4.695850">
						<ele>364</ele>
</trkpt>
					<trkpt lat="45.677430" lon="4.695970">
						<ele>364</ele>
</trkpt>
					<trkpt lat="45.677930" lon="4.695480">
						<ele>365</ele>
</trkpt>
					<trkpt lat="45.677970" lon="4.695450">
						<ele>365</ele>
</trkpt>
					<trkpt lat="45.678310" lon="4.696720">
						<ele>364</ele>
</trkpt>
					<trkpt lat="45.678350" lon="4.696950">
						<ele>363</ele>
</trkpt>
					<trkpt lat="45.678420" lon="4.698880">
						<ele>356</ele>
</trkpt>
					<trkpt lat="45.678730" lon="4.700120">
						<ele>352</ele>
</trkpt>
					<trkpt lat="45.679550" lon="4.700310">
						<ele>353</ele>
</trkpt>
					<trkpt lat="45.679610" lon="4.700290">
						<ele>353</ele>
</trkpt>
					<trkpt lat="45.679640" lon="4.700260">
						<ele>353</ele>
</trkpt>
					<trkpt lat="45.679970" lon="4.698670">
						<ele>362</ele>
</trkpt>
					<trkpt lat="45.680250" lon="4.698110">
						<ele>363</ele>
</trkpt>
					<trkpt lat="45.680800" lon="4.697170">
						<ele>363</ele>
</trkpt>
					<trkpt lat="45.680940" lon="4.697300">
						<ele>362</ele>
</trkpt>
					<trkpt lat="45.681630" lon="4.697750">
						<ele>358</ele>
</trkpt>
					<trkpt lat="45.682320" lon="4.698270">
						<ele>354</ele>
</trkpt>
					<trkpt lat="45.682600" lon="4.698550">
						<ele>353</ele>
</trkpt>
					<trkpt lat="45.683040" lon="4.699090">
						<ele>352</ele>
</trkpt>
					<trkpt lat="45.683210" lon="4.699400">
						<ele>352</ele>
</trkpt>
					<trkpt lat="45.683420" lon="4.699620">
						<ele>352</ele>
</trkpt>
					<trkpt lat="45.683560" lon="4.699750">
						<ele>352</ele>
</trkpt>
					<trkpt lat="45.683380" lon="4.700380">
						<ele>352</ele>
</trkpt>
					<trkpt lat="45.683240" lon="4.700800">
						<ele>352</ele>
</trkpt>
					<trkpt lat="45.683040" lon="4.701200">
						<ele>351</ele>
</trkpt>
					<trkpt lat="45.682830" lon="4.701740">
						<ele>350</ele>
</trkpt>
					<trkpt lat="45.682800" lon="4.701850">
						<ele>349</ele>
</trkpt>
					<trkpt lat="45.682820" lon="4.702060">
						<ele>349</ele>
</trkpt>
					<trkpt lat="45.682820" lon="4.702250">
						<ele>349</ele>
</trkpt>
					<trkpt lat="45.682790" lon="4.702380">
						<ele>349</ele>
</trkpt>
					<trkpt lat="45.682660" lon="4.702780">
						<ele>347</ele>
</trkpt>
					<trkpt lat="45.682580" lon="4.703100">
						<ele>345</ele>
</trkpt>
					<trkpt lat="45.682350" lon="4.703100">
						<ele>345</ele>
</trkpt>
					<trkpt lat="45.682300" lon="4.703360">
						<ele>343</ele>
</trkpt>
					<trkpt lat="45.682330" lon="4.703450">
						<ele>343</ele>
</trkpt>
					<trkpt lat="45.682530" lon="4.703700">
						<ele>343</ele>
</trkpt>
					<trkpt lat="45.682850" lon="4.704040">
						<ele>343</ele>
</trkpt>
					<trkpt lat="45.683220" lon="4.704550">
						<ele>345</ele>
</trkpt>
					<trkpt lat="45.683440" lon="4.704970">
						<ele>346</ele>
</trkpt>
					<trkpt lat="45.683570" lon="4.705160">
						<ele>345</ele>
</trkpt>
					<trkpt lat="45.683900" lon="4.705520">
						<ele>346</ele>
</trkpt>
					<trkpt lat="45.684130" lon="4.705830">
						<ele>346</ele>
</trkpt>
					<trkpt lat="45.684420" lon="4.706320">
						<ele>341</ele>
</trkpt>
					<trkpt lat="45.684620" lon="4.706450">
						<ele>339</ele>
</trkpt>
					<trkpt lat="45.684700" lon="4.706690">
						<ele>338</ele>
</trkpt>
					<trkpt lat="45.684870" lon="4.706950">
						<ele>336</ele>
</trkpt>
					<trkpt lat="45.685860" lon="4.708260">
						<ele>328</ele>
</trkpt>
					<trkpt lat="45.686690" lon="4.709060">
						<ele>325</ele>
</trkpt>
					<trkpt lat="45.687080" lon="4.709390">
						<ele>323</ele>
</trkpt>
					<trkpt lat="45.687220" lon="4.709460">
						<ele>323</ele>
</trkpt>
					<trkpt lat="45.687710" lon="4.708780">
						<ele>321</ele>
</trkpt>
					<trkpt lat="45.688020" lon="4.708080">
						<ele>319</ele>
</trkpt>
					<trkpt lat="45.688450" lon="4.706810">
						<ele>314</ele>
</trkpt>
					<trkpt lat="45.688790" lon="4.706010">
						<ele>312</ele>
</trkpt>
					<trkpt lat="45.688990" lon="4.705710">
						<ele>311</ele>
</trkpt>
					<trkpt lat="45.689310" lon="4.705380">
						<ele>311</ele>
</trkpt>
					<trkpt lat="45.689560" lon="4.705220">
						<ele>310</ele>
</trkpt>
					<trkpt lat="45.690400" lon="4.704970">
						<ele>309</ele>
</trkpt>
					<trkpt lat="45.690580" lon="4.704960">
						<ele>308</ele>
</trkpt>
					<trkpt lat="45.690930" lon="4.705020">
						<ele>308</ele>
</trkpt>
					<trkpt lat="45.691260" lon="4.705110">
						<ele>306</ele>
</trkpt>
					<trkpt lat="45.691730" lon="4.705180">
						<ele>304</ele>
</trkpt>
					<trkpt lat="45.692060" lon="4.705140">
						<ele>303</ele>
</trkpt>
					<trkpt lat="45.692300" lon="4.705080">
						<ele>302</ele>
</trkpt>
					<trkpt lat="45.692550" lon="4.704950">
						<ele>302</ele>
</trkpt>
					<trkpt lat="45.692790" lon="4.704770">
						<ele>301</ele>
</trkpt>
					<trkpt lat="45.692950" lon="4.704660">
						<ele>301</ele>
</trkpt>
					<trkpt lat="45.693160" lon="4.704420">
						<ele>301</ele>
</trkpt>
					<trkpt lat="45.693550" lon="4.703850">
						<ele>302</ele>
</trkpt>
					<trkpt lat="45.695560" lon="4.705810">
						<ele>296</ele>
</trkpt>
					<trkpt lat="45.696000" lon="4.706210">
						<ele>296</ele>
</trkpt>
					<trkpt lat="45.696330" lon="4.706480">
						<ele>296</ele>
</trkpt>
					<trkpt lat="45.697020" lon="4.706810">
						<ele>297</ele>
</trkpt>
					<trkpt lat="45.697560" lon="4.707010">
						<ele>295</ele>
</trkpt>
					<trkpt lat="45.697370" lon="4.707540">
						<ele>295</ele>
</trkpt>
					<trkpt lat="45.697830" lon="4.707820">
						<ele>288</ele>
</trkpt>
					<trkpt lat="45.698510" lon="4.708120">
						<ele>278</ele>
</trkpt>
					<trkpt lat="45.698700" lon="4.708190">
						<ele>275</ele>
</trkpt>
					<trkpt lat="45.698720" lon="4.708230">
						<ele>274</ele>
</trkpt>
					<trkpt lat="45.698570" lon="4.708560">
						<ele>273</ele>
</trkpt>
					<trkpt lat="45.698410" lon="4.708700">
						<ele>274</ele>
</trkpt>
					<trkpt lat="45.698420" lon="4.708780">
						<ele>273</ele>
</trkpt>
					<trkpt lat="45.698440" lon="4.708790">
						<ele>273</ele>
</trkpt>
					<trkpt lat="45.698490" lon="4.708820">
						<ele>272</ele>
</trkpt>
					<trkpt lat="45.698940" lon="4.708640">
						<ele>267</ele>
</trkpt>
					<trkpt lat="45.699150" lon="4.708420">
						<ele>266</ele>
</trkpt>
					<trkpt lat="45.699420" lon="4.708050">
						<ele>266</ele>
</trkpt>
					<trkpt lat="45.699460" lon="4.708000">
						<ele>266</ele>
</trkpt>
					<trkpt lat="45.699570" lon="4.707420">
						<ele>268</ele>
</trkpt>
					<trkpt lat="45.699610" lon="4.707350">
						<ele>267</ele>
</trkpt>
					<trkpt lat="45.699620" lon="4.707350">
						<ele>267</ele>
</trkpt>
					<trkpt lat="45.699650" lon="4.707510">
						<ele>266</ele>
</trkpt>
					<trkpt lat="45.699570" lon="4.708030">
						<ele>263</ele>
</trkpt>
					<trkpt lat="45.699460" lon="4.708340">
						<ele>262</ele>
</trkpt>
					<trkpt lat="45.699550" lon="4.708510">
						<ele>260</ele>
</trkpt>
					<trkpt lat="45.699440" lon="4.708690">
						<ele>260</ele>
</trkpt>
					<trkpt lat="45.699740" lon="4.708930">
						<ele>255</ele>
</trkpt>
					<trkpt lat="45.699940" lon="4.709050">
						<ele>253</ele>
</trkpt>
					<trkpt lat="45.700460" lon="4.709100">
						<ele>256</ele>
</trkpt>
					<trkpt lat="45.700880" lon="4.709220">
						<ele>260</ele>
</trkpt>
					<trkpt lat="45.700900" lon="4.709230">
						<ele>260</ele>
</trkpt>
					<trkpt lat="45.701000" lon="4.708720">
						<ele>261</ele>
</trkpt>
					<trkpt lat="45.701470" lon="4.708690">
						<ele>267</ele>
</trkpt>
					<trkpt lat="45.702280" lon="4.708590">
						<ele>280</ele>
</trkpt>
					<trkpt lat="45.702440" lon="4.708540">
						<ele>283</ele>
</trkpt>
					<trkpt lat="45.702810" lon="4.708060">
						<ele>290</ele>
</trkpt>
					<trkpt lat="45.702920" lon="4.707940">
						<ele>291</ele>
</trkpt>
					<trkpt lat="45.703130" lon="4.707810">
						<ele>294</ele>
</trkpt>
					<trkpt lat="45.703360" lon="4.707730">
						<ele>297</ele>
</trkpt>
					<trkpt lat="45.703780" lon="4.707660">
						<ele>299</ele>
</trkpt>
					<trkpt lat="45.703860" lon="4.707610">
						<ele>299</ele>
</trkpt>
					<trkpt lat="45.703880" lon="4.707600">
						<ele>300</ele>
</trkpt>
					<trkpt lat="45.704020" lon="4.707400">
						<ele>301</ele>
</trkpt>
					<trkpt lat="45.704570" lon="4.707230">
						<ele>304</ele>
</trkpt>
					<trkpt lat="45.705070" lon="4.707220">
						<ele>307</ele>
</trkpt>
					<trkpt lat="45.705330" lon="4.707190">
						<ele>308</ele>
</trkpt>
					<trkpt lat="45.705350" lon="4.707180">
						<ele>308</ele>
</trkpt>
					<trkpt lat="45.705390" lon="4.707430">
						<ele>307</ele>
</trkpt>
					<trkpt lat="45.705400" lon="4.708100">
						<ele>306</ele>
</trkpt>
					<trkpt lat="45.705500" lon="4.709140">
						<ele>307</ele>
</trkpt>
					<trkpt lat="45.705620" lon="4.708900">
						<ele>307</ele>
</trkpt>
					<trkpt lat="45.705500" lon="4.709140">
						<ele>307</ele>
</trkpt>
					<trkpt lat="45.705380" lon="4.710270">
						<ele>306</ele>
</trkpt>
					<trkpt lat="45.705410" lon="4.710670">
						<ele>305</ele>
</trkpt>
					<trkpt lat="45.705470" lon="4.711100">
						<ele>305</ele>
</trkpt>
					<trkpt lat="45.705480" lon="4.711360">
						<ele>306</ele>
</trkpt>
					<trkpt lat="45.705910" lon="4.712330">
						<ele>309</ele>
</trkpt>
					<trkpt lat="45.706310" lon="4.713190">
						<ele>311</ele>
</trkpt>
					<trkpt lat="45.706490" lon="4.713620">
						<ele>311</ele>
</trkpt>
					<trkpt lat="45.706880" lon="4.715160">
						<ele>312</ele>
</trkpt>
					<trkpt lat="45.706920" lon="4.715330">
						<ele>312</ele>
</trkpt>
					<trkpt lat="45.707020" lon="4.716120">
						<ele>312</ele>
</trkpt>
					<trkpt lat="45.707130" lon="4.716670">
						<ele>314</ele>
</trkpt>
					<trkpt lat="45.707180" lon="4.717090">
						<ele>315</ele>
</trkpt>
					<trkpt lat="45.707200" lon="4.717390">
						<ele>315</ele>
</trkpt>
					<trkpt lat="45.707090" lon="4.717420">
						<ele>316</ele>
</trkpt>
					<trkpt lat="45.707200" lon="4.717390">
						<ele>315</ele>
</trkpt>
					<trkpt lat="45.707240" lon="4.717600">
						<ele>315</ele>
</trkpt>
					<trkpt lat="45.707370" lon="4.717900">
						<ele>316</ele>
</trkpt>
					<trkpt lat="45.707730" lon="4.718530">
						<ele>315</ele>
</trkpt>
					<trkpt lat="45.708290" lon="4.719350">
						<ele>313</ele>
</trkpt>
					<trkpt lat="45.708640" lon="4.719950">
						<ele>313</ele>
</trkpt>
					<trkpt lat="45.708660" lon="4.720000">
						<ele>313</ele>
</trkpt>
					<trkpt lat="45.708640" lon="4.719950">
						<ele>313</ele>
</trkpt>
					<trkpt lat="45.708610" lon="4.720000">
						<ele>313</ele>
</trkpt>
					<trkpt lat="45.708400" lon="4.720390">
						<ele>313</ele>
</trkpt>
					<trkpt lat="45.708010" lon="4.721380">
						<ele>312</ele>
</trkpt>
					<trkpt lat="45.707940" lon="4.721560">
						<ele>312</ele>
</trkpt>
					<trkpt lat="45.707630" lon="4.722930">
						<ele>311</ele>
</trkpt>
					<trkpt lat="45.707470" lon="4.723360">
						<ele>311</ele>
</trkpt>
					<trkpt lat="45.707180" lon="4.723840">
						<ele>310</ele>
</trkpt>
					<trkpt lat="45.706790" lon="4.724500">
						<ele>311</ele>
</trkpt>
					<trkpt lat="45.706350" lon="4.725420">
						<ele>310</ele>
</trkpt>
					<trkpt lat="45.705980" lon="4.726190">
						<ele>310</ele>
</trkpt>
					<trkpt lat="45.705520" lon="4.727070">
						<ele>308</ele>
</trkpt>
					<trkpt lat="45.705270" lon="4.727460">
						<ele>307</ele>
</trkpt>
					<trkpt lat="45.705160" lon="4.727540">
						<ele>307</ele>
</trkpt>
					<trkpt lat="45.704730" lon="4.727750">
						<ele>307</ele>
</trkpt>
					<trkpt lat="45.704420" lon="4.727950">
						<ele>307</ele>
</trkpt>
					<trkpt lat="45.703280" lon="4.730920">
						<ele>307</ele>
</trkpt>
					<trkpt lat="45.703690" lon="4.731440">
						<ele>308</ele>
</trkpt>
					<trkpt lat="45.703940" lon="4.731680">
						<ele>308</ele>
</trkpt>
					<trkpt lat="45.705150" lon="4.732500">
						<ele>308</ele>
</trkpt>
					<trkpt lat="45.705540" lon="4.732810">
						<ele>308</ele>
</trkpt>
					<trkpt lat="45.705780" lon="4.733050">
						<ele>307</ele>
</trkpt>
					<trkpt lat="45.706500" lon="4.734100">
						<ele>310</ele>
</trkpt>
					<trkpt lat="45.706930" lon="4.734660">
						<ele>311</ele>
</trkpt>
					<trkpt lat="45.707570" lon="4.735330">
						<ele>312</ele>
</trkpt>
					<trkpt lat="45.707690" lon="4.734630">
						<ele>310</ele>
</trkpt>
					<trkpt lat="45.707720" lon="4.734540">
						<ele>310</ele>
</trkpt>
					<trkpt lat="45.707820" lon="4.734400">
						<ele>310</ele>
</trkpt>
					<trkpt lat="45.707970" lon="4.733650">
						<ele>308</ele>
</trkpt>
					<trkpt lat="45.708010" lon="4.733520">
						<ele>308</ele>
</trkpt>
					<trkpt lat="45.708150" lon="4.733460">
						<ele>308</ele>
</trkpt>
					<trkpt lat="45.708220" lon="4.733230">
						<ele>307</ele>
</trkpt>
					<trkpt lat="45.708340" lon="4.733280">
						<ele>308</ele>
</trkpt>
					<trkpt lat="45.708310" lon="4.733480">
						<ele>309</ele>
</trkpt>
					<trkpt lat="45.708270" lon="4.733570">
						<ele>309</ele>
</trkpt>
					<trkpt lat="45.708040" lon="4.733570">
						<ele>308</ele>
</trkpt>
					<trkpt lat="45.707980" lon="4.733670">
						<ele>308</ele>
</trkpt>
					<trkpt lat="45.707830" lon="4.734420">
						<ele>310</ele>
</trkpt>
					<trkpt lat="45.707710" lon="4.734520">
						<ele>310</ele>
</trkpt>
					<trkpt lat="45.707570" lon="4.735330">
						<ele>312</ele>
</trkpt>
					<trkpt lat="45.706930" lon="4.734660">
						<ele>311</ele>
</trkpt>
					<trkpt lat="45.706500" lon="4.734100">
						<ele>310</ele>
</trkpt>
					<trkpt lat="45.705780" lon="4.733050">
						<ele>307</ele>
</trkpt>
					<trkpt lat="45.705540" lon="4.732810">
						<ele>308</ele>
</trkpt>
					<trkpt lat="45.705150" lon="4.732500">
						<ele>308</ele>
</trkpt>
					<trkpt lat="45.703940" lon="4.731680">
						<ele>308</ele>
</trkpt>
					<trkpt lat="45.703690" lon="4.731440">
						<ele>308</ele>
</trkpt>
					<trkpt lat="45.703280" lon="4.730920">
						<ele>307</ele>
</trkpt>
					<trkpt lat="45.703220" lon="4.731000">
						<ele>307</ele>
</trkpt>
					<trkpt lat="45.703040" lon="4.731980">
						<ele>307</ele>
</trkpt>
					<trkpt lat="45.703000" lon="4.732380">
						<ele>306</ele>
</trkpt>
					<trkpt lat="45.702920" lon="4.733490">
						<ele>306</ele>
</trkpt>
					<trkpt lat="45.702940" lon="4.734530">
						<ele>306</ele>
</trkpt>
					<trkpt lat="45.702910" lon="4.734840">
						<ele>306</ele>
</trkpt>
					<trkpt lat="45.702840" lon="4.735100">
						<ele>306</ele>
</trkpt>
					<trkpt lat="45.702670" lon="4.735500">
						<ele>307</ele>
</trkpt>
					<trkpt lat="45.702540" lon="4.735960">
						<ele>309</ele>
</trkpt>
					<trkpt lat="45.702460" lon="4.736510">
						<ele>311</ele>
</trkpt>
					<trkpt lat="45.702440" lon="4.737350">
						<ele>314</ele>
</trkpt>
					<trkpt lat="45.702330" lon="4.738060">
						<ele>317</ele>
</trkpt>
					<trkpt lat="45.702350" lon="4.738270">
						<ele>318</ele>
</trkpt>
					<trkpt lat="45.701970" lon="4.738500">
						<ele>319</ele>
</trkpt>
					<trkpt lat="45.701840" lon="4.738620">
						<ele>320</ele>
</trkpt>
					<trkpt lat="45.701570" lon="4.739090">
						<ele>323</ele>
</trkpt>
					<trkpt lat="45.700990" lon="4.740820">
						<ele>320</ele>
</trkpt>
					<trkpt lat="45.700980" lon="4.740880">
						<ele>320</ele>
</trkpt>
					<trkpt lat="45.700670" lon="4.742070">
						<ele>317</ele>
</trkpt>
					<trkpt lat="45.700320" lon="4.743540">
						<ele>313</ele>
</trkpt>
					<trkpt lat="45.700210" lon="4.743900">
						<ele>312</ele>
</trkpt>
					<trkpt lat="45.699590" lon="4.745690">
						<ele>307</ele>
</trkpt>
					<trkpt lat="45.699020" lon="4.747180">
						<ele>305</ele>
</trkpt>
					<trkpt lat="45.699070" lon="4.747280">
						<ele>305</ele>
</trkpt>
					<trkpt lat="45.698990" lon="4.747620">
						<ele>304</ele>
</trkpt>
					<trkpt lat="45.698990" lon="4.749600">
						<ele>294</ele>
</trkpt>
					<trkpt lat="45.698920" lon="4.750170">
						<ele>291</ele>
</trkpt>
					<trkpt lat="45.698510" lon="4.752950">
						<ele>280</ele>
</trkpt>
					<trkpt lat="45.698480" lon="4.753250">
						<ele>279</ele>
</trkpt>
					<trkpt lat="45.698480" lon="4.753900">
						<ele>278</ele>
</trkpt>
					<trkpt lat="45.698460" lon="4.754320">
						<ele>277</ele>
</trkpt>
					<trkpt lat="45.700170" lon="4.754270">
						<ele>274</ele>
</trkpt>
					<trkpt lat="45.701990" lon="4.753900">
						<ele>272</ele>
</trkpt>
					<trkpt lat="45.703210" lon="4.753330">
						<ele>271</ele>
</trkpt>
					<trkpt lat="45.704610" lon="4.752560">
						<ele>272</ele>
</trkpt>
					<trkpt lat="45.704620" lon="4.753210">
						<ele>272</ele>
</trkpt>
					<trkpt lat="45.704650" lon="4.753360">
						<ele>272</ele>
</trkpt>
					<trkpt lat="45.704680" lon="4.753400">
						<ele>273</ele>
</trkpt>
					<trkpt lat="45.704670" lon="4.753520">
						<ele>274</ele>
</trkpt>
					<trkpt lat="45.704670" lon="4.753510">
						<ele>273</ele>
</trkpt>
					<trkpt lat="45.704730" lon="4.753530">
						<ele>274</ele>
</trkpt>
					<trkpt lat="45.704980" lon="4.753370">
						<ele>275</ele>
</trkpt>
					<trkpt lat="45.704980" lon="4.753380">
						<ele>275</ele>
</trkpt>
					<trkpt lat="45.705080" lon="4.753440">
						<ele>277</ele>
</trkpt>
					<trkpt lat="45.705330" lon="4.753360">
						<ele>280</ele>
</trkpt>
					<trkpt lat="45.705850" lon="4.753200">
						<ele>288</ele>
</trkpt>
					<trkpt lat="45.705940" lon="4.753170">
						<ele>289</ele>
</trkpt>
					<trkpt lat="45.705980" lon="4.752960">
						<ele>289</ele>
</trkpt>
					<trkpt lat="45.706070" lon="4.752860">
						<ele>289</ele>
</trkpt>
					<trkpt lat="45.706380" lon="4.752680">
						<ele>293</ele>
</trkpt>
					<trkpt lat="45.706510" lon="4.752710">
						<ele>295</ele>
</trkpt>
					<trkpt lat="45.706710" lon="4.752870">
						<ele>298</ele>
</trkpt>
					<trkpt lat="45.706850" lon="4.752970">
						<ele>298</ele>
</trkpt>
					<trkpt lat="45.706960" lon="4.753150">
						<ele>298</ele>
</trkpt>
					<trkpt lat="45.707290" lon="4.753260">
						<ele>299</ele>
</trkpt>
					<trkpt lat="45.707550" lon="4.753260">
						<ele>300</ele>
</trkpt>
					<trkpt lat="45.708000" lon="4.753390">
						<ele>302</ele>
</trkpt>
					<trkpt lat="45.708640" lon="4.753660">
						<ele>304</ele>
</trkpt>
					<trkpt lat="45.709660" lon="4.753960">
						<ele>309</ele>
</trkpt>
					<trkpt lat="45.709860" lon="4.753970">
						<ele>311</ele>
</trkpt>
					<trkpt lat="45.710050" lon="4.754010">
						<ele>312</ele>
</trkpt>
					<trkpt lat="45.710160" lon="4.754080">
						<ele>312</ele>
</trkpt>
					<trkpt lat="45.710540" lon="4.754190">
						<ele>313</ele>
</trkpt>
					<trkpt lat="45.710550" lon="4.754180">
						<ele>313</ele>
</trkpt>
					<trkpt lat="45.710540" lon="4.754190">
						<ele>313</ele>
</trkpt>
					<trkpt lat="45.710530" lon="4.754730">
						<ele>312</ele>
</trkpt>
					<trkpt lat="45.710530" lon="4.755300">
						<ele>312</ele>
</trkpt>
					<trkpt lat="45.710530" lon="4.755730">
						<ele>313</ele>
</trkpt>
					<trkpt lat="45.710520" lon="4.755770">
						<ele>313</ele>
</trkpt>
					<trkpt lat="45.710500" lon="4.756070">
						<ele>313</ele>
</trkpt>
					<trkpt lat="45.710470" lon="4.756630">
						<ele>313</ele>
</trkpt>
					<trkpt lat="45.710430" lon="4.757180">
						<ele>314</ele>
</trkpt>
					<trkpt lat="45.710410" lon="4.757320">
						<ele>315</ele>
</trkpt>
					<trkpt lat="45.710410" lon="4.757440">
						<ele>315</ele>
</trkpt>
					<trkpt lat="45.710370" lon="4.757630">
						<ele>315</ele>
</trkpt>
					<trkpt lat="45.710300" lon="4.757820">
						<ele>316</ele>
</trkpt>
					<trkpt lat="45.710130" lon="4.758160">
						<ele>316</ele>
</trkpt>
					<trkpt lat="45.710110" lon="4.758170">
						<ele>316</ele>
</trkpt>
					<trkpt lat="45.710030" lon="4.758180">
						<ele>316</ele>
</trkpt>
					<trkpt lat="45.710040" lon="4.758240">
						<ele>317</ele>
</trkpt>
					<trkpt lat="45.709940" lon="4.758420">
						<ele>317</ele>
</trkpt>
					<trkpt lat="45.709930" lon="4.758470">
						<ele>317</ele>
</trkpt>
					<trkpt lat="45.709920" lon="4.758510">
						<ele>317</ele>
</trkpt>
					<trkpt lat="45.710120" lon="4.759830">
						<ele>319</ele>
</trkpt>
					<trkpt lat="45.710160" lon="4.760030">
						<ele>319</ele>
</trkpt>
					<trkpt lat="45.710230" lon="4.760170">
						<ele>319</ele>
</trkpt>
					<trkpt lat="45.710440" lon="4.760470">
						<ele>318</ele>
</trkpt>
					<trkpt lat="45.710420" lon="4.760490">
						<ele>318</ele>
</trkpt>
					<trkpt lat="45.710220" lon="4.760820">
						<ele>318</ele>
</trkpt>
					<trkpt lat="45.710210" lon="4.760830">
						<ele>318</ele>
</trkpt>
					<trkpt lat="45.710220" lon="4.760820">
						<ele>318</ele>
</trkpt>
					<trkpt lat="45.710830" lon="4.761320">
						<ele>314</ele>
</trkpt>
					<trkpt lat="45.710850" lon="4.761400">
						<ele>313</ele>
</trkpt>
					<trkpt lat="45.710860" lon="4.761550">
						<ele>312</ele>
</trkpt>
					<trkpt lat="45.710820" lon="4.762650">
						<ele>305</ele>
</trkpt>
					<trkpt lat="45.710580" lon="4.763310">
						<ele>300</ele>
</trkpt>
					<trkpt lat="45.710420" lon="4.764200">
						<ele>286</ele>
</trkpt>
					<trkpt lat="45.710650" lon="4.764240">
						<ele>288</ele>
</trkpt>
					<trkpt lat="45.710730" lon="4.764370">
						<ele>287</ele>
</trkpt>
					<trkpt lat="45.710490" lon="4.765210">
						<ele>271</ele>
</trkpt>
					<trkpt lat="45.710460" lon="4.766330">
						<ele>253</ele>
</trkpt>
					<trkpt lat="45.710730" lon="4.767150">
						<ele>246</ele>
</trkpt>
					<trkpt lat="45.710960" lon="4.768330">
						<ele>240</ele>
</trkpt>
					<trkpt lat="45.711410" lon="4.769770">
						<ele>234</ele>
</trkpt>
					<trkpt lat="45.711420" lon="4.769920">
						<ele>233</ele>
</trkpt>
					<trkpt lat="45.711500" lon="4.769940">
						<ele>234</ele>
</trkpt>
					<trkpt lat="45.711630" lon="4.769990">
						<ele>235</ele>
</trkpt>
					<trkpt lat="45.712610" lon="4.770010">
						<ele>238</ele>
</trkpt>
					<trkpt lat="45.712980" lon="4.769980">
						<ele>237</ele>
</trkpt>
					<trkpt lat="45.713180" lon="4.769920">
						<ele>237</ele>
</trkpt>
					<trkpt lat="45.714090" lon="4.769790">
						<ele>243</ele>
</trkpt>
					<trkpt lat="45.714450" lon="4.769720">
						<ele>246</ele>
</trkpt>
					<trkpt lat="45.714550" lon="4.769660">
						<ele>246</ele>
</trkpt>
					<trkpt lat="45.714890" lon="4.769650">
						<ele>248</ele>
</trkpt>
					<trkpt lat="45.715300" lon="4.769540">
						<ele>250</ele>
</trkpt>
					<trkpt lat="45.716070" lon="4.769260">
						<ele>252</ele>
</trkpt>
					<trkpt lat="45.716090" lon="4.769420">
						<ele>251</ele>
</trkpt>
					<trkpt lat="45.716080" lon="4.769650">
						<ele>250</ele>
</trkpt>
					<trkpt lat="45.716050" lon="4.769860">
						<ele>250</ele>
</trkpt>
					<trkpt lat="45.717280" lon="4.770250">
						<ele>247</ele>
</trkpt>
					<trkpt lat="45.717440" lon="4.770640">
						<ele>246</ele>
</trkpt>
					<trkpt lat="45.717970" lon="4.770530">
						<ele>245</ele>
</trkpt>
					<trkpt lat="45.719170" lon="4.770880">
						<ele>245</ele>
</trkpt>
					<trkpt lat="45.719350" lon="4.771510">
						<ele>242</ele>
</trkpt>
					<trkpt lat="45.719230" lon="4.771720">
						<ele>241</ele>
</trkpt>
					<trkpt lat="45.719160" lon="4.771890">
						<ele>240</ele>
</trkpt>
					<trkpt lat="45.719150" lon="4.772020">
						<ele>240</ele>
</trkpt>
					<trkpt lat="45.719160" lon="4.772150">
						<ele>240</ele>
</trkpt>
					<trkpt lat="45.719230" lon="4.772680">
						<ele>239</ele>
</trkpt>
					<trkpt lat="45.720300" lon="4.772340">
						<ele>241</ele>
</trkpt>
					<trkpt lat="45.720380" lon="4.772380">
						<ele>240</ele>
</trkpt>
					<trkpt lat="45.720690" lon="4.773560">
						<ele>238</ele>
</trkpt>
					<trkpt lat="45.720660" lon="4.773720">
						<ele>238</ele>
</trkpt>
					<trkpt lat="45.720530" lon="4.774000">
						<ele>237</ele>
</trkpt>
					<trkpt lat="45.720520" lon="4.774140">
						<ele>237</ele>
</trkpt>
					<trkpt lat="45.720580" lon="4.774300">
						<ele>236</ele>
</trkpt>
					<trkpt lat="45.720650" lon="4.774380">
						<ele>235</ele>
</trkpt>
					<trkpt lat="45.720850" lon="4.774500">
						<ele>232</ele>
</trkpt>
					<trkpt lat="45.721410" lon="4.774680">
						<ele>228</ele>
</trkpt>
					<trkpt lat="45.721920" lon="4.775060">
						<ele>219</ele>
</trkpt>
					<trkpt lat="45.722180" lon="4.775140">
						<ele>217</ele>
</trkpt>
					<trkpt lat="45.722990" lon="4.775800">
						<ele>211</ele>
</trkpt>
					<trkpt lat="45.723480" lon="4.776300">
						<ele>207</ele>
</trkpt>
					<trkpt lat="45.723960" lon="4.776370">
						<ele>204</ele>
</trkpt>
					<trkpt lat="45.723980" lon="4.776300">
						<ele>205</ele>
</trkpt>
					<trkpt lat="45.724020" lon="4.776270">
						<ele>205</ele>
</trkpt>
					<trkpt lat="45.724070" lon="4.776290">
						<ele>204</ele>
</trkpt>
					<trkpt lat="45.724090" lon="4.776340">
						<ele>204</ele>
</trkpt>
					<trkpt lat="45.724460" lon="4.776040">
						<ele>205</ele>
</trkpt>
					<trkpt lat="45.724680" lon="4.775550">
						<ele>207</ele>
</trkpt>
					<trkpt lat="45.725130" lon="4.775240">
						<ele>207</ele>
</trkpt>
					<trkpt lat="45.725680" lon="4.775080">
						<ele>209</ele>
</trkpt>
					<trkpt lat="45.725800" lon="4.775760">
						<ele>207</ele>
</trkpt>
					<trkpt lat="45.725790" lon="4.776210">
						<ele>205</ele>
</trkpt>
					<trkpt lat="45.725820" lon="4.776510">
						<ele>204</ele>
</trkpt>
					<trkpt lat="45.725970" lon="4.777040">
						<ele>198</ele>
</trkpt>
					<trkpt lat="45.726080" lon="4.777610">
						<ele>192</ele>
</trkpt>
					<trkpt lat="45.726320" lon="4.779280">
						<ele>177</ele>
</trkpt>
					<trkpt lat="45.726360" lon="4.779890">
						<ele>177</ele>
</trkpt>
					<trkpt lat="45.726400" lon="4.780130">
						<ele>178</ele>
</trkpt>
					<trkpt lat="45.726370" lon="4.780130">
						<ele>178</ele>
</trkpt>
					<trkpt lat="45.726380" lon="4.780170">
						<ele>179</ele>
</trkpt>
					<trkpt lat="45.726400" lon="4.780170">
						<ele>179</ele>
</trkpt>
					<trkpt lat="45.726410" lon="4.780220">
						<ele>179</ele>
</trkpt>
					<trkpt lat="45.726560" lon="4.781160">
						<ele>192</ele>
</trkpt>
					<trkpt lat="45.726560" lon="4.781230">
						<ele>193</ele>
</trkpt>
					<trkpt lat="45.726540" lon="4.781300">
						<ele>194</ele>
</trkpt>
					<trkpt lat="45.726330" lon="4.781560">
						<ele>195</ele>
</trkpt>
					<trkpt lat="45.726300" lon="4.781650">
						<ele>196</ele>
</trkpt>
					<trkpt lat="45.726260" lon="4.782170">
						<ele>205</ele>
</trkpt>
					<trkpt lat="45.726260" lon="4.782330">
						<ele>208</ele>
</trkpt>
					<trkpt lat="45.726430" lon="4.782980">
						<ele>220</ele>
</trkpt>
					<trkpt lat="45.726570" lon="4.783290">
						<ele>224</ele>
</trkpt>
					<trkpt lat="45.726670" lon="4.783620">
						<ele>227</ele>
</trkpt>
					<trkpt lat="45.726840" lon="4.784490">
						<ele>236</ele>
</trkpt>
					<trkpt lat="45.727060" lon="4.785800">
						<ele>248</ele>
</trkpt>
					<trkpt lat="45.727140" lon="4.786460">
						<ele>253</ele>
</trkpt>
					<trkpt lat="45.726520" lon="4.786670">
						<ele>253</ele>
</trkpt>
					<trkpt lat="45.726330" lon="4.786870">
						<ele>256</ele>
</trkpt>
					<trkpt lat="45.726210" lon="4.787070">
						<ele>257</ele>
</trkpt>
					<trkpt lat="45.726120" lon="4.787390">
						<ele>260</ele>
</trkpt>
					<trkpt lat="45.726080" lon="4.787470">
						<ele>261</ele>
</trkpt>
					<trkpt lat="45.726230" lon="4.787940">
						<ele>263</ele>
</trkpt>
					<trkpt lat="45.726350" lon="4.788490">
						<ele>267</ele>
</trkpt>
					<trkpt lat="45.726440" lon="4.788770">
						<ele>269</ele>
</trkpt>
					<trkpt lat="45.726530" lon="4.788920">
						<ele>272</ele>
</trkpt>
					<trkpt lat="45.726860" lon="4.789350">
						<ele>278</ele>
</trkpt>
					<trkpt lat="45.727580" lon="4.789960">
						<ele>281</ele>
</trkpt>
					<trkpt lat="45.726800" lon="4.791010">
						<ele>268</ele>
</trkpt>
					<trkpt lat="45.726730" lon="4.790990">
						<ele>267</ele>
</trkpt>
					<trkpt lat="45.726640" lon="4.790910">
						<ele>266</ele>
</trkpt>
					<trkpt lat="45.726490" lon="4.790900">
						<ele>261</ele>
</trkpt>
					<trkpt lat="45.726330" lon="4.790840">
						<ele>256</ele>
</trkpt>
					<trkpt lat="45.726190" lon="4.790860">
						<ele>252</ele>
</trkpt>
					<trkpt lat="45.726090" lon="4.790930">
						<ele>249</ele>
</trkpt>
					<trkpt lat="45.726030" lon="4.791080">
						<ele>246</ele>
</trkpt>
					<trkpt lat="45.726040" lon="4.791430">
						<ele>245</ele>
</trkpt>
					<trkpt lat="45.726090" lon="4.791790">
						<ele>246</ele>
</trkpt>
					<trkpt lat="45.726060" lon="4.791810">
						<ele>245</ele>
</trkpt>
					<trkpt lat="45.725890" lon="4.792390">
						<ele>240</ele>
</trkpt>
					<trkpt lat="45.725860" lon="4.792630">
						<ele>239</ele>
</trkpt>
					<trkpt lat="45.725890" lon="4.793000">
						<ele>239</ele>
</trkpt>
					<trkpt lat="45.725800" lon="4.792950">
						<ele>237</ele>
</trkpt>
					<trkpt lat="45.725700" lon="4.792720">
						<ele>234</ele>
</trkpt>
					<trkpt lat="45.725710" lon="4.792400">
						<ele>234</ele>
</trkpt>
					<trkpt lat="45.725800" lon="4.792180">
						<ele>237</ele>
</trkpt>
					<trkpt lat="45.725820" lon="4.791790">
						<ele>238</ele>
</trkpt>
					<trkpt lat="45.725720" lon="4.791410">
						<ele>235</ele>
</trkpt>
					<trkpt lat="45.725550" lon="4.791050">
						<ele>230</ele>
</trkpt>
					<trkpt lat="45.725510" lon="4.791060">
						<ele>229</ele>
</trkpt>
					<trkpt lat="45.725500" lon="4.791140">
						<ele>228</ele>
</trkpt>
					<trkpt lat="45.725580" lon="4.791350">
						<ele>231</ele>
</trkpt>
					<trkpt lat="45.725630" lon="4.791590">
						<ele>231</ele>
</trkpt>
					<trkpt lat="45.725560" lon="4.791810">
						<ele>229</ele>
</trkpt>
					<trkpt lat="45.725510" lon="4.792160">
						<ele>227</ele>
</trkpt>
					<trkpt lat="45.725460" lon="4.792750">
						<ele>226</ele>
</trkpt>
					<trkpt lat="45.725530" lon="4.793240">
						<ele>229</ele>
</trkpt>
					<trkpt lat="45.725520" lon="4.793400">
						<ele>229</ele>
</trkpt>
					<trkpt lat="45.725510" lon="4.793450">
						<ele>229</ele>
</trkpt>
					<trkpt lat="45.725370" lon="4.793710">
						<ele>225</ele>
</trkpt>
					<trkpt lat="45.725480" lon="4.793850">
						<ele>229</ele>
</trkpt>
					<trkpt lat="45.725540" lon="4.794360">
						<ele>231</ele>
</trkpt>
					<trkpt lat="45.725630" lon="4.794570">
						<ele>234</ele>
</trkpt>
					<trkpt lat="45.725880" lon="4.794780">
						<ele>241</ele>
</trkpt>
					<trkpt lat="45.725960" lon="4.795070">
						<ele>243</ele>
</trkpt>
					<trkpt lat="45.726080" lon="4.795630">
						<ele>246</ele>
</trkpt>
					<trkpt lat="45.726280" lon="4.796210">
						<ele>252</ele>
</trkpt>
					<trkpt lat="45.726370" lon="4.796550">
						<ele>255</ele>
</trkpt>
					<trkpt lat="45.726390" lon="4.797170">
						<ele>258</ele>
</trkpt>
					<trkpt lat="45.726170" lon="4.797140">
						<ele>254</ele>
</trkpt>
					<trkpt lat="45.726100" lon="4.797160">
						<ele>253</ele>
</trkpt>
					<trkpt lat="45.726070" lon="4.797270">
						<ele>253</ele>
</trkpt>
					<trkpt lat="45.726200" lon="4.798860">
						<ele>251</ele>
</trkpt>
					<trkpt lat="45.726250" lon="4.799170">
						<ele>250</ele>
</trkpt>
					<trkpt lat="45.726270" lon="4.799880">
						<ele>250</ele>
</trkpt>
					<trkpt lat="45.726290" lon="4.800020">
						<ele>251</ele>
</trkpt>
					<trkpt lat="45.726420" lon="4.800490">
						<ele>251</ele>
</trkpt>
					<trkpt lat="45.726520" lon="4.800740">
						<ele>251</ele>
</trkpt>
					<trkpt lat="45.726680" lon="4.801090">
						<ele>252</ele>
</trkpt>
					<trkpt lat="45.726700" lon="4.801220">
						<ele>252</ele>
</trkpt>
					<trkpt lat="45.726460" lon="4.802550">
						<ele>247</ele>
</trkpt>
					<trkpt lat="45.726380" lon="4.803140">
						<ele>244</ele>
</trkpt>
					<trkpt lat="45.726200" lon="4.803860">
						<ele>236</ele>
</trkpt>
					<trkpt lat="45.726050" lon="4.804280">
						<ele>230</ele>
</trkpt>
					<trkpt lat="45.725910" lon="4.804240">
						<ele>229</ele>
</trkpt>
					<trkpt lat="45.725880" lon="4.804380">
						<ele>228</ele>
</trkpt>
					<trkpt lat="45.726020" lon="4.804660">
						<ele>229</ele>
</trkpt>
					<trkpt lat="45.726010" lon="4.805060">
						<ele>227</ele>
</trkpt>
					<trkpt lat="45.725970" lon="4.805270">
						<ele>227</ele>
</trkpt>
					<trkpt lat="45.726090" lon="4.805370">
						<ele>228</ele>
</trkpt>
					<trkpt lat="45.726210" lon="4.805490">
						<ele>228</ele>
</trkpt>
					<trkpt lat="45.726260" lon="4.805580">
						<ele>228</ele>
</trkpt>
					<trkpt lat="45.726260" lon="4.805670">
						<ele>228</ele>
</trkpt>
					<trkpt lat="45.726210" lon="4.805910">
						<ele>228</ele>
</trkpt>
					<trkpt lat="45.726270" lon="4.806100">
						<ele>229</ele>
</trkpt>
					<trkpt lat="45.726280" lon="4.806350">
						<ele>231</ele>
</trkpt>
					<trkpt lat="45.725880" lon="4.806650">
						<ele>232</ele>
</trkpt>
					<trkpt lat="45.725090" lon="4.807150">
						<ele>232</ele>
</trkpt>
					<trkpt lat="45.725160" lon="4.807360">
						<ele>233</ele>
</trkpt>
					<trkpt lat="45.725440" lon="4.807530">
						<ele>236</ele>
</trkpt>
					<trkpt lat="45.725410" lon="4.807570">
						<ele>236</ele>
</trkpt>
					<trkpt lat="45.725540" lon="4.807760">
						<ele>237</ele>
</trkpt>
					<trkpt lat="45.725710" lon="4.807890">
						<ele>238</ele>
</trkpt>
					<trkpt lat="45.725810" lon="4.808040">
						<ele>239</ele>
</trkpt>
					<trkpt lat="45.725920" lon="4.808230">
						<ele>239</ele>
</trkpt>
					<trkpt lat="45.726110" lon="4.808460">
						<ele>238</ele>
</trkpt>
					<trkpt lat="45.726460" lon="4.809110">
						<ele>235</ele>
</trkpt>
					<trkpt lat="45.726610" lon="4.809270">
						<ele>234</ele>
</trkpt>
					<trkpt lat="45.726770" lon="4.809330">
						<ele>234</ele>
</trkpt>
					<trkpt lat="45.727010" lon="4.809340">
						<ele>236</ele>
</trkpt>
					<trkpt lat="45.727300" lon="4.809290">
						<ele>239</ele>
</trkpt>
					<trkpt lat="45.727370" lon="4.809260">
						<ele>240</ele>
</trkpt>
					<trkpt lat="45.727430" lon="4.809270">
						<ele>240</ele>
</trkpt>
					<trkpt lat="45.727540" lon="4.809220">
						<ele>241</ele>
</trkpt>
					<trkpt lat="45.728110" lon="4.809660">
						<ele>241</ele>
</trkpt>
					<trkpt lat="45.728340" lon="4.810100">
						<ele>243</ele>
</trkpt>
					<trkpt lat="45.728480" lon="4.810260">
						<ele>243</ele>
</trkpt>
					<trkpt lat="45.728730" lon="4.810320">
						<ele>243</ele>
</trkpt>
					<trkpt lat="45.729020" lon="4.810340">
						<ele>243</ele>
</trkpt>
					<trkpt lat="45.729300" lon="4.810980">
						<ele>240</ele>
</trkpt>
					<trkpt lat="45.729470" lon="4.811330">
						<ele>237</ele>
</trkpt>
					<trkpt lat="45.729490" lon="4.811450">
						<ele>237</ele>
</trkpt>
					<trkpt lat="45.729930" lon="4.812480">
						<ele>225</ele>
</trkpt>
					<trkpt lat="45.729950" lon="4.812570">
						<ele>224</ele>
</trkpt>
					<trkpt lat="45.729920" lon="4.812780">
						<ele>221</ele>
</trkpt>
					<trkpt lat="45.730070" lon="4.813390">
						<ele>211</ele>
</trkpt>
					<trkpt lat="45.730170" lon="4.813510">
						<ele>206</ele>
</trkpt>
					<trkpt lat="45.730240" lon="4.813570">
						<ele>203</ele>
</trkpt>
					<trkpt lat="45.730340" lon="4.813670">
						<ele>199</ele>
</trkpt>
					<trkpt lat="45.730760" lon="4.814460">
						<ele>174</ele>
</trkpt>
					<trkpt lat="45.731040" lon="4.814020">
						<ele>177</ele>
</trkpt>
					<trkpt lat="45.731120" lon="4.814070">
						<ele>175</ele>
</trkpt>
					<trkpt lat="45.731360" lon="4.813670">
						<ele>181</ele>
</trkpt>
					<trkpt lat="45.731480" lon="4.813580">
						<ele>181</ele>
</trkpt>
					<trkpt lat="45.732420" lon="4.813140">
						<ele>179</ele>
</trkpt>
					<trkpt lat="45.732410" lon="4.813100">
						<ele>180</ele>
</trkpt>
					<trkpt lat="45.732480" lon="4.813090">
						<ele>180</ele>
</trkpt>
					<trkpt lat="45.732450" lon="4.813180">
						<ele>178</ele>
</trkpt>
					<trkpt lat="45.731380" lon="4.813740">
						<ele>179</ele>
</trkpt>
					<trkpt lat="45.731220" lon="4.814000">
						<ele>175</ele>
</trkpt>
					<trkpt lat="45.730810" lon="4.814840">
						<ele>169</ele>
</trkpt>
					<trkpt lat="45.730700" lon="4.815080">
						<ele>168</ele>
</trkpt>
					<trkpt lat="45.730470" lon="4.815530">
						<ele>168</ele>
</trkpt>
					<trkpt lat="45.730350" lon="4.815670">
						<ele>167</ele>
</trkpt>
					<trkpt lat="45.730160" lon="4.815820">
						<ele>166</ele>
</trkpt>
					<trkpt lat="45.730150" lon="4.815780">
						<ele>166</ele>
</trkpt>
					<trkpt lat="45.730330" lon="4.815640">
						<ele>167</ele>
</trkpt>
					<trkpt lat="45.730550" lon="4.815620">
						<ele>167</ele>
</trkpt>
					<trkpt lat="45.730670" lon="4.815660">
						<ele>166</ele>
</trkpt>
					<trkpt lat="45.730770" lon="4.815710">
						<ele>165</ele>
</trkpt>
					<trkpt lat="45.731880" lon="4.816650">
						<ele>166</ele>
</trkpt>
					<trkpt lat="45.732030" lon="4.816800">
						<ele>167</ele>
</trkpt>
					<trkpt lat="45.732040" lon="4.816840">
						<ele>167</ele>
</trkpt>
					<trkpt lat="45.732250" lon="4.817100">
						<ele>168</ele>
</trkpt>
					<trkpt lat="45.732480" lon="4.817310">
						<ele>169</ele>
</trkpt>
					<trkpt lat="45.732650" lon="4.817520">
						<ele>169</ele>
</trkpt>
					<trkpt lat="45.733210" lon="4.817990">
						<ele>168</ele>
</trkpt>
					<trkpt lat="45.733340" lon="4.818150">
						<ele>168</ele>
</trkpt>
					<trkpt lat="45.733380" lon="4.818250">
						<ele>168</ele>
</trkpt>
					<trkpt lat="45.733470" lon="4.818360">
						<ele>168</ele>
</trkpt>
					<trkpt lat="45.733490" lon="4.818410">
						<ele>168</ele>
</trkpt>
					<trkpt lat="45.733510" lon="4.818410">
						<ele>168</ele>
</trkpt>
					<trkpt lat="45.733540" lon="4.819000">
						<ele>166</ele>
</trkpt>
					<trkpt lat="45.733520" lon="4.819060">
						<ele>166</ele>
</trkpt>
					<trkpt lat="45.733500" lon="4.819050">
						<ele>166</ele>
</trkpt>
					<trkpt lat="45.733490" lon="4.819070">
						<ele>166</ele>
</trkpt>
					<trkpt lat="45.733390" lon="4.819420">
						<ele>165</ele>
</trkpt>
					<trkpt lat="45.733360" lon="4.819490">
						<ele>165</ele>
</trkpt>
					<trkpt lat="45.731980" lon="4.821240">
						<ele>165</ele>
</trkpt>
					<trkpt lat="45.731910" lon="4.821370">
						<ele>165</ele>
</trkpt>
					<trkpt lat="45.731860" lon="4.821500">
						<ele>165</ele>
</trkpt>
					<trkpt lat="45.731820" lon="4.821680">
						<ele>166</ele>
</trkpt>
					<trkpt lat="45.731730" lon="4.822330">
						<ele>167</ele>
</trkpt>
					<trkpt lat="45.731630" lon="4.822730">
						<ele>167</ele>
</trkpt>
					<trkpt lat="45.730560" lon="4.822490">
						<ele>167</ele>
</trkpt>
					<trkpt lat="45.730010" lon="4.822330">
						<ele>165</ele>
</trkpt>
					<trkpt lat="45.729910" lon="4.822260">
						<ele>166</ele>
</trkpt>
					<trkpt lat="45.729130" lon="4.821440">
						<ele>165</ele>
</trkpt>
					<trkpt lat="45.729030" lon="4.821550">
						<ele>166</ele>
</trkpt>
					<trkpt lat="45.729040" lon="4.821860">
						<ele>166</ele>
</trkpt>
					<trkpt lat="45.729010" lon="4.822730">
						<ele>166</ele>
</trkpt>
					<trkpt lat="45.728980" lon="4.822960">
						<ele>167</ele>
</trkpt>
					<trkpt lat="45.728900" lon="4.823000">
						<ele>167</ele>
</trkpt>
					<trkpt lat="45.728890" lon="4.823620">
						<ele>166</ele>
</trkpt>
					<trkpt lat="45.729710" lon="4.823750">
						<ele>168</ele>
</trkpt>
					<trkpt lat="45.729730" lon="4.824180">
						<ele>169</ele>
</trkpt>
					<trkpt lat="45.729910" lon="4.824220">
						<ele>170</ele>
</trkpt>
					<trkpt lat="45.729940" lon="4.824970">
						<ele>174</ele>
</trkpt>
					</trkseg>
				</trk>
			</gpx>